race_code,date,place,race_number,winner_course,exhibition_state,v6_final_pick_course,v6_final_pick_probability,v6_final_correct,v6_final_winner_probability,autogluon_course_first_pick_course,autogluon_course_first_pick_probability,autogluon_course_first_correct,autogluon_course_first_winner_probability,ebm_course_first_pick_course,ebm_course_first_pick_probability,ebm_course_first_correct,ebm_course_first_winner_probability,ngboost_course_first_pick_course,ngboost_course_first_pick_probability,ngboost_course_first_correct,ngboost_course_first_winner_probability,catboost_course_first_pick_course,catboost_course_first_pick_probability,catboost_course_first_correct,catboost_course_first_winner_probability,flaml_course_first_pick_course,flaml_course_first_pick_probability,flaml_course_first_correct,flaml_course_first_winner_probability
20260304AMG02,2026-03-04,AMG,2,1,post_exhibition,1,0.27742161334536547,1,0.27742161334536547,1,0.38049040063393635,1,0.38049040063393635,3,0.34523611331203924,0,0.33031539834748214,1,0.37729482026385996,1,0.37729482026385996,3,0.3506992699840195,0,0.2948079940071356,3,0.30435114759184306,0,0.2649701145290734
20260304ASY02,2026-03-04,ASY,2,3,post_exhibition,2,0.3716157232970712,0,0.07396048722249986,1,0.34541370446828334,0,0.08975939064868262,1,0.38758269078059765,0,0.08621041979423066,1,0.4284122084387096,0,0.03982997523860854,1,0.2803158064623738,0,0.04546969989801314,1,0.3954253984074341,0,0.08727656012586392
20260305AMG01,2026-03-05,AMG,1,4,post_exhibition,3,0.31562414232653335,0,0.1586720375055107,1,0.41249558529048597,0,0.15795296734939449,1,0.28733166905210533,0,0.2166944670901496,1,0.39709266335327364,0,0.14023217332234608,1,0.2958129596229261,0,0.17642555715070682,1,0.40714448752955085,0,0.12267072576776704
20260305AMG02,2026-03-05,AMG,2,1,post_exhibition,1,0.30267016145391296,1,0.30267016145391296,1,0.3217664768594518,1,0.3217664768594518,2,0.33937052373544735,0,0.2808317842608556,1,0.3827733129173851,1,0.3827733129173851,2,0.3656584450802445,0,0.20755872249531604,1,0.36572078404433217,1,0.36572078404433217
20260306ASY06,2026-03-06,ASY,6,2,post_exhibition,3,0.33939524175506997,0,0.18644313587948094,2,0.2826122055507158,1,0.2826122055507158,3,0.39484142237933617,0,0.26779974156332464,3,0.3716102917442324,0,0.23343452921762317,3,0.4379330941711265,0,0.32618892862446897,3,0.3048104698146969,0,0.24924779829433794
20260309AMG01,2026-03-09,AMG,1,5,post_exhibition,2,0.37379727580138983,0,0.11285839136229345,2,0.4500578883143814,0,0.1353452407962503,2,0.4521366767665427,0,0.22433913781531137,1,0.38026544897657655,0,0.14464746162262385,2,0.4504936019677493,0,0.13488766631239,2,0.39352620178852743,0,0.12175616389377239
20260309AMG02,2026-03-09,AMG,2,2,post_exhibition,2,0.35437190345797054,1,0.35437190345797054,1,0.3853497379978435,0,0.28939605408332525,1,0.3656393538505317,0,0.28248978225522003,1,0.474012984127888,0,0.31083511214785525,1,0.4203843118886679,0,0.33952997120598905,2,0.34627621408692744,1,0.34627621408692744
20260309AMG03,2026-03-09,AMG,3,4,post_exhibition,1,0.30245752259245035,0,0.21853964400565165,2,0.3486928792857186,0,0.11597873269063647,2,0.3344818581772556,0,0.25307741070260853,2,0.3517576188631811,0,0.07930211469232899,2,0.4995534840884674,0,0.052271957646248736,1,0.41140952556216553,0,0.09302269159708478
20260309AMG08,2026-03-09,AMG,8,6,post_exhibition,2,0.4007503182399301,0,0.02064938186233567,1,0.6007751788759635,0,0.026343687056321223,1,0.5383406835838019,0,0.005655985834743842,1,0.5702966866178387,0,0.029275940318699303,1,0.6010046513247225,0,0.01607227674711329,1,0.5828892142156187,0,0.019842148713955687
20260310AMG01,2026-03-10,AMG,1,3,post_exhibition,3,0.5331333762815921,1,0.5331333762815921,1,0.46976945045388485,0,0.40287502269840075,1,0.48816591801975623,0,0.41752781658023697,1,0.565280644137574,0,0.3279950320863643,1,0.45968377585905046,0,0.4397647025364017,1,0.4435191026800004,0,0.43912190916803306
20260310AMG03,2026-03-10,AMG,3,4,post_exhibition,4,0.44892184900817095,1,0.44892184900817095,1,0.4752246906872899,0,0.27628626662572314,1,0.47560580544623454,0,0.3055289703151059,1,0.48296737319524197,0,0.17990752893275527,1,0.5361399204591332,0,0.19943219351624297,1,0.4499858081515973,0,0.22328917457885433
20260310AMG08,2026-03-10,AMG,8,2,post_exhibition,3,0.4165263483936748,0,0.11765249170412635,1,0.6129446812499845,0,0.1185504852383609,1,0.5505692730865174,0,0.11288036437762128,1,0.6581290606218606,0,0.029396682715430743,1,0.6095294188596987,0,0.11957070278600598,1,0.7073471363192614,0,0.08538344776470348
20260310AMG10,2026-03-10,AMG,10,3,post_exhibition,1,0.3089875305931153,0,0.3042158756657065,3,0.4315407377882255,1,0.4315407377882255,1,0.3528985401980367,0,0.1734216595462205,3,0.32736986049219113,1,0.32736986049219113,2,0.2880340887466434,0,0.21562239055805993,1,0.36250705771780456,0,0.259034189814308
20260311AMG02,2026-03-11,AMG,2,1,post_exhibition,1,0.3738306504255125,1,0.3738306504255125,3,0.3691499852484127,0,0.22890504827608504,3,0.3942134555446139,0,0.195698011516985,3,0.29461659208710883,0,0.26789321684588385,3,0.4534354657047282,0,0.1812162968646366,3,0.3575389505298,0,0.22015114587532855
20260311AMG04,2026-03-11,AMG,4,2,post_exhibition,1,0.2812855864170009,0,0.23907814643445807,1,0.40412637253135036,0,0.1617790425292777,2,0.32352328628173177,1,0.32352328628173177,1,0.4142465701607537,0,0.18033043659930875,1,0.3979127779683466,0,0.25209137399994497,1,0.34791004148880894,0,0.26101485589777956
20260311AMG11,2026-03-11,AMG,11,4,post_exhibition,3,0.4045032550053505,0,0.13382856745480048,1,0.4326017845163333,0,0.06665358734255931,1,0.40924259582425077,0,0.047856036072989945,1,0.3903501297216775,0,0.09316391493903271,5,0.3137456629891811,0,0.039155162983278584,1,0.40450914923816617,0,0.07620222207024975
20260311AMG12,2026-03-11,AMG,12,5,post_exhibition,1,0.3326972221794378,0,0.11209528598103424,2,0.4275920024040844,0,0.05241256681299948,1,0.5008683292917205,0,0.07400839429704004,1,0.44897955172930143,0,0.050183686404898335,1,0.45119134004641054,0,0.059878916092099714,1,0.481045850786744,0,0.052401423689515225
20260313ASY03,2026-03-13,ASY,3,3,post_exhibition,1,0.4390388576078383,0,0.38374437176224646,1,0.4836354433081148,0,0.3459204072511457,3,0.5285075985058755,1,0.5285075985058755,1,0.4496030855052751,0,0.41622896206889776,3,0.5151298839659683,1,0.5151298839659683,1,0.4626501389351903,0,0.32072564241854473
20260313ASY07,2026-03-13,ASY,7,1,post_exhibition,4,0.3302125294318976,0,0.32063991353719357,1,0.526890887901914,1,0.526890887901914,1,0.41324824535876337,1,0.41324824535876337,1,0.6031611912269519,1,0.6031611912269519,1,0.631981312370058,1,0.631981312370058,1,0.6007462950844767,1,0.6007462950844767
20260313ASY09,2026-03-13,ASY,9,2,post_exhibition,1,0.4863164164978593,0,0.02980666523452475,1,0.5436879576097577,0,0.0239185085487152,4,0.4236688496939475,0,0.012830279347426208,1,0.663402295188651,0,0.01704134057185121,1,0.493370379931178,0,0.015382633342358894,1,0.4821989274495725,0,0.025396776729022363
20260313ASY11,2026-03-13,ASY,11,5,post_exhibition,1,0.5269651980793156,0,0.15816483021473948,1,0.47029795489046555,0,0.19764359710584542,3,0.2978146360441221,0,0.24329936616457648,1,0.5358238683140313,0,0.161915618767876,1,0.5359009310364449,0,0.23060740128115312,1,0.4569952422919432,0,0.19132959075790665
20260314ASY07,2026-03-14,ASY,7,1,post_exhibition,4,0.32063075181596906,0,0.28770552124237114,1,0.41039813641182926,1,0.41039813641182926,1,0.41532045460625894,1,0.41532045460625894,1,0.4524231983569652,1,0.4524231983569652,1,0.4721938848863806,1,0.4721938848863806,4,0.40260094193777146,0,0.29813811679123814
20260315ASY06,2026-03-15,ASY,6,3,post_exhibition,1,0.41118337181807024,0,0.35227982740889635,1,0.37632642496025853,0,0.37466043251039066,3,0.5034987448769922,1,0.5034987448769922,1,0.4230218048511968,0,0.33448502549348924,3,0.5588797018955702,1,0.5588797018955702,3,0.3550339191475631,1,0.3550339191475631
20260315ASY09,2026-03-15,ASY,9,1,post_exhibition,1,0.44479244329856077,1,0.44479244329856077,2,0.4490395140033532,0,0.40713566319468497,2,0.5299925136809154,0,0.39121483528796597,1,0.5262846435801369,1,0.5262846435801369,2,0.4953542371079249,0,0.4198727355157329,1,0.4847324239666312,1,0.4847324239666312
20260316ASY04,2026-03-16,ASY,4,5,post_exhibition,3,0.29992222512098127,0,0.08055781183366126,1,0.4885375894182355,0,0.030294428118150692,1,0.43335250592910374,0,0.028509227275143812,1,0.36269912623133094,0,0.02928589380951736,1,0.3791223413738514,0,0.029994476754881594,1,0.39438239386281326,0,0.04124244938506269
20260316ASY06,2026-03-16,ASY,6,3,post_exhibition,4,0.32765845100476415,0,0.14186897279090954,1,0.31919101853434806,0,0.25624020818981463,3,0.34283270942118477,1,0.34283270942118477,1,0.349451582052392,0,0.25569170683892245,1,0.3088376888370409,0,0.23958338791945746,1,0.29937453588272284,0,0.237528740483573
20260316ASY08,2026-03-16,ASY,8,2,post_exhibition,4,0.5939825542236568,0,0.15846266017051222,4,0.3707356459225866,0,0.1794973985204886,3,0.3995310756422273,0,0.1569625261353961,4,0.3873100737720355,0,0.23257896353641908,4,0.3839474268733891,0,0.1352019417071195,4,0.4084333812787206,0,0.12468800579705516
20260317ASY07,2026-03-17,ASY,7,1,post_exhibition,3,0.30636335273015985,0,0.30330936005375525,1,0.4456067451593922,1,0.4456067451593922,2,0.31431229965095375,0,0.27725127543557654,1,0.6043630643798622,1,0.6043630643798622,1,0.36707693705284533,1,0.36707693705284533,1,0.45872417361061596,1,0.45872417361061596
20260322AMG02,2026-03-22,AMG,2,6,post_exhibition,1,0.2462716047781115,0,0.16571616470460215,1,0.3593731601961046,0,0.13404078492771862,3,0.42990145642636035,0,0.04359183420703784,3,0.29969812377289223,0,0.1148552700308179,1,0.43706290392664693,0,0.15248898998149593,1,0.32850846328755395,0,0.21986051064243958
20260322AMG05,2026-03-22,AMG,5,2,post_exhibition,2,0.49003099978160086,1,0.49003099978160086,2,0.43523716098961596,1,0.43523716098961596,2,0.48645703831821135,1,0.48645703831821135,2,0.37186046994348537,1,0.37186046994348537,2,0.4514769011085309,1,0.4514769011085309,1,0.395332387139733,0,0.3568287926710056
20260322AMG07,2026-03-22,AMG,7,1,post_exhibition,1,0.4818724691906692,1,0.4818724691906692,1,0.4243180848459679,1,0.4243180848459679,2,0.44772413579345033,0,0.4293514014148663,2,0.46009311157028737,0,0.3908017379552623,1,0.46589394604291123,1,0.46589394604291123,2,0.42521550773711597,0,0.4171358561605896
20260322AMG09,2026-03-22,AMG,9,2,post_exhibition,1,0.43968676812906937,0,0.34820567957326815,2,0.4684774444774367,1,0.4684774444774367,2,0.4965146005560481,1,0.4965146005560481,1,0.4496098788360922,0,0.3457085852104326,2,0.4059097458657975,1,0.4059097458657975,1,0.3893695767581479,0,0.32486248088643865
20260323AMG04,2026-03-23,AMG,4,2,post_exhibition,2,0.3574120273090634,1,0.3574120273090634,2,0.41047739519920107,1,0.41047739519920107,2,0.4504933053797777,1,0.4504933053797777,2,0.4010163998908473,1,0.4010163998908473,2,0.3833162902901352,1,0.3833162902901352,1,0.37535105639306027,0,0.3233666904973065
20260324AMG04,2026-03-24,AMG,4,2,post_exhibition,1,0.40450685810970455,0,0.3814209135177591,2,0.5544310840394939,1,0.5544310840394939,2,0.6251379365616171,1,0.6251379365616171,2,0.5687316353561217,1,0.5687316353561217,2,0.619299835445703,1,0.619299835445703,2,0.4295891819942076,1,0.4295891819942076
20260324AMG07,2026-03-24,AMG,7,3,post_exhibition,3,0.3646775114306775,1,0.3646775114306775,3,0.3742284812225341,1,0.3742284812225341,3,0.38346476754245784,1,0.38346476754245784,3,0.3673200687193054,1,0.3673200687193054,3,0.30787918717632284,1,0.30787918717632284,1,0.36637638853637317,0,0.27285765258266004
20260325AMG02,2026-03-25,AMG,2,2,post_exhibition,4,0.30814875639005895,0,0.17659668214142013,2,0.30243219199468446,1,0.30243219199468446,1,0.28170031946999574,0,0.254115936004751,4,0.28207682023121305,0,0.20070962431798128,2,0.35632308365985693,1,0.35632308365985693,4,0.2901459221850902,0,0.17879197841716424
20260325AMG03,2026-03-25,AMG,3,2,post_exhibition,1,0.2884498857886766,0,0.147976009892663,2,0.307358682247506,1,0.307358682247506,2,0.4081366156770599,1,0.4081366156770599,2,0.3061837640092808,1,0.3061837640092808,2,0.41178646487675186,1,0.41178646487675186,1,0.2952314251515095,0,0.28688759269481207
20260325AMG04,2026-03-25,AMG,4,2,post_exhibition,1,0.37893748271329025,0,0.17704581506261013,3,0.4217715984831737,0,0.061990488195253594,3,0.4154212539603096,0,0.08113482173004471,1,0.36813090868563564,0,0.10730736943529116,3,0.4509377184616748,0,0.0878348718585839,6,0.3922141063682624,0,0.04529949052595871
20260325AMG05,2026-03-25,AMG,5,2,post_exhibition,2,0.30023083211515017,1,0.30023083211515017,1,0.42373231920284044,0,0.2743574987186312,2,0.45522582469016226,1,0.45522582469016226,1,0.3771499323177022,0,0.3475776861867473,2,0.43276198476579086,1,0.43276198476579086,2,0.378525357007781,1,0.378525357007781
20260325AMG10,2026-03-25,AMG,10,2,post_exhibition,2,0.3791762332948262,1,0.3791762332948262,1,0.4558225588485487,0,0.364119419355729,1,0.49589777147796626,0,0.21656926347487507,1,0.43387424880334186,0,0.41026434842945836,1,0.5013534951901821,0,0.3302360858783552,1,0.4873622922807772,0,0.27323188816762495
20260327AMG01,2026-03-27,AMG,1,5,post_exhibition,3,0.37875329091630605,0,0.06946896601412568,3,0.38129381621865766,0,0.06700672110968825,3,0.37180400691170884,0,0.06276864875595871,1,0.3583895574441348,0,0.03818039065144739,1,0.4128980965395593,0,0.07758726390117213,3,0.5251548732744484,0,0.051370504975085704
20260327AMG02,2026-03-27,AMG,2,3,post_exhibition,2,0.3086838392422446,0,0.2692250386476093,1,0.4324292879354615,0,0.14409346643419765,1,0.37784719559355956,0,0.22546791345009157,1,0.38008794937366946,0,0.1956364274974912,1,0.387745699486612,0,0.17712864408225648,1,0.33360174631351686,0,0.2161083297421101
20260327AMG07,2026-03-27,AMG,7,6,post_exhibition,4,0.452951687749253,0,0.02371047567587924,1,0.6234666130309473,0,0.02585781545494628,1,0.6008857904548545,0,0.02401052813306488,1,0.6134245362742043,0,0.013769606035303304,1,0.5638904183217752,0,0.013542085096448355,1,0.626380277131094,0,0.013898174518202782
20260327ASY07,2026-03-27,ASY,7,1,post_exhibition,1,0.43852492434652884,1,0.43852492434652884,1,0.43198862593511833,1,0.43198862593511833,1,0.3321277471272767,1,0.3321277471272767,1,0.4945205341074415,1,0.4945205341074415,1,0.37697742880764695,1,0.37697742880764695,2,0.3634314514172832,0,0.32338456631898643
20260328AMG04,2026-03-28,AMG,4,2,post_exhibition,1,0.3096075207395599,0,0.22137659853859395,1,0.3779241815451868,0,0.24744309507697404,1,0.4341931309593063,0,0.2807412741905734,1,0.41702421900950504,0,0.2554662469508774,1,0.5194380625369018,0,0.19529206610899538,2,0.3910871858798263,1,0.3910871858798263
20260329ASY08,2026-03-29,ASY,8,2,post_exhibition,2,0.4356739306124154,1,0.4356739306124154,2,0.38769274099143636,1,0.38769274099143636,2,0.44726347187162957,1,0.44726347187162957,2,0.3947311021874545,1,0.3947311021874545,2,0.46567786152099777,1,0.46567786152099777,1,0.33875998914607075,0,0.3385323607924674
20260330AMG03,2026-03-30,AMG,3,2,post_exhibition,2,0.34519579674090023,1,0.34519579674090023,1,0.3741050268116192,0,0.31403287164622484,1,0.4631536329925654,0,0.2903809081944062,1,0.4769992086234469,0,0.2004191673478988,1,0.48046028158726417,0,0.25629852051043056,1,0.38892547815312006,0,0.2883660161913796
20260330ASY06,2026-03-30,ASY,6,5,post_exhibition,2,0.32021318124622805,0,0.19177866751997905,2,0.3443531504644392,0,0.10734950090329466,2,0.40341525896209296,0,0.1347078148525728,2,0.307107184172003,0,0.15355534685244573,2,0.45666845251299987,0,0.13018253551073178,1,0.3293493424239925,0,0.07826307008938199
20260331AMG08,2026-03-31,AMG,8,3,post_exhibition,3,0.39996767633397307,1,0.39996767633397307,1,0.3582993934089474,0,0.31980434070334884,3,0.5200818192806422,1,0.5200818192806422,3,0.37197170445334804,1,0.37197170445334804,3,0.45200589202708863,1,0.45200589202708863,1,0.3680614054986438,0,0.3413039599186135
20260403ASY03,2026-04-03,ASY,3,5,post_exhibition,1,0.38341752035791293,0,0.050942019057994996,1,0.4330548995031367,0,0.05549113218733461,3,0.42886263085788934,0,0.05123200076106917,1,0.4531235076344019,0,0.06343907761285791,1,0.4866928375040363,0,0.02401513178876994,1,0.49819261911038026,0,0.033429016195835076
20260404ASY06,2026-04-04,ASY,6,3,post_exhibition,1,0.42631060563832307,0,0.3578969735573052,1,0.47019605344850823,0,0.3285630617880579,1,0.4404819552573473,0,0.3905907783555971,1,0.5277823591420131,0,0.2951015084160659,3,0.4538553929048543,1,0.4538553929048543,1,0.5236002595849835,0,0.2811873523863089
20260404ASY07,2026-04-04,ASY,7,1,post_exhibition,1,0.44193777724228855,1,0.44193777724228855,1,0.4876039867510235,1,0.4876039867510235,1,0.4606311291294792,1,0.4606311291294792,1,0.5232841995757679,1,0.5232841995757679,1,0.4758398456640974,1,0.4758398456640974,2,0.39687539850443954,0,0.3171492478478336
20260404ASY08,2026-04-04,ASY,8,1,post_exhibition,1,0.37517349764806673,1,0.37517349764806673,2,0.40519573216509297,0,0.2991682841302411,2,0.3528933282908182,0,0.290047860491403,2,0.3851036963552314,0,0.31874319192864997,2,0.3499431412938529,0,0.2435339211565868,1,0.38689629591017116,1,0.38689629591017116
20260405ASY06,2026-04-05,ASY,6,2,post_exhibition,2,0.40805921429070396,1,0.40805921429070396,1,0.38060411222238605,0,0.34391140782715685,2,0.4101473858073493,1,0.4101473858073493,1,0.5589190150348289,0,0.16982147418508425,2,0.3962555021397071,1,0.3962555021397071,1,0.3843741378923975,0,0.291526323344687
20260406ASY06,2026-04-06,ASY,6,1,post_exhibition,2,0.42167085343313543,0,0.17373130488673658,2,0.29791095312932625,0,0.26876223909173697,2,0.3728718446318301,0,0.282874152348906,2,0.37436378266854553,0,0.2641705464431787,2,0.5223213150649122,0,0.19624208187578654,1,0.32326191772806,1,0.32326191772806
20260406ASY08,2026-04-06,ASY,8,1,post_exhibition,1,0.36380554297275713,1,0.36380554297275713,1,0.3957441427425998,1,0.3957441427425998,1,0.43275807154968443,1,0.43275807154968443,1,0.45857673152811396,1,0.45857673152811396,4,0.43928329522411524,0,0.24485285616602043,4,0.4516969045568671,0,0.31689642813451147
20260407ASY02,2026-04-07,ASY,2,4,post_exhibition,3,0.39141072326688936,0,0.10630393713295733,1,0.5397179030146391,0,0.046549807232349645,1,0.5552552528946704,0,0.04871256281887793,1,0.5829699753145133,0,0.054255755768083315,1,0.5648025902101335,0,0.03150105091764565,1,0.47608763065851367,0,0.05964506393222556
20260407ASY03,2026-04-07,ASY,3,5,post_exhibition,1,0.5072118584337885,0,0.05993407961457024,1,0.39453401836280494,0,0.07055172118443374,3,0.36617900690682736,0,0.03891305910311077,1,0.43515624138758663,0,0.056842520678526735,3,0.36283866053872793,0,0.06576094197685062,1,0.35077411609658404,0,0.061226298024981675
20260407ASY06,2026-04-07,ASY,6,3,post_exhibition,3,0.3207806553217115,1,0.3207806553217115,1,0.35657350873544674,0,0.35473880359496285,3,0.3418252107183263,1,0.3418252107183263,1,0.38393264641884656,0,0.2895057533477391,3,0.46862075357750566,1,0.46862075357750566,1,0.35246382130986165,0,0.32768452847104024
20260407ASY08,2026-04-07,ASY,8,1,post_exhibition,1,0.44768897159695586,1,0.44768897159695586,4,0.3543800881562509,0,0.29689202126478154,4,0.3100253765458985,0,0.2874024255948012,1,0.39775618859168616,1,0.39775618859168616,1,0.38729604474330387,1,0.38729604474330387,4,0.3850975303122784,0,0.29760658567895526
20260416ASY08,2026-04-16,ASY,8,1,post_exhibition,3,0.4870201261665091,0,0.30839739152637285,1,0.4384845399420017,1,0.4384845399420017,1,0.5350085793984694,1,0.5350085793984694,1,0.49609844500737177,1,0.49609844500737177,1,0.5190221027574425,1,0.5190221027574425,1,0.4219330784627785,1,0.4219330784627785
20260417AMG02,2026-04-17,AMG,2,2,post_exhibition,1,0.3440903219634004,0,0.1526447890858598,1,0.40777706775146727,0,0.12449062216632582,3,0.32869801120434144,0,0.29048615484833407,1,0.44502072203563403,0,0.13255308846258076,2,0.3824739130987051,1,0.3824739130987051,1,0.4530228336707631,0,0.19129594807213157
20260417AMG03,2026-04-17,AMG,3,5,post_exhibition,1,0.27539049381394015,0,0.02893227020920621,2,0.43077937096157887,0,0.01808071418790421,4,0.34711148028446487,0,0.00845065096910576,2,0.3621703483686112,0,0.03869427234836503,2,0.4368537867070247,0,0.015854965762615168,2,0.3414219635796796,0,0.025433050702108145
20260417AMG04,2026-04-17,AMG,4,1,post_exhibition,1,0.458659213037507,1,0.458659213037507,1,0.4596207202864257,1,0.4596207202864257,2,0.4747098302305823,0,0.39859470745390774,1,0.42854134691642776,1,0.42854134691642776,2,0.5435833148696223,0,0.285401557522656,1,0.4309336087389517,1,0.4309336087389517
20260417AMG05,2026-04-17,AMG,5,2,post_exhibition,2,0.327677118341847,1,0.327677118341847,2,0.4657766171408202,1,0.4657766171408202,2,0.4232823597789518,1,0.4232823597789518,1,0.36614169651241546,0,0.34104732798479837,2,0.5024516733918591,1,0.5024516733918591,1,0.35015291072468424,0,0.3464290816365585
20260417ASY02,2026-04-17,ASY,2,1,post_exhibition,1,0.7542844224671377,1,0.7542844224671377,1,0.5164992274902627,1,0.5164992274902627,1,0.5385162921039672,1,0.5385162921039672,1,0.6335103750500766,1,0.6335103750500766,4,0.4895798161420178,0,0.4250283809153323,1,0.4335931013344605,1,0.4335931013344605
20260417ASY03,2026-04-17,ASY,3,3,post_exhibition,3,0.45437569730835703,1,0.45437569730835703,3,0.3836014407409959,1,0.3836014407409959,3,0.6429285712008753,1,0.6429285712008753,1,0.4202014397330795,0,0.3258117533987467,3,0.522505056891725,1,0.522505056891725,1,0.44778838669538823,0,0.30279603480312817
20260417ASY09,2026-04-17,ASY,9,4,post_exhibition,4,0.47363690852789136,1,0.47363690852789136,1,0.37397206185483717,0,0.2709393537949656,1,0.38652761087633714,0,0.25313127030178467,1,0.43894591245359155,0,0.19091993894581352,3,0.3885504234878496,0,0.16362674096477992,1,0.4579714294722528,0,0.23206280582285452
20260418AMG01,2026-04-18,AMG,1,3,post_exhibition,1,0.4896267385767247,0,0.3569612159198684,3,0.47549862943315674,1,0.47549862943315674,3,0.5462480173561025,1,0.5462480173561025,1,0.5100959191599639,0,0.3565933629117107,3,0.609508011415552,1,0.609508011415552,3,0.5253589810900796,1,0.5253589810900796
20260418AMG04,2026-04-18,AMG,4,2,post_exhibition,3,0.3651688990097308,0,0.22496766412709743,2,0.385223804265102,1,0.385223804265102,2,0.36334188460919037,1,0.36334188460919037,1,0.333300100770532,0,0.3101328517943587,2,0.4853758940971371,1,0.4853758940971371,1,0.3771440817354608,0,0.27029546897489687
20260418ASY10,2026-04-18,ASY,10,2,post_exhibition,2,0.42375106007159147,1,0.42375106007159147,1,0.519754184103979,0,0.20368430580515573,2,0.4085346937124915,1,0.4085346937124915,1,0.6383792075497656,0,0.18238402122205752,1,0.45771640565772787,0,0.35593714596736453,1,0.49976612032564177,0,0.21077553815209557
20260419AMG03,2026-04-19,AMG,3,1,post_exhibition,1,0.5252968466336175,1,0.5252968466336175,2,0.3951871905464249,0,0.35769801203516677,1,0.392354092051724,1,0.392354092051724,1,0.3855970154360114,1,0.3855970154360114,1,0.35373204117357143,1,0.35373204117357143,1,0.508762188410229,1,0.508762188410229
20260419ASY03,2026-04-19,ASY,3,3,post_exhibition,3,0.441921023317333,1,0.441921023317333,1,0.44870291805865736,0,0.28286339135579086,1,0.38049576443097716,0,0.32151518666006035,1,0.4639762220783402,0,0.3121926385847806,1,0.4736078488941812,0,0.29545067606208686,1,0.41265605609570033,0,0.2782528751214978
20260420AMG01,2026-04-20,AMG,1,5,post_exhibition,1,0.4880328500858135,0,0.04713047078659131,3,0.4658147731648993,0,0.041208333978018166,3,0.5059578226272105,0,0.04085835856833215,1,0.4231091403090339,0,0.02684191990279117,3,0.5399240524234394,0,0.02440657204546666,1,0.462724005987813,0,0.04571308798730518
20260420AMG07,2026-04-20,AMG,7,3,post_exhibition,3,0.3743614020965458,1,0.3743614020965458,1,0.33190114935827275,0,0.2663707706087476,3,0.4595757440516714,1,0.4595757440516714,1,0.33762237737732465,0,0.2777642807473234,2,0.35020362978096564,0,0.24466931020444616,1,0.40236981725602233,0,0.24114320539691259
20260420AMG08,2026-04-20,AMG,8,1,post_exhibition,3,0.38832560257931253,0,0.2807287932219585,2,0.3744771695289238,0,0.21358416691938734,3,0.43865686596295334,0,0.25511643287206265,1,0.34992202648360904,1,0.34992202648360904,3,0.40926079289079026,0,0.27245475249343815,1,0.3713638455778786,1,0.3713638455778786
20260421AMG01,2026-04-21,AMG,1,2,post_exhibition,3,0.5994052946018308,0,0.1315020760601748,3,0.3399098760911142,0,0.2297248159375463,3,0.4876738192099778,0,0.1285328345505566,3,0.413721489338083,0,0.11608254495624416,1,0.4181624470845028,0,0.12422782874166835,1,0.41709134325484887,0,0.13938336700043827
20260421AMG02,2026-04-21,AMG,2,2,post_exhibition,2,0.3894751434608904,1,0.3894751434608904,1,0.39331049547457153,0,0.34700320095168546,1,0.4879824805833692,0,0.32253927060142473,1,0.4290755063047275,0,0.33275064120982406,1,0.401882228840687,0,0.33995361746272157,1,0.42397839872675863,0,0.25674186778605623
20260421AMG04,2026-04-21,AMG,4,1,post_exhibition,1,0.3454615821024433,1,0.3454615821024433,2,0.5421054473718581,0,0.18401979167921984,2,0.39198151227592753,0,0.1720598253156183,2,0.3567380562833931,0,0.3204723225079758,2,0.45754690845880375,0,0.1135662921231783,2,0.3727231118905248,0,0.2653099340920827
20260421AMG07,2026-04-21,AMG,7,1,post_exhibition,1,0.4792593097326705,1,0.4792593097326705,1,0.44700186262709823,1,0.44700186262709823,1,0.46885621883014866,1,0.46885621883014866,1,0.5189289943774353,1,0.5189289943774353,4,0.46138088851898457,0,0.4346330795085632,4,0.4886500172869923,0,0.3961335212535301
20260421ASY06,2026-04-21,ASY,6,3,post_exhibition,1,0.3341552874300114,0,0.23297730961404645,1,0.3670795617292788,0,0.2512671600726761,3,0.31677589280386387,1,0.31677589280386387,1,0.39990919302437866,0,0.25840102007791366,1,0.41618650006783536,0,0.1943862142000718,1,0.45105811682334374,0,0.22944815589120302
20260421ASY08,2026-04-21,ASY,8,2,post_exhibition,1,0.39284918804746294,0,0.2777768223389487,2,0.3721113897742828,1,0.3721113897742828,2,0.38336359091575295,1,0.38336359091575295,1,0.4272036441905705,0,0.271424500757043,2,0.4305834759025786,1,0.4305834759025786,1,0.4611624755389498,0,0.21638338048839417
20260425AMG03,2026-04-25,AMG,3,4,post_exhibition,1,0.2638705045323857,0,0.254273540414125,1,0.28540042642461355,0,0.19913147472683268,1,0.2830697062600833,0,0.18167349528433413,1,0.29526400900207617,0,0.20220058636316354,1,0.29812234206688776,0,0.26646789072905713,4,0.3187810826035489,1,0.3187810826035489
20260425AMG04,2026-04-25,AMG,4,2,post_exhibition,2,0.3798921037802334,1,0.3798921037802334,2,0.3974079055183349,1,0.3974079055183349,2,0.3887771840631909,1,0.3887771840631909,1,0.3872827803900749,0,0.3211068791102409,2,0.4475749715680422,1,0.4475749715680422,1,0.3483941238821751,0,0.3172749300204165
20260425ASY06,2026-04-25,ASY,6,4,post_exhibition,1,0.3873255463277578,0,0.316059136867406,1,0.36354459692590435,0,0.32439894388052537,4,0.42811808936663076,1,0.42811808936663076,1,0.3764391693718734,0,0.22255496841829142,1,0.40693553965023993,0,0.3478648658287833,1,0.3722234747080765,0,0.24848443042434906
20260426AMG02,2026-04-26,AMG,2,1,post_exhibition,1,0.36433578633209335,1,0.36433578633209335,2,0.38653997351883085,0,0.3641932023172152,2,0.5163640880421898,0,0.2543724721086419,1,0.40139593360012643,1,0.40139593360012643,2,0.5197256349261103,0,0.23624673734361562,2,0.3783566410177276,0,0.3492778623271227
20260426AMG04,2026-04-26,AMG,4,1,post_exhibition,2,0.38081607784529004,0,0.23738665757298652,2,0.32401806436072383,0,0.31682920345678883,2,0.4515048674111948,0,0.2661140475414632,1,0.4035896980085391,1,0.4035896980085391,2,0.4188408384153933,0,0.25318357769112865,2,0.37357189980345046,0,0.37163618808937426
20260426AMG05,2026-04-26,AMG,5,2,post_exhibition,1,0.4595990103117294,0,0.3864053542492572,1,0.5030132727377964,0,0.23594151188240087,2,0.4778211548749127,1,0.4778211548749127,1,0.440299673685822,0,0.3881809281106792,1,0.4628341446087028,0,0.3916223498582345,1,0.46074944741311175,0,0.27377733299113644
20260426ASY09,2026-04-26,ASY,9,2,post_exhibition,2,0.45446058521699323,1,0.45446058521699323,1,0.47390102167388043,0,0.35120997987252794,1,0.5522211595733212,0,0.32433985240148955,2,0.49865182396370106,1,0.49865182396370106,1,0.5089289812117265,0,0.3687858672003726,1,0.4908934077541965,0,0.3255512056674384
20260427AMG01,2026-04-27,AMG,1,3,post_exhibition,3,0.4494514600196107,1,0.4494514600196107,3,0.46121748578916916,1,0.46121748578916916,3,0.3801728346901415,1,0.3801728346901415,1,0.41863489913873736,0,0.3831868265440844,3,0.45144597149286386,1,0.45144597149286386,1,0.41865874068026193,0,0.32183765752826254
20260427AMG02,2026-04-27,AMG,2,5,post_exhibition,4,0.31971816725074653,0,0.16448227195713622,1,0.3583995745676006,0,0.07978744083826876,4,0.365929678852221,0,0.09833461798405303,1,0.43255752066811604,0,0.11063930903384604,1,0.43743355417560764,0,0.10229983861941451,1,0.4145171413766693,0,0.12351532666893461
20260427AMG03,2026-04-27,AMG,3,1,post_exhibition,1,0.2773786001487995,1,0.2773786001487995,2,0.39101900738142054,0,0.3428222739783314,1,0.3964202145058226,1,0.3964202145058226,1,0.397777523653701,1,0.397777523653701,1,0.3454753584211179,1,0.3454753584211179,1,0.3517453875059952,1,0.3517453875059952
20260427AMG07,2026-04-27,AMG,7,3,post_exhibition,5,0.30834612012119,0,0.07078670111637725,1,0.3851886975294474,0,0.06504753844205599,4,0.3494979980570634,0,0.059182405029884616,1,0.48562216099657834,0,0.03554174544221956,1,0.32506729575747945,0,0.03155637388483828,1,0.40969549474907724,0,0.03352379743242064
20260427AMG08,2026-04-27,AMG,8,1,post_exhibition,4,0.27924015980134453,0,0.23990441607893992,1,0.3396498272864461,1,0.3396498272864461,1,0.3319220002455244,1,0.3319220002455244,1,0.35654305477590714,1,0.35654305477590714,1,0.39520311693288285,1,0.39520311693288285,1,0.3994789295960177,1,0.3994789295960177
20260427ASY06,2026-04-27,ASY,6,2,post_exhibition,2,0.6121967305570157,1,0.6121967305570157,1,0.3382698180399833,0,0.2745651216710745,2,0.6045638250430956,1,0.6045638250430956,1,0.39209602214624667,0,0.35737307005616004,2,0.4661817122155267,1,0.4661817122155267,1,0.44478215533340215,0,0.3090711927695459
20260427ASY08,2026-04-27,ASY,8,2,post_exhibition,1,0.27391190856699693,0,0.2254621178481963,1,0.3095118147729504,0,0.303063963517151,1,0.28581567997120133,0,0.19125818553602802,1,0.3455052734312565,0,0.32170426880290115,2,0.33030091171355636,1,0.33030091171355636,1,0.30766070614222496,0,0.20770746958234754
20260428AMG05,2026-04-28,AMG,5,3,post_exhibition,1,0.4155986032442687,0,0.2442638509959118,1,0.4617806280158898,0,0.3167507570074185,3,0.5192471278967499,1,0.5192471278967499,1,0.5197019079716197,0,0.25770754697299375,1,0.40134393038150207,0,0.2948279422793997,1,0.42369657116309967,0,0.2773437387795132
20260428ASY06,2026-04-28,ASY,6,1,post_exhibition,1,0.33389182311475957,1,0.33389182311475957,1,0.4195953698076404,1,0.4195953698076404,4,0.3426953171098926,0,0.3330773312447271,1,0.38780609532672117,1,0.38780609532672117,4,0.3734634363651765,0,0.33045261427964645,4,0.3805149659246039,0,0.2706508578978435
20260428ASY08,2026-04-28,ASY,8,3,post_exhibition,3,0.32189219267928626,1,0.32189219267928626,1,0.3813175538402619,0,0.24701236451022154,1,0.26539290302315444,0,0.25202433524764156,3,0.3428550119919404,1,0.3428550119919404,1,0.41734112290000547,0,0.22194152193551708,1,0.39662565431828717,0,0.2013795993487353
20260428ASY09,2026-04-28,ASY,9,2,post_exhibition,1,0.49007553447156216,0,0.09817982044160847,1,0.4645576756070462,0,0.04161597980170111,1,0.4486606227741806,0,0.032135337074405024,1,0.4048272201464602,0,0.046339900260530364,5,0.4348756519432815,0,0.029377007973126305,5,0.3611740100371638,0,0.056317541576536775
20260429AMG02,2026-04-29,AMG,2,1,post_exhibition,4,0.36785214116391457,0,0.2327137678306573,1,0.4084841576305681,1,0.4084841576305681,1,0.39743515548522457,1,0.39743515548522457,1,0.3183581646933526,1,0.3183581646933526,1,0.4114283310396715,1,0.4114283310396715,1,0.41231607794994085,1,0.41231607794994085
20260429ASY06,2026-04-29,ASY,6,2,post_exhibition,2,0.40486654375238956,1,0.40486654375238956,2,0.2277901662162578,1,0.2277901662162578,3,0.3434522816631822,0,0.2705385353715206,2,0.34659455569176134,1,0.34659455569176134,2,0.2625169481543581,1,0.2625169481543581,2,0.2928092047611877,1,0.2928092047611877
20260429ASY08,2026-04-29,ASY,8,2,post_exhibition,2,0.4945845148975617,1,0.4945845148975617,2,0.4016997560758773,1,0.4016997560758773,2,0.40722696821363963,1,0.40722696821363963,1,0.3491976291052865,0,0.32305074252137117,2,0.5986698708882502,1,0.5986698708882502,2,0.4089813964207347,1,0.4089813964207347
20260430ASY06,2026-04-30,ASY,6,5,post_exhibition,3,0.3255719424848204,0,0.29797833388790484,1,0.28667781742384874,0,0.18851705870802923,3,0.41774839120152063,0,0.17703913482936448,2,0.2851333161141636,0,0.25063944822136475,3,0.4563250380994579,0,0.23023741885753427,1,0.3150265549688471,0,0.17416925542549225
20260430ASY08,2026-04-30,ASY,8,4,post_exhibition,2,0.3054328447139439,0,0.1489120271117044,1,0.3800595104229988,0,0.1049375671488341,1,0.42225741629059904,0,0.11523483760457957,1,0.4286236662769249,0,0.08494711773894023,1,0.4396377951412039,0,0.11958926639691052,1,0.3754049797065915,0,0.09407858654977687
20260504AMG01,2026-05-04,AMG,1,1,post_exhibition,3,0.4754710179382623,0,0.36632771596033853,3,0.5358642282963565,0,0.3266535726569061,3,0.4589356540113545,0,0.3662564297150309,1,0.4796642247705693,1,0.4796642247705693,3,0.4461581332136959,0,0.3896274843750958,1,0.57024765032901,1,0.57024765032901
20260504AMG02,2026-05-04,AMG,2,5,post_exhibition,2,0.2850843009836438,0,0.146822149897579,1,0.4201607924160343,0,0.06862949234569592,1,0.4034690961153682,0,0.1170162346721826,1,0.5212848821511126,0,0.07494624028482161,1,0.47665904016730554,0,0.10461774049895864,1,0.4501094337097143,0,0.08408453978076424
20260505AMG02,2026-05-05,AMG,2,1,post_exhibition,3,0.285188440488809,0,0.23069005828673597,3,0.4015611719745968,0,0.3077939985103298,3,0.4275921121728248,0,0.17143237469230543,1,0.3194017593846369,1,0.3194017593846369,1,0.3853520821820019,1,0.3853520821820019,1,0.40644632017570664,1,0.40644632017570664
20260505AMG03,2026-05-05,AMG,3,2,post_exhibition,4,0.3373382383266829,0,0.18251431293020276,2,0.3667936773968046,1,0.3667936773968046,2,0.2910369171205594,1,0.2910369171205594,1,0.32134791410404556,0,0.30850721809561477,2,0.2927098306502875,1,0.2927098306502875,1,0.37187072508621466,0,0.2936707744691015
20260506AMG01,2026-05-06,AMG,1,2,post_exhibition,1,0.42448982547021485,0,0.18406190915777781,1,0.3572610484161885,0,0.14473651111042843,1,0.31431358111184604,0,0.2967133928040099,1,0.40608329661403403,0,0.15696133945637808,3,0.4892760128294651,0,0.15348249013194515,1,0.4457259527530509,0,0.17404467895009693
20260506ASY02,2026-05-06,ASY,2,2,post_exhibition,2,0.6219490408400485,1,0.6219490408400485,1,0.41480963349747385,0,0.34142595570567696,1,0.5355470743034685,0,0.3301439705044979,1,0.48624850618597737,0,0.316712233069075,1,0.5218412403310749,0,0.2921014374779359,2,0.3879973405091676,1,0.3879973405091676
20260507AMG01,2026-05-07,AMG,1,3,post_exhibition,3,0.5816419823232049,1,0.5816419823232049,1,0.40461905403032294,0,0.31477405174961454,3,0.387355448850536,1,0.387355448850536,1,0.41410533485493617,0,0.3170962597059115,3,0.4164431576259551,1,0.4164431576259551,3,0.3845688861548866,1,0.3845688861548866
20260507AMG05,2026-05-07,AMG,5,5,post_exhibition,1,0.3347158098640176,0,0.1938727112932146,3,0.32140546656330116,0,0.14437099221455788,3,0.3101214269410136,0,0.13571092072237353,3,0.3324535102684203,0,0.103769574784513,3,0.4120645787243324,0,0.13404201946539107,3,0.41649315500717404,0,0.14085413453380297
20260507ASY05,2026-05-07,ASY,5,1,post_exhibition,1,0.5101680634070571,1,0.5101680634070571,1,0.48288097525014695,1,0.48288097525014695,1,0.4782715861300629,1,0.4782715861300629,1,0.4587546706977042,1,0.4587546706977042,4,0.5226366271732235,0,0.370579242564893,1,0.4268346615760587,1,0.4268346615760587
20260508AMG01,2026-05-08,AMG,1,1,post_exhibition,4,0.3462076618744065,0,0.1547253501652077,3,0.2765204731322698,0,0.23144811758447656,1,0.2882464725365323,1,0.2882464725365323,1,0.36038954713281407,1,0.36038954713281407,2,0.349317590723455,0,0.26205410296234166,1,0.3550367470591692,1,0.3550367470591692
20260508ASY07,2026-05-08,ASY,7,1,post_exhibition,1,0.41049411136064384,1,0.41049411136064384,1,0.37129604559869905,1,0.37129604559869905,3,0.42703469171455066,0,0.22789940230571462,1,0.36415346139781685,1,0.36415346139781685,1,0.39033105448009564,1,0.39033105448009564,1,0.4485880239767034,1,0.4485880239767034
20260508ASY08,2026-05-08,ASY,8,3,post_exhibition,2,0.31192152827089104,0,0.16534873926352833,2,0.30633066225857064,0,0.14954389297268006,2,0.35290101253755257,0,0.21821964547686903,1,0.30971882350350605,0,0.17706752467073447,2,0.3458634346358038,0,0.16597924120206692,1,0.29711349553501304,0,0.17308871861271008
20260509AMG01,2026-05-09,AMG,1,1,post_exhibition,3,0.4759906167354071,0,0.3130393712038068,1,0.6179168676764274,1,0.6179168676764274,1,0.5416695447986093,1,0.5416695447986093,1,0.5822536252888114,1,0.5822536252888114,1,0.5040255186468885,1,0.5040255186468885,1,0.6372288083874407,1,0.6372288083874407
20260509ASY08,2026-05-09,ASY,8,1,post_exhibition,1,0.38685299132899464,1,0.38685299132899464,3,0.44170122613675344,0,0.32338482050678796,1,0.43317623561428015,1,0.43317623561428015,1,0.43416971572647006,1,0.43416971572647006,1,0.4468941572235869,1,0.4468941572235869,3,0.3824732716889493,0,0.28256516116503466
20260510ASY06,2026-05-10,ASY,6,1,post_exhibition,3,0.32525201695553857,0,0.30483162234019684,1,0.5116899769810127,1,0.5116899769810127,1,0.37834080699638595,1,0.37834080699638595,1,0.49283452245328324,1,0.49283452245328324,1,0.48752111281458244,1,0.48752111281458244,1,0.3715721585507757,1,0.3715721585507757
20260510ASY07,2026-05-10,ASY,7,2,post_exhibition,1,0.3133458190808468,0,0.23097538082094235,1,0.38634132452140496,0,0.16458251074735344,3,0.3126258134953833,0,0.20348841786157987,1,0.5757128411121937,0,0.1418841116598486,1,0.5697831683490562,0,0.11548463254615074,1,0.49120476564678367,0,0.07964780995075672
20260510ASY08,2026-05-10,ASY,8,3,post_exhibition,3,0.40294324808374005,1,0.40294324808374005,1,0.5179057515880947,0,0.22912504096199746,1,0.4151401342308891,0,0.2818081910843328,1,0.50974150520341,0,0.2888129330955723,1,0.5217972404745148,0,0.24247230864298955,1,0.45594788636103684,0,0.2585686306578933
20260516ASY09,2026-05-16,ASY,9,1,post_exhibition,1,0.592585865697521,1,0.592585865697521,1,0.44148493038059494,1,0.44148493038059494,3,0.47776310853512177,0,0.3272070007043021,1,0.5650080283731361,1,0.5650080283731361,3,0.46873788610735273,0,0.3757075690461839,1,0.6358469620395015,1,0.6358469620395015
20260522AMG04,2026-05-22,AMG,4,1,post_exhibition,1,0.351761495319282,1,0.351761495319282,2,0.33958241203924483,0,0.3142235974431757,2,0.38877617897623995,0,0.3417890492809681,1,0.3724618943430216,1,0.3724618943430216,1,0.4035606254045034,1,0.4035606254045034,1,0.3958618882986315,1,0.3958618882986315
20260522AMG07,2026-05-22,AMG,7,3,post_exhibition,2,0.30549104326801363,0,0.2879220543370899,2,0.35605076710136474,0,0.20510645426136087,1,0.39754847762035117,0,0.24651575017807278,1,0.36523189985479787,0,0.2748833321967645,1,0.38657394698008696,0,0.3586752781258031,1,0.37316134966315784,0,0.19837174735893875
20260522AMG10,2026-05-22,AMG,10,1,post_exhibition,1,0.6816830624380279,1,0.6816830624380279,1,0.5957906113918521,1,0.5957906113918521,1,0.4977062277490569,1,0.4977062277490569,1,0.5524754741349904,1,0.5524754741349904,4,0.5113470016825118,0,0.42120092597164643,1,0.5410139460223773,1,0.5410139460223773
20260523AMG01,2026-05-23,AMG,1,3,post_exhibition,3,0.3531478916648952,1,0.3531478916648952,1,0.41131223690504,0,0.33371574405555376,1,0.4203410898735666,0,0.2609550873765573,1,0.4472746843847419,0,0.267222511188379,1,0.35344673609833155,0,0.253476792420288,1,0.4290271063746486,0,0.2725626960578818
20260523AMG03,2026-05-23,AMG,3,1,post_exhibition,1,0.42311135587669,1,0.42311135587669,1,0.45097724948016227,1,0.45097724948016227,1,0.3708641483882742,1,0.3708641483882742,1,0.47072181204230296,1,0.47072181204230296,2,0.5096635775402885,0,0.32313955787676996,1,0.5328078117657027,1,0.5328078117657027
20260523AMG08,2026-05-23,AMG,8,1,post_exhibition,1,0.47243553373981956,1,0.47243553373981956,1,0.5226180237915371,1,0.5226180237915371,4,0.4573309126473799,0,0.30241577539081377,1,0.5874008443534675,1,0.5874008443534675,1,0.5992653049343849,1,0.5992653049343849,1,0.52479183493119,1,0.52479183493119
20260523AMG09,2026-05-23,AMG,9,1,post_exhibition,1,0.6590773472405154,1,0.6590773472405154,1,0.4971205863033303,1,0.4971205863033303,1,0.531898549765458,1,0.531898549765458,1,0.5725808301639627,1,0.5725808301639627,4,0.46012954803858686,0,0.43040817387326386,1,0.5161712957633928,1,0.5161712957633928
20260524AMG02,2026-05-24,AMG,2,2,post_exhibition,2,0.48913292990732826,1,0.48913292990732826,2,0.4334489202171198,1,0.4334489202171198,2,0.4046427254751097,1,0.4046427254751097,1,0.41641024184485476,0,0.37955965730588426,2,0.4165687271856638,1,0.4165687271856638,1,0.4222419417836576,0,0.3103864608673522
20260524AMG03,2026-05-24,AMG,3,5,post_exhibition,1,0.33123419334748433,0,0.2118019293387831,3,0.4508952104807568,0,0.1408723671808857,3,0.38141425879252927,0,0.24744559150603535,3,0.3023547031408822,0,0.18468655378470283,1,0.358566821513628,0,0.14122784427026147,1,0.30746757578906725,0,0.24911022911271088
20260524AMG04,2026-05-24,AMG,4,2,post_exhibition,1,0.46317402344996406,0,0.3064472758764731,1,0.39212584226758135,0,0.38911881603953336,2,0.44279865668649604,1,0.44279865668649604,1,0.42738750049478147,0,0.31636309406972624,1,0.428077591487006,0,0.3883543677562251,1,0.42653934519292475,0,0.36108632345963887
20260524AMG05,2026-05-24,AMG,5,6,post_exhibition,3,0.47921280149459927,0,0.04998575658033434,3,0.3672265988260462,0,0.028522154984977333,2,0.3788363420442996,0,0.004060264628222909,1,0.4022021943445481,0,0.01755727541073709,1,0.3725889504357318,0,0.014049184693249821,1,0.38673341288248575,0,0.018898151188125527
20260524ASY02,2026-05-24,ASY,2,1,post_exhibition,4,0.5443269548122203,0,0.3183225858052228,1,0.3820045931342499,1,0.3820045931342499,1,0.48839373749526005,1,0.48839373749526005,1,0.4645305008411346,1,0.4645305008411346,1,0.4199426985816477,1,0.4199426985816477,1,0.5879321952617571,1,0.5879321952617571
20260524ASY05,2026-05-24,ASY,5,6,post_exhibition,1,0.2953037334739504,0,0.21478386387947884,1,0.2956315972143549,0,0.10398563132446217,4,0.24937948008925215,0,0.20310749492640273,1,0.3340954784215129,0,0.14518141949637225,4,0.4765857356229418,0,0.06324591719088789,1,0.37972254258697336,0,0.15539662574075053
20260524ASY07,2026-05-24,ASY,7,5,post_exhibition,1,0.31417989703987464,0,0.024998243163368305,1,0.33048640155827536,0,0.060831967647993465,2,0.3248916426365492,0,0.018246728002170424,1,0.4419502293114925,0,0.06436745284263533,1,0.37682486494839673,0,0.028854942735035503,1,0.3600957267722716,0,0.029354202687843844
20260524ASY08,2026-05-24,ASY,8,3,post_exhibition,4,0.39357675485324095,0,0.16889487923740562,1,0.35312016952848213,0,0.16806101548669417,1,0.3093710524669151,0,0.1236102673977176,1,0.3577586903313283,0,0.20990541609093685,1,0.3753015317890739,0,0.1878294447435342,1,0.4106502206190321,0,0.20030559895138356
20260525AMG01,2026-05-25,AMG,1,1,post_exhibition,3,0.4045073145517765,0,0.37201059616427784,1,0.5351018818395444,1,0.5351018818395444,1,0.6023170999385263,1,0.6023170999385263,1,0.5001841966443049,1,0.5001841966443049,1,0.6458570115897992,1,0.6458570115897992,1,0.5114573662014406,1,0.5114573662014406
20260525AMG04,2026-05-25,AMG,4,1,post_exhibition,3,0.3472289634591316,0,0.24967825918600953,1,0.40487108465941435,1,0.40487108465941435,1,0.3106986385204889,1,0.3106986385204889,1,0.47455718482891146,1,0.47455718482891146,1,0.5057513453772376,1,0.5057513453772376,1,0.45366550006171896,1,0.45366550006171896
20260525AMG07,2026-05-25,AMG,7,5,post_exhibition,1,0.46377268478599426,0,0.17547324978155826,1,0.4978068300725109,0,0.11396978836798088,1,0.43768120228559115,0,0.17046675893655971,1,0.5142778439478136,0,0.1429576087835504,4,0.4625027708027506,0,0.09657155426539056,1,0.4674098006999376,0,0.10899465944808677
20260525ASY08,2026-05-25,ASY,8,5,post_exhibition,1,0.3296406058508599,0,0.08902813362193694,1,0.38413264781045475,0,0.1002547139410035,1,0.33894561632615494,0,0.1132375260314361,1,0.32380091666267397,0,0.08770230038217916,4,0.3796809722229755,0,0.033971347240738595,1,0.34004558439313937,0,0.09077689321853398
20260526AMG08,2026-05-26,AMG,8,2,post_exhibition,1,0.44753533915635874,0,0.04076910188542059,4,0.39134742542281076,0,0.052175129861075004,4,0.532071036329613,0,0.0386241369727448,1,0.5468718426816335,0,0.019762995577106444,4,0.462034367428846,0,0.05995338236253046,1,0.6222491662893548,0,0.056592148779361015
20260526ASY01,2026-05-26,ASY,1,3,post_exhibition,1,0.4150765537356541,0,0.39758144130077644,1,0.4961071171707151,0,0.30066093977895847,1,0.5351320483487177,0,0.30163069717015506,1,0.4922360561659802,0,0.2730676187240053,3,0.4587482203318746,1,0.4587482203318746,1,0.5294075249165077,0,0.29371354945255557
20260526ASY02,2026-05-26,ASY,2,3,post_exhibition,1,0.5411172353446091,0,0.12667721876179544,1,0.44560640136985247,0,0.11225526180192577,1,0.5543764357531589,0,0.102454226077299,1,0.5342132717963728,0,0.11698056965548068,4,0.48572275786671426,0,0.04197980002833387,1,0.4909467655609525,0,0.0944046786721236
20260526ASY05,2026-05-26,ASY,5,5,post_exhibition,1,0.5464568392964614,0,0.19866390246969354,1,0.4794894309704981,0,0.21145584474311638,5,0.3763352418180151,1,0.3763352418180151,1,0.5273302687104336,0,0.1492386701152473,5,0.34514731543113536,1,0.34514731543113536,1,0.5362831102190059,0,0.16413056801115064
20260527AMG02,2026-05-27,AMG,2,1,post_exhibition,1,0.42248220582378676,1,0.42248220582378676,1,0.466160515992031,1,0.466160515992031,4,0.4428619490472674,0,0.29510637007329127,1,0.522773419044171,1,0.522773419044171,4,0.345299956362687,0,0.27450965100532104,1,0.4199388538051763,1,0.4199388538051763
20260527ASY02,2026-05-27,ASY,2,4,post_exhibition,4,0.43065116390549196,1,0.43065116390549196,1,0.2939020716763464,0,0.26245147249181044,4,0.2901422112638849,1,0.2901422112638849,1,0.32958508293670036,0,0.24205145618796614,4,0.3268201130321362,1,0.3268201130321362,4,0.3792429672981458,1,0.3792429672981458
20260527ASY03,2026-05-27,ASY,3,1,post_exhibition,3,0.44135867299499604,0,0.40596936531765515,1,0.43104789341617944,1,0.43104789341617944,3,0.4661742762875144,0,0.39684715371735835,1,0.5413954661608602,1,0.5413954661608602,3,0.5870819284225506,0,0.31811813861371624,1,0.4061148983605971,1,0.4061148983605971
20260527ASY05,2026-05-27,ASY,5,1,post_exhibition,1,0.33859883731471285,1,0.33859883731471285,1,0.3472483476794414,1,0.3472483476794414,1,0.31057386734295817,1,0.31057386734295817,1,0.32051722529855103,1,0.32051722529855103,1,0.3743072356386402,1,0.3743072356386402,2,0.30434561099598706,0,0.27155163212937206
20260527ASY07,2026-05-27,ASY,7,4,post_exhibition,1,0.5355571500687802,0,0.2410299818682023,1,0.4691637847185618,0,0.26750952133427386,1,0.47315435178957277,0,0.23983443540442703,1,0.41421820694509853,0,0.3168949353231433,1,0.4764196717759423,0,0.19225421524726274,4,0.38275418904122105,1,0.38275418904122105
20260527ASY08,2026-05-27,ASY,8,3,post_exhibition,1,0.3583283495375236,0,0.2871224768837874,1,0.3385267859805417,0,0.31652091124829895,5,0.33765944707877715,0,0.2605127676413171,1,0.39058496059612774,0,0.3091632274763588,3,0.37308859567040736,1,0.37308859567040736,3,0.36877211712365854,1,0.36877211712365854
20260527ASY10,2026-05-27,ASY,10,3,post_exhibition,4,0.3615719306619079,0,0.23153200550357894,1,0.4220781701955772,0,0.26818535825723827,3,0.3717659293895352,1,0.3717659293895352,1,0.4283647615070831,0,0.28959648922110137,1,0.37050481323780843,0,0.3585573853786588,1,0.42425841184839325,0,0.2517969580916686
20260528ASY01,2026-05-28,ASY,1,2,post_exhibition,1,0.6810413775000925,0,0.062072538463627785,1,0.44599505639845666,0,0.06665970156572776,1,0.4291316222323998,0,0.10217139108340546,1,0.5873291561168189,0,0.09412230381284781,4,0.4128029721328012,0,0.09061054146623404,1,0.4646261777274638,0,0.07946198287644857
20260531AMG01,2026-05-31,AMG,1,1,post_exhibition,4,0.3696280212299441,0,0.20666399499374327,3,0.4538890032709474,0,0.16474532900462024,4,0.45898962174165037,0,0.07990613629227546,3,0.3492372071866233,0,0.22816533588078708,3,0.4046021771134585,0,0.17678300960891516,3,0.4124985919670798,0,0.24558037448148767
20260531AMG02,2026-05-31,AMG,2,1,post_exhibition,1,0.34361878268691276,1,0.34361878268691276,2,0.5265518926193715,0,0.19576177802013905,2,0.40432035047749376,0,0.32771915597569173,1,0.3577301747016721,1,0.3577301747016721,2,0.501375081948263,0,0.2652067024763413,1,0.3383629381673888,1,0.3383629381673888
20260531AMG03,2026-05-31,AMG,3,4,post_exhibition,1,0.39030730626932936,0,0.11161169237257387,2,0.40711050194343706,0,0.07539764304831113,1,0.4240614762920816,0,0.0651343433053209,2,0.41140258205619995,0,0.04727215360597328,2,0.4651169212588492,0,0.06587669328835272,1,0.47591634139614125,0,0.08992186937586838
20260531AMG05,2026-05-31,AMG,5,2,post_exhibition,2,0.3330527534985076,1,0.3330527534985076,1,0.31703303374308256,0,0.3008834374249615,1,0.353779799504552,0,0.29322324259706395,2,0.3314701209573458,1,0.3314701209573458,2,0.3604809020028869,1,0.3604809020028869,2,0.3234250055619457,1,0.3234250055619457
20260531AMG08,2026-05-31,AMG,8,4,post_exhibition,4,0.49699499751369974,1,0.49699499751369974,1,0.3799273151098077,0,0.23170293152161076,1,0.40601275083292593,0,0.3336323370568579,1,0.4251750201043858,0,0.20664270377837515,1,0.3639273643062118,0,0.3350697157372042,1,0.3734353947691657,0,0.2777813257737061
20260602AMG01,2026-06-02,AMG,1,1,post_exhibition,1,0.4870831107247874,1,0.4870831107247874,1,0.5798958844191401,1,0.5798958844191401,3,0.4999747158767646,0,0.42944026575057054,1,0.6066819985722077,1,0.6066819985722077,1,0.47333573545176,1,0.47333573545176,1,0.5684062021617331,1,0.5684062021617331
20260602AMG03,2026-06-02,AMG,3,3,post_exhibition,2,0.32665372557506117,0,0.3008984285929106,2,0.3681209754149209,0,0.2169634735990377,2,0.36422988123767125,0,0.18066106125067796,1,0.5317753794759352,0,0.14170928226140397,2,0.415688727629065,0,0.10306359478594324,1,0.39262829594409837,0,0.10751785624604707
20260602AMG04,2026-06-02,AMG,4,2,post_exhibition,2,0.39566415301317015,1,0.39566415301317015,2,0.4705978963576126,1,0.4705978963576126,2,0.5037582943082947,1,0.5037582943082947,1,0.39660966830562694,0,0.38262439299751205,2,0.4979631612733313,1,0.4979631612733313,2,0.4912120504679274,1,0.4912120504679274
20260602AMG05,2026-06-02,AMG,5,1,post_exhibition,1,0.4500457913941223,1,0.4500457913941223,2,0.4746193168240933,0,0.29433361750914405,1,0.4267058063293941,1,0.4267058063293941,1,0.49109947611434907,1,0.49109947611434907,1,0.37209039562630997,1,0.37209039562630997,1,0.4009755587650333,1,0.4009755587650333
20260603AMG03,2026-06-03,AMG,3,4,post_exhibition,4,0.28431043744387485,1,0.28431043744387485,2,0.2908652987492108,0,0.21975454357321866,1,0.2447035017327576,0,0.24198172041111973,4,0.24492139375658636,1,0.24492139375658636,2,0.32051058735749227,0,0.228878685984062,1,0.41045070398473055,0,0.15182611071209526
20260603AMG08,2026-06-03,AMG,8,1,post_exhibition,3,0.37394520360516753,0,0.2046037547062376,3,0.35716086940098307,0,0.17532697992619692,2,0.43027025363099125,0,0.17337646197436826,3,0.33068046538216467,0,0.21731035752326264,3,0.30974422234480403,0,0.25790664712052147,1,0.2861839333132485,1,0.2861839333132485
20260604AMG01,2026-06-04,AMG,1,1,post_exhibition,1,0.4145103276126173,1,0.4145103276126173,1,0.45123208318483476,1,0.45123208318483476,3,0.4300952267124704,0,0.36423526096577896,1,0.5843670310253648,1,0.5843670310253648,1,0.48852142396729636,1,0.48852142396729636,1,0.45634163783956544,1,0.45634163783956544
20260604ASY06,2026-06-04,ASY,6,2,post_exhibition,1,0.6067785124705232,0,0.1338400134575707,1,0.4086021247731313,0,0.17959931098427756,1,0.4796938897971615,0,0.27902503312106197,1,0.47590431689026846,0,0.14062823690256332,1,0.45834977180328557,0,0.13864334134166256,3,0.3652518164530282,0,0.2127594088369727
20260605AMG01,2026-06-05,AMG,1,1,post_exhibition,1,0.43609535320393983,1,0.43609535320393983,1,0.44292440004480016,1,0.44292440004480016,3,0.45902706387276143,0,0.37610873592217253,1,0.5931115573093586,1,0.5931115573093586,1,0.5126208988561277,1,0.5126208988561277,3,0.5052301343098055,0,0.3297981568437216
20260605ASY07,2026-06-05,ASY,7,3,post_exhibition,2,0.29858023261983546,0,0.1621302276750679,1,0.41284984903254063,0,0.08046930111448228,1,0.37537196443200516,0,0.14001892413717798,1,0.44905367149028,0,0.10668697094874269,1,0.3206987540078909,0,0.20332623377877215,1,0.4640606078998222,0,0.10032067814631222
20260605ASY08,2026-06-05,ASY,8,2,post_exhibition,2,0.3003107381171137,1,0.3003107381171137,3,0.2987377397397991,0,0.20715518860155932,3,0.43268449487549143,0,0.27531942064399567,1,0.2922148894731856,0,0.23564290584715378,3,0.37703633965320743,0,0.24939211566644898,1,0.3220012927874865,0,0.23508100235146098
20260605ASY09,2026-06-05,ASY,9,1,post_exhibition,5,0.3457217423017776,0,0.3175471744395822,5,0.302939697900438,0,0.2989593208763869,2,0.38011676344360285,0,0.1790232450206999,1,0.43125523285345163,1,0.43125523285345163,2,0.36592173591621696,0,0.14312208970192578,5,0.37172925008991997,0,0.32930103235438085
20260606ASY06,2026-06-06,ASY,6,3,post_exhibition,3,0.35205440809693694,1,0.35205440809693694,3,0.40032746575159467,1,0.40032746575159467,3,0.4984887908449661,1,0.4984887908449661,3,0.5276405406693391,1,0.5276405406693391,3,0.5545133218578598,1,0.5545133218578598,1,0.4097938075912869,0,0.3197395660263125
20260607ASY11,2026-06-07,ASY,11,1,post_exhibition,1,0.3588982557030734,1,0.3588982557030734,1,0.39813845588449515,1,0.39813845588449515,1,0.44086825136958074,1,0.44086825136958074,1,0.3586690467961347,1,0.3586690467961347,2,0.41493673443554024,0,0.35763903476745423,1,0.39113996822995367,1,0.39113996822995367
20260608AMG05,2026-06-08,AMG,5,1,post_exhibition,1,0.6828793144742962,1,0.6828793144742962,1,0.6382844947456053,1,0.6382844947456053,3,0.4630049455795865,0,0.4203879689200911,1,0.5827048389346324,1,0.5827048389346324,1,0.6241616861894805,1,0.6241616861894805,1,0.6759023163662368,1,0.6759023163662368
20260608ASY02,2026-06-08,ASY,2,1,post_exhibition,1,0.4558059876532564,1,0.4558059876532564,4,0.40321380803533446,0,0.3886740490387038,4,0.4095766965539519,0,0.39963045638522,1,0.4899966236419205,1,0.4899966236419205,4,0.43121095442144874,0,0.3901784457188924,1,0.4091340274359448,1,0.4091340274359448
20260610AMG06,2026-06-10,AMG,6,2,post_exhibition,1,0.5084764528426506,0,0.20866230163940452,2,0.3920512905598674,1,0.3920512905598674,2,0.44124131025153934,1,0.44124131025153934,1,0.6021388085838507,0,0.1965222639408801,1,0.4008130229921195,0,0.37758998722999604,1,0.5697432266374449,0,0.23406216277663952
20260617AMG02,2026-06-17,AMG,2,5,post_exhibition,1,0.39657453014279365,0,0.04485420080241168,1,0.35140212659128434,0,0.03077778118170606,4,0.31401118394868366,0,0.018568320072312655,2,0.3580379745850345,0,0.029375133851737706,4,0.3217419483441113,0,0.021096225028095262,1,0.3683176242615178,0,0.04130424393169756
20260617AMG03,2026-06-17,AMG,3,2,post_exhibition,1,0.35646077805722076,0,0.33321358192244016,2,0.5070280032241544,1,0.5070280032241544,2,0.5065196957418604,1,0.5065196957418604,2,0.47687240384103535,1,0.47687240384103535,2,0.5225900609285312,1,0.5225900609285312,2,0.42832113566445473,1,0.42832113566445473
20260617AMG05,2026-06-17,AMG,5,3,post_exhibition,3,0.3980764675238673,1,0.3980764675238673,3,0.41912415504694694,1,0.41912415504694694,1,0.3530233759213422,0,0.32938793704878516,1,0.33175869895908056,0,0.33157934608801815,3,0.47652846642184904,1,0.47652846642184904,1,0.3497922956269514,0,0.31173902170283424
20260617AMG07,2026-06-17,AMG,7,2,post_exhibition,1,0.3500778356319876,0,0.2723776255320361,1,0.416516076226377,0,0.20539222948672634,1,0.4517845012297229,0,0.3053390953406949,2,0.44166486670391597,1,0.44166486670391597,1,0.4236608889599556,0,0.3700486716245236,1,0.3742093189808108,0,0.2911025709612467
20260618AMG01,2026-06-18,AMG,1,3,post_exhibition,1,0.4834446667137813,0,0.33052952859977197,1,0.4559289625324577,0,0.33960922378883884,3,0.3817730909266106,1,0.3817730909266106,1,0.45004543525487545,0,0.28487058792857833,1,0.5658550354996735,0,0.22390379460959792,1,0.3982606307282763,0,0.3279085702060532
20260618AMG02,2026-06-18,AMG,2,1,post_exhibition,4,0.3822092165231431,0,0.37378157021345193,4,0.37136773268264683,0,0.231509426132758,4,0.37658456098022114,0,0.34078270135173094,1,0.3270028425728396,1,0.3270028425728396,4,0.4051877185378251,0,0.2874531871093608,4,0.41059510146214606,0,0.3047825198078419
20260618AMG03,2026-06-18,AMG,3,4,post_exhibition,3,0.3650663284080585,0,0.30027808785918964,3,0.43671241420227996,0,0.16465241211540982,3,0.4184839950143862,0,0.23944114722472892,3,0.4270157166872825,0,0.20170285830065274,3,0.5505842853643136,0,0.13197015567864073,4,0.37187172683106406,1,0.37187172683106406
20260618AMG05,2026-06-18,AMG,5,1,post_exhibition,2,0.3409779691049185,0,0.2886855986809057,1,0.36055510039174643,1,0.36055510039174643,2,0.4189657066081804,0,0.25871345862079215,2,0.4027242148286498,0,0.3696285960438133,2,0.4188277618739275,0,0.2565754557145537,2,0.40784334744807993,0,0.34104293148296216
20260618ASY07,2026-06-18,ASY,7,3,post_exhibition,1,0.34259748534294976,0,0.10885896732620315,1,0.4300657905559032,0,0.08194299208657244,4,0.3184228507377662,0,0.09965475236879393,1,0.5332175987173523,0,0.0580803170714842,1,0.5018979425474729,0,0.07402340025556733,1,0.4477768587082864,0,0.07945920819906196
20260619AMG04,2026-06-19,AMG,4,2,post_exhibition,1,0.30784726270148943,0,0.25784101938772136,1,0.3315416481769507,0,0.15097176307165996,3,0.3243531793627044,0,0.2426324233131674,3,0.309877623279661,0,0.1630602835740426,1,0.3555065697188686,0,0.12610594527308383,1,0.4442252123210424,0,0.15297928538355465
20260619AMG07,2026-06-19,AMG,7,4,post_exhibition,4,0.42190761690044504,1,0.42190761690044504,4,0.4801187744729599,1,0.4801187744729599,4,0.5182169909012756,1,0.5182169909012756,4,0.37211602252590337,1,0.37211602252590337,4,0.5603997878547815,1,0.5603997878547815,1,0.33258315990516996,0,0.31635695358586063
20260620AMG02,2026-06-20,AMG,2,2,post_exhibition,1,0.390057321563966,0,0.26634286855063205,1,0.42982209344230143,0,0.2626666084737101,2,0.3535385123837862,1,0.3535385123837862,1,0.5342471295070943,0,0.24680127735334495,1,0.5180003697584463,0,0.27561580121148316,1,0.5106533778853338,0,0.24186393999068145
20260620AMG04,2026-06-20,AMG,4,2,post_exhibition,2,0.6036135947961163,1,0.6036135947961163,1,0.560696176475128,0,0.24857536782293124,1,0.49403790211071913,0,0.4225521354045992,1,0.5871737441694319,0,0.28980054900159874,1,0.4619469961208063,0,0.43720535603837307,1,0.5274845730328048,0,0.29789043534254
20260620ASY05,2026-06-20,ASY,5,1,post_exhibition,1,0.4901210590425424,1,0.4901210590425424,1,0.34982722022876367,1,0.34982722022876367,3,0.46482744193624215,0,0.22309935352224464,1,0.55914748326216,1,0.55914748326216,1,0.383346044852439,1,0.383346044852439,1,0.3610073677440423,1,0.3610073677440423
20260620ASY06,2026-06-20,ASY,6,3,post_exhibition,1,0.362179505204724,0,0.3103279276981035,1,0.37962516400612395,0,0.3728950128658072,3,0.46594540477355806,1,0.46594540477355806,1,0.49258527456079215,0,0.29825368321626433,3,0.4564715228690035,1,0.4564715228690035,3,0.3761515841858673,1,0.3761515841858673
20260620ASY07,2026-06-20,ASY,7,2,post_exhibition,1,0.3818883274873408,0,0.20750496977442642,1,0.42942660314171816,0,0.16481202380199267,3,0.328164637202208,0,0.1616300643098469,1,0.4492477666295149,0,0.19111097762201243,3,0.3072699963424312,0,0.1775010408580718,1,0.537042135238858,0,0.17438671797801078
20260620ASY08,2026-06-20,ASY,8,1,post_exhibition,3,0.2837421744651888,0,0.23248363752618514,1,0.38209219636480496,1,0.38209219636480496,3,0.4588197544736665,0,0.19940443934050922,2,0.3466180915986003,0,0.19968766603455526,3,0.3097017228786572,0,0.18551793160650196,1,0.32336468454484935,1,0.32336468454484935
20260621AMG01,2026-06-21,AMG,1,1,post_exhibition,3,0.4577349078525087,0,0.37168669014634886,3,0.4617535125006109,0,0.3838462143365631,3,0.5221629722792275,0,0.3167739393897491,1,0.4693939844198357,1,0.4693939844198357,3,0.5246186078574971,0,0.3437082166074117,1,0.4343817603816271,1,0.4343817603816271
20260621AMG02,2026-06-21,AMG,2,2,post_exhibition,5,0.3841350193749769,0,0.23881453433842334,1,0.35390080269661595,0,0.29201531297492733,2,0.3827246131724598,1,0.3827246131724598,2,0.3673711368546821,1,0.3673711368546821,1,0.4325943083901487,0,0.38148979466987837,1,0.3988069328585452,0,0.39865439269730907
20260622AMG10,2026-06-22,AMG,10,1,post_exhibition,5,0.2786295727371445,0,0.26873817130364097,1,0.30842583206554364,1,0.30842583206554364,1,0.37043433406179427,1,0.37043433406179427,1,0.4309234122661353,1,0.4309234122661353,1,0.3375207803573648,1,0.3375207803573648,1,0.3034803995879648,1,0.3034803995879648
20260625AMG02,2026-06-25,AMG,2,3,post_exhibition,3,0.43520607528944405,1,0.43520607528944405,1,0.5008556939196693,0,0.3384404107631416,3,0.41617567602583305,1,0.41617567602583305,1,0.518849640854546,0,0.31201972943463263,1,0.48198142704181296,0,0.38358416284055435,1,0.5341709728233061,0,0.2612835140451186
20260625AMG03,2026-06-25,AMG,3,5,post_exhibition,5,0.3130581780305073,1,0.3130581780305073,3,0.2528224636184046,0,0.22352858571533363,5,0.27385838186438866,1,0.27385838186438866,1,0.45479650726169485,0,0.16970253057873474,2,0.287839053664746,0,0.2709684738973722,5,0.3069465419967015,1,0.3069465419967015
20260625AMG05,2026-06-25,AMG,5,2,post_exhibition,2,0.2376206572135957,1,0.2376206572135957,2,0.277757502235679,1,0.277757502235679,4,0.38224355524386283,0,0.17514106651386782,3,0.25813933723151156,0,0.18359175198601033,2,0.30347023907898685,1,0.30347023907898685,1,0.24936289031914635,0,0.2178699701970196
20260625ASY10,2026-06-25,ASY,10,4,post_exhibition,1,0.6866410549242639,0,0.16483844889623467,1,0.43952130185512067,0,0.4132142330436451,1,0.41772672887828866,0,0.398769970331158,1,0.5735250434222818,0,0.28907874672918854,1,0.4425604496226873,0,0.3936556193147571,4,0.42306005215549153,1,0.42306005215549153
20260626AMG02,2026-06-26,AMG,2,2,post_exhibition,1,0.36688297519963037,0,0.3336849168244126,1,0.4334393229454299,0,0.3045233509287036,2,0.45930998398412254,1,0.45930998398412254,2,0.3708615781138772,1,0.3708615781138772,2,0.44628062590364315,1,0.44628062590364315,1,0.42941948201419455,0,0.32619427618709035
20260626AMG08,2026-06-26,AMG,8,3,post_exhibition,3,0.3641314930564942,1,0.3641314930564942,1,0.4755130775123553,0,0.3130059401772797,1,0.5554758841228244,0,0.25332155727963007,1,0.612367041337332,0,0.191271238045502,1,0.47921950507422395,0,0.3409877758617404,1,0.607716065185473,0,0.18018231726526182
20260627AMG01,2026-06-27,AMG,1,3,post_exhibition,3,0.5628440612870075,1,0.5628440612870075,3,0.529336707082352,1,0.529336707082352,3,0.5938771266154762,1,0.5938771266154762,1,0.45354751714170755,0,0.39091106815655724,3,0.4710320431564679,1,0.4710320431564679,3,0.4363047306355797,1,0.4363047306355797
20260627AMG07,2026-06-27,AMG,7,5,post_exhibition,5,0.27675316297288877,1,0.27675316297288877,1,0.3559346365013433,0,0.09823552482409684,1,0.2823770622675121,0,0.07539502997806972,1,0.42776685758897715,0,0.09840437856071167,1,0.3164039130787357,0,0.09941432252010386,1,0.40529930815950116,0,0.08258524419335102
20260627AMG08,2026-06-27,AMG,8,1,post_exhibition,2,0.2497833369049384,0,0.24973498607243128,1,0.32632907068570005,1,0.32632907068570005,2,0.3594508468082309,0,0.21030107582336582,2,0.31581996946011404,0,0.3088889212524181,1,0.36244667414806914,1,0.36244667414806914,1,0.3427721736587671,1,0.3427721736587671
20260628AMG01,2026-06-28,AMG,1,1,post_exhibition,1,0.4825143629092328,1,0.4825143629092328,3,0.40690576319348487,0,0.39425481219247016,1,0.5144818684193109,1,0.5144818684193109,1,0.4109680386878028,1,0.4109680386878028,1,0.45564321474856967,1,0.45564321474856967,1,0.4073863423028752,1,0.4073863423028752
20260628AMG05,2026-06-28,AMG,5,5,post_exhibition,2,0.27344595371139546,0,0.046737749331266495,2,0.3596388123879281,0,0.043711666852250676,4,0.3679993242706217,0,0.02560391846747356,2,0.3419441447772158,0,0.036574311474724806,3,0.3818605080477648,0,0.049987560638759976,2,0.41496266735841053,0,0.05682797557448643
20260628ASY08,2026-06-28,ASY,8,3,post_exhibition,3,0.34855313227962037,1,0.34855313227962037,1,0.34481230986560646,0,0.34178629346184775,3,0.36394361835515976,1,0.36394361835515976,3,0.467375524947072,1,0.467375524947072,3,0.5101489037095727,1,0.5101489037095727,1,0.39444454930466927,0,0.2421512862564287
20260702ASY08,2026-07-02,ASY,8,2,post_exhibition,2,0.4169889482342533,1,0.4169889482342533,1,0.43005822921211034,0,0.28051434024638694,2,0.4311620318472878,1,0.4311620318472878,1,0.4142271987105149,0,0.3636329760749986,1,0.449159507753173,0,0.4021282902349488,1,0.3910418939532794,0,0.34905920397597234
20260703AMG03,2026-07-03,AMG,3,2,post_exhibition,1,0.3974711832688443,0,0.3526392639315031,2,0.48997651082548094,1,0.48997651082548094,2,0.5027376787977895,1,0.5027376787977895,1,0.4347216386571138,0,0.38956767962726213,2,0.5235440640236879,1,0.5235440640236879,1,0.4490603978059729,0,0.3472954229220293
20260703AMG08,2026-07-03,AMG,8,2,post_exhibition,1,0.3778332198351711,0,0.30546925981902745,2,0.4980355594104457,1,0.4980355594104457,2,0.38225859832588904,1,0.38225859832588904,2,0.403385457554029,1,0.403385457554029,2,0.44838294520551847,1,0.44838294520551847,2,0.4718398880977014,1,0.4718398880977014
20260703ASY08,2026-07-03,ASY,8,1,post_exhibition,4,0.5346288231494347,0,0.272960430007301,1,0.37911430933878654,1,0.37911430933878654,4,0.3995632838038325,0,0.3334975192640087,1,0.4570921095185806,1,0.4570921095185806,1,0.42367514387515004,1,0.42367514387515004,1,0.4147883672807596,1,0.4147883672807596
20260704AMG05,2026-07-04,AMG,5,1,post_exhibition,3,0.6200387892580942,0,0.19068783203296694,3,0.4538739217696021,0,0.27291863821479734,3,0.5422571047720466,0,0.17733668938499794,3,0.3850041868532301,0,0.28861420882065697,3,0.5191506411883208,0,0.21490754111634847,1,0.3668594779332107,1,0.3668594779332107
20260704ASY03,2026-07-04,ASY,3,4,post_exhibition,1,0.5503195128631391,0,0.08808837563242534,1,0.4014210514438765,0,0.11284203341108426,3,0.520693138588187,0,0.0851555112492576,1,0.395424686773137,0,0.10878566924813635,3,0.5933687784607363,0,0.08012943996001602,1,0.4677974329047193,0,0.13784898333992213
20260704ASY06,2026-07-04,ASY,6,1,post_exhibition,4,0.42518624881760414,0,0.3281852938914043,4,0.3859810635650355,0,0.34284615687603276,4,0.33035483932588633,0,0.25607772244688737,1,0.3667397356508703,1,0.3667397356508703,4,0.3957925572005265,0,0.3669702074958678,4,0.4166147596424665,0,0.34027491498664064
20260705AMG03,2026-07-05,AMG,3,1,post_exhibition,1,0.3601390069458477,1,0.3601390069458477,1,0.40958408057092266,1,0.40958408057092266,2,0.36668795520427333,0,0.33350251763318445,1,0.374262277372861,1,0.374262277372861,1,0.4247403796061288,1,0.4247403796061288,1,0.3662921690214012,1,0.3662921690214012
20260705AMG07,2026-07-05,AMG,7,3,post_exhibition,1,0.3296611684695043,0,0.2873465744427139,1,0.5425884946254619,0,0.2596834813690305,3,0.41316313959872303,1,0.41316313959872303,1,0.47217064130912356,0,0.25205036375858575,3,0.4030169159796575,1,0.4030169159796575,1,0.44547863479471894,0,0.31913897381995915
20260705ASY03,2026-07-05,ASY,3,3,post_exhibition,3,0.38656485225721954,1,0.38656485225721954,1,0.3895207679944147,0,0.3570150338794065,3,0.5486052648491344,1,0.5486052648491344,1,0.41743913953310224,0,0.3014938520695505,3,0.6028739708696468,1,0.6028739708696468,1,0.4424219006074477,0,0.28711681399955125
20260705ASY05,2026-07-05,ASY,5,1,post_exhibition,1,0.4031345939395785,1,0.4031345939395785,1,0.38990216457975124,1,0.38990216457975124,2,0.380573684478477,0,0.23940577480251424,1,0.48732052146692356,1,0.48732052146692356,1,0.5162879100755281,1,0.5162879100755281,1,0.4144410087582382,1,0.4144410087582382
20260705ASY07,2026-07-05,ASY,7,1,post_exhibition,4,0.28496325316002385,0,0.2473338567764764,1,0.3073923668062226,1,0.3073923668062226,3,0.30945430819715897,0,0.17135783559834353,1,0.47278024450323564,1,0.47278024450323564,3,0.36417760287720197,0,0.2545570107890461,1,0.4645221886563262,1,0.4645221886563262
20260705ASY08,2026-07-05,ASY,8,2,post_exhibition,4,0.5401929649740576,0,0.13270641498859392,1,0.3425819751624431,0,0.18382533848549598,4,0.4167258447120951,0,0.20519652193740615,4,0.42649688052481,0,0.10924613159861113,1,0.3894084861552795,0,0.19013595227531765,1,0.3488157617259348,0,0.24227294818159123
20260706AMG01,2026-07-06,AMG,1,1,post_exhibition,1,0.4607544407817898,1,0.4607544407817898,1,0.4863686165302027,1,0.4863686165302027,1,0.4540418140212288,1,0.4540418140212288,1,0.500903705504265,1,0.500903705504265,3,0.49823807776290907,0,0.4126358652543682,3,0.4871592622264759,0,0.3509006179087486
20260706AMG03,2026-07-06,AMG,3,3,post_exhibition,5,0.2314490851215538,0,0.18442763284778996,1,0.2587992710626755,0,0.25775210009499827,1,0.27033787066288667,0,0.20822815176997228,1,0.33289729964831194,0,0.2621076339828647,3,0.2750268520405024,1,0.2750268520405024,1,0.302945869576166,0,0.23603303522392982
20260706AMG06,2026-07-06,AMG,6,1,post_exhibition,4,0.473978865095888,0,0.353404191321444,1,0.49041025138635774,1,0.49041025138635774,1,0.4402680826503105,1,0.4402680826503105,1,0.49855610012640406,1,0.49855610012640406,1,0.45025286734625564,1,0.45025286734625564,1,0.44135139264137957,1,0.44135139264137957
20260706ASY06,2026-07-06,ASY,6,3,post_exhibition,1,0.2660388627331388,0,0.1345171309182803,1,0.33571165058872493,0,0.10793238569213816,1,0.35832733878015705,0,0.10421226647352466,1,0.4461010904135053,0,0.09454761911269177,4,0.2726448894278945,0,0.06712359105173285,1,0.3885173731992484,0,0.10490759392357872
20260707AMG02,2026-07-07,AMG,2,1,post_exhibition,2,0.4558185611901307,0,0.3504744209498334,1,0.39912364732398076,1,0.39912364732398076,1,0.43175087572135085,1,0.43175087572135085,1,0.41373508754841726,1,0.41373508754841726,2,0.46541524581603216,0,0.3997284124466689,2,0.4713916894359894,0,0.3999375963281716
20260707AMG04,2026-07-07,AMG,4,4,post_exhibition,1,0.44375278459159817,0,0.33889459681329326,1,0.5412392465514714,0,0.27156474594370555,1,0.5210165586963702,0,0.2852856395461126,1,0.433315573987322,0,0.2917670181148739,1,0.5230715701020437,0,0.2802282094976433,4,0.4438177731643322,1,0.4438177731643322
20260708AMG10,2026-07-08,AMG,10,2,post_exhibition,2,0.3507164765751828,1,0.3507164765751828,2,0.41535368060625805,1,0.41535368060625805,2,0.3917652663302822,1,0.3917652663302822,2,0.3623534104548305,1,0.3623534104548305,1,0.4253393517877829,0,0.34474305936465804,1,0.4090462745668949,0,0.298863991629536
20260713AMG04,2026-07-13,AMG,4,1,post_exhibition,1,0.2686455444163103,1,0.2686455444163103,2,0.37004114128688453,0,0.2700039972577171,1,0.3274255447247638,1,0.3274255447247638,1,0.33898280806097325,1,0.33898280806097325,2,0.31214566248530146,0,0.28707170297190365,1,0.41423382853868196,1,0.41423382853868196
20260714AMG04,2026-07-14,AMG,4,3,post_exhibition,4,0.41736073591712214,0,0.18507971839458365,3,0.3322388365947937,1,0.3322388365947937,3,0.3973509752351328,1,0.3973509752351328,2,0.2845281323855667,0,0.22234576164174252,3,0.49196555207643555,1,0.49196555207643555,3,0.29989991656965925,1,0.29989991656965925
20260714AMG05,2026-07-14,AMG,5,1,post_exhibition,1,0.5297422525913489,1,0.5297422525913489,1,0.46756474711116613,1,0.46756474711116613,3,0.3273103291783812,0,0.2981007086078424,1,0.5337986870084171,1,0.5337986870084171,1,0.4833332320978511,1,0.4833332320978511,1,0.515200006042407,1,0.515200006042407
20260714AMG08,2026-07-14,AMG,8,3,post_exhibition,1,0.4321976223182429,0,0.10460249143069052,2,0.31375561831258203,0,0.13625595871267138,2,0.35771359638425043,0,0.11464364011203675,2,0.2852679342004258,0,0.16152321910185527,5,0.3945817135874752,0,0.10347959575309465,5,0.28855379658623487,0,0.10356582582551423
20260714ASY06,2026-07-14,ASY,6,2,post_exhibition,1,0.4815024752512055,0,0.08532032095059201,1,0.5147493459253878,0,0.0927985309329146,4,0.39867463058234726,0,0.07758982238614977,1,0.4907800965156086,0,0.11775884694989493,4,0.4098694494789603,0,0.055205022242161145,1,0.3802532392676429,0,0.14059371269263654
20260715AMG02,2026-07-15,AMG,2,2,post_exhibition,1,0.39169099265611335,0,0.1462195158850061,1,0.3541847735853386,0,0.2742871451113682,1,0.2879338647421353,0,0.2653693678232651,1,0.463055496912908,0,0.15749374062284435,4,0.3708321994576953,0,0.15458632540199654,1,0.38369931234668936,0,0.15427318609782373
20260715AMG10,2026-07-15,AMG,10,1,post_exhibition,1,0.4566539463855691,1,0.4566539463855691,1,0.4347446036985281,1,0.4347446036985281,2,0.42078928132684534,0,0.4064197772932215,1,0.48533958001576577,1,0.48533958001576577,1,0.5164117007129619,1,0.5164117007129619,1,0.5437104873827463,1,0.5437104873827463
20260715ASY08,2026-07-15,ASY,8,1,post_exhibition,3,0.4407778589942321,0,0.2841202026543545,3,0.4459290184943684,0,0.34567789266734816,3,0.5477401144399487,0,0.2706971056016108,1,0.38600643549905606,1,0.38600643549905606,3,0.49173520786559455,0,0.31755816760950895,1,0.403015453593165,1,0.403015453593165
20260716AMG01,2026-07-16,AMG,1,1,post_exhibition,4,0.4763446578198591,0,0.302096612300809,4,0.4280558926367913,0,0.30377959304057744,4,0.4349524126764684,0,0.341090518462293,1,0.4498206924082653,1,0.4498206924082653,1,0.3937616601145458,1,0.3937616601145458,1,0.4186533304457864,1,0.4186533304457864
20260716AMG02,2026-07-16,AMG,2,2,post_exhibition,2,0.4834463548508996,1,0.4834463548508996,1,0.3693720123576635,0,0.30691366565345946,2,0.40232414408495076,1,0.40232414408495076,2,0.3681133788562472,1,0.3681133788562472,2,0.36189399863933125,1,0.36189399863933125,1,0.4501241816650278,0,0.26789902156726203
20260716AMG04,2026-07-16,AMG,4,2,post_exhibition,2,0.4606312132759408,1,0.4606312132759408,1,0.3950439513193733,0,0.31009362401848306,2,0.424343262767052,1,0.424343262767052,2,0.41296524520447964,1,0.41296524520447964,2,0.4533409829812391,1,0.4533409829812391,2,0.40731311921149616,1,0.40731311921149616
20260716AMG07,2026-07-16,AMG,7,5,post_exhibition,3,0.39574559606097587,0,0.03202350563379535,1,0.36486367670225983,0,0.0601865419009927,1,0.35058070613169656,0,0.04325464976118784,1,0.35835575667932146,0,0.04196225275126672,1,0.3666982958036517,0,0.030898194878118013,1,0.41105567723742176,0,0.037283907936211315
20260716ASY03,2026-07-16,ASY,3,1,post_exhibition,3,0.49981284308786583,0,0.34096976971604254,1,0.4302492901170415,1,0.4302492901170415,3,0.48649661893185525,0,0.36191152159272133,1,0.4566466102962351,1,0.4566466102962351,3,0.5022873550340518,0,0.36046580984000165,1,0.4149846630342426,1,0.4149846630342426
20260716ASY08,2026-07-16,ASY,8,1,post_exhibition,1,0.31781366711205367,1,0.31781366711205367,1,0.27259675184044907,1,0.27259675184044907,3,0.31846913553029416,0,0.15217409860710568,3,0.303767750837585,0,0.15188630543996398,5,0.2682620497413729,0,0.20760311076812907,1,0.28416976348838713,1,0.28416976348838713
20260716ASY11,2026-07-16,ASY,11,6,post_exhibition,2,0.3670566518702102,0,0.022552147770617596,1,0.3411712132833027,0,0.01707554235658831,1,0.3676359940214531,0,0.05452297464123118,2,0.3734960931165127,0,0.011570273902924397,2,0.35149364688257484,0,0.036619591971741264,1,0.35459755090377426,0,0.01412588875448734
20260717AMG01,2026-07-17,AMG,1,4,post_exhibition,3,0.2925030987823412,0,0.23371277481439728,1,0.42428772258651043,0,0.09325265463892649,3,0.4923860855170822,0,0.11806675518231984,1,0.538749942065416,0,0.10112031509458383,3,0.4011442858135527,0,0.05288435272842007,1,0.41075544058223035,0,0.1154093124269699
20260718AMG03,2026-07-18,AMG,3,4,post_exhibition,1,0.3607277485067708,0,0.24548811650600166,1,0.39950020332199415,0,0.20262495308594047,1,0.33129530569574145,0,0.2367120257262064,1,0.44410766351451153,0,0.18047085262796925,2,0.3733805992667895,0,0.1787555723109625,1,0.4119877841419173,0,0.228905201787844
20260718ASY09,2026-07-18,ASY,9,4,post_exhibition,1,0.41709427335414584,0,0.13098423661363345,3,0.40794459077951,0,0.06726640614469208,3,0.4672370025266008,0,0.09888467368823194,1,0.36985947622894905,0,0.09462450794555527,3,0.5328532881307537,0,0.06405804103523008,1,0.464187214392102,0,0.10026169378463555
20260724AMG03,2026-07-24,AMG,3,4,post_exhibition,4,0.36253900055116983,1,0.36253900055116983,4,0.3313022402453429,1,0.3313022402453429,2,0.3820353537269337,0,0.2899947756495033,1,0.39617985650170795,0,0.22770909957402743,1,0.34620171755164875,0,0.3197452359429587,1,0.3395525983370138,0,0.3005478669159191
20260724AMG05,2026-07-24,AMG,5,2,post_exhibition,4,0.29357571265137783,0,0.16031843118298272,1,0.42120675953006137,0,0.22043439104420295,1,0.46901802492443695,0,0.2760796993903775,1,0.36764924923915915,0,0.25998862425835567,1,0.491363805564338,0,0.1985443007707054,1,0.3657318069573551,0,0.31411708837526064
20260724ASY06,2026-07-24,ASY,6,3,post_exhibition,1,0.4632896162269196,0,0.33530503483170326,1,0.413138010292729,0,0.3032720514996249,3,0.5166529777485467,1,0.5166529777485467,1,0.4252752334517641,0,0.2823839675824328,3,0.4172623227708455,1,0.4172623227708455,1,0.3425689645006469,0,0.2948501385015773
20260724ASY08,2026-07-24,ASY,8,4,post_exhibition,4,0.42759259617004614,1,0.42759259617004614,4,0.41557201162097945,1,0.41557201162097945,4,0.3538869668669367,1,0.3538869668669367,1,0.4312128197243718,0,0.33109195666681823,3,0.3514466595735339,0,0.3291268858726858,4,0.3956553858500876,1,0.3956553858500876
20260725AMG01,2026-07-25,AMG,1,3,post_exhibition,3,0.43904333558580083,1,0.43904333558580083,3,0.47661813693762517,1,0.47661813693762517,3,0.5648287796568014,1,0.5648287796568014,3,0.47280267856722213,1,0.47280267856722213,3,0.5465910301466694,1,0.5465910301466694,1,0.4012814085127529,0,0.3447947905505238
20260725AMG03,2026-07-25,AMG,3,1,post_exhibition,2,0.3709640197150778,0,0.31811320704127244,1,0.5128043826582762,1,0.5128043826582762,2,0.44201841323699603,0,0.4336678087147605,1,0.4679485218994387,1,0.4679485218994387,2,0.43434555674954095,0,0.42924634987994253,1,0.46497210971640907,1,0.46497210971640907
20260725AMG09,2026-07-25,AMG,9,1,post_exhibition,1,0.2886917929403337,1,0.2886917929403337,3,0.4284692337585597,0,0.24248983943975774,3,0.30792754582119425,0,0.2373894175380198,1,0.39161609510166645,1,0.39161609510166645,3,0.311417526795699,0,0.26072224793172444,3,0.4121039080513824,0,0.33162724226451257
20260725ASY06,2026-07-25,ASY,6,2,post_exhibition,1,0.37302742508213815,0,0.1642870104094367,3,0.3201831627268331,0,0.29368687921761877,3,0.3796174410117874,0,0.13179615386524923,1,0.319715357380112,0,0.3188652274748502,3,0.37598545025766145,0,0.23500052519471398,1,0.36275133106698104,0,0.26723384967801955
20260725ASY08,2026-07-25,ASY,8,2,post_exhibition,2,0.3750537285584654,1,0.3750537285584654,1,0.3185837870596596,0,0.2869348123847092,2,0.29596313038780275,1,0.29596313038780275,4,0.35376847861204996,0,0.2524831287075494,4,0.29893862690618156,0,0.19947283858784653,2,0.33543875598627093,1,0.33543875598627093
20260725ASY09,2026-07-25,ASY,9,2,post_exhibition,2,0.39879954359277164,1,0.39879954359277164,2,0.40303984359607725,1,0.40303984359607725,2,0.4325701060729367,1,0.4325701060729367,1,0.40319141842508766,0,0.3416882525416911,2,0.517883159296008,1,0.517883159296008,1,0.38680306851863777,0,0.3542568309603953
20260726AMG06,2026-07-26,AMG,6,4,post_exhibition,1,0.5585824977782474,0,0.3397009478737014,1,0.5290305502467254,0,0.31982956748799285,1,0.45068377939773197,0,0.4078672095185904,1,0.6109652349487605,0,0.20601243727573665,4,0.4612462379470597,1,0.4612462379470597,1,0.6442553009646124,0,0.17500750425924588
20260726ASY06,2026-07-26,ASY,6,1,post_exhibition,1,0.36325634051046696,1,0.36325634051046696,1,0.4561046144224482,1,0.4561046144224482,1,0.37486732184612814,1,0.37486732184612814,1,0.5330190906424108,1,0.5330190906424108,2,0.4308781416465503,0,0.34980181425496665,1,0.3886729017273396,1,0.3886729017273396
20260726ASY07,2026-07-26,ASY,7,3,post_exhibition,1,0.4169227536335103,0,0.32271701288614313,1,0.3626613887432497,0,0.248879374998069,1,0.35439868253025214,0,0.23700008571238926,1,0.5292019911064025,0,0.12390038240632505,3,0.42601163480584353,1,0.42601163480584353,1,0.41221164618189016,0,0.19715454079907854
20260726ASY08,2026-07-26,ASY,8,3,post_exhibition,3,0.5325238355647814,1,0.5325238355647814,3,0.39630561805805015,1,0.39630561805805015,3,0.4948639117773841,1,0.4948639117773841,3,0.3569066615768933,1,0.3569066615768933,2,0.4440395359189095,0,0.37451893594545643,3,0.32461194917531877,1,0.32461194917531877
20260726ASY09,2026-07-26,ASY,9,5,post_exhibition,5,0.4266691745692472,1,0.4266691745692472,1,0.4420310392036284,0,0.157023336484053,1,0.46342817261642594,0,0.14529610570371057,1,0.5658304878479763,0,0.17836759275786482,1,0.30285867663692034,0,0.2763020826013326,1,0.470475623346113,0,0.14564752930301614
20260727ASY07,2026-07-27,ASY,7,2,post_exhibition,2,0.37123760250677906,1,0.37123760250677906,1,0.3567477094463252,0,0.28078059460134,2,0.5584924105446871,1,0.5584924105446871,1,0.45199726676787505,0,0.2518374006960133,2,0.392218770938547,1,0.392218770938547,1,0.4373646915251852,0,0.3037322254854936
20260727ASY08,2026-07-27,ASY,8,1,post_exhibition,1,0.43796833042008393,1,0.43796833042008393,1,0.31466371178159624,1,0.31466371178159624,3,0.4327363364218699,0,0.24611792824732373,3,0.4407711618800381,0,0.2314181627713722,3,0.42590363121220726,0,0.21541238191028486,1,0.3939829924427223,1,0.3939829924427223
20260727ASY09,2026-07-27,ASY,9,6,post_exhibition,2,0.5916198948724236,0,0.016298724558615727,1,0.678767081720877,0,0.011790409754467471,1,0.6631126902183591,0,0.007603523888173024,1,0.7800034658334153,0,0.014116831134110101,1,0.7466037227590072,0,0.009279304869642853,1,0.6832783699723962,0,0.017555120783222928
20260728ASY05,2026-07-28,ASY,5,2,post_exhibition,2,0.2773698563495019,1,0.2773698563495019,3,0.32439107846179216,0,0.20192472228348338,3,0.3866533160277286,0,0.30073165388370454,1,0.45406169002272645,0,0.12037900040129722,3,0.34771265111922744,0,0.18720141205887875,1,0.4405712632550707,0,0.14075952130764097
20260728ASY06,2026-07-28,ASY,6,1,post_exhibition,4,0.3129450937978818,0,0.2699181095555643,1,0.3431847506914726,1,0.3431847506914726,2,0.24758294033523226,0,0.2259303561853709,1,0.43396358173255944,1,0.43396358173255944,1,0.3817327653153726,1,0.3817327653153726,1,0.45622740522554134,1,0.45622740522554134
20260731AMG01,2026-07-31,AMG,1,3,post_exhibition,1,0.48373582671334425,0,0.3334087198491831,3,0.43960513097103204,1,0.43960513097103204,3,0.47004982975664306,1,0.47004982975664306,1,0.4042958791667752,0,0.36536349438226245,3,0.5051306869375806,1,0.5051306869375806,6,0.3664768422613997,0,0.2538168043391494
20260731AMG04,2026-07-31,AMG,4,4,post_exhibition,2,0.34403414794000875,0,0.13122006420243204,1,0.3674743144548238,0,0.035209121176474324,2,0.4457129619430472,0,0.03795030262092359,1,0.36673085842047837,0,0.07558195929959642,2,0.34129271133907724,0,0.05618142065531722,2,0.38342954870565604,0,0.062173685060479
20260802AMG01,2026-08-02,AMG,1,3,post_exhibition,3,0.2818554361257372,1,0.2818554361257372,2,0.29451012880034505,0,0.29072598047875753,3,0.32720171904467255,1,0.32720171904467255,2,0.27531924831289717,0,0.2698328068027254,2,0.4204435164465527,0,0.23250615683777914,1,0.2944152514433162,0,0.2521599478767175
20260802AMG04,2026-08-02,AMG,4,3,post_exhibition,3,0.5042929934057859,1,0.5042929934057859,3,0.44544641497869697,1,0.44544641497869697,3,0.44339058229580286,1,0.44339058229580286,1,0.4190713769413745,0,0.3035874036488425,3,0.4673217759528908,1,0.4673217759528908,1,0.3959833661374696,0,0.3235256367230138
20260802AMG08,2026-08-02,AMG,8,2,post_exhibition,2,0.4134972216612877,1,0.4134972216612877,1,0.3363076605408003,0,0.32373330897189745,1,0.36747742738828043,0,0.26471878259575965,1,0.38209850458872063,0,0.3194105737813608,1,0.398988078048239,0,0.32019923174281023,1,0.3502717146638718,0,0.27507016797791
20260802ASY06,2026-08-02,ASY,6,3,post_exhibition,1,0.3094472776382687,0,0.3084840951541611,1,0.42060760526968294,0,0.22491603966579476,2,0.34153349076781175,0,0.2197974119067875,1,0.46283209942755127,0,0.24610023664381336,1,0.43203440484180466,0,0.22726779183933388,1,0.329567570707542,0,0.26445596048011477
20260803AMG01,2026-08-03,AMG,1,1,post_exhibition,1,0.42894611052637294,1,0.42894611052637294,3,0.4696002557831696,0,0.38780403445787354,3,0.5382272702937597,0,0.3428311615106278,1,0.42241506788165084,1,0.42241506788165084,3,0.5027817994098472,0,0.33903498621386724,3,0.44829064839064153,0,0.2935879867284455
20260803AMG02,2026-08-03,AMG,2,2,post_exhibition,2,0.388295577089277,1,0.388295577089277,1,0.4125958968576277,0,0.246874609471919,2,0.4664493941487175,1,0.4664493941487175,1,0.361943342443334,0,0.329368133055316,2,0.4491814529061439,1,0.4491814529061439,1,0.32385513042348113,0,0.2944521811021691
20260803AMG03,2026-08-03,AMG,3,3,post_exhibition,5,0.350727521479246,0,0.20866221096700327,2,0.3131085088603461,0,0.17820994214020622,2,0.5049300227344259,0,0.09785153085874003,2,0.3119587326752041,0,0.21328990242001655,1,0.3038279652697003,0,0.12999753748628762,2,0.3429757802158488,0,0.10586341076981474
20260803AMG04,2026-08-03,AMG,4,4,post_exhibition,4,0.493210630284132,1,0.493210630284132,4,0.3472025425118697,1,0.3472025425118697,4,0.4041783417861359,1,0.4041783417861359,4,0.3336236344746521,1,0.3336236344746521,2,0.2518782806904743,0,0.17679157451825128,4,0.2909779574631422,1,0.2909779574631422
20260803AMG07,2026-08-03,AMG,7,2,post_exhibition,3,0.4216215387114578,0,0.11958151186702715,2,0.49467979678391427,1,0.49467979678391427,3,0.3068015685330501,0,0.2612250597339439,2,0.33032614490047507,1,0.33032614490047507,2,0.45989203874800044,1,0.45989203874800044,1,0.3499834931931417,0,0.31635953233889125
20260803ASY04,2026-08-03,ASY,4,1,post_exhibition,1,0.5402430293365443,1,0.5402430293365443,1,0.45564945862796286,1,0.45564945862796286,3,0.4584745195466101,0,0.2106998725300481,1,0.4983739779924835,1,0.4983739779924835,1,0.4359080013913297,1,0.4359080013913297,1,0.48773261667369716,1,0.48773261667369716
20260803ASY06,2026-08-03,ASY,6,4,post_exhibition,2,0.31396729709569926,0,0.17556812711227965,2,0.4172027734376083,0,0.10418664751861478,2,0.48076633272649744,0,0.14020434844284888,2,0.4289370132000337,0,0.1361437049653528,2,0.5505229933624044,0,0.11813646770890462,6,0.26239209030200505,0,0.11618406618432794
20260803ASY08,2026-08-03,ASY,8,4,post_exhibition,2,0.3068613484231328,0,0.21470461461353818,1,0.4167396289367458,0,0.1434492091520048,2,0.3576279271591966,0,0.20904143931112407,1,0.31127066185555846,0,0.18854147260555532,2,0.36154801941142045,0,0.14421627086378813,1,0.31306523183826723,0,0.17466415751888334
20260803ASY09,2026-08-03,ASY,9,4,post_exhibition,1,0.4886488063561967,0,0.09229368653367682,1,0.42109942072389916,0,0.15881838955947922,1,0.46435292951731416,0,0.16739216398309653,1,0.41121736242687607,0,0.2120337691835652,2,0.39627615157935825,0,0.13197795938352877,1,0.4197632501554258,0,0.12503512644751819
20260804AMG01,2026-08-04,AMG,1,2,post_exhibition,3,0.5935723154563697,0,0.12955213003558627,1,0.3746030254088142,0,0.1662401837669201,1,0.4741822040098548,0,0.2143838116431079,1,0.3569705147893465,0,0.16492726142870645,1,0.5202062012769746,0,0.17119600680093225,1,0.39496753652203354,0,0.14497962820834395
20260804AMG10,2026-08-04,AMG,10,4,post_exhibition,1,0.49484334321584494,0,0.06150351897073082,1,0.4994403943631687,0,0.12047699632669161,3,0.4082264667139571,0,0.054369575289451175,1,0.5124779428150694,0,0.09693898539266235,1,0.49978447226862993,0,0.12499946735483039,1,0.5861115227660543,0,0.0771723378361949
20260804ASY06,2026-08-04,ASY,6,4,post_exhibition,1,0.2936103155361655,0,0.2585006087904245,4,0.39895001459169294,1,0.39895001459169294,4,0.2614319069180604,1,0.2614319069180604,1,0.3602614177371541,0,0.2976334679765987,1,0.3269684218768037,0,0.3102942395739573,4,0.38799891291517885,1,0.38799891291517885
20260804ASY08,2026-08-04,ASY,8,3,post_exhibition,1,0.413050243364613,0,0.329362215600758,3,0.39607758658347125,1,0.39607758658347125,1,0.40925527570403913,0,0.4058353924988201,1,0.46293291911505596,0,0.379421049657668,3,0.5042476359916434,1,0.5042476359916434,3,0.39346222237064776,1,0.39346222237064776
20260804ASY11,2026-08-04,ASY,11,2,post_exhibition,2,0.39483578900462823,1,0.39483578900462823,1,0.36560880633129444,0,0.35249795716007687,1,0.3962158930431433,0,0.39150525974040207,2,0.3943067739282887,1,0.3943067739282887,1,0.4039389591046165,0,0.4002382038972723,2,0.3953574919369031,1,0.3953574919369031
20260809AMG01,2026-08-09,AMG,1,2,post_exhibition,2,0.38658004129328294,1,0.38658004129328294,2,0.2688150802711317,1,0.2688150802711317,2,0.4433458858298632,1,0.4433458858298632,2,0.329744497426205,1,0.329744497426205,2,0.5116887090403583,1,0.5116887090403583,1,0.3593785890653254,0,0.23929335942835533
20260809AMG04,2026-08-09,AMG,4,1,post_exhibition,1,0.36709268163129305,1,0.36709268163129305,1,0.37263205570668206,1,0.37263205570668206,2,0.3711856583505915,0,0.2789035437488809,1,0.40772762038784105,1,0.40772762038784105,1,0.3440015129723278,1,0.3440015129723278,1,0.49188222165443446,1,0.49188222165443446
20260810AMG02,2026-08-10,AMG,2,2,post_exhibition,2,0.4459584023136835,1,0.4459584023136835,2,0.37834180529272904,1,0.37834180529272904,2,0.4389800486945307,1,0.4389800486945307,2,0.43099041920235254,1,0.43099041920235254,2,0.5594922884856869,1,0.5594922884856869,1,0.45044851698362826,0,0.3070201538725964
20260810AMG03,2026-08-10,AMG,3,5,post_exhibition,5,0.3292938043110506,1,0.3292938043110506,2,0.4026369591994211,0,0.11982469658797805,2,0.4459591518817757,0,0.15608839551760506,3,0.3092279836555413,0,0.10232617689811911,2,0.4778276539229456,0,0.15924599292402225,2,0.31496873832689104,0,0.21438753443297517
20260810ASY08,2026-08-10,ASY,8,2,post_exhibition,1,0.481830473645696,0,0.22683366524512308,1,0.3628016567512472,0,0.2524469640718656,1,0.40423083365940554,0,0.1927893727219369,2,0.2987716839178142,1,0.2987716839178142,1,0.33180517975702223,0,0.3010141986175523,1,0.3391828837453692,0,0.23948342874552994
20260811AMG01,2026-08-11,AMG,1,3,post_exhibition,3,0.3663471732080332,1,0.3663471732080332,3,0.29139667357437193,1,0.29139667357437193,3,0.38811225863812004,1,0.38811225863812004,3,0.33041157363619883,1,0.33041157363619883,3,0.34087555768902084,1,0.34087555768902084,2,0.3438262533764352,0,0.25419249347651096
20260811AMG03,2026-08-11,AMG,3,5,post_exhibition,1,0.26705965806193993,0,0.26607369389356345,1,0.39008967706406383,0,0.12893108410422469,2,0.3167318196119419,0,0.11163238283590984,1,0.3607328926976756,0,0.13565872672944587,2,0.3373227765439761,0,0.09721484079737548,1,0.36823921075084143,0,0.09786127220513854
20260811ASY06,2026-08-11,ASY,6,2,post_exhibition,4,0.4884160890028516,0,0.10604754536376383,1,0.39714058419431675,0,0.13426709071912782,4,0.38826162786632445,0,0.1485058261170617,1,0.3954861011626019,0,0.18986935116791195,4,0.37417985344733273,0,0.15105577886009594,1,0.34629864409840533,0,0.1626746400951062
20260811ASY08,2026-08-11,ASY,8,3,post_exhibition,1,0.42015995892434904,0,0.16918646425056377,1,0.3421867312077414,0,0.27365770406834794,3,0.32140387467515724,1,0.32140387467515724,1,0.38659713553287567,0,0.36385930114832865,3,0.33702995367064903,1,0.33702995367064903,3,0.3212068778260984,1,0.3212068778260984
20260812AMG01,2026-08-12,AMG,1,2,post_exhibition,1,0.45494713406138054,0,0.09989406825920023,1,0.369024744572663,0,0.1901336315889056,4,0.3728814859431846,0,0.18285234875191386,1,0.4680776792415797,0,0.10779332722931353,4,0.41544706912564167,0,0.14749242760615583,4,0.4453642715005154,0,0.09279855086891836
20260812ASY08,2026-08-12,ASY,8,1,post_exhibition,2,0.4177249451031599,0,0.213645352084304,2,0.3050220070779469,0,0.2700105979524036,2,0.3659135469388221,0,0.2810773739419551,2,0.3800291842144295,0,0.26240082538301873,2,0.42732772078028974,0,0.30837459879471824,1,0.3496050389440636,1,0.3496050389440636
20260813ASY02,2026-08-13,ASY,2,1,post_exhibition,4,0.3881548722236488,0,0.3864326696139501,1,0.42984981574014114,1,0.42984981574014114,3,0.439652237304702,0,0.2795744776740582,1,0.4907874073966057,1,0.4907874073966057,1,0.44891641443089586,1,0.44891641443089586,1,0.514433918897297,1,0.514433918897297
20260814ASY08,2026-08-14,ASY,8,5,post_exhibition,1,0.30552738665792306,0,0.09894261788157455,1,0.3223150668233371,0,0.059838896907036,4,0.2746701822888188,0,0.08487553266540775,1,0.45983517484108744,0,0.0486133348051122,1,0.30134023444860736,0,0.04489455036145299,4,0.34310079484063294,0,0.022697398918795023
20260815ASY08,2026-08-15,ASY,8,1,post_exhibition,2,0.36579677457726595,0,0.3242678669644619,1,0.4233022399805178,1,0.4233022399805178,2,0.3780781941544734,0,0.3243062179006644,1,0.5202371674200382,1,0.5202371674200382,2,0.4256389152105646,0,0.38719132236287873,2,0.39108220986334796,0,0.35330679849328844
20260815ASY09,2026-08-15,ASY,9,1,post_exhibition,1,0.6224074065755855,1,0.6224074065755855,1,0.5033109129014744,1,0.5033109129014744,3,0.38687703734705015,0,0.3585346692122099,1,0.5379265253348009,1,0.5379265253348009,1,0.47135690562114285,1,0.47135690562114285,1,0.49453666112770944,1,0.49453666112770944
20260815ASY10,2026-08-15,ASY,10,4,post_exhibition,1,0.42021276089582865,0,0.15990318817180632,1,0.3579835276426022,0,0.10045858929775339,3,0.3399753358550736,0,0.1633453729610018,1,0.4522045165857666,0,0.06362965137005284,1,0.37509153321246713,0,0.16495703674757578,3,0.36447635222122327,0,0.08229611490471693
20260817AMG05,2026-08-17,AMG,5,4,post_exhibition,4,0.6075588822091431,1,0.6075588822091431,1,0.33934135137132126,0,0.28965566094123935,4,0.4528964856950869,1,0.4528964856950869,1,0.40355934375483604,0,0.32562765684919065,4,0.4671253095664312,1,0.4671253095664312,1,0.41427262705557033,0,0.2955529197504048
20260818AMG01,2026-08-18,AMG,1,2,post_exhibition,3,0.3807194172710795,0,0.1769110940005825,1,0.48602601860730815,0,0.09803430867687424,1,0.43713667680150126,0,0.11869262551977748,1,0.4614911254814027,0,0.17373100790576487,1,0.5115679443359334,0,0.08894604310286336,1,0.501606904724927,0,0.10387610793648065
20260818AMG05,2026-08-18,AMG,5,6,post_exhibition,1,0.35489474691567396,0,0.23537075503929303,1,0.39892356879920143,0,0.08529240366747064,6,0.3149195668207587,1,0.3149195668207587,1,0.5659527409944953,0,0.028507659718835152,1,0.3430447532964879,0,0.18220766453820975,1,0.4760099617918202,0,0.06832428370264759
20260818AMG07,2026-08-18,AMG,7,6,post_exhibition,5,0.4352926384282336,0,0.023815427506344276,1,0.4631526028378785,0,0.022001914363348796,1,0.4653165818273512,0,0.006207517343151107,1,0.48843519546074715,0,0.009487997675965575,1,0.36920461887423217,0,0.012046831351106324,1,0.43711775208830866,0,0.018058518710784722
20260818AMG10,2026-08-18,AMG,10,1,post_exhibition,1,0.5750994210141858,1,0.5750994210141858,1,0.40954493678000836,1,0.40954493678000836,1,0.42080776457888824,1,0.42080776457888824,1,0.45014029233248826,1,0.45014029233248826,2,0.4336052627079437,0,0.33310334134108865,1,0.34759139733050903,1,0.34759139733050903
20260819AMG01,2026-08-19,AMG,1,1,post_exhibition,3,0.3661731436166409,0,0.3602349143633462,1,0.5949976788799933,1,0.5949976788799933,1,0.6254572202615714,1,0.6254572202615714,1,0.5086799076443786,1,0.5086799076443786,1,0.4820854802777281,1,0.4820854802777281,1,0.5884350142816689,1,0.5884350142816689
20260819AMG02,2026-08-19,AMG,2,4,post_exhibition,4,0.48707895497842985,1,0.48707895497842985,1,0.4136297190138301,0,0.29212295199460636,1,0.4059708362675255,0,0.3179501234379721,1,0.5151950654834738,0,0.29677032309117285,4,0.38520689910939687,1,0.38520689910939687,4,0.45502823969454925,1,0.45502823969454925
20260819AMG04,2026-08-19,AMG,4,2,post_exhibition,1,0.4008113128187017,0,0.2605836049907461,1,0.5324237256856628,0,0.1850779091945856,2,0.4260860231435079,1,0.4260860231435079,1,0.5045198033981408,0,0.17510634969738373,1,0.49574862055216545,0,0.28789506728096736,1,0.480801006850667,0,0.21576558315035935
20260819AMG05,2026-08-19,AMG,5,6,post_exhibition,1,0.282281025209789,0,0.27737692209101994,3,0.29929226759720695,0,0.15749824553599526,1,0.3195112849840153,0,0.09848716717924029,1,0.39776357827937353,0,0.04165890327570071,1,0.4099199761886284,0,0.0956933079090678,1,0.35723671057843515,0,0.1763704665410725
20260819AMG07,2026-08-19,AMG,7,6,post_exhibition,2,0.2847667894867395,0,0.07403362187246311,1,0.3783591620909608,0,0.07596501418594902,1,0.37553571738628155,0,0.1552341645353192,1,0.3240272398224969,0,0.011339036641943174,1,0.39534032131557106,0,0.042916415803784774,1,0.3907144682944961,0,0.024052024598620648
20260819AMG11,2026-08-19,AMG,11,1,post_exhibition,1,0.6214326812841561,1,0.6214326812841561,2,0.4178475009766195,0,0.3849368160646079,1,0.4661096383290054,1,0.4661096383290054,1,0.5374043689892605,1,0.5374043689892605,1,0.5634837072405685,1,0.5634837072405685,1,0.4755964600194103,1,0.4755964600194103
20260820AMG01,2026-08-20,AMG,1,3,post_exhibition,3,0.5088870165189522,1,0.5088870165189522,1,0.33687519464954835,0,0.31774020003272496,3,0.4584691652583078,1,0.4584691652583078,3,0.4579882027586455,1,0.4579882027586455,3,0.4274992758650835,1,0.4274992758650835,1,0.37037648679802687,0,0.3056447250203998
20260820AMG02,2026-08-20,AMG,2,2,post_exhibition,2,0.3030637249023105,1,0.3030637249023105,2,0.3767779459874611,1,0.3767779459874611,2,0.3132535781067516,1,0.3132535781067516,1,0.4738735870127012,0,0.31270797738921247,1,0.33736434392127984,0,0.3181105434121605,2,0.3710156832761682,1,0.3710156832761682
20260820AMG03,2026-08-20,AMG,3,1,post_exhibition,4,0.31705737014743707,0,0.2642811131692804,1,0.3638037861734438,1,0.3638037861734438,1,0.30062724299784754,1,0.30062724299784754,1,0.351756331106219,1,0.351756331106219,1,0.3011502684790676,1,0.3011502684790676,1,0.3884114473848474,1,0.3884114473848474
20260820AMG04,2026-08-20,AMG,4,2,post_exhibition,5,0.29959376778076957,0,0.1310729922945245,1,0.40753411337144174,0,0.08476029345631858,4,0.2642261156559797,0,0.12856256991720608,1,0.32743185684644976,0,0.19557208474933654,1,0.37221815117453466,0,0.10627675318132955,1,0.42196669487330457,0,0.1289972745498901
20260820AMG05,2026-08-20,AMG,5,5,post_exhibition,5,0.5013455579820427,1,0.5013455579820427,2,0.45978809167915474,0,0.07791936264265537,2,0.477084674795562,0,0.08354045920003336,2,0.40401994255423324,0,0.08265650443946583,2,0.48679404015983135,0,0.16824447730861786,1,0.3465055217483068,0,0.10831975662383465
20260820ASY08,2026-08-20,ASY,8,2,post_exhibition,2,0.5153062795978289,1,0.5153062795978289,2,0.4063720549689103,1,0.4063720549689103,2,0.3958102427883537,1,0.3958102427883537,1,0.49346728370731385,0,0.2838410301149185,2,0.42547950229029796,1,0.42547950229029796,2,0.4387441970296538,1,0.4387441970296538
20260820ASY10,2026-08-20,ASY,10,1,post_exhibition,3,0.3544490661154522,0,0.30462224041336794,1,0.47905201679421644,1,0.47905201679421644,3,0.49106576161210846,0,0.2814962017107885,1,0.3493647248729017,1,0.3493647248729017,1,0.40266695327236124,1,0.40266695327236124,1,0.5658135116480442,1,0.5658135116480442
20260821AMG01,2026-08-21,AMG,1,3,post_exhibition,3,0.44673488450632587,1,0.44673488450632587,1,0.5830987820342582,0,0.24608559087849702,3,0.4907716297627974,1,0.4907716297627974,1,0.5337970534877287,0,0.29792607743275296,1,0.46015987519247015,0,0.42660192056772384,1,0.518275481123883,0,0.2621311805925461
20260821AMG08,2026-08-21,AMG,8,1,post_exhibition,1,0.48284971709411795,1,0.48284971709411795,1,0.43986175032528524,1,0.43986175032528524,1,0.4007880199868001,1,0.4007880199868001,1,0.4130797998550211,1,0.4130797998550211,3,0.4138257530107313,0,0.40911366201750893,1,0.4646303648383617,1,0.4646303648383617
20260821ASY06,2026-08-21,ASY,6,3,post_exhibition,4,0.3194464728414469,0,0.12917734980449275,2,0.27348946873286356,0,0.10819044090453829,2,0.40602426884726905,0,0.07248535050611557,2,0.31148835059490715,0,0.12162694467589295,1,0.2558513879809236,0,0.13571605264269934,1,0.30598268717344823,0,0.14608634652197744
20260821ASY07,2026-08-21,ASY,7,4,post_exhibition,4,0.38541603521432455,1,0.38541603521432455,1,0.40008126655372483,0,0.24918185225791759,4,0.33383352240463854,1,0.33383352240463854,1,0.48110213403557184,0,0.22961598995382204,4,0.4684901884184236,1,0.4684901884184236,1,0.44067885152553776,0,0.29607065334693666
20260821ASY08,2026-08-21,ASY,8,2,post_exhibition,1,0.4087236421326181,0,0.2844475260344983,1,0.42969903410113475,0,0.24140275018950755,1,0.4325115591335321,0,0.24896972009787469,1,0.42276361737849094,0,0.2389918652696663,1,0.3517911772456084,0,0.2785663007749886,2,0.41535051075821516,1,0.41535051075821516
20260822ASY08,2026-08-22,ASY,8,4,post_exhibition,3,0.4069307219617292,0,0.1724326493271522,3,0.4202974073227792,0,0.08472457001960994,3,0.5507687069382667,0,0.07613353785859728,1,0.4469977229328104,0,0.10137122166784136,3,0.5319587731050808,0,0.06252545457140488,3,0.3810485649218687,0,0.107922631929252
20260824AMG02,2026-08-24,AMG,2,2,post_exhibition,3,0.24004719276718978,0,0.19439848564323298,1,0.4646001651547813,0,0.21551657084398826,1,0.5485352106479947,0,0.16429258308668285,1,0.6104065826905529,0,0.07132734262974762,1,0.5495716174226115,0,0.17022201793824324,1,0.4942621907621225,0,0.1682257577309839
20260824AMG03,2026-08-24,AMG,3,3,post_exhibition,4,0.45657895665914283,0,0.1507338526936067,3,0.2824149116442472,1,0.2824149116442472,4,0.37141861734908066,0,0.17990012759719412,3,0.2734395849644503,1,0.2734395849644503,2,0.30188693078299905,0,0.17996279193380144,4,0.3142973876487242,0,0.16189647650379668
20260824AMG04,2026-08-24,AMG,4,4,post_exhibition,1,0.26284434695509884,0,0.12740774034425717,1,0.39856483252774666,0,0.09703635811644372,2,0.3109623497894433,0,0.037202315463358705,1,0.3362071219449346,0,0.07653919890195864,1,0.33033180957992037,0,0.07370768004229625,1,0.4487987420156339,0,0.08247534417757457
20260824AMG07,2026-08-24,AMG,7,1,post_exhibition,1,0.43025335830887806,1,0.43025335830887806,1,0.4820265597569355,1,0.4820265597569355,1,0.4816231954406408,1,0.4816231954406408,1,0.4885087555079265,1,0.4885087555079265,2,0.5020539675375163,0,0.39908881870273877,1,0.5665578763211969,1,0.5665578763211969
20260824ASY08,2026-08-24,ASY,8,3,post_exhibition,1,0.3357652280423732,0,0.13045047895283154,1,0.39992521671074266,0,0.34193200040847876,1,0.33486241777141557,0,0.27878437144419477,1,0.358760939451313,0,0.35038346003305226,3,0.3599769767287741,1,0.3599769767287741,1,0.3997068361748127,0,0.33314271320053435
20260825AMG01,2026-08-25,AMG,1,3,post_exhibition,1,0.3969088913675635,0,0.3022165969062043,3,0.36965797244271126,1,0.36965797244271126,3,0.3662099762425149,1,0.3662099762425149,1,0.37462731420290724,0,0.3392643460125197,3,0.4042893587084183,1,0.4042893587084183,1,0.3527589885779884,0,0.3076322855221422
20260825AMG02,2026-08-25,AMG,2,1,post_exhibition,1,0.4930163451394915,1,0.4930163451394915,1,0.5528164206083991,1,0.5528164206083991,1,0.5252908519132788,1,0.5252908519132788,1,0.5725540535243585,1,0.5725540535243585,1,0.6516031280145086,1,0.6516031280145086,2,0.43772343014445414,0,0.42624447237873436
20260825AMG03,2026-08-25,AMG,3,5,post_exhibition,5,0.4050320662156507,1,0.4050320662156507,1,0.3412852954108601,0,0.274537779501748,1,0.3646072366131778,0,0.2641453902499422,1,0.43354302761167224,0,0.22420530566795746,5,0.43301022476726053,1,0.43301022476726053,1,0.38759787368635623,0,0.2929327015385568
20260825ASY08,2026-08-25,ASY,8,4,post_exhibition,1,0.41645412330905074,0,0.27977011107346644,1,0.3140573258520597,0,0.24501961683193133,1,0.3292747858196642,0,0.13682929886916753,4,0.32237391046829267,1,0.32237391046829267,4,0.30061599749841417,1,0.30061599749841417,1,0.3676127090052743,0,0.21379203113470507
20260825ASY10,2026-08-25,ASY,10,1,post_exhibition,3,0.22915104110048568,0,0.20048354326610476,1,0.30036780527209717,1,0.30036780527209717,3,0.2694245337117075,0,0.12974786379356196,3,0.26269938707793594,0,0.2287881849106367,2,0.3032560577374956,0,0.2640534963410766,4,0.24769507177706637,0,0.20921158672161627
20260826AMG01,2026-08-26,AMG,1,2,post_exhibition,3,0.6009643994325621,0,0.02326714955073467,1,0.48005550697779975,0,0.028379115602319434,3,0.4156010263601068,0,0.054819939345558406,1,0.43270666889487097,0,0.051379755470317444,1,0.467000892766724,0,0.08736240447528856,1,0.4277831567338043,0,0.08643743973681037
20260826AMG02,2026-08-26,AMG,2,1,post_exhibition,3,0.3780886526263636,0,0.30131224175209376,1,0.4475079404087527,1,0.4475079404087527,1,0.403115399497457,1,0.403115399497457,1,0.4370179549399742,1,0.4370179549399742,1,0.31600801671075507,1,0.31600801671075507,1,0.37720254553684257,1,0.37720254553684257
20260826AMG03,2026-08-26,AMG,3,5,post_exhibition,4,0.28843560904086746,0,0.17008079125516565,1,0.404986383267667,0,0.08476516568036653,1,0.3196231276375897,0,0.06630495560080606,1,0.43940756345373555,0,0.08895863217350906,1,0.337408308959705,0,0.06177441246782466,1,0.5556102031730716,0,0.0956498127096335
20260827AMG01,2026-08-27,AMG,1,3,post_exhibition,3,0.7252440688335803,1,0.7252440688335803,1,0.431428000137438,0,0.41988941153158826,3,0.4428616205335005,1,0.4428616205335005,3,0.4634165502254125,1,0.4634165502254125,1,0.4552152303525929,0,0.3989543580794416,1,0.4286388164800784,0,0.35715228942767724
20260827AMG03,2026-08-27,AMG,3,2,post_exhibition,3,0.44992312915298205,0,0.2604199366164022,3,0.3467364709818329,0,0.30922174191676455,2,0.5094616252279056,1,0.5094616252279056,2,0.4918790683147308,1,0.4918790683147308,2,0.438083568155579,1,0.438083568155579,1,0.3249528302271446,0,0.3167712618734825
20260828AMG02,2026-08-28,AMG,2,1,post_exhibition,1,0.3581967609090804,1,0.3581967609090804,3,0.5174372950957417,0,0.2975843831255137,3,0.4404839972557354,0,0.2981714531572197,3,0.399129463298547,0,0.33151668281098756,3,0.37897442621384275,0,0.36086810101012684,3,0.40177679402987254,0,0.36130514107408235
20260830ASY07,2026-08-30,ASY,7,1,post_exhibition,4,0.266001565403455,0,0.25916867251670095,1,0.3779567931538664,1,0.3779567931538664,3,0.3268724743826373,0,0.23618832078895274,1,0.3912170817032605,1,0.3912170817032605,1,0.38612018100073775,1,0.38612018100073775,1,0.41643210574089307,1,0.41643210574089307
20260830ASY10,2026-08-30,ASY,10,5,post_exhibition,1,0.3655865748732999,0,0.049744827833285946,1,0.4168110876082965,0,0.07791722993288808,2,0.3482522181021207,0,0.07650783942166706,2,0.3737631634910941,0,0.06776681261268085,1,0.4806665004183534,0,0.09073233139139489,1,0.31233894487926656,0,0.08355018858127831
20260831ASY10,2026-08-31,ASY,10,4,post_exhibition,1,0.6260407525552734,0,0.21163087760353874,4,0.38244051680192787,1,0.38244051680192787,1,0.5624297341599231,0,0.2571487921758914,4,0.386130568688382,1,0.386130568688382,4,0.5079892472416851,1,0.5079892472416851,4,0.4015402874753909,1,0.4015402874753909
20260901AMG03,2026-09-01,AMG,3,2,post_exhibition,2,0.5110334819628088,1,0.5110334819628088,2,0.5099432808273008,1,0.5099432808273008,2,0.4877139383657486,1,0.4877139383657486,2,0.42265385310590065,1,0.42265385310590065,2,0.4569394057939835,1,0.4569394057939835,1,0.42401333490865284,0,0.4046398947024687
20260901AMG07,2026-09-01,AMG,7,4,post_exhibition,1,0.5786134000892437,0,0.3268471495971562,1,0.5715753176331839,0,0.32104303662883404,1,0.6758048808085221,0,0.2427066212687187,1,0.6442040781894336,0,0.25614132458891603,1,0.6720715243070414,0,0.23062543180218867,4,0.46544657573828957,1,0.46544657573828957
20260901AMG08,2026-09-01,AMG,8,4,post_exhibition,5,0.35817977576048016,0,0.062123699528576055,1,0.3783101590146451,0,0.06815187555154259,1,0.3988865457029495,0,0.03377774982262856,1,0.40544463045519036,0,0.052548102948705086,1,0.49629979351562603,0,0.03681017672641226,1,0.41770114575776895,0,0.06807942164604291
20260901ASY08,2026-09-01,ASY,8,4,post_exhibition,3,0.29505803112116175,0,0.23616276070366995,1,0.29906149146596267,0,0.13652125281690713,3,0.2782938700305948,0,0.16941757202557164,1,0.290154943952429,0,0.16522690648653324,3,0.3012477966937347,0,0.12556271459381887,1,0.2936074616773699,0,0.14817351321726235
20260902AMG03,2026-09-02,AMG,3,1,post_exhibition,5,0.31827203486662314,0,0.29883716417302847,1,0.4914245978691199,1,0.4914245978691199,1,0.37433607372292627,1,0.37433607372292627,1,0.49035888524857923,1,0.49035888524857923,1,0.44888998679777303,1,0.44888998679777303,1,0.44559032529304055,1,0.44559032529304055
20260902AMG04,2026-09-02,AMG,4,3,post_exhibition,4,0.3588990120162662,0,0.06034591449181163,4,0.3574612374173154,0,0.06000830523798264,4,0.3825197889435947,0,0.0420537007032103,1,0.4231690086358824,0,0.04450435650906281,1,0.510544121133379,0,0.02785195891529579,1,0.4225337634733842,0,0.0410802199120351
20260902AMG08,2026-09-02,AMG,8,3,post_exhibition,4,0.33682196682376225,0,0.20933454885393823,3,0.27949067940554645,1,0.27949067940554645,4,0.44663421913934326,0,0.17094251248696982,1,0.3165782574842768,0,0.1949096610201648,4,0.3553275529161972,0,0.17803859312839035,1,0.3862007559440245,0,0.19995270830047757
20260902AMG11,2026-09-02,AMG,11,2,post_exhibition,2,0.45259227138672997,1,0.45259227138672997,1,0.4362266957005379,0,0.3312871447159561,1,0.4017898598954213,0,0.37844921251975777,1,0.41762515083873775,0,0.3203187302967853,1,0.4909355947179725,0,0.3685328996975246,1,0.46319183030398303,0,0.3334373814842402
20260903AMG01,2026-09-03,AMG,1,3,post_exhibition,3,0.4683562359446246,1,0.4683562359446246,1,0.46506416865522904,0,0.34055381461775075,3,0.39774988190601085,1,0.39774988190601085,1,0.5196466669718356,0,0.27076674850775,1,0.4700163568656287,0,0.3389407541210383,1,0.44344272490996395,0,0.3549317166523614
20260903AMG02,2026-09-03,AMG,2,5,post_exhibition,1,0.36331031386164886,0,0.2808012595498771,1,0.40506330272224256,0,0.23582582318373566,2,0.36596298279767436,0,0.20112167402540543,1,0.5147805543488864,0,0.12649536307873582,1,0.3778655608563998,0,0.16038927966447364,1,0.5115795605749485,0,0.17344325425923182
20260903AMG03,2026-09-03,AMG,3,4,post_exhibition,4,0.5547667673136301,1,0.5547667673136301,4,0.37565887303795975,1,0.37565887303795975,4,0.43732407688502667,1,0.43732407688502667,1,0.3580323013698546,0,0.2668954987411197,4,0.37061151178029017,1,0.37061151178029017,4,0.37577125954677953,1,0.37577125954677953
20260903AMG08,2026-09-03,AMG,8,2,post_exhibition,2,0.38254375401144025,1,0.38254375401144025,3,0.3724000787392231,0,0.3514752554138103,2,0.4134100325710329,1,0.4134100325710329,2,0.3499261242457575,1,0.3499261242457575,3,0.4348571420593165,0,0.30949111464369294,1,0.34756574975943133,0,0.32056563468555266
20260904AMG01,2026-09-04,AMG,1,3,post_exhibition,3,0.48803000783949074,1,0.48803000783949074,1,0.5348808710703086,0,0.25358976359264235,3,0.4447084958873781,1,0.4447084958873781,1,0.4743063444439258,0,0.31041422463050844,1,0.45341412872578446,0,0.3962334733758553,1,0.4109507370567297,0,0.34665742919312575
20260904AMG06,2026-09-04,AMG,6,1,post_exhibition,4,0.4893563587304324,0,0.3125863137439814,4,0.3808808787103831,0,0.3605173378943314,4,0.4897929620095236,0,0.27135139285923676,1,0.5506353176945524,1,0.5506353176945524,4,0.45286837924664997,0,0.3270818756699298,1,0.5739334991253728,1,0.5739334991253728
20260904AMG09,2026-09-04,AMG,9,1,post_exhibition,4,0.28371880587121706,0,0.2503765230770837,1,0.4189196944291261,1,0.4189196944291261,3,0.3007506433847242,0,0.20566256881114245,1,0.36709775665339467,1,0.36709775665339467,1,0.31741166464281934,1,0.31741166464281934,1,0.43509025487057523,1,0.43509025487057523
20260905AMG03,2026-09-05,AMG,3,2,post_exhibition,1,0.37645917237637433,0,0.19707153706620328,1,0.35692113638161166,0,0.33097026382554695,1,0.40645720556189785,0,0.2231166455683929,1,0.33578570393518514,0,0.2942855318445796,1,0.3783605977468949,0,0.33519322325424755,2,0.5057349935424502,1,0.5057349935424502
20260905AMG05,2026-09-05,AMG,5,1,post_exhibition,4,0.4237252058219785,0,0.26324437192173106,1,0.44451751735280404,1,0.44451751735280404,1,0.4232166465736124,1,0.4232166465736124,1,0.4744696149639487,1,0.4744696149639487,1,0.37780225398717887,1,0.37780225398717887,1,0.462763015782232,1,0.462763015782232
20260907AMG02,2026-09-07,AMG,2,2,post_exhibition,1,0.2977746811217335,0,0.20129438487844628,1,0.30397199155415894,0,0.1654369803650933,3,0.5265622966110262,0,0.1552451551370564,3,0.37060450346306467,0,0.14461559971440968,3,0.5310976130735006,0,0.12960652765472247,1,0.38327867593531695,0,0.21529363441075308
20260907AMG03,2026-09-07,AMG,3,3,post_exhibition,4,0.33916120885862244,0,0.1011380448251679,4,0.38198131487272663,0,0.12830617929759253,2,0.3241403369974176,0,0.08614874941938618,1,0.3611530823365891,0,0.12308628275896372,4,0.3779461312483955,0,0.09054256902419712,4,0.44419696346998605,0,0.07812384885847659
20260907AMG05,2026-09-07,AMG,5,2,post_exhibition,1,0.4231756925826633,0,0.34791918799596416,2,0.6108363028844392,1,0.6108363028844392,2,0.5965391919942258,1,0.5965391919942258,2,0.42526864071505716,1,0.42526864071505716,2,0.5510139424531472,1,0.5510139424531472,2,0.4821608356486669,1,0.4821608356486669
20260907AMG07,2026-09-07,AMG,7,2,post_exhibition,3,0.4118799657227036,0,0.07372345256078204,1,0.5121743178091089,0,0.0408554679881178,3,0.46991797801882035,0,0.041371804927119095,1,0.5623339244340378,0,0.051727673254695544,1,0.47638980017764077,0,0.0643248936564271,1,0.5180849372742856,0,0.08951374325133735
20260908AMG02,2026-09-08,AMG,2,2,post_exhibition,1,0.5472687754367289,0,0.13065857486533156,1,0.3672917023747768,0,0.07259536124456396,1,0.37692940901787436,0,0.18917046798470252,3,0.29080528465388306,0,0.15835773756815227,1,0.5146081686251839,0,0.07058865172712062,1,0.3993690835929261,0,0.09112679792614824
20260909AMG02,2026-09-09,AMG,2,2,post_exhibition,4,0.545775812900575,0,0.21641055534505022,4,0.3628054632629785,0,0.23610905365078802,4,0.3927219756724346,0,0.21642882259555263,2,0.33075517300634183,1,0.33075517300634183,1,0.28229365957053837,0,0.2752539667962798,4,0.40645048428792374,0,0.2170936362302168
20260909AMG05,2026-09-09,AMG,5,1,post_exhibition,3,0.428036697732158,0,0.4238811887857624,1,0.3825695118138739,1,0.3825695118138739,1,0.4492455337150237,1,0.4492455337150237,1,0.49450567023356,1,0.49450567023356,1,0.5824762228992544,1,0.5824762228992544,1,0.4203205712036606,1,0.4203205712036606
20260910AMG01,2026-09-10,AMG,1,3,post_exhibition,3,0.4749592925377832,1,0.4749592925377832,1,0.46501198420944767,0,0.40045386371897645,1,0.4956584248824979,0,0.3940502702076852,1,0.5815890544350716,0,0.28642564004951493,1,0.4827016670219794,0,0.38566581861442195,1,0.5714943463249432,0,0.2292106148572705
20260910AMG03,2026-09-10,AMG,3,1,post_exhibition,3,0.4444979486676976,0,0.30256706292167257,2,0.3610249594528517,0,0.21369750991569883,3,0.4748577678877195,0,0.1649671351029585,3,0.30772716687531193,0,0.30734047911248197,3,0.3545323167041558,0,0.34536390587539034,2,0.3677168834445865,0,0.31584754274250293
20260910AMG07,2026-09-10,AMG,7,4,post_exhibition,1,0.4592852867361106,0,0.10060492568213912,1,0.3652348620355403,0,0.1131081489379778,1,0.3308157717816394,0,0.07870209438985244,1,0.44223523082384636,0,0.08717858156704596,2,0.29915375901409874,0,0.11860200180947515,1,0.4358056668541759,0,0.12131224977174693
20260910AMG08,2026-09-10,AMG,8,1,post_exhibition,3,0.4761214586965246,0,0.1987546980821135,3,0.47352217447315376,0,0.20013487837577354,3,0.4219574944739,0,0.12133441849524892,3,0.43956899608064776,0,0.26843581539630146,3,0.5034097313090472,0,0.1617040997173275,1,0.2687020101251494,1,0.2687020101251494
20260911AMG07,2026-09-11,AMG,7,1,post_exhibition,1,0.5029939433947875,1,0.5029939433947875,1,0.380908706552285,1,0.380908706552285,4,0.4281172078412698,0,0.41006852051548304,1,0.5076814005115348,1,0.5076814005115348,1,0.4943032194389381,1,0.4943032194389381,4,0.4025084794388539,0,0.3974428231471684
20260911ASY08,2026-09-11,ASY,8,2,post_exhibition,3,0.292577447447331,0,0.28307154859194156,3,0.32017456844218684,0,0.2649121028801512,2,0.3322948638868624,1,0.3322948638868624,1,0.3108198261666988,0,0.3054086890842172,1,0.4114661963063658,0,0.2440176374849506,3,0.32773015960622065,0,0.21408834357336426
20260912ASY03,2026-09-12,ASY,3,3,post_exhibition,3,0.43979491158178047,1,0.43979491158178047,1,0.4926367495526191,0,0.36013310361407946,3,0.5153343697267451,1,0.5153343697267451,1,0.5581536394351952,0,0.27663648201985125,3,0.533031708010308,1,0.533031708010308,1,0.5687406160571505,0,0.27492389337335454
20260912ASY06,2026-09-12,ASY,6,3,post_exhibition,1,0.30350863222497004,0,0.3001553916844067,1,0.36451587303468796,0,0.3266202351443301,2,0.3216767769353747,0,0.21537818906028638,1,0.4196208704173122,0,0.24841537911359385,3,0.38257584133778877,1,0.38257584133778877,1,0.42718141896815237,0,0.2436543329226129
20260914ASY08,2026-09-14,ASY,8,1,post_exhibition,4,0.3825268099082575,0,0.2222568339397648,1,0.4432648450278357,1,0.4432648450278357,1,0.33538164891093614,1,0.33538164891093614,1,0.42922122099776017,1,0.42922122099776017,1,0.40818887782324875,1,0.40818887782324875,1,0.4324045293924865,1,0.4324045293924865
20260916AMG02,2026-09-16,AMG,2,2,post_exhibition,1,0.3561885178618662,0,0.27916017787897895,1,0.44632325687852964,0,0.2410972526260293,1,0.4136913615031379,0,0.24457974556295503,1,0.44148697681718013,0,0.27558524814338997,1,0.5087593108561483,0,0.26156459110220537,2,0.373117624442714,1,0.373117624442714
20260916AMG04,2026-09-16,AMG,4,2,post_exhibition,2,0.3668250984305932,1,0.3668250984305932,2,0.3189186867481732,1,0.3189186867481732,2,0.32348242386697146,1,0.32348242386697146,3,0.2828724200725606,0,0.24882755465136394,2,0.350198436379404,1,0.350198436379404,1,0.33354080916938583,0,0.2553746027491257
20260916AMG07,2026-09-16,AMG,7,2,post_exhibition,1,0.3979564010144598,0,0.28398385615937705,1,0.39075192756155996,0,0.36809258322422334,1,0.38436193571177746,0,0.34236263188494337,1,0.4345014933017077,0,0.3182673833083129,1,0.4609277272674748,0,0.3048225624379074,2,0.4227070594340391,1,0.4227070594340391
20260916AMG08,2026-09-16,AMG,8,1,post_exhibition,1,0.3293347475628318,1,0.3293347475628318,1,0.46892463326438705,1,0.46892463326438705,4,0.3748522458150651,0,0.34781490374917223,1,0.5625806419760105,1,0.5625806419760105,1,0.36235607829367805,1,0.36235607829367805,1,0.45747160564643913,1,0.45747160564643913
20260917AMG01,2026-09-17,AMG,1,4,post_exhibition,3,0.34355524351473876,0,0.08505786992451772,3,0.4214296527155401,0,0.07892338498828871,1,0.3132452174848535,0,0.10214651832657867,3,0.34675928191863215,0,0.05070660429368459,3,0.31996034543119156,0,0.0813592914668861,1,0.34328603216563275,0,0.06945797828887755
20260917AMG02,2026-09-17,AMG,2,4,post_exhibition,4,0.3131350127678332,1,0.3131350127678332,1,0.3278645833963022,0,0.23242415330849467,2,0.468571565091677,0,0.1971159775714094,1,0.33814136943703954,0,0.2537217735085728,2,0.45458181582834317,0,0.23692575926600604,1,0.3483522645861067,0,0.2872698211544984
20260917AMG07,2026-09-17,AMG,7,2,post_exhibition,1,0.4066273685440042,0,0.24707609927854454,1,0.33671959953385455,0,0.1652719732161605,3,0.3896118248874016,0,0.19738924251590895,3,0.364637627181749,0,0.1902069965161879,3,0.3688016053645144,0,0.17156824419698335,1,0.31692902944343393,0,0.23765353794993024
20260918AMG01,2026-09-18,AMG,1,5,post_exhibition,3,0.3976887561724002,0,0.05833610308458823,1,0.36682032902283174,0,0.05181322199396413,3,0.40669513074539965,0,0.022350440187490953,1,0.36715172589148665,0,0.05124725092648907,3,0.3968200070873446,0,0.016554676080497443,1,0.3634107822801207,0,0.032694412637709336
20260918AMG03,2026-09-18,AMG,3,1,post_exhibition,1,0.317377541310917,1,0.317377541310917,1,0.35404741357813946,1,0.35404741357813946,2,0.44564731256024964,0,0.2779177257014094,2,0.33830243601733445,0,0.3355850253567984,1,0.36357004222525,1,0.36357004222525,2,0.48361612576609814,0,0.2704766530722923
20260918AMG05,2026-09-18,AMG,5,4,post_exhibition,1,0.5385841318479506,0,0.2258266826925371,1,0.5239071513279672,0,0.27251815506799476,4,0.5548035778508861,1,0.5548035778508861,1,0.4753011815177729,0,0.36747431513743334,1,0.46914306807039324,0,0.41190886359026924,1,0.5071804682591392,0,0.2632845379758579
20260918AMG07,2026-09-18,AMG,7,3,post_exhibition,3,0.5440796390432684,1,0.5440796390432684,1,0.604421018409161,0,0.23240179434687408,1,0.45183115753525555,0,0.4221680318544519,1,0.553036870696788,0,0.2849014984887684,1,0.49548296946707754,0,0.3642792956709168,1,0.4969630876558536,0,0.31364655245315165
20260924AMG01,2026-09-24,AMG,1,3,post_exhibition,3,0.4188180150766888,1,0.4188180150766888,1,0.4435250718503596,0,0.3569451827577445,3,0.5016291604016446,1,0.5016291604016446,1,0.5417516826070108,0,0.24987908780955984,3,0.4817021483554779,1,0.4817021483554779,1,0.49408726785697327,0,0.24445012980687883
20260924AMG03,2026-09-24,AMG,3,2,post_exhibition,4,0.4622475276800542,0,0.21018670056355257,2,0.37467075220293505,1,0.37467075220293505,2,0.3730147530962231,1,0.3730147530962231,2,0.3082572191291326,1,0.3082572191291326,4,0.4069884181977132,0,0.32469179280325267,4,0.49124424530091876,0,0.18851587042211382
20260924AMG04,2026-09-24,AMG,4,1,post_exhibition,4,0.6334520743628275,0,0.2349687198968319,1,0.38830574957216407,1,0.38830574957216407,4,0.36843859326740386,0,0.34607414871777503,1,0.4893373839050849,1,0.4893373839050849,1,0.514811854144789,1,0.514811854144789,1,0.4271113653150383,1,0.4271113653150383
20260924AMG07,2026-09-24,AMG,7,1,post_exhibition,2,0.487685564186003,0,0.27609607003449377,1,0.4175856648220102,1,0.4175856648220102,2,0.46579201582973184,0,0.34970409956751564,2,0.4201547927071659,0,0.3908545839190416,2,0.5069611810027612,0,0.34748573086288753,2,0.4476894611804064,0,0.3776231137412791
20260924ASY08,2026-09-24,ASY,8,2,post_exhibition,2,0.40056546627543366,1,0.40056546627543366,1,0.4057439718694164,0,0.20882253275595106,1,0.46244285373388877,0,0.12193468991020094,1,0.4671915640625383,0,0.17318755906269478,1,0.40815181036515485,0,0.30277943860377415,1,0.3446606936883206,0,0.3258478382811468
20260925AMG01,2026-09-25,AMG,1,3,post_exhibition,3,0.6731330828071675,1,0.6731330828071675,1,0.4816799708623272,0,0.3810106703155622,1,0.46246238939113415,0,0.3941831665776344,1,0.5212742246506121,0,0.342984742943752,3,0.5386876263766666,1,0.5386876263766666,1,0.43089063574666103,0,0.39380701348479785
20260925AMG03,2026-09-25,AMG,3,2,post_exhibition,4,0.35080365615373776,0,0.15634632866437545,1,0.4150821549623963,0,0.1328723308905789,1,0.3738635863787123,0,0.26865005521065627,1,0.36986594844451026,0,0.19659893912798204,1,0.42261250256892113,0,0.17734375580503156,1,0.3868766525529318,0,0.26885857469311264
20260925AMG04,2026-09-25,AMG,4,3,post_exhibition,3,0.4169503601328462,1,0.4169503601328462,1,0.5958661468713037,0,0.17685848436384943,1,0.48548040620277877,0,0.2873274542629037,1,0.5236130830745288,0,0.23872475434806717,1,0.5019912023792545,0,0.3011908298366201,1,0.5512103439674003,0,0.15283609796866954
20260925AMG07,2026-09-25,AMG,7,1,post_exhibition,4,0.3236324699300233,0,0.27132326188592665,3,0.4680357246888203,0,0.25462587335954506,3,0.4182318035649181,0,0.27218207703012204,3,0.35641389813946667,0,0.28912054399998344,3,0.37310449343539676,0,0.3445447212637988,3,0.4107381853454761,0,0.29075630767399085
20260925ASY11,2026-09-25,ASY,11,1,post_exhibition,1,0.5539573647840016,1,0.5539573647840016,1,0.4523109477833437,1,0.4523109477833437,3,0.40925600690766745,0,0.4018490178221781,1,0.5205576404350092,1,0.5205576404350092,3,0.5175907049501641,0,0.3219113832108723,1,0.47199348837927185,1,0.47199348837927185
20260926AMG01,2026-09-26,AMG,1,3,post_exhibition,3,0.34323603083951554,1,0.34323603083951554,3,0.31199592683218,1,0.31199592683218,2,0.36391536062506963,0,0.30024808399415887,1,0.37275157453165547,0,0.29099230400001486,2,0.3614165525299041,0,0.2545243835651819,1,0.38372208694199167,0,0.21588016056829576
20260926AMG04,2026-09-26,AMG,4,1,post_exhibition,2,0.49770761196026075,0,0.32272791253150845,1,0.6074229005485978,1,0.6074229005485978,1,0.6091175740849325,1,0.6091175740849325,1,0.5998362228038451,1,0.5998362228038451,1,0.6233012825460087,1,0.6233012825460087,1,0.6037944943984833,1,0.6037944943984833
20260926ASY07,2026-09-26,ASY,7,4,post_exhibition,4,0.29205589510140867,1,0.29205589510140867,1,0.37675374187691113,0,0.10580749157094423,1,0.33430162267784586,0,0.16347109547330835,2,0.2650293161605054,0,0.07953076318335257,1,0.31203331353051533,0,0.26668732189623023,1,0.39855530546764956,0,0.11669347150557163
20260926ASY08,2026-09-26,ASY,8,2,post_exhibition,5,0.3752376847964483,0,0.0396687632828892,4,0.34711602818502846,0,0.08122252322825056,4,0.4738936592641249,0,0.0730563886978893,1,0.3961722288344541,0,0.1340756527891401,4,0.45204704394541,0,0.05557033008256089,4,0.331074242035377,0,0.10512808153978924
20260927ASY02,2026-09-27,ASY,2,4,post_exhibition,1,0.5861632863757402,0,0.2857990839345411,4,0.4002091165397236,1,0.4002091165397236,4,0.462022221409513,1,0.462022221409513,1,0.5106273607178344,0,0.34920159443587073,4,0.46760276337323037,1,0.46760276337323037,4,0.43759924050601434,1,0.43759924050601434
20260927ASY09,2026-09-27,ASY,9,1,post_exhibition,1,0.43873766595972724,1,0.43873766595972724,1,0.4278794528890545,1,0.4278794528890545,2,0.47757714287126424,0,0.3970204420341866,2,0.408187815616124,0,0.35212518114894026,2,0.4618027159299048,0,0.3557642476070631,1,0.4604831176213359,1,0.4604831176213359
20260927ASY10,2026-09-27,ASY,10,2,post_exhibition,1,0.581819157952338,0,0.26283031067774676,1,0.4704372777249977,0,0.3713295346706917,1,0.5681210651422673,0,0.26254483537627676,1,0.5381870966926918,0,0.3233566837760407,2,0.4522769410175371,1,0.4522769410175371,1,0.4321408378540031,0,0.3904467846340877
