place,course,target,rank,model,score_val,eval_metric,pred_time_val,fit_time,pred_time_val_marginal,fit_time_marginal,stack_level,can_infer,fit_order,num_features,num_models,num_models_w_ancestors,memory_size,memory_size_w_ancestors,memory_size_min,memory_size_min_w_ancestors,num_ancestors,num_descendants,model_type,child_model_type,stopping_metric,hyperparameters,hyperparameters_fit,ag_args_fit,features,compile_time,child_hyperparameters,child_hyperparameters_fit,child_ag_args_fit,ancestors,descendants
ASY,1,first,1,WeightedEnsemble_L2,-0.620021463570035,log_loss,0.137129545211792,12.122586250305176,0.0007381439208984375,0.020836830139160156,2,True,6,3,1,4,3792,23088177,3792,22757370,3,0,WeightedEnsembleModel,GreedyWeightedEnsembleModel,log_loss,"{'use_orig_features': False, 'valid_stacker': True, 'max_base_models': 0, 'max_base_models_per_type': 'auto', 'save_bag_folds': True, 'stratify': 'auto', 'bin': 'auto', 'n_bins': None, 'vary_seed_across_folds': False, 'custom_splits': None, 'model_random_seed': 0}",{},"{'max_memory_usage_ratio': 1.0, 'max_gpu_memory_usage_ratio': 1.0, 'max_time_limit_ratio': 1.0, 'max_time_limit': None, 'min_time_limit': 0, 'valid_raw_types': None, 'valid_special_types': None, 'ignored_type_group_special': None, 'ignored_type_group_raw': None, 'get_features_kwargs': None, 'get_features_kwargs_extra': None, 'predict_1_batch_size': None, 'temperature_scalar': None, 'drop_unique': False}","['LightGBM', 'CatBoost', 'RandomForest']",,"{'ensemble_size': 25, 'subsample_size': 1000000}",{'ensemble_size': 25},"{'max_memory_usage_ratio': 1.0, 'max_gpu_memory_usage_ratio': 1.0, 'max_time_limit_ratio': 1.0, 'max_time_limit': None, 'min_time_limit': 0, 'valid_raw_types': None, 'valid_special_types': None, 'ignored_type_group_special': None, 'ignored_type_group_raw': None, 'get_features_kwargs': None, 'get_features_kwargs_extra': None, 'predict_1_batch_size': None, 'temperature_scalar': None, 'drop_unique': False}","['LightGBM', 'CatBoost', 'RandomForest']",[]
ASY,1,first,2,CatBoost,-0.6210388492364045,log_loss,0.010668277740478516,6.718118906021118,0.010668277740478516,6.718118906021118,1,True,3,161,1,1,191511,191511,191511,191511,0,1,CatBoostModel,,log_loss,"{'iterations': 10000, 'learning_rate': 0.05, 'allow_writing_files': False, 'eval_metric': 'Logloss', 'random_seed': 0}",{'iterations': 126},"{'max_memory_usage_ratio': 1.0, 'max_gpu_memory_usage_ratio': 1.0, 'max_time_limit_ratio': 1.0, 'max_time_limit': None, 'min_time_limit': 0, 'valid_raw_types': ['bool', 'int', 'float', 'category'], 'valid_special_types': None, 'ignored_type_group_special': None, 'ignored_type_group_raw': None, 'get_features_kwargs': None, 'get_features_kwargs_extra': None, 'predict_1_batch_size': None, 'temperature_scalar': None}","['c1_history_n', 'c1_nige', 'c1_st_rank', 'c1_national_win_rate', 'c1_national_exacta_rate', 'c1_local_win_rate', 'c1_local_exacta_rate', 'c1_motor_exacta_rate', 'c1_boat_exacta_rate', 'c1_average_start', 'c2_history_n', 'c2_nige', 'c2_sashi', 'c2_makuri', 'c2_st_rank', 'c2_national_win_rate', 'c2_national_exacta_rate', 'c2_local_win_rate', 'c2_local_exacta_rate', 'c2_motor_exacta_rate', 'c2_boat_exacta_rate', 'c2_average_start', 'c3_history_n', 'c3_sashi', 'c3_makuri', 'c3_attack', 'c3_st_rank', 'c3_national_win_rate', 'c3_national_exacta_rate', 'c3_local_win_rate', 'c3_local_exacta_rate', 'c3_motor_exacta_rate', 'c3_boat_exacta_rate', 'c3_average_start', 'c4_history_n', 'c4_sashi', 'c4_makuri', 'c4_attack', 'c4_st_rank', 'c4_national_win_rate', 'c4_national_exacta_rate', 'c4_local_win_rate', 'c4_local_exacta_rate', 'c4_motor_exacta_rate', 'c4_boat_exacta_rate', 'c4_average_start', 'c5_history_n', 'c5_sashi', 'c5_makuri', 'c5_attack', 'c5_st_rank', 'c5_national_win_rate', 'c5_national_exacta_rate', 'c5_local_win_rate', 'c5_local_exacta_rate', 'c5_motor_exacta_rate', 'c5_boat_exacta_rate', 'c5_average_start', 'c6_history_n', 'c6_sashi', 'c6_makuri', 'c6_attack', 'c6_st_rank', 'c6_national_win_rate', 'c6_national_exacta_rate', 'c6_local_win_rate', 'c6_local_exacta_rate', 'c6_motor_exacta_rate', 'c6_boat_exacta_rate', 'c6_average_start', 'lane1_vulnerability_rate', 'c1_exhibition_time_relative', 'c1_start_timing_relative', 'c1_lap_time_relative', 'c1_around_time_relative', 'c1_straight_time_relative', 'c1_ex_score', 'c1_st_score', 'c1_lap_score', 'c1_mawari_score', 'c1_straight_score', 'c1_attack_potential', 'c1_stable_score', 'c1_final_2nd_score', 'c1_second_rank', 'c1_gap_to_top', 'c2_exhibition_time_relative', 'c2_start_timing_relative', 'c2_lap_time_relative', 'c2_around_time_relative', 'c2_straight_time_relative', 'c2_ex_score', 'c2_st_score', 'c2_lap_score', 'c2_mawari_score', 'c2_straight_score', 'c2_attack_potential', 'c2_stable_score', 'c2_final_2nd_score', 'c2_second_rank', 'c2_gap_to_top', 'c3_exhibition_time_relative', 'c3_start_timing_relative', 'c3_lap_time_relative', 'c3_around_time_relative', 'c3_straight_time_relative', 'c3_ex_score', 'c3_st_score', 'c3_lap_score', 'c3_mawari_score', 'c3_straight_score', 'c3_attack_potential', 'c3_stable_score', 'c3_final_2nd_score', 'c3_second_rank', 'c3_gap_to_top', 'c4_exhibition_time_relative', 'c4_start_timing_relative', 'c4_lap_time_relative', 'c4_around_time_relative', 'c4_straight_time_relative', 'c4_ex_score', 'c4_st_score', 'c4_lap_score', 'c4_mawari_score', 'c4_straight_score', 'c4_attack_potential', 'c4_stable_score', 'c4_final_2nd_score', 'c4_second_rank', 'c4_gap_to_top', 'c5_exhibition_time_relative', 'c5_start_timing_relative', 'c5_lap_time_relative', 'c5_around_time_relative', 'c5_straight_time_relative', 'c5_ex_score', 'c5_st_score', 'c5_lap_score', 'c5_mawari_score', 'c5_straight_score', 'c5_attack_potential', 'c5_stable_score', 'c5_final_2nd_score', 'c5_second_rank', 'c5_gap_to_top', 'c6_exhibition_time_relative', 'c6_start_timing_relative', 'c6_lap_time_relative', 'c6_around_time_relative', 'c6_straight_time_relative', 'c6_ex_score', 'c6_st_score', 'c6_lap_score', 'c6_mawari_score', 'c6_straight_score', 'c6_attack_potential', 'c6_stable_score', 'c6_final_2nd_score', 'c6_second_rank', 'c6_gap_to_top']",,,,,[],['WeightedEnsemble_L2']
ASY,1,first,3,RandomForest,-0.6251719843680714,log_loss,0.12184977531433105,2.8696179389953613,0.12184977531433105,2.8696179389953613,1,True,2,161,1,1,22757370,22757370,22757370,22757370,0,1,RFModel,,log_loss,"{'n_estimators': 300, 'max_leaf_nodes': 15000, 'n_jobs': -1, 'bootstrap': True, 'random_state': 0}",{'n_estimators': 300},"{'max_memory_usage_ratio': 1.0, 'max_gpu_memory_usage_ratio': 1.0, 'max_time_limit_ratio': 1.0, 'max_time_limit': None, 'min_time_limit': 0, 'valid_raw_types': ['bool', 'int', 'float', 'category'], 'valid_special_types': None, 'ignored_type_group_special': None, 'ignored_type_group_raw': None, 'get_features_kwargs': None, 'get_features_kwargs_extra': None, 'predict_1_batch_size': None, 'temperature_scalar': None}","['c1_history_n', 'c1_nige', 'c1_st_rank', 'c1_national_win_rate', 'c1_national_exacta_rate', 'c1_local_win_rate', 'c1_local_exacta_rate', 'c1_motor_exacta_rate', 'c1_boat_exacta_rate', 'c1_average_start', 'c2_history_n', 'c2_nige', 'c2_sashi', 'c2_makuri', 'c2_st_rank', 'c2_national_win_rate', 'c2_national_exacta_rate', 'c2_local_win_rate', 'c2_local_exacta_rate', 'c2_motor_exacta_rate', 'c2_boat_exacta_rate', 'c2_average_start', 'c3_history_n', 'c3_sashi', 'c3_makuri', 'c3_attack', 'c3_st_rank', 'c3_national_win_rate', 'c3_national_exacta_rate', 'c3_local_win_rate', 'c3_local_exacta_rate', 'c3_motor_exacta_rate', 'c3_boat_exacta_rate', 'c3_average_start', 'c4_history_n', 'c4_sashi', 'c4_makuri', 'c4_attack', 'c4_st_rank', 'c4_national_win_rate', 'c4_national_exacta_rate', 'c4_local_win_rate', 'c4_local_exacta_rate', 'c4_motor_exacta_rate', 'c4_boat_exacta_rate', 'c4_average_start', 'c5_history_n', 'c5_sashi', 'c5_makuri', 'c5_attack', 'c5_st_rank', 'c5_national_win_rate', 'c5_national_exacta_rate', 'c5_local_win_rate', 'c5_local_exacta_rate', 'c5_motor_exacta_rate', 'c5_boat_exacta_rate', 'c5_average_start', 'c6_history_n', 'c6_sashi', 'c6_makuri', 'c6_attack', 'c6_st_rank', 'c6_national_win_rate', 'c6_national_exacta_rate', 'c6_local_win_rate', 'c6_local_exacta_rate', 'c6_motor_exacta_rate', 'c6_boat_exacta_rate', 'c6_average_start', 'lane1_vulnerability_rate', 'c1_exhibition_time_relative', 'c1_start_timing_relative', 'c1_lap_time_relative', 'c1_around_time_relative', 'c1_straight_time_relative', 'c1_ex_score', 'c1_st_score', 'c1_lap_score', 'c1_mawari_score', 'c1_straight_score', 'c1_attack_potential', 'c1_stable_score', 'c1_final_2nd_score', 'c1_second_rank', 'c1_gap_to_top', 'c2_exhibition_time_relative', 'c2_start_timing_relative', 'c2_lap_time_relative', 'c2_around_time_relative', 'c2_straight_time_relative', 'c2_ex_score', 'c2_st_score', 'c2_lap_score', 'c2_mawari_score', 'c2_straight_score', 'c2_attack_potential', 'c2_stable_score', 'c2_final_2nd_score', 'c2_second_rank', 'c2_gap_to_top', 'c3_exhibition_time_relative', 'c3_start_timing_relative', 'c3_lap_time_relative', 'c3_around_time_relative', 'c3_straight_time_relative', 'c3_ex_score', 'c3_st_score', 'c3_lap_score', 'c3_mawari_score', 'c3_straight_score', 'c3_attack_potential', 'c3_stable_score', 'c3_final_2nd_score', 'c3_second_rank', 'c3_gap_to_top', 'c4_exhibition_time_relative', 'c4_start_timing_relative', 'c4_lap_time_relative', 'c4_around_time_relative', 'c4_straight_time_relative', 'c4_ex_score', 'c4_st_score', 'c4_lap_score', 'c4_mawari_score', 'c4_straight_score', 'c4_attack_potential', 'c4_stable_score', 'c4_final_2nd_score', 'c4_second_rank', 'c4_gap_to_top', 'c5_exhibition_time_relative', 'c5_start_timing_relative', 'c5_lap_time_relative', 'c5_around_time_relative', 'c5_straight_time_relative', 'c5_ex_score', 'c5_st_score', 'c5_lap_score', 'c5_mawari_score', 'c5_straight_score', 'c5_attack_potential', 'c5_stable_score', 'c5_final_2nd_score', 'c5_second_rank', 'c5_gap_to_top', 'c6_exhibition_time_relative', 'c6_start_timing_relative', 'c6_lap_time_relative', 'c6_around_time_relative', 'c6_straight_time_relative', 'c6_ex_score', 'c6_st_score', 'c6_lap_score', 'c6_mawari_score', 'c6_straight_score', 'c6_attack_potential', 'c6_stable_score', 'c6_final_2nd_score', 'c6_second_rank', 'c6_gap_to_top']",,,,,[],['WeightedEnsemble_L2']
ASY,1,first,4,LightGBM,-0.6259698121129643,log_loss,0.0038733482360839844,2.514012575149536,0.0038733482360839844,2.514012575149536,1,True,1,161,1,1,135504,135504,135504,135504,0,1,LGBModel,,log_loss,"{'learning_rate': 0.05, 'seed': 0}",{'num_boost_round': 34},"{'max_memory_usage_ratio': 1.0, 'max_gpu_memory_usage_ratio': 1.0, 'max_time_limit_ratio': 1.0, 'max_time_limit': None, 'min_time_limit': 0, 'valid_raw_types': ['bool', 'int', 'float', 'category'], 'valid_special_types': None, 'ignored_type_group_special': None, 'ignored_type_group_raw': None, 'get_features_kwargs': None, 'get_features_kwargs_extra': None, 'predict_1_batch_size': None, 'temperature_scalar': None}","['c1_history_n', 'c1_nige', 'c1_st_rank', 'c1_national_win_rate', 'c1_national_exacta_rate', 'c1_local_win_rate', 'c1_local_exacta_rate', 'c1_motor_exacta_rate', 'c1_boat_exacta_rate', 'c1_average_start', 'c2_history_n', 'c2_nige', 'c2_sashi', 'c2_makuri', 'c2_st_rank', 'c2_national_win_rate', 'c2_national_exacta_rate', 'c2_local_win_rate', 'c2_local_exacta_rate', 'c2_motor_exacta_rate', 'c2_boat_exacta_rate', 'c2_average_start', 'c3_history_n', 'c3_sashi', 'c3_makuri', 'c3_attack', 'c3_st_rank', 'c3_national_win_rate', 'c3_national_exacta_rate', 'c3_local_win_rate', 'c3_local_exacta_rate', 'c3_motor_exacta_rate', 'c3_boat_exacta_rate', 'c3_average_start', 'c4_history_n', 'c4_sashi', 'c4_makuri', 'c4_attack', 'c4_st_rank', 'c4_national_win_rate', 'c4_national_exacta_rate', 'c4_local_win_rate', 'c4_local_exacta_rate', 'c4_motor_exacta_rate', 'c4_boat_exacta_rate', 'c4_average_start', 'c5_history_n', 'c5_sashi', 'c5_makuri', 'c5_attack', 'c5_st_rank', 'c5_national_win_rate', 'c5_national_exacta_rate', 'c5_local_win_rate', 'c5_local_exacta_rate', 'c5_motor_exacta_rate', 'c5_boat_exacta_rate', 'c5_average_start', 'c6_history_n', 'c6_sashi', 'c6_makuri', 'c6_attack', 'c6_st_rank', 'c6_national_win_rate', 'c6_national_exacta_rate', 'c6_local_win_rate', 'c6_local_exacta_rate', 'c6_motor_exacta_rate', 'c6_boat_exacta_rate', 'c6_average_start', 'lane1_vulnerability_rate', 'c1_exhibition_time_relative', 'c1_start_timing_relative', 'c1_lap_time_relative', 'c1_around_time_relative', 'c1_straight_time_relative', 'c1_ex_score', 'c1_st_score', 'c1_lap_score', 'c1_mawari_score', 'c1_straight_score', 'c1_attack_potential', 'c1_stable_score', 'c1_final_2nd_score', 'c1_second_rank', 'c1_gap_to_top', 'c2_exhibition_time_relative', 'c2_start_timing_relative', 'c2_lap_time_relative', 'c2_around_time_relative', 'c2_straight_time_relative', 'c2_ex_score', 'c2_st_score', 'c2_lap_score', 'c2_mawari_score', 'c2_straight_score', 'c2_attack_potential', 'c2_stable_score', 'c2_final_2nd_score', 'c2_second_rank', 'c2_gap_to_top', 'c3_exhibition_time_relative', 'c3_start_timing_relative', 'c3_lap_time_relative', 'c3_around_time_relative', 'c3_straight_time_relative', 'c3_ex_score', 'c3_st_score', 'c3_lap_score', 'c3_mawari_score', 'c3_straight_score', 'c3_attack_potential', 'c3_stable_score', 'c3_final_2nd_score', 'c3_second_rank', 'c3_gap_to_top', 'c4_exhibition_time_relative', 'c4_start_timing_relative', 'c4_lap_time_relative', 'c4_around_time_relative', 'c4_straight_time_relative', 'c4_ex_score', 'c4_st_score', 'c4_lap_score', 'c4_mawari_score', 'c4_straight_score', 'c4_attack_potential', 'c4_stable_score', 'c4_final_2nd_score', 'c4_second_rank', 'c4_gap_to_top', 'c5_exhibition_time_relative', 'c5_start_timing_relative', 'c5_lap_time_relative', 'c5_around_time_relative', 'c5_straight_time_relative', 'c5_ex_score', 'c5_st_score', 'c5_lap_score', 'c5_mawari_score', 'c5_straight_score', 'c5_attack_potential', 'c5_stable_score', 'c5_final_2nd_score', 'c5_second_rank', 'c5_gap_to_top', 'c6_exhibition_time_relative', 'c6_start_timing_relative', 'c6_lap_time_relative', 'c6_around_time_relative', 'c6_straight_time_relative', 'c6_ex_score', 'c6_st_score', 'c6_lap_score', 'c6_mawari_score', 'c6_straight_score', 'c6_attack_potential', 'c6_stable_score', 'c6_final_2nd_score', 'c6_second_rank', 'c6_gap_to_top']",,,,,[],['WeightedEnsemble_L2']
ASY,1,first,5,XGBoost,-0.6335230404510558,log_loss,0.014754772186279297,6.977922677993774,0.014754772186279297,6.977922677993774,1,True,5,161,1,1,908502,908502,908502,908502,0,0,XGBoostModel,,log_loss,"{'n_estimators': 10000, 'learning_rate': 0.1, 'n_jobs': -1, 'proc.max_category_levels': 100, 'objective': 'binary:logistic', 'booster': 'gbtree', 'seed': 0}",{'n_estimators': 22},"{'max_memory_usage_ratio': 1.0, 'max_gpu_memory_usage_ratio': 1.0, 'max_time_limit_ratio': 1.0, 'max_time_limit': None, 'min_time_limit': 0, 'valid_raw_types': ['bool', 'int', 'float', 'category'], 'valid_special_types': None, 'ignored_type_group_special': None, 'ignored_type_group_raw': None, 'get_features_kwargs': None, 'get_features_kwargs_extra': None, 'predict_1_batch_size': None, 'temperature_scalar': None}","['c1_history_n', 'c1_nige', 'c1_st_rank', 'c1_national_win_rate', 'c1_national_exacta_rate', 'c1_local_win_rate', 'c1_local_exacta_rate', 'c1_motor_exacta_rate', 'c1_boat_exacta_rate', 'c1_average_start', 'c2_history_n', 'c2_nige', 'c2_sashi', 'c2_makuri', 'c2_st_rank', 'c2_national_win_rate', 'c2_national_exacta_rate', 'c2_local_win_rate', 'c2_local_exacta_rate', 'c2_motor_exacta_rate', 'c2_boat_exacta_rate', 'c2_average_start', 'c3_history_n', 'c3_sashi', 'c3_makuri', 'c3_attack', 'c3_st_rank', 'c3_national_win_rate', 'c3_national_exacta_rate', 'c3_local_win_rate', 'c3_local_exacta_rate', 'c3_motor_exacta_rate', 'c3_boat_exacta_rate', 'c3_average_start', 'c4_history_n', 'c4_sashi', 'c4_makuri', 'c4_attack', 'c4_st_rank', 'c4_national_win_rate', 'c4_national_exacta_rate', 'c4_local_win_rate', 'c4_local_exacta_rate', 'c4_motor_exacta_rate', 'c4_boat_exacta_rate', 'c4_average_start', 'c5_history_n', 'c5_sashi', 'c5_makuri', 'c5_attack', 'c5_st_rank', 'c5_national_win_rate', 'c5_national_exacta_rate', 'c5_local_win_rate', 'c5_local_exacta_rate', 'c5_motor_exacta_rate', 'c5_boat_exacta_rate', 'c5_average_start', 'c6_history_n', 'c6_sashi', 'c6_makuri', 'c6_attack', 'c6_st_rank', 'c6_national_win_rate', 'c6_national_exacta_rate', 'c6_local_win_rate', 'c6_local_exacta_rate', 'c6_motor_exacta_rate', 'c6_boat_exacta_rate', 'c6_average_start', 'lane1_vulnerability_rate', 'c1_exhibition_time_relative', 'c1_start_timing_relative', 'c1_lap_time_relative', 'c1_around_time_relative', 'c1_straight_time_relative', 'c1_ex_score', 'c1_st_score', 'c1_lap_score', 'c1_mawari_score', 'c1_straight_score', 'c1_attack_potential', 'c1_stable_score', 'c1_final_2nd_score', 'c1_second_rank', 'c1_gap_to_top', 'c2_exhibition_time_relative', 'c2_start_timing_relative', 'c2_lap_time_relative', 'c2_around_time_relative', 'c2_straight_time_relative', 'c2_ex_score', 'c2_st_score', 'c2_lap_score', 'c2_mawari_score', 'c2_straight_score', 'c2_attack_potential', 'c2_stable_score', 'c2_final_2nd_score', 'c2_second_rank', 'c2_gap_to_top', 'c3_exhibition_time_relative', 'c3_start_timing_relative', 'c3_lap_time_relative', 'c3_around_time_relative', 'c3_straight_time_relative', 'c3_ex_score', 'c3_st_score', 'c3_lap_score', 'c3_mawari_score', 'c3_straight_score', 'c3_attack_potential', 'c3_stable_score', 'c3_final_2nd_score', 'c3_second_rank', 'c3_gap_to_top', 'c4_exhibition_time_relative', 'c4_start_timing_relative', 'c4_lap_time_relative', 'c4_around_time_relative', 'c4_straight_time_relative', 'c4_ex_score', 'c4_st_score', 'c4_lap_score', 'c4_mawari_score', 'c4_straight_score', 'c4_attack_potential', 'c4_stable_score', 'c4_final_2nd_score', 'c4_second_rank', 'c4_gap_to_top', 'c5_exhibition_time_relative', 'c5_start_timing_relative', 'c5_lap_time_relative', 'c5_around_time_relative', 'c5_straight_time_relative', 'c5_ex_score', 'c5_st_score', 'c5_lap_score', 'c5_mawari_score', 'c5_straight_score', 'c5_attack_potential', 'c5_stable_score', 'c5_final_2nd_score', 'c5_second_rank', 'c5_gap_to_top', 'c6_exhibition_time_relative', 'c6_start_timing_relative', 'c6_lap_time_relative', 'c6_around_time_relative', 'c6_straight_time_relative', 'c6_ex_score', 'c6_st_score', 'c6_lap_score', 'c6_mawari_score', 'c6_straight_score', 'c6_attack_potential', 'c6_stable_score', 'c6_final_2nd_score', 'c6_second_rank', 'c6_gap_to_top']",,,,,[],[]
ASY,1,first,6,ExtraTrees,-0.6355651309126387,log_loss,0.12149548530578613,1.5783934593200684,0.12149548530578613,1.5783934593200684,1,True,4,161,1,1,36788244,36788244,36788244,36788244,0,0,XTModel,,log_loss,"{'n_estimators': 300, 'max_leaf_nodes': 15000, 'n_jobs': -1, 'bootstrap': True, 'random_state': 0}",{'n_estimators': 300},"{'max_memory_usage_ratio': 1.0, 'max_gpu_memory_usage_ratio': 1.0, 'max_time_limit_ratio': 1.0, 'max_time_limit': None, 'min_time_limit': 0, 'valid_raw_types': ['bool', 'int', 'float', 'category'], 'valid_special_types': None, 'ignored_type_group_special': None, 'ignored_type_group_raw': None, 'get_features_kwargs': None, 'get_features_kwargs_extra': None, 'predict_1_batch_size': None, 'temperature_scalar': None}","['c1_history_n', 'c1_nige', 'c1_st_rank', 'c1_national_win_rate', 'c1_national_exacta_rate', 'c1_local_win_rate', 'c1_local_exacta_rate', 'c1_motor_exacta_rate', 'c1_boat_exacta_rate', 'c1_average_start', 'c2_history_n', 'c2_nige', 'c2_sashi', 'c2_makuri', 'c2_st_rank', 'c2_national_win_rate', 'c2_national_exacta_rate', 'c2_local_win_rate', 'c2_local_exacta_rate', 'c2_motor_exacta_rate', 'c2_boat_exacta_rate', 'c2_average_start', 'c3_history_n', 'c3_sashi', 'c3_makuri', 'c3_attack', 'c3_st_rank', 'c3_national_win_rate', 'c3_national_exacta_rate', 'c3_local_win_rate', 'c3_local_exacta_rate', 'c3_motor_exacta_rate', 'c3_boat_exacta_rate', 'c3_average_start', 'c4_history_n', 'c4_sashi', 'c4_makuri', 'c4_attack', 'c4_st_rank', 'c4_national_win_rate', 'c4_national_exacta_rate', 'c4_local_win_rate', 'c4_local_exacta_rate', 'c4_motor_exacta_rate', 'c4_boat_exacta_rate', 'c4_average_start', 'c5_history_n', 'c5_sashi', 'c5_makuri', 'c5_attack', 'c5_st_rank', 'c5_national_win_rate', 'c5_national_exacta_rate', 'c5_local_win_rate', 'c5_local_exacta_rate', 'c5_motor_exacta_rate', 'c5_boat_exacta_rate', 'c5_average_start', 'c6_history_n', 'c6_sashi', 'c6_makuri', 'c6_attack', 'c6_st_rank', 'c6_national_win_rate', 'c6_national_exacta_rate', 'c6_local_win_rate', 'c6_local_exacta_rate', 'c6_motor_exacta_rate', 'c6_boat_exacta_rate', 'c6_average_start', 'lane1_vulnerability_rate', 'c1_exhibition_time_relative', 'c1_start_timing_relative', 'c1_lap_time_relative', 'c1_around_time_relative', 'c1_straight_time_relative', 'c1_ex_score', 'c1_st_score', 'c1_lap_score', 'c1_mawari_score', 'c1_straight_score', 'c1_attack_potential', 'c1_stable_score', 'c1_final_2nd_score', 'c1_second_rank', 'c1_gap_to_top', 'c2_exhibition_time_relative', 'c2_start_timing_relative', 'c2_lap_time_relative', 'c2_around_time_relative', 'c2_straight_time_relative', 'c2_ex_score', 'c2_st_score', 'c2_lap_score', 'c2_mawari_score', 'c2_straight_score', 'c2_attack_potential', 'c2_stable_score', 'c2_final_2nd_score', 'c2_second_rank', 'c2_gap_to_top', 'c3_exhibition_time_relative', 'c3_start_timing_relative', 'c3_lap_time_relative', 'c3_around_time_relative', 'c3_straight_time_relative', 'c3_ex_score', 'c3_st_score', 'c3_lap_score', 'c3_mawari_score', 'c3_straight_score', 'c3_attack_potential', 'c3_stable_score', 'c3_final_2nd_score', 'c3_second_rank', 'c3_gap_to_top', 'c4_exhibition_time_relative', 'c4_start_timing_relative', 'c4_lap_time_relative', 'c4_around_time_relative', 'c4_straight_time_relative', 'c4_ex_score', 'c4_st_score', 'c4_lap_score', 'c4_mawari_score', 'c4_straight_score', 'c4_attack_potential', 'c4_stable_score', 'c4_final_2nd_score', 'c4_second_rank', 'c4_gap_to_top', 'c5_exhibition_time_relative', 'c5_start_timing_relative', 'c5_lap_time_relative', 'c5_around_time_relative', 'c5_straight_time_relative', 'c5_ex_score', 'c5_st_score', 'c5_lap_score', 'c5_mawari_score', 'c5_straight_score', 'c5_attack_potential', 'c5_stable_score', 'c5_final_2nd_score', 'c5_second_rank', 'c5_gap_to_top', 'c6_exhibition_time_relative', 'c6_start_timing_relative', 'c6_lap_time_relative', 'c6_around_time_relative', 'c6_straight_time_relative', 'c6_ex_score', 'c6_st_score', 'c6_lap_score', 'c6_mawari_score', 'c6_straight_score', 'c6_attack_potential', 'c6_stable_score', 'c6_final_2nd_score', 'c6_second_rank', 'c6_gap_to_top']",,,,,[],[]
ASY,1,top2,1,WeightedEnsemble_L2,-0.49880599330308223,log_loss,0.1785602569580078,19.69257926940918,0.0007231235504150391,0.021283626556396484,2,True,6,4,1,5,3798,20443446,3798,19073509,4,0,WeightedEnsembleModel,GreedyWeightedEnsembleModel,log_loss,"{'use_orig_features': False, 'valid_stacker': True, 'max_base_models': 0, 'max_base_models_per_type': 'auto', 'save_bag_folds': True, 'stratify': 'auto', 'bin': 'auto', 'n_bins': None, 'vary_seed_across_folds': False, 'custom_splits': None, 'model_random_seed': 0}",{},"{'max_memory_usage_ratio': 1.0, 'max_gpu_memory_usage_ratio': 1.0, 'max_time_limit_ratio': 1.0, 'max_time_limit': None, 'min_time_limit': 0, 'valid_raw_types': None, 'valid_special_types': None, 'ignored_type_group_special': None, 'ignored_type_group_raw': None, 'get_features_kwargs': None, 'get_features_kwargs_extra': None, 'predict_1_batch_size': None, 'temperature_scalar': None, 'drop_unique': False}","['LightGBM', 'XGBoost', 'CatBoost', 'RandomForest']",,"{'ensemble_size': 25, 'subsample_size': 1000000}",{'ensemble_size': 14},"{'max_memory_usage_ratio': 1.0, 'max_gpu_memory_usage_ratio': 1.0, 'max_time_limit_ratio': 1.0, 'max_time_limit': None, 'min_time_limit': 0, 'valid_raw_types': None, 'valid_special_types': None, 'ignored_type_group_special': None, 'ignored_type_group_raw': None, 'get_features_kwargs': None, 'get_features_kwargs_extra': None, 'predict_1_batch_size': None, 'temperature_scalar': None, 'drop_unique': False}","['LightGBM', 'XGBoost', 'CatBoost', 'RandomForest']",[]
ASY,1,top2,2,CatBoost,-0.5015568252881725,log_loss,0.01142430305480957,6.717638731002808,0.01142430305480957,6.717638731002808,1,True,3,161,1,1,198645,198645,198645,198645,0,1,CatBoostModel,,log_loss,"{'iterations': 10000, 'learning_rate': 0.05, 'allow_writing_files': False, 'eval_metric': 'Logloss', 'random_seed': 0}",{'iterations': 132},"{'max_memory_usage_ratio': 1.0, 'max_gpu_memory_usage_ratio': 1.0, 'max_time_limit_ratio': 1.0, 'max_time_limit': None, 'min_time_limit': 0, 'valid_raw_types': ['bool', 'int', 'float', 'category'], 'valid_special_types': None, 'ignored_type_group_special': None, 'ignored_type_group_raw': None, 'get_features_kwargs': None, 'get_features_kwargs_extra': None, 'predict_1_batch_size': None, 'temperature_scalar': None}","['c1_history_n', 'c1_nige', 'c1_st_rank', 'c1_national_win_rate', 'c1_national_exacta_rate', 'c1_local_win_rate', 'c1_local_exacta_rate', 'c1_motor_exacta_rate', 'c1_boat_exacta_rate', 'c1_average_start', 'c2_history_n', 'c2_nige', 'c2_sashi', 'c2_makuri', 'c2_st_rank', 'c2_national_win_rate', 'c2_national_exacta_rate', 'c2_local_win_rate', 'c2_local_exacta_rate', 'c2_motor_exacta_rate', 'c2_boat_exacta_rate', 'c2_average_start', 'c3_history_n', 'c3_sashi', 'c3_makuri', 'c3_attack', 'c3_st_rank', 'c3_national_win_rate', 'c3_national_exacta_rate', 'c3_local_win_rate', 'c3_local_exacta_rate', 'c3_motor_exacta_rate', 'c3_boat_exacta_rate', 'c3_average_start', 'c4_history_n', 'c4_sashi', 'c4_makuri', 'c4_attack', 'c4_st_rank', 'c4_national_win_rate', 'c4_national_exacta_rate', 'c4_local_win_rate', 'c4_local_exacta_rate', 'c4_motor_exacta_rate', 'c4_boat_exacta_rate', 'c4_average_start', 'c5_history_n', 'c5_sashi', 'c5_makuri', 'c5_attack', 'c5_st_rank', 'c5_national_win_rate', 'c5_national_exacta_rate', 'c5_local_win_rate', 'c5_local_exacta_rate', 'c5_motor_exacta_rate', 'c5_boat_exacta_rate', 'c5_average_start', 'c6_history_n', 'c6_sashi', 'c6_makuri', 'c6_attack', 'c6_st_rank', 'c6_national_win_rate', 'c6_national_exacta_rate', 'c6_local_win_rate', 'c6_local_exacta_rate', 'c6_motor_exacta_rate', 'c6_boat_exacta_rate', 'c6_average_start', 'lane1_vulnerability_rate', 'c1_exhibition_time_relative', 'c1_start_timing_relative', 'c1_lap_time_relative', 'c1_around_time_relative', 'c1_straight_time_relative', 'c1_ex_score', 'c1_st_score', 'c1_lap_score', 'c1_mawari_score', 'c1_straight_score', 'c1_attack_potential', 'c1_stable_score', 'c1_final_2nd_score', 'c1_second_rank', 'c1_gap_to_top', 'c2_exhibition_time_relative', 'c2_start_timing_relative', 'c2_lap_time_relative', 'c2_around_time_relative', 'c2_straight_time_relative', 'c2_ex_score', 'c2_st_score', 'c2_lap_score', 'c2_mawari_score', 'c2_straight_score', 'c2_attack_potential', 'c2_stable_score', 'c2_final_2nd_score', 'c2_second_rank', 'c2_gap_to_top', 'c3_exhibition_time_relative', 'c3_start_timing_relative', 'c3_lap_time_relative', 'c3_around_time_relative', 'c3_straight_time_relative', 'c3_ex_score', 'c3_st_score', 'c3_lap_score', 'c3_mawari_score', 'c3_straight_score', 'c3_attack_potential', 'c3_stable_score', 'c3_final_2nd_score', 'c3_second_rank', 'c3_gap_to_top', 'c4_exhibition_time_relative', 'c4_start_timing_relative', 'c4_lap_time_relative', 'c4_around_time_relative', 'c4_straight_time_relative', 'c4_ex_score', 'c4_st_score', 'c4_lap_score', 'c4_mawari_score', 'c4_straight_score', 'c4_attack_potential', 'c4_stable_score', 'c4_final_2nd_score', 'c4_second_rank', 'c4_gap_to_top', 'c5_exhibition_time_relative', 'c5_start_timing_relative', 'c5_lap_time_relative', 'c5_around_time_relative', 'c5_straight_time_relative', 'c5_ex_score', 'c5_st_score', 'c5_lap_score', 'c5_mawari_score', 'c5_straight_score', 'c5_attack_potential', 'c5_stable_score', 'c5_final_2nd_score', 'c5_second_rank', 'c5_gap_to_top', 'c6_exhibition_time_relative', 'c6_start_timing_relative', 'c6_lap_time_relative', 'c6_around_time_relative', 'c6_straight_time_relative', 'c6_ex_score', 'c6_st_score', 'c6_lap_score', 'c6_mawari_score', 'c6_straight_score', 'c6_attack_potential', 'c6_stable_score', 'c6_final_2nd_score', 'c6_second_rank', 'c6_gap_to_top']",,,,,[],['WeightedEnsemble_L2']
ASY,1,top2,3,LightGBM,-0.502250662966709,log_loss,0.0050809383392333984,2.8620588779449463,0.0050809383392333984,2.8620588779449463,1,True,1,161,1,1,256044,256044,256044,256044,0,1,LGBModel,,log_loss,"{'learning_rate': 0.05, 'seed': 0}",{'num_boost_round': 69},"{'max_memory_usage_ratio': 1.0, 'max_gpu_memory_usage_ratio': 1.0, 'max_time_limit_ratio': 1.0, 'max_time_limit': None, 'min_time_limit': 0, 'valid_raw_types': ['bool', 'int', 'float', 'category'], 'valid_special_types': None, 'ignored_type_group_special': None, 'ignored_type_group_raw': None, 'get_features_kwargs': None, 'get_features_kwargs_extra': None, 'predict_1_batch_size': None, 'temperature_scalar': None}","['c1_history_n', 'c1_nige', 'c1_st_rank', 'c1_national_win_rate', 'c1_national_exacta_rate', 'c1_local_win_rate', 'c1_local_exacta_rate', 'c1_motor_exacta_rate', 'c1_boat_exacta_rate', 'c1_average_start', 'c2_history_n', 'c2_nige', 'c2_sashi', 'c2_makuri', 'c2_st_rank', 'c2_national_win_rate', 'c2_national_exacta_rate', 'c2_local_win_rate', 'c2_local_exacta_rate', 'c2_motor_exacta_rate', 'c2_boat_exacta_rate', 'c2_average_start', 'c3_history_n', 'c3_sashi', 'c3_makuri', 'c3_attack', 'c3_st_rank', 'c3_national_win_rate', 'c3_national_exacta_rate', 'c3_local_win_rate', 'c3_local_exacta_rate', 'c3_motor_exacta_rate', 'c3_boat_exacta_rate', 'c3_average_start', 'c4_history_n', 'c4_sashi', 'c4_makuri', 'c4_attack', 'c4_st_rank', 'c4_national_win_rate', 'c4_national_exacta_rate', 'c4_local_win_rate', 'c4_local_exacta_rate', 'c4_motor_exacta_rate', 'c4_boat_exacta_rate', 'c4_average_start', 'c5_history_n', 'c5_sashi', 'c5_makuri', 'c5_attack', 'c5_st_rank', 'c5_national_win_rate', 'c5_national_exacta_rate', 'c5_local_win_rate', 'c5_local_exacta_rate', 'c5_motor_exacta_rate', 'c5_boat_exacta_rate', 'c5_average_start', 'c6_history_n', 'c6_sashi', 'c6_makuri', 'c6_attack', 'c6_st_rank', 'c6_national_win_rate', 'c6_national_exacta_rate', 'c6_local_win_rate', 'c6_local_exacta_rate', 'c6_motor_exacta_rate', 'c6_boat_exacta_rate', 'c6_average_start', 'lane1_vulnerability_rate', 'c1_exhibition_time_relative', 'c1_start_timing_relative', 'c1_lap_time_relative', 'c1_around_time_relative', 'c1_straight_time_relative', 'c1_ex_score', 'c1_st_score', 'c1_lap_score', 'c1_mawari_score', 'c1_straight_score', 'c1_attack_potential', 'c1_stable_score', 'c1_final_2nd_score', 'c1_second_rank', 'c1_gap_to_top', 'c2_exhibition_time_relative', 'c2_start_timing_relative', 'c2_lap_time_relative', 'c2_around_time_relative', 'c2_straight_time_relative', 'c2_ex_score', 'c2_st_score', 'c2_lap_score', 'c2_mawari_score', 'c2_straight_score', 'c2_attack_potential', 'c2_stable_score', 'c2_final_2nd_score', 'c2_second_rank', 'c2_gap_to_top', 'c3_exhibition_time_relative', 'c3_start_timing_relative', 'c3_lap_time_relative', 'c3_around_time_relative', 'c3_straight_time_relative', 'c3_ex_score', 'c3_st_score', 'c3_lap_score', 'c3_mawari_score', 'c3_straight_score', 'c3_attack_potential', 'c3_stable_score', 'c3_final_2nd_score', 'c3_second_rank', 'c3_gap_to_top', 'c4_exhibition_time_relative', 'c4_start_timing_relative', 'c4_lap_time_relative', 'c4_around_time_relative', 'c4_straight_time_relative', 'c4_ex_score', 'c4_st_score', 'c4_lap_score', 'c4_mawari_score', 'c4_straight_score', 'c4_attack_potential', 'c4_stable_score', 'c4_final_2nd_score', 'c4_second_rank', 'c4_gap_to_top', 'c5_exhibition_time_relative', 'c5_start_timing_relative', 'c5_lap_time_relative', 'c5_around_time_relative', 'c5_straight_time_relative', 'c5_ex_score', 'c5_st_score', 'c5_lap_score', 'c5_mawari_score', 'c5_straight_score', 'c5_attack_potential', 'c5_stable_score', 'c5_final_2nd_score', 'c5_second_rank', 'c5_gap_to_top', 'c6_exhibition_time_relative', 'c6_start_timing_relative', 'c6_lap_time_relative', 'c6_around_time_relative', 'c6_straight_time_relative', 'c6_ex_score', 'c6_st_score', 'c6_lap_score', 'c6_mawari_score', 'c6_straight_score', 'c6_attack_potential', 'c6_stable_score', 'c6_final_2nd_score', 'c6_second_rank', 'c6_gap_to_top']",,,,,[],['WeightedEnsemble_L2']
ASY,1,top2,4,RandomForest,-0.5094299328433032,log_loss,0.1463918685913086,3.1664950847625732,0.1463918685913086,3.1664950847625732,1,True,2,161,1,1,19073509,19073509,19073509,19073509,0,1,RFModel,,log_loss,"{'n_estimators': 300, 'max_leaf_nodes': 15000, 'n_jobs': -1, 'bootstrap': True, 'random_state': 0}",{'n_estimators': 300},"{'max_memory_usage_ratio': 1.0, 'max_gpu_memory_usage_ratio': 1.0, 'max_time_limit_ratio': 1.0, 'max_time_limit': None, 'min_time_limit': 0, 'valid_raw_types': ['bool', 'int', 'float', 'category'], 'valid_special_types': None, 'ignored_type_group_special': None, 'ignored_type_group_raw': None, 'get_features_kwargs': None, 'get_features_kwargs_extra': None, 'predict_1_batch_size': None, 'temperature_scalar': None}","['c1_history_n', 'c1_nige', 'c1_st_rank', 'c1_national_win_rate', 'c1_national_exacta_rate', 'c1_local_win_rate', 'c1_local_exacta_rate', 'c1_motor_exacta_rate', 'c1_boat_exacta_rate', 'c1_average_start', 'c2_history_n', 'c2_nige', 'c2_sashi', 'c2_makuri', 'c2_st_rank', 'c2_national_win_rate', 'c2_national_exacta_rate', 'c2_local_win_rate', 'c2_local_exacta_rate', 'c2_motor_exacta_rate', 'c2_boat_exacta_rate', 'c2_average_start', 'c3_history_n', 'c3_sashi', 'c3_makuri', 'c3_attack', 'c3_st_rank', 'c3_national_win_rate', 'c3_national_exacta_rate', 'c3_local_win_rate', 'c3_local_exacta_rate', 'c3_motor_exacta_rate', 'c3_boat_exacta_rate', 'c3_average_start', 'c4_history_n', 'c4_sashi', 'c4_makuri', 'c4_attack', 'c4_st_rank', 'c4_national_win_rate', 'c4_national_exacta_rate', 'c4_local_win_rate', 'c4_local_exacta_rate', 'c4_motor_exacta_rate', 'c4_boat_exacta_rate', 'c4_average_start', 'c5_history_n', 'c5_sashi', 'c5_makuri', 'c5_attack', 'c5_st_rank', 'c5_national_win_rate', 'c5_national_exacta_rate', 'c5_local_win_rate', 'c5_local_exacta_rate', 'c5_motor_exacta_rate', 'c5_boat_exacta_rate', 'c5_average_start', 'c6_history_n', 'c6_sashi', 'c6_makuri', 'c6_attack', 'c6_st_rank', 'c6_national_win_rate', 'c6_national_exacta_rate', 'c6_local_win_rate', 'c6_local_exacta_rate', 'c6_motor_exacta_rate', 'c6_boat_exacta_rate', 'c6_average_start', 'lane1_vulnerability_rate', 'c1_exhibition_time_relative', 'c1_start_timing_relative', 'c1_lap_time_relative', 'c1_around_time_relative', 'c1_straight_time_relative', 'c1_ex_score', 'c1_st_score', 'c1_lap_score', 'c1_mawari_score', 'c1_straight_score', 'c1_attack_potential', 'c1_stable_score', 'c1_final_2nd_score', 'c1_second_rank', 'c1_gap_to_top', 'c2_exhibition_time_relative', 'c2_start_timing_relative', 'c2_lap_time_relative', 'c2_around_time_relative', 'c2_straight_time_relative', 'c2_ex_score', 'c2_st_score', 'c2_lap_score', 'c2_mawari_score', 'c2_straight_score', 'c2_attack_potential', 'c2_stable_score', 'c2_final_2nd_score', 'c2_second_rank', 'c2_gap_to_top', 'c3_exhibition_time_relative', 'c3_start_timing_relative', 'c3_lap_time_relative', 'c3_around_time_relative', 'c3_straight_time_relative', 'c3_ex_score', 'c3_st_score', 'c3_lap_score', 'c3_mawari_score', 'c3_straight_score', 'c3_attack_potential', 'c3_stable_score', 'c3_final_2nd_score', 'c3_second_rank', 'c3_gap_to_top', 'c4_exhibition_time_relative', 'c4_start_timing_relative', 'c4_lap_time_relative', 'c4_around_time_relative', 'c4_straight_time_relative', 'c4_ex_score', 'c4_st_score', 'c4_lap_score', 'c4_mawari_score', 'c4_straight_score', 'c4_attack_potential', 'c4_stable_score', 'c4_final_2nd_score', 'c4_second_rank', 'c4_gap_to_top', 'c5_exhibition_time_relative', 'c5_start_timing_relative', 'c5_lap_time_relative', 'c5_around_time_relative', 'c5_straight_time_relative', 'c5_ex_score', 'c5_st_score', 'c5_lap_score', 'c5_mawari_score', 'c5_straight_score', 'c5_attack_potential', 'c5_stable_score', 'c5_final_2nd_score', 'c5_second_rank', 'c5_gap_to_top', 'c6_exhibition_time_relative', 'c6_start_timing_relative', 'c6_lap_time_relative', 'c6_around_time_relative', 'c6_straight_time_relative', 'c6_ex_score', 'c6_st_score', 'c6_lap_score', 'c6_mawari_score', 'c6_straight_score', 'c6_attack_potential', 'c6_stable_score', 'c6_final_2nd_score', 'c6_second_rank', 'c6_gap_to_top']",,,,,[],['WeightedEnsemble_L2']
ASY,1,top2,5,XGBoost,-0.5110883417693084,log_loss,0.014940023422241211,6.925102949142456,0.014940023422241211,6.925102949142456,1,True,5,161,1,1,911450,911450,911450,911450,0,1,XGBoostModel,,log_loss,"{'n_estimators': 10000, 'learning_rate': 0.1, 'n_jobs': -1, 'proc.max_category_levels': 100, 'objective': 'binary:logistic', 'booster': 'gbtree', 'seed': 0}",{'n_estimators': 38},"{'max_memory_usage_ratio': 1.0, 'max_gpu_memory_usage_ratio': 1.0, 'max_time_limit_ratio': 1.0, 'max_time_limit': None, 'min_time_limit': 0, 'valid_raw_types': ['bool', 'int', 'float', 'category'], 'valid_special_types': None, 'ignored_type_group_special': None, 'ignored_type_group_raw': None, 'get_features_kwargs': None, 'get_features_kwargs_extra': None, 'predict_1_batch_size': None, 'temperature_scalar': None}","['c1_history_n', 'c1_nige', 'c1_st_rank', 'c1_national_win_rate', 'c1_national_exacta_rate', 'c1_local_win_rate', 'c1_local_exacta_rate', 'c1_motor_exacta_rate', 'c1_boat_exacta_rate', 'c1_average_start', 'c2_history_n', 'c2_nige', 'c2_sashi', 'c2_makuri', 'c2_st_rank', 'c2_national_win_rate', 'c2_national_exacta_rate', 'c2_local_win_rate', 'c2_local_exacta_rate', 'c2_motor_exacta_rate', 'c2_boat_exacta_rate', 'c2_average_start', 'c3_history_n', 'c3_sashi', 'c3_makuri', 'c3_attack', 'c3_st_rank', 'c3_national_win_rate', 'c3_national_exacta_rate', 'c3_local_win_rate', 'c3_local_exacta_rate', 'c3_motor_exacta_rate', 'c3_boat_exacta_rate', 'c3_average_start', 'c4_history_n', 'c4_sashi', 'c4_makuri', 'c4_attack', 'c4_st_rank', 'c4_national_win_rate', 'c4_national_exacta_rate', 'c4_local_win_rate', 'c4_local_exacta_rate', 'c4_motor_exacta_rate', 'c4_boat_exacta_rate', 'c4_average_start', 'c5_history_n', 'c5_sashi', 'c5_makuri', 'c5_attack', 'c5_st_rank', 'c5_national_win_rate', 'c5_national_exacta_rate', 'c5_local_win_rate', 'c5_local_exacta_rate', 'c5_motor_exacta_rate', 'c5_boat_exacta_rate', 'c5_average_start', 'c6_history_n', 'c6_sashi', 'c6_makuri', 'c6_attack', 'c6_st_rank', 'c6_national_win_rate', 'c6_national_exacta_rate', 'c6_local_win_rate', 'c6_local_exacta_rate', 'c6_motor_exacta_rate', 'c6_boat_exacta_rate', 'c6_average_start', 'lane1_vulnerability_rate', 'c1_exhibition_time_relative', 'c1_start_timing_relative', 'c1_lap_time_relative', 'c1_around_time_relative', 'c1_straight_time_relative', 'c1_ex_score', 'c1_st_score', 'c1_lap_score', 'c1_mawari_score', 'c1_straight_score', 'c1_attack_potential', 'c1_stable_score', 'c1_final_2nd_score', 'c1_second_rank', 'c1_gap_to_top', 'c2_exhibition_time_relative', 'c2_start_timing_relative', 'c2_lap_time_relative', 'c2_around_time_relative', 'c2_straight_time_relative', 'c2_ex_score', 'c2_st_score', 'c2_lap_score', 'c2_mawari_score', 'c2_straight_score', 'c2_attack_potential', 'c2_stable_score', 'c2_final_2nd_score', 'c2_second_rank', 'c2_gap_to_top', 'c3_exhibition_time_relative', 'c3_start_timing_relative', 'c3_lap_time_relative', 'c3_around_time_relative', 'c3_straight_time_relative', 'c3_ex_score', 'c3_st_score', 'c3_lap_score', 'c3_mawari_score', 'c3_straight_score', 'c3_attack_potential', 'c3_stable_score', 'c3_final_2nd_score', 'c3_second_rank', 'c3_gap_to_top', 'c4_exhibition_time_relative', 'c4_start_timing_relative', 'c4_lap_time_relative', 'c4_around_time_relative', 'c4_straight_time_relative', 'c4_ex_score', 'c4_st_score', 'c4_lap_score', 'c4_mawari_score', 'c4_straight_score', 'c4_attack_potential', 'c4_stable_score', 'c4_final_2nd_score', 'c4_second_rank', 'c4_gap_to_top', 'c5_exhibition_time_relative', 'c5_start_timing_relative', 'c5_lap_time_relative', 'c5_around_time_relative', 'c5_straight_time_relative', 'c5_ex_score', 'c5_st_score', 'c5_lap_score', 'c5_mawari_score', 'c5_straight_score', 'c5_attack_potential', 'c5_stable_score', 'c5_final_2nd_score', 'c5_second_rank', 'c5_gap_to_top', 'c6_exhibition_time_relative', 'c6_start_timing_relative', 'c6_lap_time_relative', 'c6_around_time_relative', 'c6_straight_time_relative', 'c6_ex_score', 'c6_st_score', 'c6_lap_score', 'c6_mawari_score', 'c6_straight_score', 'c6_attack_potential', 'c6_stable_score', 'c6_final_2nd_score', 'c6_second_rank', 'c6_gap_to_top']",,,,,[],['WeightedEnsemble_L2']
ASY,1,top2,6,ExtraTrees,-0.5114877036835571,log_loss,0.12206506729125977,1.499878168106079,0.12206506729125977,1.499878168106079,1,True,4,161,1,1,30687762,30687762,30687762,30687762,0,0,XTModel,,log_loss,"{'n_estimators': 300, 'max_leaf_nodes': 15000, 'n_jobs': -1, 'bootstrap': True, 'random_state': 0}",{'n_estimators': 300},"{'max_memory_usage_ratio': 1.0, 'max_gpu_memory_usage_ratio': 1.0, 'max_time_limit_ratio': 1.0, 'max_time_limit': None, 'min_time_limit': 0, 'valid_raw_types': ['bool', 'int', 'float', 'category'], 'valid_special_types': None, 'ignored_type_group_special': None, 'ignored_type_group_raw': None, 'get_features_kwargs': None, 'get_features_kwargs_extra': None, 'predict_1_batch_size': None, 'temperature_scalar': None}","['c1_history_n', 'c1_nige', 'c1_st_rank', 'c1_national_win_rate', 'c1_national_exacta_rate', 'c1_local_win_rate', 'c1_local_exacta_rate', 'c1_motor_exacta_rate', 'c1_boat_exacta_rate', 'c1_average_start', 'c2_history_n', 'c2_nige', 'c2_sashi', 'c2_makuri', 'c2_st_rank', 'c2_national_win_rate', 'c2_national_exacta_rate', 'c2_local_win_rate', 'c2_local_exacta_rate', 'c2_motor_exacta_rate', 'c2_boat_exacta_rate', 'c2_average_start', 'c3_history_n', 'c3_sashi', 'c3_makuri', 'c3_attack', 'c3_st_rank', 'c3_national_win_rate', 'c3_national_exacta_rate', 'c3_local_win_rate', 'c3_local_exacta_rate', 'c3_motor_exacta_rate', 'c3_boat_exacta_rate', 'c3_average_start', 'c4_history_n', 'c4_sashi', 'c4_makuri', 'c4_attack', 'c4_st_rank', 'c4_national_win_rate', 'c4_national_exacta_rate', 'c4_local_win_rate', 'c4_local_exacta_rate', 'c4_motor_exacta_rate', 'c4_boat_exacta_rate', 'c4_average_start', 'c5_history_n', 'c5_sashi', 'c5_makuri', 'c5_attack', 'c5_st_rank', 'c5_national_win_rate', 'c5_national_exacta_rate', 'c5_local_win_rate', 'c5_local_exacta_rate', 'c5_motor_exacta_rate', 'c5_boat_exacta_rate', 'c5_average_start', 'c6_history_n', 'c6_sashi', 'c6_makuri', 'c6_attack', 'c6_st_rank', 'c6_national_win_rate', 'c6_national_exacta_rate', 'c6_local_win_rate', 'c6_local_exacta_rate', 'c6_motor_exacta_rate', 'c6_boat_exacta_rate', 'c6_average_start', 'lane1_vulnerability_rate', 'c1_exhibition_time_relative', 'c1_start_timing_relative', 'c1_lap_time_relative', 'c1_around_time_relative', 'c1_straight_time_relative', 'c1_ex_score', 'c1_st_score', 'c1_lap_score', 'c1_mawari_score', 'c1_straight_score', 'c1_attack_potential', 'c1_stable_score', 'c1_final_2nd_score', 'c1_second_rank', 'c1_gap_to_top', 'c2_exhibition_time_relative', 'c2_start_timing_relative', 'c2_lap_time_relative', 'c2_around_time_relative', 'c2_straight_time_relative', 'c2_ex_score', 'c2_st_score', 'c2_lap_score', 'c2_mawari_score', 'c2_straight_score', 'c2_attack_potential', 'c2_stable_score', 'c2_final_2nd_score', 'c2_second_rank', 'c2_gap_to_top', 'c3_exhibition_time_relative', 'c3_start_timing_relative', 'c3_lap_time_relative', 'c3_around_time_relative', 'c3_straight_time_relative', 'c3_ex_score', 'c3_st_score', 'c3_lap_score', 'c3_mawari_score', 'c3_straight_score', 'c3_attack_potential', 'c3_stable_score', 'c3_final_2nd_score', 'c3_second_rank', 'c3_gap_to_top', 'c4_exhibition_time_relative', 'c4_start_timing_relative', 'c4_lap_time_relative', 'c4_around_time_relative', 'c4_straight_time_relative', 'c4_ex_score', 'c4_st_score', 'c4_lap_score', 'c4_mawari_score', 'c4_straight_score', 'c4_attack_potential', 'c4_stable_score', 'c4_final_2nd_score', 'c4_second_rank', 'c4_gap_to_top', 'c5_exhibition_time_relative', 'c5_start_timing_relative', 'c5_lap_time_relative', 'c5_around_time_relative', 'c5_straight_time_relative', 'c5_ex_score', 'c5_st_score', 'c5_lap_score', 'c5_mawari_score', 'c5_straight_score', 'c5_attack_potential', 'c5_stable_score', 'c5_final_2nd_score', 'c5_second_rank', 'c5_gap_to_top', 'c6_exhibition_time_relative', 'c6_start_timing_relative', 'c6_lap_time_relative', 'c6_around_time_relative', 'c6_straight_time_relative', 'c6_ex_score', 'c6_st_score', 'c6_lap_score', 'c6_mawari_score', 'c6_straight_score', 'c6_attack_potential', 'c6_stable_score', 'c6_final_2nd_score', 'c6_second_rank', 'c6_gap_to_top']",,,,,[],[]
ASY,1,top3,1,WeightedEnsemble_L2,-0.3966731730605634,log_loss,0.13625669479370117,13.756843566894531,0.0007052421569824219,0.021364927291870117,2,True,6,3,1,4,3790,15687855,3790,15259556,3,0,WeightedEnsembleModel,GreedyWeightedEnsembleModel,log_loss,"{'use_orig_features': False, 'valid_stacker': True, 'max_base_models': 0, 'max_base_models_per_type': 'auto', 'save_bag_folds': True, 'stratify': 'auto', 'bin': 'auto', 'n_bins': None, 'vary_seed_across_folds': False, 'custom_splits': None, 'model_random_seed': 0}",{},"{'max_memory_usage_ratio': 1.0, 'max_gpu_memory_usage_ratio': 1.0, 'max_time_limit_ratio': 1.0, 'max_time_limit': None, 'min_time_limit': 0, 'valid_raw_types': None, 'valid_special_types': None, 'ignored_type_group_special': None, 'ignored_type_group_raw': None, 'get_features_kwargs': None, 'get_features_kwargs_extra': None, 'predict_1_batch_size': None, 'temperature_scalar': None, 'drop_unique': False}","['LightGBM', 'CatBoost', 'RandomForest']",,"{'ensemble_size': 25, 'subsample_size': 1000000}",{'ensemble_size': 17},"{'max_memory_usage_ratio': 1.0, 'max_gpu_memory_usage_ratio': 1.0, 'max_time_limit_ratio': 1.0, 'max_time_limit': None, 'min_time_limit': 0, 'valid_raw_types': None, 'valid_special_types': None, 'ignored_type_group_special': None, 'ignored_type_group_raw': None, 'get_features_kwargs': None, 'get_features_kwargs_extra': None, 'predict_1_batch_size': None, 'temperature_scalar': None, 'drop_unique': False}","['LightGBM', 'CatBoost', 'RandomForest']",[]
ASY,1,top3,2,CatBoost,-0.39800820149761584,log_loss,0.011206626892089844,7.904789447784424,0.011206626892089844,7.904789447784424,1,True,3,161,1,1,282541,282541,282541,282541,0,1,CatBoostModel,,log_loss,"{'iterations': 10000, 'learning_rate': 0.05, 'allow_writing_files': False, 'eval_metric': 'Logloss', 'random_seed': 0}",{'iterations': 204},"{'max_memory_usage_ratio': 1.0, 'max_gpu_memory_usage_ratio': 1.0, 'max_time_limit_ratio': 1.0, 'max_time_limit': None, 'min_time_limit': 0, 'valid_raw_types': ['bool', 'int', 'float', 'category'], 'valid_special_types': None, 'ignored_type_group_special': None, 'ignored_type_group_raw': None, 'get_features_kwargs': None, 'get_features_kwargs_extra': None, 'predict_1_batch_size': None, 'temperature_scalar': None}","['c1_history_n', 'c1_nige', 'c1_st_rank', 'c1_national_win_rate', 'c1_national_exacta_rate', 'c1_local_win_rate', 'c1_local_exacta_rate', 'c1_motor_exacta_rate', 'c1_boat_exacta_rate', 'c1_average_start', 'c2_history_n', 'c2_nige', 'c2_sashi', 'c2_makuri', 'c2_st_rank', 'c2_national_win_rate', 'c2_national_exacta_rate', 'c2_local_win_rate', 'c2_local_exacta_rate', 'c2_motor_exacta_rate', 'c2_boat_exacta_rate', 'c2_average_start', 'c3_history_n', 'c3_sashi', 'c3_makuri', 'c3_attack', 'c3_st_rank', 'c3_national_win_rate', 'c3_national_exacta_rate', 'c3_local_win_rate', 'c3_local_exacta_rate', 'c3_motor_exacta_rate', 'c3_boat_exacta_rate', 'c3_average_start', 'c4_history_n', 'c4_sashi', 'c4_makuri', 'c4_attack', 'c4_st_rank', 'c4_national_win_rate', 'c4_national_exacta_rate', 'c4_local_win_rate', 'c4_local_exacta_rate', 'c4_motor_exacta_rate', 'c4_boat_exacta_rate', 'c4_average_start', 'c5_history_n', 'c5_sashi', 'c5_makuri', 'c5_attack', 'c5_st_rank', 'c5_national_win_rate', 'c5_national_exacta_rate', 'c5_local_win_rate', 'c5_local_exacta_rate', 'c5_motor_exacta_rate', 'c5_boat_exacta_rate', 'c5_average_start', 'c6_history_n', 'c6_sashi', 'c6_makuri', 'c6_attack', 'c6_st_rank', 'c6_national_win_rate', 'c6_national_exacta_rate', 'c6_local_win_rate', 'c6_local_exacta_rate', 'c6_motor_exacta_rate', 'c6_boat_exacta_rate', 'c6_average_start', 'lane1_vulnerability_rate', 'c1_exhibition_time_relative', 'c1_start_timing_relative', 'c1_lap_time_relative', 'c1_around_time_relative', 'c1_straight_time_relative', 'c1_ex_score', 'c1_st_score', 'c1_lap_score', 'c1_mawari_score', 'c1_straight_score', 'c1_attack_potential', 'c1_stable_score', 'c1_final_2nd_score', 'c1_second_rank', 'c1_gap_to_top', 'c2_exhibition_time_relative', 'c2_start_timing_relative', 'c2_lap_time_relative', 'c2_around_time_relative', 'c2_straight_time_relative', 'c2_ex_score', 'c2_st_score', 'c2_lap_score', 'c2_mawari_score', 'c2_straight_score', 'c2_attack_potential', 'c2_stable_score', 'c2_final_2nd_score', 'c2_second_rank', 'c2_gap_to_top', 'c3_exhibition_time_relative', 'c3_start_timing_relative', 'c3_lap_time_relative', 'c3_around_time_relative', 'c3_straight_time_relative', 'c3_ex_score', 'c3_st_score', 'c3_lap_score', 'c3_mawari_score', 'c3_straight_score', 'c3_attack_potential', 'c3_stable_score', 'c3_final_2nd_score', 'c3_second_rank', 'c3_gap_to_top', 'c4_exhibition_time_relative', 'c4_start_timing_relative', 'c4_lap_time_relative', 'c4_around_time_relative', 'c4_straight_time_relative', 'c4_ex_score', 'c4_st_score', 'c4_lap_score', 'c4_mawari_score', 'c4_straight_score', 'c4_attack_potential', 'c4_stable_score', 'c4_final_2nd_score', 'c4_second_rank', 'c4_gap_to_top', 'c5_exhibition_time_relative', 'c5_start_timing_relative', 'c5_lap_time_relative', 'c5_around_time_relative', 'c5_straight_time_relative', 'c5_ex_score', 'c5_st_score', 'c5_lap_score', 'c5_mawari_score', 'c5_straight_score', 'c5_attack_potential', 'c5_stable_score', 'c5_final_2nd_score', 'c5_second_rank', 'c5_gap_to_top', 'c6_exhibition_time_relative', 'c6_start_timing_relative', 'c6_lap_time_relative', 'c6_around_time_relative', 'c6_straight_time_relative', 'c6_ex_score', 'c6_st_score', 'c6_lap_score', 'c6_mawari_score', 'c6_straight_score', 'c6_attack_potential', 'c6_stable_score', 'c6_final_2nd_score', 'c6_second_rank', 'c6_gap_to_top']",,,,,[],['WeightedEnsemble_L2']
ASY,1,top3,3,LightGBM,-0.40154640845226297,log_loss,0.0038504600524902344,2.729081153869629,0.0038504600524902344,2.729081153869629,1,True,1,161,1,1,141968,141968,141968,141968,0,1,LGBModel,,log_loss,"{'learning_rate': 0.05, 'seed': 0}",{'num_boost_round': 36},"{'max_memory_usage_ratio': 1.0, 'max_gpu_memory_usage_ratio': 1.0, 'max_time_limit_ratio': 1.0, 'max_time_limit': None, 'min_time_limit': 0, 'valid_raw_types': ['bool', 'int', 'float', 'category'], 'valid_special_types': None, 'ignored_type_group_special': None, 'ignored_type_group_raw': None, 'get_features_kwargs': None, 'get_features_kwargs_extra': None, 'predict_1_batch_size': None, 'temperature_scalar': None}","['c1_history_n', 'c1_nige', 'c1_st_rank', 'c1_national_win_rate', 'c1_national_exacta_rate', 'c1_local_win_rate', 'c1_local_exacta_rate', 'c1_motor_exacta_rate', 'c1_boat_exacta_rate', 'c1_average_start', 'c2_history_n', 'c2_nige', 'c2_sashi', 'c2_makuri', 'c2_st_rank', 'c2_national_win_rate', 'c2_national_exacta_rate', 'c2_local_win_rate', 'c2_local_exacta_rate', 'c2_motor_exacta_rate', 'c2_boat_exacta_rate', 'c2_average_start', 'c3_history_n', 'c3_sashi', 'c3_makuri', 'c3_attack', 'c3_st_rank', 'c3_national_win_rate', 'c3_national_exacta_rate', 'c3_local_win_rate', 'c3_local_exacta_rate', 'c3_motor_exacta_rate', 'c3_boat_exacta_rate', 'c3_average_start', 'c4_history_n', 'c4_sashi', 'c4_makuri', 'c4_attack', 'c4_st_rank', 'c4_national_win_rate', 'c4_national_exacta_rate', 'c4_local_win_rate', 'c4_local_exacta_rate', 'c4_motor_exacta_rate', 'c4_boat_exacta_rate', 'c4_average_start', 'c5_history_n', 'c5_sashi', 'c5_makuri', 'c5_attack', 'c5_st_rank', 'c5_national_win_rate', 'c5_national_exacta_rate', 'c5_local_win_rate', 'c5_local_exacta_rate', 'c5_motor_exacta_rate', 'c5_boat_exacta_rate', 'c5_average_start', 'c6_history_n', 'c6_sashi', 'c6_makuri', 'c6_attack', 'c6_st_rank', 'c6_national_win_rate', 'c6_national_exacta_rate', 'c6_local_win_rate', 'c6_local_exacta_rate', 'c6_motor_exacta_rate', 'c6_boat_exacta_rate', 'c6_average_start', 'lane1_vulnerability_rate', 'c1_exhibition_time_relative', 'c1_start_timing_relative', 'c1_lap_time_relative', 'c1_around_time_relative', 'c1_straight_time_relative', 'c1_ex_score', 'c1_st_score', 'c1_lap_score', 'c1_mawari_score', 'c1_straight_score', 'c1_attack_potential', 'c1_stable_score', 'c1_final_2nd_score', 'c1_second_rank', 'c1_gap_to_top', 'c2_exhibition_time_relative', 'c2_start_timing_relative', 'c2_lap_time_relative', 'c2_around_time_relative', 'c2_straight_time_relative', 'c2_ex_score', 'c2_st_score', 'c2_lap_score', 'c2_mawari_score', 'c2_straight_score', 'c2_attack_potential', 'c2_stable_score', 'c2_final_2nd_score', 'c2_second_rank', 'c2_gap_to_top', 'c3_exhibition_time_relative', 'c3_start_timing_relative', 'c3_lap_time_relative', 'c3_around_time_relative', 'c3_straight_time_relative', 'c3_ex_score', 'c3_st_score', 'c3_lap_score', 'c3_mawari_score', 'c3_straight_score', 'c3_attack_potential', 'c3_stable_score', 'c3_final_2nd_score', 'c3_second_rank', 'c3_gap_to_top', 'c4_exhibition_time_relative', 'c4_start_timing_relative', 'c4_lap_time_relative', 'c4_around_time_relative', 'c4_straight_time_relative', 'c4_ex_score', 'c4_st_score', 'c4_lap_score', 'c4_mawari_score', 'c4_straight_score', 'c4_attack_potential', 'c4_stable_score', 'c4_final_2nd_score', 'c4_second_rank', 'c4_gap_to_top', 'c5_exhibition_time_relative', 'c5_start_timing_relative', 'c5_lap_time_relative', 'c5_around_time_relative', 'c5_straight_time_relative', 'c5_ex_score', 'c5_st_score', 'c5_lap_score', 'c5_mawari_score', 'c5_straight_score', 'c5_attack_potential', 'c5_stable_score', 'c5_final_2nd_score', 'c5_second_rank', 'c5_gap_to_top', 'c6_exhibition_time_relative', 'c6_start_timing_relative', 'c6_lap_time_relative', 'c6_around_time_relative', 'c6_straight_time_relative', 'c6_ex_score', 'c6_st_score', 'c6_lap_score', 'c6_mawari_score', 'c6_straight_score', 'c6_attack_potential', 'c6_stable_score', 'c6_final_2nd_score', 'c6_second_rank', 'c6_gap_to_top']",,,,,[],['WeightedEnsemble_L2']
ASY,1,top3,4,RandomForest,-0.4083079710096844,log_loss,0.12049436569213867,3.1016080379486084,0.12049436569213867,3.1016080379486084,1,True,2,161,1,1,15259556,15259556,15259556,15259556,0,1,RFModel,,log_loss,"{'n_estimators': 300, 'max_leaf_nodes': 15000, 'n_jobs': -1, 'bootstrap': True, 'random_state': 0}",{'n_estimators': 300},"{'max_memory_usage_ratio': 1.0, 'max_gpu_memory_usage_ratio': 1.0, 'max_time_limit_ratio': 1.0, 'max_time_limit': None, 'min_time_limit': 0, 'valid_raw_types': ['bool', 'int', 'float', 'category'], 'valid_special_types': None, 'ignored_type_group_special': None, 'ignored_type_group_raw': None, 'get_features_kwargs': None, 'get_features_kwargs_extra': None, 'predict_1_batch_size': None, 'temperature_scalar': None}","['c1_history_n', 'c1_nige', 'c1_st_rank', 'c1_national_win_rate', 'c1_national_exacta_rate', 'c1_local_win_rate', 'c1_local_exacta_rate', 'c1_motor_exacta_rate', 'c1_boat_exacta_rate', 'c1_average_start', 'c2_history_n', 'c2_nige', 'c2_sashi', 'c2_makuri', 'c2_st_rank', 'c2_national_win_rate', 'c2_national_exacta_rate', 'c2_local_win_rate', 'c2_local_exacta_rate', 'c2_motor_exacta_rate', 'c2_boat_exacta_rate', 'c2_average_start', 'c3_history_n', 'c3_sashi', 'c3_makuri', 'c3_attack', 'c3_st_rank', 'c3_national_win_rate', 'c3_national_exacta_rate', 'c3_local_win_rate', 'c3_local_exacta_rate', 'c3_motor_exacta_rate', 'c3_boat_exacta_rate', 'c3_average_start', 'c4_history_n', 'c4_sashi', 'c4_makuri', 'c4_attack', 'c4_st_rank', 'c4_national_win_rate', 'c4_national_exacta_rate', 'c4_local_win_rate', 'c4_local_exacta_rate', 'c4_motor_exacta_rate', 'c4_boat_exacta_rate', 'c4_average_start', 'c5_history_n', 'c5_sashi', 'c5_makuri', 'c5_attack', 'c5_st_rank', 'c5_national_win_rate', 'c5_national_exacta_rate', 'c5_local_win_rate', 'c5_local_exacta_rate', 'c5_motor_exacta_rate', 'c5_boat_exacta_rate', 'c5_average_start', 'c6_history_n', 'c6_sashi', 'c6_makuri', 'c6_attack', 'c6_st_rank', 'c6_national_win_rate', 'c6_national_exacta_rate', 'c6_local_win_rate', 'c6_local_exacta_rate', 'c6_motor_exacta_rate', 'c6_boat_exacta_rate', 'c6_average_start', 'lane1_vulnerability_rate', 'c1_exhibition_time_relative', 'c1_start_timing_relative', 'c1_lap_time_relative', 'c1_around_time_relative', 'c1_straight_time_relative', 'c1_ex_score', 'c1_st_score', 'c1_lap_score', 'c1_mawari_score', 'c1_straight_score', 'c1_attack_potential', 'c1_stable_score', 'c1_final_2nd_score', 'c1_second_rank', 'c1_gap_to_top', 'c2_exhibition_time_relative', 'c2_start_timing_relative', 'c2_lap_time_relative', 'c2_around_time_relative', 'c2_straight_time_relative', 'c2_ex_score', 'c2_st_score', 'c2_lap_score', 'c2_mawari_score', 'c2_straight_score', 'c2_attack_potential', 'c2_stable_score', 'c2_final_2nd_score', 'c2_second_rank', 'c2_gap_to_top', 'c3_exhibition_time_relative', 'c3_start_timing_relative', 'c3_lap_time_relative', 'c3_around_time_relative', 'c3_straight_time_relative', 'c3_ex_score', 'c3_st_score', 'c3_lap_score', 'c3_mawari_score', 'c3_straight_score', 'c3_attack_potential', 'c3_stable_score', 'c3_final_2nd_score', 'c3_second_rank', 'c3_gap_to_top', 'c4_exhibition_time_relative', 'c4_start_timing_relative', 'c4_lap_time_relative', 'c4_around_time_relative', 'c4_straight_time_relative', 'c4_ex_score', 'c4_st_score', 'c4_lap_score', 'c4_mawari_score', 'c4_straight_score', 'c4_attack_potential', 'c4_stable_score', 'c4_final_2nd_score', 'c4_second_rank', 'c4_gap_to_top', 'c5_exhibition_time_relative', 'c5_start_timing_relative', 'c5_lap_time_relative', 'c5_around_time_relative', 'c5_straight_time_relative', 'c5_ex_score', 'c5_st_score', 'c5_lap_score', 'c5_mawari_score', 'c5_straight_score', 'c5_attack_potential', 'c5_stable_score', 'c5_final_2nd_score', 'c5_second_rank', 'c5_gap_to_top', 'c6_exhibition_time_relative', 'c6_start_timing_relative', 'c6_lap_time_relative', 'c6_around_time_relative', 'c6_straight_time_relative', 'c6_ex_score', 'c6_st_score', 'c6_lap_score', 'c6_mawari_score', 'c6_straight_score', 'c6_attack_potential', 'c6_stable_score', 'c6_final_2nd_score', 'c6_second_rank', 'c6_gap_to_top']",,,,,[],['WeightedEnsemble_L2']
ASY,1,top3,5,ExtraTrees,-0.40859533882268867,log_loss,0.1212167739868164,1.4264030456542969,0.1212167739868164,1.4264030456542969,1,True,4,161,1,1,24422002,24422002,24422002,24422002,0,0,XTModel,,log_loss,"{'n_estimators': 300, 'max_leaf_nodes': 15000, 'n_jobs': -1, 'bootstrap': True, 'random_state': 0}",{'n_estimators': 300},"{'max_memory_usage_ratio': 1.0, 'max_gpu_memory_usage_ratio': 1.0, 'max_time_limit_ratio': 1.0, 'max_time_limit': None, 'min_time_limit': 0, 'valid_raw_types': ['bool', 'int', 'float', 'category'], 'valid_special_types': None, 'ignored_type_group_special': None, 'ignored_type_group_raw': None, 'get_features_kwargs': None, 'get_features_kwargs_extra': None, 'predict_1_batch_size': None, 'temperature_scalar': None}","['c1_history_n', 'c1_nige', 'c1_st_rank', 'c1_national_win_rate', 'c1_national_exacta_rate', 'c1_local_win_rate', 'c1_local_exacta_rate', 'c1_motor_exacta_rate', 'c1_boat_exacta_rate', 'c1_average_start', 'c2_history_n', 'c2_nige', 'c2_sashi', 'c2_makuri', 'c2_st_rank', 'c2_national_win_rate', 'c2_national_exacta_rate', 'c2_local_win_rate', 'c2_local_exacta_rate', 'c2_motor_exacta_rate', 'c2_boat_exacta_rate', 'c2_average_start', 'c3_history_n', 'c3_sashi', 'c3_makuri', 'c3_attack', 'c3_st_rank', 'c3_national_win_rate', 'c3_national_exacta_rate', 'c3_local_win_rate', 'c3_local_exacta_rate', 'c3_motor_exacta_rate', 'c3_boat_exacta_rate', 'c3_average_start', 'c4_history_n', 'c4_sashi', 'c4_makuri', 'c4_attack', 'c4_st_rank', 'c4_national_win_rate', 'c4_national_exacta_rate', 'c4_local_win_rate', 'c4_local_exacta_rate', 'c4_motor_exacta_rate', 'c4_boat_exacta_rate', 'c4_average_start', 'c5_history_n', 'c5_sashi', 'c5_makuri', 'c5_attack', 'c5_st_rank', 'c5_national_win_rate', 'c5_national_exacta_rate', 'c5_local_win_rate', 'c5_local_exacta_rate', 'c5_motor_exacta_rate', 'c5_boat_exacta_rate', 'c5_average_start', 'c6_history_n', 'c6_sashi', 'c6_makuri', 'c6_attack', 'c6_st_rank', 'c6_national_win_rate', 'c6_national_exacta_rate', 'c6_local_win_rate', 'c6_local_exacta_rate', 'c6_motor_exacta_rate', 'c6_boat_exacta_rate', 'c6_average_start', 'lane1_vulnerability_rate', 'c1_exhibition_time_relative', 'c1_start_timing_relative', 'c1_lap_time_relative', 'c1_around_time_relative', 'c1_straight_time_relative', 'c1_ex_score', 'c1_st_score', 'c1_lap_score', 'c1_mawari_score', 'c1_straight_score', 'c1_attack_potential', 'c1_stable_score', 'c1_final_2nd_score', 'c1_second_rank', 'c1_gap_to_top', 'c2_exhibition_time_relative', 'c2_start_timing_relative', 'c2_lap_time_relative', 'c2_around_time_relative', 'c2_straight_time_relative', 'c2_ex_score', 'c2_st_score', 'c2_lap_score', 'c2_mawari_score', 'c2_straight_score', 'c2_attack_potential', 'c2_stable_score', 'c2_final_2nd_score', 'c2_second_rank', 'c2_gap_to_top', 'c3_exhibition_time_relative', 'c3_start_timing_relative', 'c3_lap_time_relative', 'c3_around_time_relative', 'c3_straight_time_relative', 'c3_ex_score', 'c3_st_score', 'c3_lap_score', 'c3_mawari_score', 'c3_straight_score', 'c3_attack_potential', 'c3_stable_score', 'c3_final_2nd_score', 'c3_second_rank', 'c3_gap_to_top', 'c4_exhibition_time_relative', 'c4_start_timing_relative', 'c4_lap_time_relative', 'c4_around_time_relative', 'c4_straight_time_relative', 'c4_ex_score', 'c4_st_score', 'c4_lap_score', 'c4_mawari_score', 'c4_straight_score', 'c4_attack_potential', 'c4_stable_score', 'c4_final_2nd_score', 'c4_second_rank', 'c4_gap_to_top', 'c5_exhibition_time_relative', 'c5_start_timing_relative', 'c5_lap_time_relative', 'c5_around_time_relative', 'c5_straight_time_relative', 'c5_ex_score', 'c5_st_score', 'c5_lap_score', 'c5_mawari_score', 'c5_straight_score', 'c5_attack_potential', 'c5_stable_score', 'c5_final_2nd_score', 'c5_second_rank', 'c5_gap_to_top', 'c6_exhibition_time_relative', 'c6_start_timing_relative', 'c6_lap_time_relative', 'c6_around_time_relative', 'c6_straight_time_relative', 'c6_ex_score', 'c6_st_score', 'c6_lap_score', 'c6_mawari_score', 'c6_straight_score', 'c6_attack_potential', 'c6_stable_score', 'c6_final_2nd_score', 'c6_second_rank', 'c6_gap_to_top']",,,,,[],[]
ASY,1,top3,6,XGBoost,-0.408839024522344,log_loss,0.014640092849731445,6.38540506362915,0.014640092849731445,6.38540506362915,1,True,5,161,1,1,822517,822517,822517,822517,0,0,XGBoostModel,,log_loss,"{'n_estimators': 10000, 'learning_rate': 0.1, 'n_jobs': -1, 'proc.max_category_levels': 100, 'objective': 'binary:logistic', 'booster': 'gbtree', 'seed': 0}",{'n_estimators': 26},"{'max_memory_usage_ratio': 1.0, 'max_gpu_memory_usage_ratio': 1.0, 'max_time_limit_ratio': 1.0, 'max_time_limit': None, 'min_time_limit': 0, 'valid_raw_types': ['bool', 'int', 'float', 'category'], 'valid_special_types': None, 'ignored_type_group_special': None, 'ignored_type_group_raw': None, 'get_features_kwargs': None, 'get_features_kwargs_extra': None, 'predict_1_batch_size': None, 'temperature_scalar': None}","['c1_history_n', 'c1_nige', 'c1_st_rank', 'c1_national_win_rate', 'c1_national_exacta_rate', 'c1_local_win_rate', 'c1_local_exacta_rate', 'c1_motor_exacta_rate', 'c1_boat_exacta_rate', 'c1_average_start', 'c2_history_n', 'c2_nige', 'c2_sashi', 'c2_makuri', 'c2_st_rank', 'c2_national_win_rate', 'c2_national_exacta_rate', 'c2_local_win_rate', 'c2_local_exacta_rate', 'c2_motor_exacta_rate', 'c2_boat_exacta_rate', 'c2_average_start', 'c3_history_n', 'c3_sashi', 'c3_makuri', 'c3_attack', 'c3_st_rank', 'c3_national_win_rate', 'c3_national_exacta_rate', 'c3_local_win_rate', 'c3_local_exacta_rate', 'c3_motor_exacta_rate', 'c3_boat_exacta_rate', 'c3_average_start', 'c4_history_n', 'c4_sashi', 'c4_makuri', 'c4_attack', 'c4_st_rank', 'c4_national_win_rate', 'c4_national_exacta_rate', 'c4_local_win_rate', 'c4_local_exacta_rate', 'c4_motor_exacta_rate', 'c4_boat_exacta_rate', 'c4_average_start', 'c5_history_n', 'c5_sashi', 'c5_makuri', 'c5_attack', 'c5_st_rank', 'c5_national_win_rate', 'c5_national_exacta_rate', 'c5_local_win_rate', 'c5_local_exacta_rate', 'c5_motor_exacta_rate', 'c5_boat_exacta_rate', 'c5_average_start', 'c6_history_n', 'c6_sashi', 'c6_makuri', 'c6_attack', 'c6_st_rank', 'c6_national_win_rate', 'c6_national_exacta_rate', 'c6_local_win_rate', 'c6_local_exacta_rate', 'c6_motor_exacta_rate', 'c6_boat_exacta_rate', 'c6_average_start', 'lane1_vulnerability_rate', 'c1_exhibition_time_relative', 'c1_start_timing_relative', 'c1_lap_time_relative', 'c1_around_time_relative', 'c1_straight_time_relative', 'c1_ex_score', 'c1_st_score', 'c1_lap_score', 'c1_mawari_score', 'c1_straight_score', 'c1_attack_potential', 'c1_stable_score', 'c1_final_2nd_score', 'c1_second_rank', 'c1_gap_to_top', 'c2_exhibition_time_relative', 'c2_start_timing_relative', 'c2_lap_time_relative', 'c2_around_time_relative', 'c2_straight_time_relative', 'c2_ex_score', 'c2_st_score', 'c2_lap_score', 'c2_mawari_score', 'c2_straight_score', 'c2_attack_potential', 'c2_stable_score', 'c2_final_2nd_score', 'c2_second_rank', 'c2_gap_to_top', 'c3_exhibition_time_relative', 'c3_start_timing_relative', 'c3_lap_time_relative', 'c3_around_time_relative', 'c3_straight_time_relative', 'c3_ex_score', 'c3_st_score', 'c3_lap_score', 'c3_mawari_score', 'c3_straight_score', 'c3_attack_potential', 'c3_stable_score', 'c3_final_2nd_score', 'c3_second_rank', 'c3_gap_to_top', 'c4_exhibition_time_relative', 'c4_start_timing_relative', 'c4_lap_time_relative', 'c4_around_time_relative', 'c4_straight_time_relative', 'c4_ex_score', 'c4_st_score', 'c4_lap_score', 'c4_mawari_score', 'c4_straight_score', 'c4_attack_potential', 'c4_stable_score', 'c4_final_2nd_score', 'c4_second_rank', 'c4_gap_to_top', 'c5_exhibition_time_relative', 'c5_start_timing_relative', 'c5_lap_time_relative', 'c5_around_time_relative', 'c5_straight_time_relative', 'c5_ex_score', 'c5_st_score', 'c5_lap_score', 'c5_mawari_score', 'c5_straight_score', 'c5_attack_potential', 'c5_stable_score', 'c5_final_2nd_score', 'c5_second_rank', 'c5_gap_to_top', 'c6_exhibition_time_relative', 'c6_start_timing_relative', 'c6_lap_time_relative', 'c6_around_time_relative', 'c6_straight_time_relative', 'c6_ex_score', 'c6_st_score', 'c6_lap_score', 'c6_mawari_score', 'c6_straight_score', 'c6_attack_potential', 'c6_stable_score', 'c6_final_2nd_score', 'c6_second_rank', 'c6_gap_to_top']",,,,,[],[]
ASY,2,first,1,WeightedEnsemble_L2,-0.28995151148985676,log_loss,0.14882707595825195,13.462063550949097,0.0007140636444091797,0.022353172302246094,2,True,6,3,1,4,3792,18635811,3792,17747184,3,0,WeightedEnsembleModel,GreedyWeightedEnsembleModel,log_loss,"{'use_orig_features': False, 'valid_stacker': True, 'max_base_models': 0, 'max_base_models_per_type': 'auto', 'save_bag_folds': True, 'stratify': 'auto', 'bin': 'auto', 'n_bins': None, 'vary_seed_across_folds': False, 'custom_splits': None, 'model_random_seed': 0}",{},"{'max_memory_usage_ratio': 1.0, 'max_gpu_memory_usage_ratio': 1.0, 'max_time_limit_ratio': 1.0, 'max_time_limit': None, 'min_time_limit': 0, 'valid_raw_types': None, 'valid_special_types': None, 'ignored_type_group_special': None, 'ignored_type_group_raw': None, 'get_features_kwargs': None, 'get_features_kwargs_extra': None, 'predict_1_batch_size': None, 'temperature_scalar': None, 'drop_unique': False}","['XGBoost', 'CatBoost', 'ExtraTrees']",,"{'ensemble_size': 25, 'subsample_size': 1000000}",{'ensemble_size': 16},"{'max_memory_usage_ratio': 1.0, 'max_gpu_memory_usage_ratio': 1.0, 'max_time_limit_ratio': 1.0, 'max_time_limit': None, 'min_time_limit': 0, 'valid_raw_types': None, 'valid_special_types': None, 'ignored_type_group_special': None, 'ignored_type_group_raw': None, 'get_features_kwargs': None, 'get_features_kwargs_extra': None, 'predict_1_batch_size': None, 'temperature_scalar': None, 'drop_unique': False}","['XGBoost', 'CatBoost', 'ExtraTrees']",[]
ASY,2,first,2,CatBoost,-0.29191271065943997,log_loss,0.011339187622070312,6.54453706741333,0.011339187622070312,6.54453706741333,1,True,3,161,1,1,186111,186111,186111,186111,0,1,CatBoostModel,,log_loss,"{'iterations': 10000, 'learning_rate': 0.05, 'allow_writing_files': False, 'eval_metric': 'Logloss', 'random_seed': 0}",{'iterations': 121},"{'max_memory_usage_ratio': 1.0, 'max_gpu_memory_usage_ratio': 1.0, 'max_time_limit_ratio': 1.0, 'max_time_limit': None, 'min_time_limit': 0, 'valid_raw_types': ['bool', 'int', 'float', 'category'], 'valid_special_types': None, 'ignored_type_group_special': None, 'ignored_type_group_raw': None, 'get_features_kwargs': None, 'get_features_kwargs_extra': None, 'predict_1_batch_size': None, 'temperature_scalar': None}","['c1_history_n', 'c1_nige', 'c1_st_rank', 'c1_national_win_rate', 'c1_national_exacta_rate', 'c1_local_win_rate', 'c1_local_exacta_rate', 'c1_motor_exacta_rate', 'c1_boat_exacta_rate', 'c1_average_start', 'c2_history_n', 'c2_nige', 'c2_sashi', 'c2_makuri', 'c2_st_rank', 'c2_national_win_rate', 'c2_national_exacta_rate', 'c2_local_win_rate', 'c2_local_exacta_rate', 'c2_motor_exacta_rate', 'c2_boat_exacta_rate', 'c2_average_start', 'c3_history_n', 'c3_sashi', 'c3_makuri', 'c3_attack', 'c3_st_rank', 'c3_national_win_rate', 'c3_national_exacta_rate', 'c3_local_win_rate', 'c3_local_exacta_rate', 'c3_motor_exacta_rate', 'c3_boat_exacta_rate', 'c3_average_start', 'c4_history_n', 'c4_sashi', 'c4_makuri', 'c4_attack', 'c4_st_rank', 'c4_national_win_rate', 'c4_national_exacta_rate', 'c4_local_win_rate', 'c4_local_exacta_rate', 'c4_motor_exacta_rate', 'c4_boat_exacta_rate', 'c4_average_start', 'c5_history_n', 'c5_sashi', 'c5_makuri', 'c5_attack', 'c5_st_rank', 'c5_national_win_rate', 'c5_national_exacta_rate', 'c5_local_win_rate', 'c5_local_exacta_rate', 'c5_motor_exacta_rate', 'c5_boat_exacta_rate', 'c5_average_start', 'c6_history_n', 'c6_sashi', 'c6_makuri', 'c6_attack', 'c6_st_rank', 'c6_national_win_rate', 'c6_national_exacta_rate', 'c6_local_win_rate', 'c6_local_exacta_rate', 'c6_motor_exacta_rate', 'c6_boat_exacta_rate', 'c6_average_start', 'lane1_vulnerability_rate', 'c1_exhibition_time_relative', 'c1_start_timing_relative', 'c1_lap_time_relative', 'c1_around_time_relative', 'c1_straight_time_relative', 'c1_ex_score', 'c1_st_score', 'c1_lap_score', 'c1_mawari_score', 'c1_straight_score', 'c1_attack_potential', 'c1_stable_score', 'c1_final_2nd_score', 'c1_second_rank', 'c1_gap_to_top', 'c2_exhibition_time_relative', 'c2_start_timing_relative', 'c2_lap_time_relative', 'c2_around_time_relative', 'c2_straight_time_relative', 'c2_ex_score', 'c2_st_score', 'c2_lap_score', 'c2_mawari_score', 'c2_straight_score', 'c2_attack_potential', 'c2_stable_score', 'c2_final_2nd_score', 'c2_second_rank', 'c2_gap_to_top', 'c3_exhibition_time_relative', 'c3_start_timing_relative', 'c3_lap_time_relative', 'c3_around_time_relative', 'c3_straight_time_relative', 'c3_ex_score', 'c3_st_score', 'c3_lap_score', 'c3_mawari_score', 'c3_straight_score', 'c3_attack_potential', 'c3_stable_score', 'c3_final_2nd_score', 'c3_second_rank', 'c3_gap_to_top', 'c4_exhibition_time_relative', 'c4_start_timing_relative', 'c4_lap_time_relative', 'c4_around_time_relative', 'c4_straight_time_relative', 'c4_ex_score', 'c4_st_score', 'c4_lap_score', 'c4_mawari_score', 'c4_straight_score', 'c4_attack_potential', 'c4_stable_score', 'c4_final_2nd_score', 'c4_second_rank', 'c4_gap_to_top', 'c5_exhibition_time_relative', 'c5_start_timing_relative', 'c5_lap_time_relative', 'c5_around_time_relative', 'c5_straight_time_relative', 'c5_ex_score', 'c5_st_score', 'c5_lap_score', 'c5_mawari_score', 'c5_straight_score', 'c5_attack_potential', 'c5_stable_score', 'c5_final_2nd_score', 'c5_second_rank', 'c5_gap_to_top', 'c6_exhibition_time_relative', 'c6_start_timing_relative', 'c6_lap_time_relative', 'c6_around_time_relative', 'c6_straight_time_relative', 'c6_ex_score', 'c6_st_score', 'c6_lap_score', 'c6_mawari_score', 'c6_straight_score', 'c6_attack_potential', 'c6_stable_score', 'c6_final_2nd_score', 'c6_second_rank', 'c6_gap_to_top']",,,,,[],['WeightedEnsemble_L2']
ASY,2,first,3,ExtraTrees,-0.2950443249501533,log_loss,0.12225484848022461,1.3397576808929443,0.12225484848022461,1.3397576808929443,1,True,4,161,1,1,17747184,17747184,17747184,17747184,0,1,XTModel,,log_loss,"{'n_estimators': 300, 'max_leaf_nodes': 15000, 'n_jobs': -1, 'bootstrap': True, 'random_state': 0}",{'n_estimators': 300},"{'max_memory_usage_ratio': 1.0, 'max_gpu_memory_usage_ratio': 1.0, 'max_time_limit_ratio': 1.0, 'max_time_limit': None, 'min_time_limit': 0, 'valid_raw_types': ['bool', 'int', 'float', 'category'], 'valid_special_types': None, 'ignored_type_group_special': None, 'ignored_type_group_raw': None, 'get_features_kwargs': None, 'get_features_kwargs_extra': None, 'predict_1_batch_size': None, 'temperature_scalar': None}","['c1_history_n', 'c1_nige', 'c1_st_rank', 'c1_national_win_rate', 'c1_national_exacta_rate', 'c1_local_win_rate', 'c1_local_exacta_rate', 'c1_motor_exacta_rate', 'c1_boat_exacta_rate', 'c1_average_start', 'c2_history_n', 'c2_nige', 'c2_sashi', 'c2_makuri', 'c2_st_rank', 'c2_national_win_rate', 'c2_national_exacta_rate', 'c2_local_win_rate', 'c2_local_exacta_rate', 'c2_motor_exacta_rate', 'c2_boat_exacta_rate', 'c2_average_start', 'c3_history_n', 'c3_sashi', 'c3_makuri', 'c3_attack', 'c3_st_rank', 'c3_national_win_rate', 'c3_national_exacta_rate', 'c3_local_win_rate', 'c3_local_exacta_rate', 'c3_motor_exacta_rate', 'c3_boat_exacta_rate', 'c3_average_start', 'c4_history_n', 'c4_sashi', 'c4_makuri', 'c4_attack', 'c4_st_rank', 'c4_national_win_rate', 'c4_national_exacta_rate', 'c4_local_win_rate', 'c4_local_exacta_rate', 'c4_motor_exacta_rate', 'c4_boat_exacta_rate', 'c4_average_start', 'c5_history_n', 'c5_sashi', 'c5_makuri', 'c5_attack', 'c5_st_rank', 'c5_national_win_rate', 'c5_national_exacta_rate', 'c5_local_win_rate', 'c5_local_exacta_rate', 'c5_motor_exacta_rate', 'c5_boat_exacta_rate', 'c5_average_start', 'c6_history_n', 'c6_sashi', 'c6_makuri', 'c6_attack', 'c6_st_rank', 'c6_national_win_rate', 'c6_national_exacta_rate', 'c6_local_win_rate', 'c6_local_exacta_rate', 'c6_motor_exacta_rate', 'c6_boat_exacta_rate', 'c6_average_start', 'lane1_vulnerability_rate', 'c1_exhibition_time_relative', 'c1_start_timing_relative', 'c1_lap_time_relative', 'c1_around_time_relative', 'c1_straight_time_relative', 'c1_ex_score', 'c1_st_score', 'c1_lap_score', 'c1_mawari_score', 'c1_straight_score', 'c1_attack_potential', 'c1_stable_score', 'c1_final_2nd_score', 'c1_second_rank', 'c1_gap_to_top', 'c2_exhibition_time_relative', 'c2_start_timing_relative', 'c2_lap_time_relative', 'c2_around_time_relative', 'c2_straight_time_relative', 'c2_ex_score', 'c2_st_score', 'c2_lap_score', 'c2_mawari_score', 'c2_straight_score', 'c2_attack_potential', 'c2_stable_score', 'c2_final_2nd_score', 'c2_second_rank', 'c2_gap_to_top', 'c3_exhibition_time_relative', 'c3_start_timing_relative', 'c3_lap_time_relative', 'c3_around_time_relative', 'c3_straight_time_relative', 'c3_ex_score', 'c3_st_score', 'c3_lap_score', 'c3_mawari_score', 'c3_straight_score', 'c3_attack_potential', 'c3_stable_score', 'c3_final_2nd_score', 'c3_second_rank', 'c3_gap_to_top', 'c4_exhibition_time_relative', 'c4_start_timing_relative', 'c4_lap_time_relative', 'c4_around_time_relative', 'c4_straight_time_relative', 'c4_ex_score', 'c4_st_score', 'c4_lap_score', 'c4_mawari_score', 'c4_straight_score', 'c4_attack_potential', 'c4_stable_score', 'c4_final_2nd_score', 'c4_second_rank', 'c4_gap_to_top', 'c5_exhibition_time_relative', 'c5_start_timing_relative', 'c5_lap_time_relative', 'c5_around_time_relative', 'c5_straight_time_relative', 'c5_ex_score', 'c5_st_score', 'c5_lap_score', 'c5_mawari_score', 'c5_straight_score', 'c5_attack_potential', 'c5_stable_score', 'c5_final_2nd_score', 'c5_second_rank', 'c5_gap_to_top', 'c6_exhibition_time_relative', 'c6_start_timing_relative', 'c6_lap_time_relative', 'c6_around_time_relative', 'c6_straight_time_relative', 'c6_ex_score', 'c6_st_score', 'c6_lap_score', 'c6_mawari_score', 'c6_straight_score', 'c6_attack_potential', 'c6_stable_score', 'c6_final_2nd_score', 'c6_second_rank', 'c6_gap_to_top']",,,,,[],['WeightedEnsemble_L2']
ASY,2,first,4,LightGBM,-0.2985391516369173,log_loss,0.003924846649169922,2.993772029876709,0.003924846649169922,2.993772029876709,1,True,1,161,1,1,155206,155206,155206,155206,0,0,LGBModel,,log_loss,"{'learning_rate': 0.05, 'seed': 0}",{'num_boost_round': 40},"{'max_memory_usage_ratio': 1.0, 'max_gpu_memory_usage_ratio': 1.0, 'max_time_limit_ratio': 1.0, 'max_time_limit': None, 'min_time_limit': 0, 'valid_raw_types': ['bool', 'int', 'float', 'category'], 'valid_special_types': None, 'ignored_type_group_special': None, 'ignored_type_group_raw': None, 'get_features_kwargs': None, 'get_features_kwargs_extra': None, 'predict_1_batch_size': None, 'temperature_scalar': None}","['c1_history_n', 'c1_nige', 'c1_st_rank', 'c1_national_win_rate', 'c1_national_exacta_rate', 'c1_local_win_rate', 'c1_local_exacta_rate', 'c1_motor_exacta_rate', 'c1_boat_exacta_rate', 'c1_average_start', 'c2_history_n', 'c2_nige', 'c2_sashi', 'c2_makuri', 'c2_st_rank', 'c2_national_win_rate', 'c2_national_exacta_rate', 'c2_local_win_rate', 'c2_local_exacta_rate', 'c2_motor_exacta_rate', 'c2_boat_exacta_rate', 'c2_average_start', 'c3_history_n', 'c3_sashi', 'c3_makuri', 'c3_attack', 'c3_st_rank', 'c3_national_win_rate', 'c3_national_exacta_rate', 'c3_local_win_rate', 'c3_local_exacta_rate', 'c3_motor_exacta_rate', 'c3_boat_exacta_rate', 'c3_average_start', 'c4_history_n', 'c4_sashi', 'c4_makuri', 'c4_attack', 'c4_st_rank', 'c4_national_win_rate', 'c4_national_exacta_rate', 'c4_local_win_rate', 'c4_local_exacta_rate', 'c4_motor_exacta_rate', 'c4_boat_exacta_rate', 'c4_average_start', 'c5_history_n', 'c5_sashi', 'c5_makuri', 'c5_attack', 'c5_st_rank', 'c5_national_win_rate', 'c5_national_exacta_rate', 'c5_local_win_rate', 'c5_local_exacta_rate', 'c5_motor_exacta_rate', 'c5_boat_exacta_rate', 'c5_average_start', 'c6_history_n', 'c6_sashi', 'c6_makuri', 'c6_attack', 'c6_st_rank', 'c6_national_win_rate', 'c6_national_exacta_rate', 'c6_local_win_rate', 'c6_local_exacta_rate', 'c6_motor_exacta_rate', 'c6_boat_exacta_rate', 'c6_average_start', 'lane1_vulnerability_rate', 'c1_exhibition_time_relative', 'c1_start_timing_relative', 'c1_lap_time_relative', 'c1_around_time_relative', 'c1_straight_time_relative', 'c1_ex_score', 'c1_st_score', 'c1_lap_score', 'c1_mawari_score', 'c1_straight_score', 'c1_attack_potential', 'c1_stable_score', 'c1_final_2nd_score', 'c1_second_rank', 'c1_gap_to_top', 'c2_exhibition_time_relative', 'c2_start_timing_relative', 'c2_lap_time_relative', 'c2_around_time_relative', 'c2_straight_time_relative', 'c2_ex_score', 'c2_st_score', 'c2_lap_score', 'c2_mawari_score', 'c2_straight_score', 'c2_attack_potential', 'c2_stable_score', 'c2_final_2nd_score', 'c2_second_rank', 'c2_gap_to_top', 'c3_exhibition_time_relative', 'c3_start_timing_relative', 'c3_lap_time_relative', 'c3_around_time_relative', 'c3_straight_time_relative', 'c3_ex_score', 'c3_st_score', 'c3_lap_score', 'c3_mawari_score', 'c3_straight_score', 'c3_attack_potential', 'c3_stable_score', 'c3_final_2nd_score', 'c3_second_rank', 'c3_gap_to_top', 'c4_exhibition_time_relative', 'c4_start_timing_relative', 'c4_lap_time_relative', 'c4_around_time_relative', 'c4_straight_time_relative', 'c4_ex_score', 'c4_st_score', 'c4_lap_score', 'c4_mawari_score', 'c4_straight_score', 'c4_attack_potential', 'c4_stable_score', 'c4_final_2nd_score', 'c4_second_rank', 'c4_gap_to_top', 'c5_exhibition_time_relative', 'c5_start_timing_relative', 'c5_lap_time_relative', 'c5_around_time_relative', 'c5_straight_time_relative', 'c5_ex_score', 'c5_st_score', 'c5_lap_score', 'c5_mawari_score', 'c5_straight_score', 'c5_attack_potential', 'c5_stable_score', 'c5_final_2nd_score', 'c5_second_rank', 'c5_gap_to_top', 'c6_exhibition_time_relative', 'c6_start_timing_relative', 'c6_lap_time_relative', 'c6_around_time_relative', 'c6_straight_time_relative', 'c6_ex_score', 'c6_st_score', 'c6_lap_score', 'c6_mawari_score', 'c6_straight_score', 'c6_attack_potential', 'c6_stable_score', 'c6_final_2nd_score', 'c6_second_rank', 'c6_gap_to_top']",,,,,[],[]
ASY,2,first,5,XGBoost,-0.29896623984955045,log_loss,0.014518976211547852,5.555415630340576,0.014518976211547852,5.555415630340576,1,True,5,161,1,1,698724,698724,698724,698724,0,1,XGBoostModel,,log_loss,"{'n_estimators': 10000, 'learning_rate': 0.1, 'n_jobs': -1, 'proc.max_category_levels': 100, 'objective': 'binary:logistic', 'booster': 'gbtree', 'seed': 0}",{'n_estimators': 19},"{'max_memory_usage_ratio': 1.0, 'max_gpu_memory_usage_ratio': 1.0, 'max_time_limit_ratio': 1.0, 'max_time_limit': None, 'min_time_limit': 0, 'valid_raw_types': ['bool', 'int', 'float', 'category'], 'valid_special_types': None, 'ignored_type_group_special': None, 'ignored_type_group_raw': None, 'get_features_kwargs': None, 'get_features_kwargs_extra': None, 'predict_1_batch_size': None, 'temperature_scalar': None}","['c1_history_n', 'c1_nige', 'c1_st_rank', 'c1_national_win_rate', 'c1_national_exacta_rate', 'c1_local_win_rate', 'c1_local_exacta_rate', 'c1_motor_exacta_rate', 'c1_boat_exacta_rate', 'c1_average_start', 'c2_history_n', 'c2_nige', 'c2_sashi', 'c2_makuri', 'c2_st_rank', 'c2_national_win_rate', 'c2_national_exacta_rate', 'c2_local_win_rate', 'c2_local_exacta_rate', 'c2_motor_exacta_rate', 'c2_boat_exacta_rate', 'c2_average_start', 'c3_history_n', 'c3_sashi', 'c3_makuri', 'c3_attack', 'c3_st_rank', 'c3_national_win_rate', 'c3_national_exacta_rate', 'c3_local_win_rate', 'c3_local_exacta_rate', 'c3_motor_exacta_rate', 'c3_boat_exacta_rate', 'c3_average_start', 'c4_history_n', 'c4_sashi', 'c4_makuri', 'c4_attack', 'c4_st_rank', 'c4_national_win_rate', 'c4_national_exacta_rate', 'c4_local_win_rate', 'c4_local_exacta_rate', 'c4_motor_exacta_rate', 'c4_boat_exacta_rate', 'c4_average_start', 'c5_history_n', 'c5_sashi', 'c5_makuri', 'c5_attack', 'c5_st_rank', 'c5_national_win_rate', 'c5_national_exacta_rate', 'c5_local_win_rate', 'c5_local_exacta_rate', 'c5_motor_exacta_rate', 'c5_boat_exacta_rate', 'c5_average_start', 'c6_history_n', 'c6_sashi', 'c6_makuri', 'c6_attack', 'c6_st_rank', 'c6_national_win_rate', 'c6_national_exacta_rate', 'c6_local_win_rate', 'c6_local_exacta_rate', 'c6_motor_exacta_rate', 'c6_boat_exacta_rate', 'c6_average_start', 'lane1_vulnerability_rate', 'c1_exhibition_time_relative', 'c1_start_timing_relative', 'c1_lap_time_relative', 'c1_around_time_relative', 'c1_straight_time_relative', 'c1_ex_score', 'c1_st_score', 'c1_lap_score', 'c1_mawari_score', 'c1_straight_score', 'c1_attack_potential', 'c1_stable_score', 'c1_final_2nd_score', 'c1_second_rank', 'c1_gap_to_top', 'c2_exhibition_time_relative', 'c2_start_timing_relative', 'c2_lap_time_relative', 'c2_around_time_relative', 'c2_straight_time_relative', 'c2_ex_score', 'c2_st_score', 'c2_lap_score', 'c2_mawari_score', 'c2_straight_score', 'c2_attack_potential', 'c2_stable_score', 'c2_final_2nd_score', 'c2_second_rank', 'c2_gap_to_top', 'c3_exhibition_time_relative', 'c3_start_timing_relative', 'c3_lap_time_relative', 'c3_around_time_relative', 'c3_straight_time_relative', 'c3_ex_score', 'c3_st_score', 'c3_lap_score', 'c3_mawari_score', 'c3_straight_score', 'c3_attack_potential', 'c3_stable_score', 'c3_final_2nd_score', 'c3_second_rank', 'c3_gap_to_top', 'c4_exhibition_time_relative', 'c4_start_timing_relative', 'c4_lap_time_relative', 'c4_around_time_relative', 'c4_straight_time_relative', 'c4_ex_score', 'c4_st_score', 'c4_lap_score', 'c4_mawari_score', 'c4_straight_score', 'c4_attack_potential', 'c4_stable_score', 'c4_final_2nd_score', 'c4_second_rank', 'c4_gap_to_top', 'c5_exhibition_time_relative', 'c5_start_timing_relative', 'c5_lap_time_relative', 'c5_around_time_relative', 'c5_straight_time_relative', 'c5_ex_score', 'c5_st_score', 'c5_lap_score', 'c5_mawari_score', 'c5_straight_score', 'c5_attack_potential', 'c5_stable_score', 'c5_final_2nd_score', 'c5_second_rank', 'c5_gap_to_top', 'c6_exhibition_time_relative', 'c6_start_timing_relative', 'c6_lap_time_relative', 'c6_around_time_relative', 'c6_straight_time_relative', 'c6_ex_score', 'c6_st_score', 'c6_lap_score', 'c6_mawari_score', 'c6_straight_score', 'c6_attack_potential', 'c6_stable_score', 'c6_final_2nd_score', 'c6_second_rank', 'c6_gap_to_top']",,,,,[],['WeightedEnsemble_L2']
ASY,2,first,6,RandomForest,-0.30026163092691716,log_loss,0.11357688903808594,2.8663864135742188,0.11357688903808594,2.8663864135742188,1,True,2,161,1,1,11028820,11028820,11028820,11028820,0,0,RFModel,,log_loss,"{'n_estimators': 300, 'max_leaf_nodes': 15000, 'n_jobs': -1, 'bootstrap': True, 'random_state': 0}",{'n_estimators': 300},"{'max_memory_usage_ratio': 1.0, 'max_gpu_memory_usage_ratio': 1.0, 'max_time_limit_ratio': 1.0, 'max_time_limit': None, 'min_time_limit': 0, 'valid_raw_types': ['bool', 'int', 'float', 'category'], 'valid_special_types': None, 'ignored_type_group_special': None, 'ignored_type_group_raw': None, 'get_features_kwargs': None, 'get_features_kwargs_extra': None, 'predict_1_batch_size': None, 'temperature_scalar': None}","['c1_history_n', 'c1_nige', 'c1_st_rank', 'c1_national_win_rate', 'c1_national_exacta_rate', 'c1_local_win_rate', 'c1_local_exacta_rate', 'c1_motor_exacta_rate', 'c1_boat_exacta_rate', 'c1_average_start', 'c2_history_n', 'c2_nige', 'c2_sashi', 'c2_makuri', 'c2_st_rank', 'c2_national_win_rate', 'c2_national_exacta_rate', 'c2_local_win_rate', 'c2_local_exacta_rate', 'c2_motor_exacta_rate', 'c2_boat_exacta_rate', 'c2_average_start', 'c3_history_n', 'c3_sashi', 'c3_makuri', 'c3_attack', 'c3_st_rank', 'c3_national_win_rate', 'c3_national_exacta_rate', 'c3_local_win_rate', 'c3_local_exacta_rate', 'c3_motor_exacta_rate', 'c3_boat_exacta_rate', 'c3_average_start', 'c4_history_n', 'c4_sashi', 'c4_makuri', 'c4_attack', 'c4_st_rank', 'c4_national_win_rate', 'c4_national_exacta_rate', 'c4_local_win_rate', 'c4_local_exacta_rate', 'c4_motor_exacta_rate', 'c4_boat_exacta_rate', 'c4_average_start', 'c5_history_n', 'c5_sashi', 'c5_makuri', 'c5_attack', 'c5_st_rank', 'c5_national_win_rate', 'c5_national_exacta_rate', 'c5_local_win_rate', 'c5_local_exacta_rate', 'c5_motor_exacta_rate', 'c5_boat_exacta_rate', 'c5_average_start', 'c6_history_n', 'c6_sashi', 'c6_makuri', 'c6_attack', 'c6_st_rank', 'c6_national_win_rate', 'c6_national_exacta_rate', 'c6_local_win_rate', 'c6_local_exacta_rate', 'c6_motor_exacta_rate', 'c6_boat_exacta_rate', 'c6_average_start', 'lane1_vulnerability_rate', 'c1_exhibition_time_relative', 'c1_start_timing_relative', 'c1_lap_time_relative', 'c1_around_time_relative', 'c1_straight_time_relative', 'c1_ex_score', 'c1_st_score', 'c1_lap_score', 'c1_mawari_score', 'c1_straight_score', 'c1_attack_potential', 'c1_stable_score', 'c1_final_2nd_score', 'c1_second_rank', 'c1_gap_to_top', 'c2_exhibition_time_relative', 'c2_start_timing_relative', 'c2_lap_time_relative', 'c2_around_time_relative', 'c2_straight_time_relative', 'c2_ex_score', 'c2_st_score', 'c2_lap_score', 'c2_mawari_score', 'c2_straight_score', 'c2_attack_potential', 'c2_stable_score', 'c2_final_2nd_score', 'c2_second_rank', 'c2_gap_to_top', 'c3_exhibition_time_relative', 'c3_start_timing_relative', 'c3_lap_time_relative', 'c3_around_time_relative', 'c3_straight_time_relative', 'c3_ex_score', 'c3_st_score', 'c3_lap_score', 'c3_mawari_score', 'c3_straight_score', 'c3_attack_potential', 'c3_stable_score', 'c3_final_2nd_score', 'c3_second_rank', 'c3_gap_to_top', 'c4_exhibition_time_relative', 'c4_start_timing_relative', 'c4_lap_time_relative', 'c4_around_time_relative', 'c4_straight_time_relative', 'c4_ex_score', 'c4_st_score', 'c4_lap_score', 'c4_mawari_score', 'c4_straight_score', 'c4_attack_potential', 'c4_stable_score', 'c4_final_2nd_score', 'c4_second_rank', 'c4_gap_to_top', 'c5_exhibition_time_relative', 'c5_start_timing_relative', 'c5_lap_time_relative', 'c5_around_time_relative', 'c5_straight_time_relative', 'c5_ex_score', 'c5_st_score', 'c5_lap_score', 'c5_mawari_score', 'c5_straight_score', 'c5_attack_potential', 'c5_stable_score', 'c5_final_2nd_score', 'c5_second_rank', 'c5_gap_to_top', 'c6_exhibition_time_relative', 'c6_start_timing_relative', 'c6_lap_time_relative', 'c6_around_time_relative', 'c6_straight_time_relative', 'c6_ex_score', 'c6_st_score', 'c6_lap_score', 'c6_mawari_score', 'c6_straight_score', 'c6_attack_potential', 'c6_stable_score', 'c6_final_2nd_score', 'c6_second_rank', 'c6_gap_to_top']",,,,,[],[]
ASY,2,top2,1,WeightedEnsemble_L2,-0.5930083575990153,log_loss,0.13531947135925293,8.181731939315796,0.0007061958312988281,0.021607398986816406,2,True,6,2,1,3,3782,35302733,3782,35108402,2,0,WeightedEnsembleModel,GreedyWeightedEnsembleModel,log_loss,"{'use_orig_features': False, 'valid_stacker': True, 'max_base_models': 0, 'max_base_models_per_type': 'auto', 'save_bag_folds': True, 'stratify': 'auto', 'bin': 'auto', 'n_bins': None, 'vary_seed_across_folds': False, 'custom_splits': None, 'model_random_seed': 0}",{},"{'max_memory_usage_ratio': 1.0, 'max_gpu_memory_usage_ratio': 1.0, 'max_time_limit_ratio': 1.0, 'max_time_limit': None, 'min_time_limit': 0, 'valid_raw_types': None, 'valid_special_types': None, 'ignored_type_group_special': None, 'ignored_type_group_raw': None, 'get_features_kwargs': None, 'get_features_kwargs_extra': None, 'predict_1_batch_size': None, 'temperature_scalar': None, 'drop_unique': False}","['CatBoost', 'ExtraTrees']",,"{'ensemble_size': 25, 'subsample_size': 1000000}",{'ensemble_size': 24},"{'max_memory_usage_ratio': 1.0, 'max_gpu_memory_usage_ratio': 1.0, 'max_time_limit_ratio': 1.0, 'max_time_limit': None, 'min_time_limit': 0, 'valid_raw_types': None, 'valid_special_types': None, 'ignored_type_group_special': None, 'ignored_type_group_raw': None, 'get_features_kwargs': None, 'get_features_kwargs_extra': None, 'predict_1_batch_size': None, 'temperature_scalar': None, 'drop_unique': False}","['CatBoost', 'ExtraTrees']",[]
ASY,2,top2,2,CatBoost,-0.5930272310640657,log_loss,0.01156926155090332,6.63505220413208,0.01156926155090332,6.63505220413208,1,True,3,161,1,1,190549,190549,190549,190549,0,1,CatBoostModel,,log_loss,"{'iterations': 10000, 'learning_rate': 0.05, 'allow_writing_files': False, 'eval_metric': 'Logloss', 'random_seed': 0}",{'iterations': 125},"{'max_memory_usage_ratio': 1.0, 'max_gpu_memory_usage_ratio': 1.0, 'max_time_limit_ratio': 1.0, 'max_time_limit': None, 'min_time_limit': 0, 'valid_raw_types': ['bool', 'int', 'float', 'category'], 'valid_special_types': None, 'ignored_type_group_special': None, 'ignored_type_group_raw': None, 'get_features_kwargs': None, 'get_features_kwargs_extra': None, 'predict_1_batch_size': None, 'temperature_scalar': None}","['c1_history_n', 'c1_nige', 'c1_st_rank', 'c1_national_win_rate', 'c1_national_exacta_rate', 'c1_local_win_rate', 'c1_local_exacta_rate', 'c1_motor_exacta_rate', 'c1_boat_exacta_rate', 'c1_average_start', 'c2_history_n', 'c2_nige', 'c2_sashi', 'c2_makuri', 'c2_st_rank', 'c2_national_win_rate', 'c2_national_exacta_rate', 'c2_local_win_rate', 'c2_local_exacta_rate', 'c2_motor_exacta_rate', 'c2_boat_exacta_rate', 'c2_average_start', 'c3_history_n', 'c3_sashi', 'c3_makuri', 'c3_attack', 'c3_st_rank', 'c3_national_win_rate', 'c3_national_exacta_rate', 'c3_local_win_rate', 'c3_local_exacta_rate', 'c3_motor_exacta_rate', 'c3_boat_exacta_rate', 'c3_average_start', 'c4_history_n', 'c4_sashi', 'c4_makuri', 'c4_attack', 'c4_st_rank', 'c4_national_win_rate', 'c4_national_exacta_rate', 'c4_local_win_rate', 'c4_local_exacta_rate', 'c4_motor_exacta_rate', 'c4_boat_exacta_rate', 'c4_average_start', 'c5_history_n', 'c5_sashi', 'c5_makuri', 'c5_attack', 'c5_st_rank', 'c5_national_win_rate', 'c5_national_exacta_rate', 'c5_local_win_rate', 'c5_local_exacta_rate', 'c5_motor_exacta_rate', 'c5_boat_exacta_rate', 'c5_average_start', 'c6_history_n', 'c6_sashi', 'c6_makuri', 'c6_attack', 'c6_st_rank', 'c6_national_win_rate', 'c6_national_exacta_rate', 'c6_local_win_rate', 'c6_local_exacta_rate', 'c6_motor_exacta_rate', 'c6_boat_exacta_rate', 'c6_average_start', 'lane1_vulnerability_rate', 'c1_exhibition_time_relative', 'c1_start_timing_relative', 'c1_lap_time_relative', 'c1_around_time_relative', 'c1_straight_time_relative', 'c1_ex_score', 'c1_st_score', 'c1_lap_score', 'c1_mawari_score', 'c1_straight_score', 'c1_attack_potential', 'c1_stable_score', 'c1_final_2nd_score', 'c1_second_rank', 'c1_gap_to_top', 'c2_exhibition_time_relative', 'c2_start_timing_relative', 'c2_lap_time_relative', 'c2_around_time_relative', 'c2_straight_time_relative', 'c2_ex_score', 'c2_st_score', 'c2_lap_score', 'c2_mawari_score', 'c2_straight_score', 'c2_attack_potential', 'c2_stable_score', 'c2_final_2nd_score', 'c2_second_rank', 'c2_gap_to_top', 'c3_exhibition_time_relative', 'c3_start_timing_relative', 'c3_lap_time_relative', 'c3_around_time_relative', 'c3_straight_time_relative', 'c3_ex_score', 'c3_st_score', 'c3_lap_score', 'c3_mawari_score', 'c3_straight_score', 'c3_attack_potential', 'c3_stable_score', 'c3_final_2nd_score', 'c3_second_rank', 'c3_gap_to_top', 'c4_exhibition_time_relative', 'c4_start_timing_relative', 'c4_lap_time_relative', 'c4_around_time_relative', 'c4_straight_time_relative', 'c4_ex_score', 'c4_st_score', 'c4_lap_score', 'c4_mawari_score', 'c4_straight_score', 'c4_attack_potential', 'c4_stable_score', 'c4_final_2nd_score', 'c4_second_rank', 'c4_gap_to_top', 'c5_exhibition_time_relative', 'c5_start_timing_relative', 'c5_lap_time_relative', 'c5_around_time_relative', 'c5_straight_time_relative', 'c5_ex_score', 'c5_st_score', 'c5_lap_score', 'c5_mawari_score', 'c5_straight_score', 'c5_attack_potential', 'c5_stable_score', 'c5_final_2nd_score', 'c5_second_rank', 'c5_gap_to_top', 'c6_exhibition_time_relative', 'c6_start_timing_relative', 'c6_lap_time_relative', 'c6_around_time_relative', 'c6_straight_time_relative', 'c6_ex_score', 'c6_st_score', 'c6_lap_score', 'c6_mawari_score', 'c6_straight_score', 'c6_attack_potential', 'c6_stable_score', 'c6_final_2nd_score', 'c6_second_rank', 'c6_gap_to_top']",,,,,[],['WeightedEnsemble_L2']
ASY,2,top2,3,RandomForest,-0.6046738005165562,log_loss,0.12154579162597656,2.8241307735443115,0.12154579162597656,2.8241307735443115,1,True,2,161,1,1,21707768,21707768,21707768,21707768,0,0,RFModel,,log_loss,"{'n_estimators': 300, 'max_leaf_nodes': 15000, 'n_jobs': -1, 'bootstrap': True, 'random_state': 0}",{'n_estimators': 300},"{'max_memory_usage_ratio': 1.0, 'max_gpu_memory_usage_ratio': 1.0, 'max_time_limit_ratio': 1.0, 'max_time_limit': None, 'min_time_limit': 0, 'valid_raw_types': ['bool', 'int', 'float', 'category'], 'valid_special_types': None, 'ignored_type_group_special': None, 'ignored_type_group_raw': None, 'get_features_kwargs': None, 'get_features_kwargs_extra': None, 'predict_1_batch_size': None, 'temperature_scalar': None}","['c1_history_n', 'c1_nige', 'c1_st_rank', 'c1_national_win_rate', 'c1_national_exacta_rate', 'c1_local_win_rate', 'c1_local_exacta_rate', 'c1_motor_exacta_rate', 'c1_boat_exacta_rate', 'c1_average_start', 'c2_history_n', 'c2_nige', 'c2_sashi', 'c2_makuri', 'c2_st_rank', 'c2_national_win_rate', 'c2_national_exacta_rate', 'c2_local_win_rate', 'c2_local_exacta_rate', 'c2_motor_exacta_rate', 'c2_boat_exacta_rate', 'c2_average_start', 'c3_history_n', 'c3_sashi', 'c3_makuri', 'c3_attack', 'c3_st_rank', 'c3_national_win_rate', 'c3_national_exacta_rate', 'c3_local_win_rate', 'c3_local_exacta_rate', 'c3_motor_exacta_rate', 'c3_boat_exacta_rate', 'c3_average_start', 'c4_history_n', 'c4_sashi', 'c4_makuri', 'c4_attack', 'c4_st_rank', 'c4_national_win_rate', 'c4_national_exacta_rate', 'c4_local_win_rate', 'c4_local_exacta_rate', 'c4_motor_exacta_rate', 'c4_boat_exacta_rate', 'c4_average_start', 'c5_history_n', 'c5_sashi', 'c5_makuri', 'c5_attack', 'c5_st_rank', 'c5_national_win_rate', 'c5_national_exacta_rate', 'c5_local_win_rate', 'c5_local_exacta_rate', 'c5_motor_exacta_rate', 'c5_boat_exacta_rate', 'c5_average_start', 'c6_history_n', 'c6_sashi', 'c6_makuri', 'c6_attack', 'c6_st_rank', 'c6_national_win_rate', 'c6_national_exacta_rate', 'c6_local_win_rate', 'c6_local_exacta_rate', 'c6_motor_exacta_rate', 'c6_boat_exacta_rate', 'c6_average_start', 'lane1_vulnerability_rate', 'c1_exhibition_time_relative', 'c1_start_timing_relative', 'c1_lap_time_relative', 'c1_around_time_relative', 'c1_straight_time_relative', 'c1_ex_score', 'c1_st_score', 'c1_lap_score', 'c1_mawari_score', 'c1_straight_score', 'c1_attack_potential', 'c1_stable_score', 'c1_final_2nd_score', 'c1_second_rank', 'c1_gap_to_top', 'c2_exhibition_time_relative', 'c2_start_timing_relative', 'c2_lap_time_relative', 'c2_around_time_relative', 'c2_straight_time_relative', 'c2_ex_score', 'c2_st_score', 'c2_lap_score', 'c2_mawari_score', 'c2_straight_score', 'c2_attack_potential', 'c2_stable_score', 'c2_final_2nd_score', 'c2_second_rank', 'c2_gap_to_top', 'c3_exhibition_time_relative', 'c3_start_timing_relative', 'c3_lap_time_relative', 'c3_around_time_relative', 'c3_straight_time_relative', 'c3_ex_score', 'c3_st_score', 'c3_lap_score', 'c3_mawari_score', 'c3_straight_score', 'c3_attack_potential', 'c3_stable_score', 'c3_final_2nd_score', 'c3_second_rank', 'c3_gap_to_top', 'c4_exhibition_time_relative', 'c4_start_timing_relative', 'c4_lap_time_relative', 'c4_around_time_relative', 'c4_straight_time_relative', 'c4_ex_score', 'c4_st_score', 'c4_lap_score', 'c4_mawari_score', 'c4_straight_score', 'c4_attack_potential', 'c4_stable_score', 'c4_final_2nd_score', 'c4_second_rank', 'c4_gap_to_top', 'c5_exhibition_time_relative', 'c5_start_timing_relative', 'c5_lap_time_relative', 'c5_around_time_relative', 'c5_straight_time_relative', 'c5_ex_score', 'c5_st_score', 'c5_lap_score', 'c5_mawari_score', 'c5_straight_score', 'c5_attack_potential', 'c5_stable_score', 'c5_final_2nd_score', 'c5_second_rank', 'c5_gap_to_top', 'c6_exhibition_time_relative', 'c6_start_timing_relative', 'c6_lap_time_relative', 'c6_around_time_relative', 'c6_straight_time_relative', 'c6_ex_score', 'c6_st_score', 'c6_lap_score', 'c6_mawari_score', 'c6_straight_score', 'c6_attack_potential', 'c6_stable_score', 'c6_final_2nd_score', 'c6_second_rank', 'c6_gap_to_top']",,,,,[],[]
ASY,2,top2,4,ExtraTrees,-0.6047235602129114,log_loss,0.12304401397705078,1.5250723361968994,0.12304401397705078,1.5250723361968994,1,True,4,161,1,1,35108402,35108402,35108402,35108402,0,1,XTModel,,log_loss,"{'n_estimators': 300, 'max_leaf_nodes': 15000, 'n_jobs': -1, 'bootstrap': True, 'random_state': 0}",{'n_estimators': 300},"{'max_memory_usage_ratio': 1.0, 'max_gpu_memory_usage_ratio': 1.0, 'max_time_limit_ratio': 1.0, 'max_time_limit': None, 'min_time_limit': 0, 'valid_raw_types': ['bool', 'int', 'float', 'category'], 'valid_special_types': None, 'ignored_type_group_special': None, 'ignored_type_group_raw': None, 'get_features_kwargs': None, 'get_features_kwargs_extra': None, 'predict_1_batch_size': None, 'temperature_scalar': None}","['c1_history_n', 'c1_nige', 'c1_st_rank', 'c1_national_win_rate', 'c1_national_exacta_rate', 'c1_local_win_rate', 'c1_local_exacta_rate', 'c1_motor_exacta_rate', 'c1_boat_exacta_rate', 'c1_average_start', 'c2_history_n', 'c2_nige', 'c2_sashi', 'c2_makuri', 'c2_st_rank', 'c2_national_win_rate', 'c2_national_exacta_rate', 'c2_local_win_rate', 'c2_local_exacta_rate', 'c2_motor_exacta_rate', 'c2_boat_exacta_rate', 'c2_average_start', 'c3_history_n', 'c3_sashi', 'c3_makuri', 'c3_attack', 'c3_st_rank', 'c3_national_win_rate', 'c3_national_exacta_rate', 'c3_local_win_rate', 'c3_local_exacta_rate', 'c3_motor_exacta_rate', 'c3_boat_exacta_rate', 'c3_average_start', 'c4_history_n', 'c4_sashi', 'c4_makuri', 'c4_attack', 'c4_st_rank', 'c4_national_win_rate', 'c4_national_exacta_rate', 'c4_local_win_rate', 'c4_local_exacta_rate', 'c4_motor_exacta_rate', 'c4_boat_exacta_rate', 'c4_average_start', 'c5_history_n', 'c5_sashi', 'c5_makuri', 'c5_attack', 'c5_st_rank', 'c5_national_win_rate', 'c5_national_exacta_rate', 'c5_local_win_rate', 'c5_local_exacta_rate', 'c5_motor_exacta_rate', 'c5_boat_exacta_rate', 'c5_average_start', 'c6_history_n', 'c6_sashi', 'c6_makuri', 'c6_attack', 'c6_st_rank', 'c6_national_win_rate', 'c6_national_exacta_rate', 'c6_local_win_rate', 'c6_local_exacta_rate', 'c6_motor_exacta_rate', 'c6_boat_exacta_rate', 'c6_average_start', 'lane1_vulnerability_rate', 'c1_exhibition_time_relative', 'c1_start_timing_relative', 'c1_lap_time_relative', 'c1_around_time_relative', 'c1_straight_time_relative', 'c1_ex_score', 'c1_st_score', 'c1_lap_score', 'c1_mawari_score', 'c1_straight_score', 'c1_attack_potential', 'c1_stable_score', 'c1_final_2nd_score', 'c1_second_rank', 'c1_gap_to_top', 'c2_exhibition_time_relative', 'c2_start_timing_relative', 'c2_lap_time_relative', 'c2_around_time_relative', 'c2_straight_time_relative', 'c2_ex_score', 'c2_st_score', 'c2_lap_score', 'c2_mawari_score', 'c2_straight_score', 'c2_attack_potential', 'c2_stable_score', 'c2_final_2nd_score', 'c2_second_rank', 'c2_gap_to_top', 'c3_exhibition_time_relative', 'c3_start_timing_relative', 'c3_lap_time_relative', 'c3_around_time_relative', 'c3_straight_time_relative', 'c3_ex_score', 'c3_st_score', 'c3_lap_score', 'c3_mawari_score', 'c3_straight_score', 'c3_attack_potential', 'c3_stable_score', 'c3_final_2nd_score', 'c3_second_rank', 'c3_gap_to_top', 'c4_exhibition_time_relative', 'c4_start_timing_relative', 'c4_lap_time_relative', 'c4_around_time_relative', 'c4_straight_time_relative', 'c4_ex_score', 'c4_st_score', 'c4_lap_score', 'c4_mawari_score', 'c4_straight_score', 'c4_attack_potential', 'c4_stable_score', 'c4_final_2nd_score', 'c4_second_rank', 'c4_gap_to_top', 'c5_exhibition_time_relative', 'c5_start_timing_relative', 'c5_lap_time_relative', 'c5_around_time_relative', 'c5_straight_time_relative', 'c5_ex_score', 'c5_st_score', 'c5_lap_score', 'c5_mawari_score', 'c5_straight_score', 'c5_attack_potential', 'c5_stable_score', 'c5_final_2nd_score', 'c5_second_rank', 'c5_gap_to_top', 'c6_exhibition_time_relative', 'c6_start_timing_relative', 'c6_lap_time_relative', 'c6_around_time_relative', 'c6_straight_time_relative', 'c6_ex_score', 'c6_st_score', 'c6_lap_score', 'c6_mawari_score', 'c6_straight_score', 'c6_attack_potential', 'c6_stable_score', 'c6_final_2nd_score', 'c6_second_rank', 'c6_gap_to_top']",,,,,[],['WeightedEnsemble_L2']
ASY,2,top2,5,LightGBM,-0.6056932758442118,log_loss,0.003951072692871094,2.710465669631958,0.003951072692871094,2.710465669631958,1,True,1,161,1,1,145608,145608,145608,145608,0,0,LGBModel,,log_loss,"{'learning_rate': 0.05, 'seed': 0}",{'num_boost_round': 37},"{'max_memory_usage_ratio': 1.0, 'max_gpu_memory_usage_ratio': 1.0, 'max_time_limit_ratio': 1.0, 'max_time_limit': None, 'min_time_limit': 0, 'valid_raw_types': ['bool', 'int', 'float', 'category'], 'valid_special_types': None, 'ignored_type_group_special': None, 'ignored_type_group_raw': None, 'get_features_kwargs': None, 'get_features_kwargs_extra': None, 'predict_1_batch_size': None, 'temperature_scalar': None}","['c1_history_n', 'c1_nige', 'c1_st_rank', 'c1_national_win_rate', 'c1_national_exacta_rate', 'c1_local_win_rate', 'c1_local_exacta_rate', 'c1_motor_exacta_rate', 'c1_boat_exacta_rate', 'c1_average_start', 'c2_history_n', 'c2_nige', 'c2_sashi', 'c2_makuri', 'c2_st_rank', 'c2_national_win_rate', 'c2_national_exacta_rate', 'c2_local_win_rate', 'c2_local_exacta_rate', 'c2_motor_exacta_rate', 'c2_boat_exacta_rate', 'c2_average_start', 'c3_history_n', 'c3_sashi', 'c3_makuri', 'c3_attack', 'c3_st_rank', 'c3_national_win_rate', 'c3_national_exacta_rate', 'c3_local_win_rate', 'c3_local_exacta_rate', 'c3_motor_exacta_rate', 'c3_boat_exacta_rate', 'c3_average_start', 'c4_history_n', 'c4_sashi', 'c4_makuri', 'c4_attack', 'c4_st_rank', 'c4_national_win_rate', 'c4_national_exacta_rate', 'c4_local_win_rate', 'c4_local_exacta_rate', 'c4_motor_exacta_rate', 'c4_boat_exacta_rate', 'c4_average_start', 'c5_history_n', 'c5_sashi', 'c5_makuri', 'c5_attack', 'c5_st_rank', 'c5_national_win_rate', 'c5_national_exacta_rate', 'c5_local_win_rate', 'c5_local_exacta_rate', 'c5_motor_exacta_rate', 'c5_boat_exacta_rate', 'c5_average_start', 'c6_history_n', 'c6_sashi', 'c6_makuri', 'c6_attack', 'c6_st_rank', 'c6_national_win_rate', 'c6_national_exacta_rate', 'c6_local_win_rate', 'c6_local_exacta_rate', 'c6_motor_exacta_rate', 'c6_boat_exacta_rate', 'c6_average_start', 'lane1_vulnerability_rate', 'c1_exhibition_time_relative', 'c1_start_timing_relative', 'c1_lap_time_relative', 'c1_around_time_relative', 'c1_straight_time_relative', 'c1_ex_score', 'c1_st_score', 'c1_lap_score', 'c1_mawari_score', 'c1_straight_score', 'c1_attack_potential', 'c1_stable_score', 'c1_final_2nd_score', 'c1_second_rank', 'c1_gap_to_top', 'c2_exhibition_time_relative', 'c2_start_timing_relative', 'c2_lap_time_relative', 'c2_around_time_relative', 'c2_straight_time_relative', 'c2_ex_score', 'c2_st_score', 'c2_lap_score', 'c2_mawari_score', 'c2_straight_score', 'c2_attack_potential', 'c2_stable_score', 'c2_final_2nd_score', 'c2_second_rank', 'c2_gap_to_top', 'c3_exhibition_time_relative', 'c3_start_timing_relative', 'c3_lap_time_relative', 'c3_around_time_relative', 'c3_straight_time_relative', 'c3_ex_score', 'c3_st_score', 'c3_lap_score', 'c3_mawari_score', 'c3_straight_score', 'c3_attack_potential', 'c3_stable_score', 'c3_final_2nd_score', 'c3_second_rank', 'c3_gap_to_top', 'c4_exhibition_time_relative', 'c4_start_timing_relative', 'c4_lap_time_relative', 'c4_around_time_relative', 'c4_straight_time_relative', 'c4_ex_score', 'c4_st_score', 'c4_lap_score', 'c4_mawari_score', 'c4_straight_score', 'c4_attack_potential', 'c4_stable_score', 'c4_final_2nd_score', 'c4_second_rank', 'c4_gap_to_top', 'c5_exhibition_time_relative', 'c5_start_timing_relative', 'c5_lap_time_relative', 'c5_around_time_relative', 'c5_straight_time_relative', 'c5_ex_score', 'c5_st_score', 'c5_lap_score', 'c5_mawari_score', 'c5_straight_score', 'c5_attack_potential', 'c5_stable_score', 'c5_final_2nd_score', 'c5_second_rank', 'c5_gap_to_top', 'c6_exhibition_time_relative', 'c6_start_timing_relative', 'c6_lap_time_relative', 'c6_around_time_relative', 'c6_straight_time_relative', 'c6_ex_score', 'c6_st_score', 'c6_lap_score', 'c6_mawari_score', 'c6_straight_score', 'c6_attack_potential', 'c6_stable_score', 'c6_final_2nd_score', 'c6_second_rank', 'c6_gap_to_top']",,,,,[],[]
ASY,2,top2,6,XGBoost,-0.6092427789153524,log_loss,0.014385461807250977,6.91317343711853,0.014385461807250977,6.91317343711853,1,True,5,161,1,1,938163,938163,938163,938163,0,0,XGBoostModel,,log_loss,"{'n_estimators': 10000, 'learning_rate': 0.1, 'n_jobs': -1, 'proc.max_category_levels': 100, 'objective': 'binary:logistic', 'booster': 'gbtree', 'seed': 0}",{'n_estimators': 14},"{'max_memory_usage_ratio': 1.0, 'max_gpu_memory_usage_ratio': 1.0, 'max_time_limit_ratio': 1.0, 'max_time_limit': None, 'min_time_limit': 0, 'valid_raw_types': ['bool', 'int', 'float', 'category'], 'valid_special_types': None, 'ignored_type_group_special': None, 'ignored_type_group_raw': None, 'get_features_kwargs': None, 'get_features_kwargs_extra': None, 'predict_1_batch_size': None, 'temperature_scalar': None}","['c1_history_n', 'c1_nige', 'c1_st_rank', 'c1_national_win_rate', 'c1_national_exacta_rate', 'c1_local_win_rate', 'c1_local_exacta_rate', 'c1_motor_exacta_rate', 'c1_boat_exacta_rate', 'c1_average_start', 'c2_history_n', 'c2_nige', 'c2_sashi', 'c2_makuri', 'c2_st_rank', 'c2_national_win_rate', 'c2_national_exacta_rate', 'c2_local_win_rate', 'c2_local_exacta_rate', 'c2_motor_exacta_rate', 'c2_boat_exacta_rate', 'c2_average_start', 'c3_history_n', 'c3_sashi', 'c3_makuri', 'c3_attack', 'c3_st_rank', 'c3_national_win_rate', 'c3_national_exacta_rate', 'c3_local_win_rate', 'c3_local_exacta_rate', 'c3_motor_exacta_rate', 'c3_boat_exacta_rate', 'c3_average_start', 'c4_history_n', 'c4_sashi', 'c4_makuri', 'c4_attack', 'c4_st_rank', 'c4_national_win_rate', 'c4_national_exacta_rate', 'c4_local_win_rate', 'c4_local_exacta_rate', 'c4_motor_exacta_rate', 'c4_boat_exacta_rate', 'c4_average_start', 'c5_history_n', 'c5_sashi', 'c5_makuri', 'c5_attack', 'c5_st_rank', 'c5_national_win_rate', 'c5_national_exacta_rate', 'c5_local_win_rate', 'c5_local_exacta_rate', 'c5_motor_exacta_rate', 'c5_boat_exacta_rate', 'c5_average_start', 'c6_history_n', 'c6_sashi', 'c6_makuri', 'c6_attack', 'c6_st_rank', 'c6_national_win_rate', 'c6_national_exacta_rate', 'c6_local_win_rate', 'c6_local_exacta_rate', 'c6_motor_exacta_rate', 'c6_boat_exacta_rate', 'c6_average_start', 'lane1_vulnerability_rate', 'c1_exhibition_time_relative', 'c1_start_timing_relative', 'c1_lap_time_relative', 'c1_around_time_relative', 'c1_straight_time_relative', 'c1_ex_score', 'c1_st_score', 'c1_lap_score', 'c1_mawari_score', 'c1_straight_score', 'c1_attack_potential', 'c1_stable_score', 'c1_final_2nd_score', 'c1_second_rank', 'c1_gap_to_top', 'c2_exhibition_time_relative', 'c2_start_timing_relative', 'c2_lap_time_relative', 'c2_around_time_relative', 'c2_straight_time_relative', 'c2_ex_score', 'c2_st_score', 'c2_lap_score', 'c2_mawari_score', 'c2_straight_score', 'c2_attack_potential', 'c2_stable_score', 'c2_final_2nd_score', 'c2_second_rank', 'c2_gap_to_top', 'c3_exhibition_time_relative', 'c3_start_timing_relative', 'c3_lap_time_relative', 'c3_around_time_relative', 'c3_straight_time_relative', 'c3_ex_score', 'c3_st_score', 'c3_lap_score', 'c3_mawari_score', 'c3_straight_score', 'c3_attack_potential', 'c3_stable_score', 'c3_final_2nd_score', 'c3_second_rank', 'c3_gap_to_top', 'c4_exhibition_time_relative', 'c4_start_timing_relative', 'c4_lap_time_relative', 'c4_around_time_relative', 'c4_straight_time_relative', 'c4_ex_score', 'c4_st_score', 'c4_lap_score', 'c4_mawari_score', 'c4_straight_score', 'c4_attack_potential', 'c4_stable_score', 'c4_final_2nd_score', 'c4_second_rank', 'c4_gap_to_top', 'c5_exhibition_time_relative', 'c5_start_timing_relative', 'c5_lap_time_relative', 'c5_around_time_relative', 'c5_straight_time_relative', 'c5_ex_score', 'c5_st_score', 'c5_lap_score', 'c5_mawari_score', 'c5_straight_score', 'c5_attack_potential', 'c5_stable_score', 'c5_final_2nd_score', 'c5_second_rank', 'c5_gap_to_top', 'c6_exhibition_time_relative', 'c6_start_timing_relative', 'c6_lap_time_relative', 'c6_around_time_relative', 'c6_straight_time_relative', 'c6_ex_score', 'c6_st_score', 'c6_lap_score', 'c6_mawari_score', 'c6_straight_score', 'c6_attack_potential', 'c6_stable_score', 'c6_final_2nd_score', 'c6_second_rank', 'c6_gap_to_top']",,,,,[],[]
ASY,2,top3,1,WeightedEnsemble_L2,-0.6519637820812181,log_loss,0.15136122703552246,17.17975354194641,0.0007083415985107422,0.02113962173461914,2,True,6,4,1,5,3798,39549921,3798,38304082,4,0,WeightedEnsembleModel,GreedyWeightedEnsembleModel,log_loss,"{'use_orig_features': False, 'valid_stacker': True, 'max_base_models': 0, 'max_base_models_per_type': 'auto', 'save_bag_folds': True, 'stratify': 'auto', 'bin': 'auto', 'n_bins': None, 'vary_seed_across_folds': False, 'custom_splits': None, 'model_random_seed': 0}",{},"{'max_memory_usage_ratio': 1.0, 'max_gpu_memory_usage_ratio': 1.0, 'max_time_limit_ratio': 1.0, 'max_time_limit': None, 'min_time_limit': 0, 'valid_raw_types': None, 'valid_special_types': None, 'ignored_type_group_special': None, 'ignored_type_group_raw': None, 'get_features_kwargs': None, 'get_features_kwargs_extra': None, 'predict_1_batch_size': None, 'temperature_scalar': None, 'drop_unique': False}","['LightGBM', 'XGBoost', 'CatBoost', 'ExtraTrees']",,"{'ensemble_size': 25, 'subsample_size': 1000000}",{'ensemble_size': 18},"{'max_memory_usage_ratio': 1.0, 'max_gpu_memory_usage_ratio': 1.0, 'max_time_limit_ratio': 1.0, 'max_time_limit': None, 'min_time_limit': 0, 'valid_raw_types': None, 'valid_special_types': None, 'ignored_type_group_special': None, 'ignored_type_group_raw': None, 'get_features_kwargs': None, 'get_features_kwargs_extra': None, 'predict_1_batch_size': None, 'temperature_scalar': None, 'drop_unique': False}","['LightGBM', 'XGBoost', 'CatBoost', 'ExtraTrees']",[]
ASY,2,top3,2,CatBoost,-0.6546141014867746,log_loss,0.010561943054199219,5.862710237503052,0.010561943054199219,5.862710237503052,1,True,3,161,1,1,133349,133349,133349,133349,0,1,CatBoostModel,,log_loss,"{'iterations': 10000, 'learning_rate': 0.05, 'allow_writing_files': False, 'eval_metric': 'Logloss', 'random_seed': 0}",{'iterations': 76},"{'max_memory_usage_ratio': 1.0, 'max_gpu_memory_usage_ratio': 1.0, 'max_time_limit_ratio': 1.0, 'max_time_limit': None, 'min_time_limit': 0, 'valid_raw_types': ['bool', 'int', 'float', 'category'], 'valid_special_types': None, 'ignored_type_group_special': None, 'ignored_type_group_raw': None, 'get_features_kwargs': None, 'get_features_kwargs_extra': None, 'predict_1_batch_size': None, 'temperature_scalar': None}","['c1_history_n', 'c1_nige', 'c1_st_rank', 'c1_national_win_rate', 'c1_national_exacta_rate', 'c1_local_win_rate', 'c1_local_exacta_rate', 'c1_motor_exacta_rate', 'c1_boat_exacta_rate', 'c1_average_start', 'c2_history_n', 'c2_nige', 'c2_sashi', 'c2_makuri', 'c2_st_rank', 'c2_national_win_rate', 'c2_national_exacta_rate', 'c2_local_win_rate', 'c2_local_exacta_rate', 'c2_motor_exacta_rate', 'c2_boat_exacta_rate', 'c2_average_start', 'c3_history_n', 'c3_sashi', 'c3_makuri', 'c3_attack', 'c3_st_rank', 'c3_national_win_rate', 'c3_national_exacta_rate', 'c3_local_win_rate', 'c3_local_exacta_rate', 'c3_motor_exacta_rate', 'c3_boat_exacta_rate', 'c3_average_start', 'c4_history_n', 'c4_sashi', 'c4_makuri', 'c4_attack', 'c4_st_rank', 'c4_national_win_rate', 'c4_national_exacta_rate', 'c4_local_win_rate', 'c4_local_exacta_rate', 'c4_motor_exacta_rate', 'c4_boat_exacta_rate', 'c4_average_start', 'c5_history_n', 'c5_sashi', 'c5_makuri', 'c5_attack', 'c5_st_rank', 'c5_national_win_rate', 'c5_national_exacta_rate', 'c5_local_win_rate', 'c5_local_exacta_rate', 'c5_motor_exacta_rate', 'c5_boat_exacta_rate', 'c5_average_start', 'c6_history_n', 'c6_sashi', 'c6_makuri', 'c6_attack', 'c6_st_rank', 'c6_national_win_rate', 'c6_national_exacta_rate', 'c6_local_win_rate', 'c6_local_exacta_rate', 'c6_motor_exacta_rate', 'c6_boat_exacta_rate', 'c6_average_start', 'lane1_vulnerability_rate', 'c1_exhibition_time_relative', 'c1_start_timing_relative', 'c1_lap_time_relative', 'c1_around_time_relative', 'c1_straight_time_relative', 'c1_ex_score', 'c1_st_score', 'c1_lap_score', 'c1_mawari_score', 'c1_straight_score', 'c1_attack_potential', 'c1_stable_score', 'c1_final_2nd_score', 'c1_second_rank', 'c1_gap_to_top', 'c2_exhibition_time_relative', 'c2_start_timing_relative', 'c2_lap_time_relative', 'c2_around_time_relative', 'c2_straight_time_relative', 'c2_ex_score', 'c2_st_score', 'c2_lap_score', 'c2_mawari_score', 'c2_straight_score', 'c2_attack_potential', 'c2_stable_score', 'c2_final_2nd_score', 'c2_second_rank', 'c2_gap_to_top', 'c3_exhibition_time_relative', 'c3_start_timing_relative', 'c3_lap_time_relative', 'c3_around_time_relative', 'c3_straight_time_relative', 'c3_ex_score', 'c3_st_score', 'c3_lap_score', 'c3_mawari_score', 'c3_straight_score', 'c3_attack_potential', 'c3_stable_score', 'c3_final_2nd_score', 'c3_second_rank', 'c3_gap_to_top', 'c4_exhibition_time_relative', 'c4_start_timing_relative', 'c4_lap_time_relative', 'c4_around_time_relative', 'c4_straight_time_relative', 'c4_ex_score', 'c4_st_score', 'c4_lap_score', 'c4_mawari_score', 'c4_straight_score', 'c4_attack_potential', 'c4_stable_score', 'c4_final_2nd_score', 'c4_second_rank', 'c4_gap_to_top', 'c5_exhibition_time_relative', 'c5_start_timing_relative', 'c5_lap_time_relative', 'c5_around_time_relative', 'c5_straight_time_relative', 'c5_ex_score', 'c5_st_score', 'c5_lap_score', 'c5_mawari_score', 'c5_straight_score', 'c5_attack_potential', 'c5_stable_score', 'c5_final_2nd_score', 'c5_second_rank', 'c5_gap_to_top', 'c6_exhibition_time_relative', 'c6_start_timing_relative', 'c6_lap_time_relative', 'c6_around_time_relative', 'c6_straight_time_relative', 'c6_ex_score', 'c6_st_score', 'c6_lap_score', 'c6_mawari_score', 'c6_straight_score', 'c6_attack_potential', 'c6_stable_score', 'c6_final_2nd_score', 'c6_second_rank', 'c6_gap_to_top']",,,,,[],['WeightedEnsemble_L2']
ASY,2,top3,3,LightGBM,-0.6571799633151604,log_loss,0.0037109851837158203,2.458258867263794,0.0037109851837158203,2.458258867263794,1,True,1,161,1,1,125163,125163,125163,125163,0,1,LGBModel,,log_loss,"{'learning_rate': 0.05, 'seed': 0}",{'num_boost_round': 31},"{'max_memory_usage_ratio': 1.0, 'max_gpu_memory_usage_ratio': 1.0, 'max_time_limit_ratio': 1.0, 'max_time_limit': None, 'min_time_limit': 0, 'valid_raw_types': ['bool', 'int', 'float', 'category'], 'valid_special_types': None, 'ignored_type_group_special': None, 'ignored_type_group_raw': None, 'get_features_kwargs': None, 'get_features_kwargs_extra': None, 'predict_1_batch_size': None, 'temperature_scalar': None}","['c1_history_n', 'c1_nige', 'c1_st_rank', 'c1_national_win_rate', 'c1_national_exacta_rate', 'c1_local_win_rate', 'c1_local_exacta_rate', 'c1_motor_exacta_rate', 'c1_boat_exacta_rate', 'c1_average_start', 'c2_history_n', 'c2_nige', 'c2_sashi', 'c2_makuri', 'c2_st_rank', 'c2_national_win_rate', 'c2_national_exacta_rate', 'c2_local_win_rate', 'c2_local_exacta_rate', 'c2_motor_exacta_rate', 'c2_boat_exacta_rate', 'c2_average_start', 'c3_history_n', 'c3_sashi', 'c3_makuri', 'c3_attack', 'c3_st_rank', 'c3_national_win_rate', 'c3_national_exacta_rate', 'c3_local_win_rate', 'c3_local_exacta_rate', 'c3_motor_exacta_rate', 'c3_boat_exacta_rate', 'c3_average_start', 'c4_history_n', 'c4_sashi', 'c4_makuri', 'c4_attack', 'c4_st_rank', 'c4_national_win_rate', 'c4_national_exacta_rate', 'c4_local_win_rate', 'c4_local_exacta_rate', 'c4_motor_exacta_rate', 'c4_boat_exacta_rate', 'c4_average_start', 'c5_history_n', 'c5_sashi', 'c5_makuri', 'c5_attack', 'c5_st_rank', 'c5_national_win_rate', 'c5_national_exacta_rate', 'c5_local_win_rate', 'c5_local_exacta_rate', 'c5_motor_exacta_rate', 'c5_boat_exacta_rate', 'c5_average_start', 'c6_history_n', 'c6_sashi', 'c6_makuri', 'c6_attack', 'c6_st_rank', 'c6_national_win_rate', 'c6_national_exacta_rate', 'c6_local_win_rate', 'c6_local_exacta_rate', 'c6_motor_exacta_rate', 'c6_boat_exacta_rate', 'c6_average_start', 'lane1_vulnerability_rate', 'c1_exhibition_time_relative', 'c1_start_timing_relative', 'c1_lap_time_relative', 'c1_around_time_relative', 'c1_straight_time_relative', 'c1_ex_score', 'c1_st_score', 'c1_lap_score', 'c1_mawari_score', 'c1_straight_score', 'c1_attack_potential', 'c1_stable_score', 'c1_final_2nd_score', 'c1_second_rank', 'c1_gap_to_top', 'c2_exhibition_time_relative', 'c2_start_timing_relative', 'c2_lap_time_relative', 'c2_around_time_relative', 'c2_straight_time_relative', 'c2_ex_score', 'c2_st_score', 'c2_lap_score', 'c2_mawari_score', 'c2_straight_score', 'c2_attack_potential', 'c2_stable_score', 'c2_final_2nd_score', 'c2_second_rank', 'c2_gap_to_top', 'c3_exhibition_time_relative', 'c3_start_timing_relative', 'c3_lap_time_relative', 'c3_around_time_relative', 'c3_straight_time_relative', 'c3_ex_score', 'c3_st_score', 'c3_lap_score', 'c3_mawari_score', 'c3_straight_score', 'c3_attack_potential', 'c3_stable_score', 'c3_final_2nd_score', 'c3_second_rank', 'c3_gap_to_top', 'c4_exhibition_time_relative', 'c4_start_timing_relative', 'c4_lap_time_relative', 'c4_around_time_relative', 'c4_straight_time_relative', 'c4_ex_score', 'c4_st_score', 'c4_lap_score', 'c4_mawari_score', 'c4_straight_score', 'c4_attack_potential', 'c4_stable_score', 'c4_final_2nd_score', 'c4_second_rank', 'c4_gap_to_top', 'c5_exhibition_time_relative', 'c5_start_timing_relative', 'c5_lap_time_relative', 'c5_around_time_relative', 'c5_straight_time_relative', 'c5_ex_score', 'c5_st_score', 'c5_lap_score', 'c5_mawari_score', 'c5_straight_score', 'c5_attack_potential', 'c5_stable_score', 'c5_final_2nd_score', 'c5_second_rank', 'c5_gap_to_top', 'c6_exhibition_time_relative', 'c6_start_timing_relative', 'c6_lap_time_relative', 'c6_around_time_relative', 'c6_straight_time_relative', 'c6_ex_score', 'c6_st_score', 'c6_lap_score', 'c6_mawari_score', 'c6_straight_score', 'c6_attack_potential', 'c6_stable_score', 'c6_final_2nd_score', 'c6_second_rank', 'c6_gap_to_top']",,,,,[],['WeightedEnsemble_L2']
ASY,2,top3,4,RandomForest,-0.6579795589863029,log_loss,0.12231874465942383,2.8393189907073975,0.12231874465942383,2.8393189907073975,1,True,2,161,1,1,23637208,23637208,23637208,23637208,0,0,RFModel,,log_loss,"{'n_estimators': 300, 'max_leaf_nodes': 15000, 'n_jobs': -1, 'bootstrap': True, 'random_state': 0}",{'n_estimators': 300},"{'max_memory_usage_ratio': 1.0, 'max_gpu_memory_usage_ratio': 1.0, 'max_time_limit_ratio': 1.0, 'max_time_limit': None, 'min_time_limit': 0, 'valid_raw_types': ['bool', 'int', 'float', 'category'], 'valid_special_types': None, 'ignored_type_group_special': None, 'ignored_type_group_raw': None, 'get_features_kwargs': None, 'get_features_kwargs_extra': None, 'predict_1_batch_size': None, 'temperature_scalar': None}","['c1_history_n', 'c1_nige', 'c1_st_rank', 'c1_national_win_rate', 'c1_national_exacta_rate', 'c1_local_win_rate', 'c1_local_exacta_rate', 'c1_motor_exacta_rate', 'c1_boat_exacta_rate', 'c1_average_start', 'c2_history_n', 'c2_nige', 'c2_sashi', 'c2_makuri', 'c2_st_rank', 'c2_national_win_rate', 'c2_national_exacta_rate', 'c2_local_win_rate', 'c2_local_exacta_rate', 'c2_motor_exacta_rate', 'c2_boat_exacta_rate', 'c2_average_start', 'c3_history_n', 'c3_sashi', 'c3_makuri', 'c3_attack', 'c3_st_rank', 'c3_national_win_rate', 'c3_national_exacta_rate', 'c3_local_win_rate', 'c3_local_exacta_rate', 'c3_motor_exacta_rate', 'c3_boat_exacta_rate', 'c3_average_start', 'c4_history_n', 'c4_sashi', 'c4_makuri', 'c4_attack', 'c4_st_rank', 'c4_national_win_rate', 'c4_national_exacta_rate', 'c4_local_win_rate', 'c4_local_exacta_rate', 'c4_motor_exacta_rate', 'c4_boat_exacta_rate', 'c4_average_start', 'c5_history_n', 'c5_sashi', 'c5_makuri', 'c5_attack', 'c5_st_rank', 'c5_national_win_rate', 'c5_national_exacta_rate', 'c5_local_win_rate', 'c5_local_exacta_rate', 'c5_motor_exacta_rate', 'c5_boat_exacta_rate', 'c5_average_start', 'c6_history_n', 'c6_sashi', 'c6_makuri', 'c6_attack', 'c6_st_rank', 'c6_national_win_rate', 'c6_national_exacta_rate', 'c6_local_win_rate', 'c6_local_exacta_rate', 'c6_motor_exacta_rate', 'c6_boat_exacta_rate', 'c6_average_start', 'lane1_vulnerability_rate', 'c1_exhibition_time_relative', 'c1_start_timing_relative', 'c1_lap_time_relative', 'c1_around_time_relative', 'c1_straight_time_relative', 'c1_ex_score', 'c1_st_score', 'c1_lap_score', 'c1_mawari_score', 'c1_straight_score', 'c1_attack_potential', 'c1_stable_score', 'c1_final_2nd_score', 'c1_second_rank', 'c1_gap_to_top', 'c2_exhibition_time_relative', 'c2_start_timing_relative', 'c2_lap_time_relative', 'c2_around_time_relative', 'c2_straight_time_relative', 'c2_ex_score', 'c2_st_score', 'c2_lap_score', 'c2_mawari_score', 'c2_straight_score', 'c2_attack_potential', 'c2_stable_score', 'c2_final_2nd_score', 'c2_second_rank', 'c2_gap_to_top', 'c3_exhibition_time_relative', 'c3_start_timing_relative', 'c3_lap_time_relative', 'c3_around_time_relative', 'c3_straight_time_relative', 'c3_ex_score', 'c3_st_score', 'c3_lap_score', 'c3_mawari_score', 'c3_straight_score', 'c3_attack_potential', 'c3_stable_score', 'c3_final_2nd_score', 'c3_second_rank', 'c3_gap_to_top', 'c4_exhibition_time_relative', 'c4_start_timing_relative', 'c4_lap_time_relative', 'c4_around_time_relative', 'c4_straight_time_relative', 'c4_ex_score', 'c4_st_score', 'c4_lap_score', 'c4_mawari_score', 'c4_straight_score', 'c4_attack_potential', 'c4_stable_score', 'c4_final_2nd_score', 'c4_second_rank', 'c4_gap_to_top', 'c5_exhibition_time_relative', 'c5_start_timing_relative', 'c5_lap_time_relative', 'c5_around_time_relative', 'c5_straight_time_relative', 'c5_ex_score', 'c5_st_score', 'c5_lap_score', 'c5_mawari_score', 'c5_straight_score', 'c5_attack_potential', 'c5_stable_score', 'c5_final_2nd_score', 'c5_second_rank', 'c5_gap_to_top', 'c6_exhibition_time_relative', 'c6_start_timing_relative', 'c6_lap_time_relative', 'c6_around_time_relative', 'c6_straight_time_relative', 'c6_ex_score', 'c6_st_score', 'c6_lap_score', 'c6_mawari_score', 'c6_straight_score', 'c6_attack_potential', 'c6_stable_score', 'c6_final_2nd_score', 'c6_second_rank', 'c6_gap_to_top']",,,,,[],[]
ASY,2,top3,5,XGBoost,-0.6583260286959683,log_loss,0.014662742614746094,7.265530824661255,0.014662742614746094,7.265530824661255,1,True,5,161,1,1,983529,983529,983529,983529,0,1,XGBoostModel,,log_loss,"{'n_estimators': 10000, 'learning_rate': 0.1, 'n_jobs': -1, 'proc.max_category_levels': 100, 'objective': 'binary:logistic', 'booster': 'gbtree', 'seed': 0}",{'n_estimators': 23},"{'max_memory_usage_ratio': 1.0, 'max_gpu_memory_usage_ratio': 1.0, 'max_time_limit_ratio': 1.0, 'max_time_limit': None, 'min_time_limit': 0, 'valid_raw_types': ['bool', 'int', 'float', 'category'], 'valid_special_types': None, 'ignored_type_group_special': None, 'ignored_type_group_raw': None, 'get_features_kwargs': None, 'get_features_kwargs_extra': None, 'predict_1_batch_size': None, 'temperature_scalar': None}","['c1_history_n', 'c1_nige', 'c1_st_rank', 'c1_national_win_rate', 'c1_national_exacta_rate', 'c1_local_win_rate', 'c1_local_exacta_rate', 'c1_motor_exacta_rate', 'c1_boat_exacta_rate', 'c1_average_start', 'c2_history_n', 'c2_nige', 'c2_sashi', 'c2_makuri', 'c2_st_rank', 'c2_national_win_rate', 'c2_national_exacta_rate', 'c2_local_win_rate', 'c2_local_exacta_rate', 'c2_motor_exacta_rate', 'c2_boat_exacta_rate', 'c2_average_start', 'c3_history_n', 'c3_sashi', 'c3_makuri', 'c3_attack', 'c3_st_rank', 'c3_national_win_rate', 'c3_national_exacta_rate', 'c3_local_win_rate', 'c3_local_exacta_rate', 'c3_motor_exacta_rate', 'c3_boat_exacta_rate', 'c3_average_start', 'c4_history_n', 'c4_sashi', 'c4_makuri', 'c4_attack', 'c4_st_rank', 'c4_national_win_rate', 'c4_national_exacta_rate', 'c4_local_win_rate', 'c4_local_exacta_rate', 'c4_motor_exacta_rate', 'c4_boat_exacta_rate', 'c4_average_start', 'c5_history_n', 'c5_sashi', 'c5_makuri', 'c5_attack', 'c5_st_rank', 'c5_national_win_rate', 'c5_national_exacta_rate', 'c5_local_win_rate', 'c5_local_exacta_rate', 'c5_motor_exacta_rate', 'c5_boat_exacta_rate', 'c5_average_start', 'c6_history_n', 'c6_sashi', 'c6_makuri', 'c6_attack', 'c6_st_rank', 'c6_national_win_rate', 'c6_national_exacta_rate', 'c6_local_win_rate', 'c6_local_exacta_rate', 'c6_motor_exacta_rate', 'c6_boat_exacta_rate', 'c6_average_start', 'lane1_vulnerability_rate', 'c1_exhibition_time_relative', 'c1_start_timing_relative', 'c1_lap_time_relative', 'c1_around_time_relative', 'c1_straight_time_relative', 'c1_ex_score', 'c1_st_score', 'c1_lap_score', 'c1_mawari_score', 'c1_straight_score', 'c1_attack_potential', 'c1_stable_score', 'c1_final_2nd_score', 'c1_second_rank', 'c1_gap_to_top', 'c2_exhibition_time_relative', 'c2_start_timing_relative', 'c2_lap_time_relative', 'c2_around_time_relative', 'c2_straight_time_relative', 'c2_ex_score', 'c2_st_score', 'c2_lap_score', 'c2_mawari_score', 'c2_straight_score', 'c2_attack_potential', 'c2_stable_score', 'c2_final_2nd_score', 'c2_second_rank', 'c2_gap_to_top', 'c3_exhibition_time_relative', 'c3_start_timing_relative', 'c3_lap_time_relative', 'c3_around_time_relative', 'c3_straight_time_relative', 'c3_ex_score', 'c3_st_score', 'c3_lap_score', 'c3_mawari_score', 'c3_straight_score', 'c3_attack_potential', 'c3_stable_score', 'c3_final_2nd_score', 'c3_second_rank', 'c3_gap_to_top', 'c4_exhibition_time_relative', 'c4_start_timing_relative', 'c4_lap_time_relative', 'c4_around_time_relative', 'c4_straight_time_relative', 'c4_ex_score', 'c4_st_score', 'c4_lap_score', 'c4_mawari_score', 'c4_straight_score', 'c4_attack_potential', 'c4_stable_score', 'c4_final_2nd_score', 'c4_second_rank', 'c4_gap_to_top', 'c5_exhibition_time_relative', 'c5_start_timing_relative', 'c5_lap_time_relative', 'c5_around_time_relative', 'c5_straight_time_relative', 'c5_ex_score', 'c5_st_score', 'c5_lap_score', 'c5_mawari_score', 'c5_straight_score', 'c5_attack_potential', 'c5_stable_score', 'c5_final_2nd_score', 'c5_second_rank', 'c5_gap_to_top', 'c6_exhibition_time_relative', 'c6_start_timing_relative', 'c6_lap_time_relative', 'c6_around_time_relative', 'c6_straight_time_relative', 'c6_ex_score', 'c6_st_score', 'c6_lap_score', 'c6_mawari_score', 'c6_straight_score', 'c6_attack_potential', 'c6_stable_score', 'c6_final_2nd_score', 'c6_second_rank', 'c6_gap_to_top']",,,,,[],['WeightedEnsemble_L2']
ASY,2,top3,6,ExtraTrees,-0.6589173475928235,log_loss,0.12171721458435059,1.5721139907836914,0.12171721458435059,1.5721139907836914,1,True,4,161,1,1,38304082,38304082,38304082,38304082,0,1,XTModel,,log_loss,"{'n_estimators': 300, 'max_leaf_nodes': 15000, 'n_jobs': -1, 'bootstrap': True, 'random_state': 0}",{'n_estimators': 300},"{'max_memory_usage_ratio': 1.0, 'max_gpu_memory_usage_ratio': 1.0, 'max_time_limit_ratio': 1.0, 'max_time_limit': None, 'min_time_limit': 0, 'valid_raw_types': ['bool', 'int', 'float', 'category'], 'valid_special_types': None, 'ignored_type_group_special': None, 'ignored_type_group_raw': None, 'get_features_kwargs': None, 'get_features_kwargs_extra': None, 'predict_1_batch_size': None, 'temperature_scalar': None}","['c1_history_n', 'c1_nige', 'c1_st_rank', 'c1_national_win_rate', 'c1_national_exacta_rate', 'c1_local_win_rate', 'c1_local_exacta_rate', 'c1_motor_exacta_rate', 'c1_boat_exacta_rate', 'c1_average_start', 'c2_history_n', 'c2_nige', 'c2_sashi', 'c2_makuri', 'c2_st_rank', 'c2_national_win_rate', 'c2_national_exacta_rate', 'c2_local_win_rate', 'c2_local_exacta_rate', 'c2_motor_exacta_rate', 'c2_boat_exacta_rate', 'c2_average_start', 'c3_history_n', 'c3_sashi', 'c3_makuri', 'c3_attack', 'c3_st_rank', 'c3_national_win_rate', 'c3_national_exacta_rate', 'c3_local_win_rate', 'c3_local_exacta_rate', 'c3_motor_exacta_rate', 'c3_boat_exacta_rate', 'c3_average_start', 'c4_history_n', 'c4_sashi', 'c4_makuri', 'c4_attack', 'c4_st_rank', 'c4_national_win_rate', 'c4_national_exacta_rate', 'c4_local_win_rate', 'c4_local_exacta_rate', 'c4_motor_exacta_rate', 'c4_boat_exacta_rate', 'c4_average_start', 'c5_history_n', 'c5_sashi', 'c5_makuri', 'c5_attack', 'c5_st_rank', 'c5_national_win_rate', 'c5_national_exacta_rate', 'c5_local_win_rate', 'c5_local_exacta_rate', 'c5_motor_exacta_rate', 'c5_boat_exacta_rate', 'c5_average_start', 'c6_history_n', 'c6_sashi', 'c6_makuri', 'c6_attack', 'c6_st_rank', 'c6_national_win_rate', 'c6_national_exacta_rate', 'c6_local_win_rate', 'c6_local_exacta_rate', 'c6_motor_exacta_rate', 'c6_boat_exacta_rate', 'c6_average_start', 'lane1_vulnerability_rate', 'c1_exhibition_time_relative', 'c1_start_timing_relative', 'c1_lap_time_relative', 'c1_around_time_relative', 'c1_straight_time_relative', 'c1_ex_score', 'c1_st_score', 'c1_lap_score', 'c1_mawari_score', 'c1_straight_score', 'c1_attack_potential', 'c1_stable_score', 'c1_final_2nd_score', 'c1_second_rank', 'c1_gap_to_top', 'c2_exhibition_time_relative', 'c2_start_timing_relative', 'c2_lap_time_relative', 'c2_around_time_relative', 'c2_straight_time_relative', 'c2_ex_score', 'c2_st_score', 'c2_lap_score', 'c2_mawari_score', 'c2_straight_score', 'c2_attack_potential', 'c2_stable_score', 'c2_final_2nd_score', 'c2_second_rank', 'c2_gap_to_top', 'c3_exhibition_time_relative', 'c3_start_timing_relative', 'c3_lap_time_relative', 'c3_around_time_relative', 'c3_straight_time_relative', 'c3_ex_score', 'c3_st_score', 'c3_lap_score', 'c3_mawari_score', 'c3_straight_score', 'c3_attack_potential', 'c3_stable_score', 'c3_final_2nd_score', 'c3_second_rank', 'c3_gap_to_top', 'c4_exhibition_time_relative', 'c4_start_timing_relative', 'c4_lap_time_relative', 'c4_around_time_relative', 'c4_straight_time_relative', 'c4_ex_score', 'c4_st_score', 'c4_lap_score', 'c4_mawari_score', 'c4_straight_score', 'c4_attack_potential', 'c4_stable_score', 'c4_final_2nd_score', 'c4_second_rank', 'c4_gap_to_top', 'c5_exhibition_time_relative', 'c5_start_timing_relative', 'c5_lap_time_relative', 'c5_around_time_relative', 'c5_straight_time_relative', 'c5_ex_score', 'c5_st_score', 'c5_lap_score', 'c5_mawari_score', 'c5_straight_score', 'c5_attack_potential', 'c5_stable_score', 'c5_final_2nd_score', 'c5_second_rank', 'c5_gap_to_top', 'c6_exhibition_time_relative', 'c6_start_timing_relative', 'c6_lap_time_relative', 'c6_around_time_relative', 'c6_straight_time_relative', 'c6_ex_score', 'c6_st_score', 'c6_lap_score', 'c6_mawari_score', 'c6_straight_score', 'c6_attack_potential', 'c6_stable_score', 'c6_final_2nd_score', 'c6_second_rank', 'c6_gap_to_top']",,,,,[],['WeightedEnsemble_L2']
ASY,3,first,1,WeightedEnsemble_L2,-0.31033347584128035,log_loss,0.015368461608886719,8.893978118896484,0.000713348388671875,0.02154827117919922,2,True,6,2,1,3,3784,250756,3784,150079,2,0,WeightedEnsembleModel,GreedyWeightedEnsembleModel,log_loss,"{'use_orig_features': False, 'valid_stacker': True, 'max_base_models': 0, 'max_base_models_per_type': 'auto', 'save_bag_folds': True, 'stratify': 'auto', 'bin': 'auto', 'n_bins': None, 'vary_seed_across_folds': False, 'custom_splits': None, 'model_random_seed': 0}",{},"{'max_memory_usage_ratio': 1.0, 'max_gpu_memory_usage_ratio': 1.0, 'max_time_limit_ratio': 1.0, 'max_time_limit': None, 'min_time_limit': 0, 'valid_raw_types': None, 'valid_special_types': None, 'ignored_type_group_special': None, 'ignored_type_group_raw': None, 'get_features_kwargs': None, 'get_features_kwargs_extra': None, 'predict_1_batch_size': None, 'temperature_scalar': None, 'drop_unique': False}","['LightGBM', 'CatBoost']",,"{'ensemble_size': 25, 'subsample_size': 1000000}",{'ensemble_size': 22},"{'max_memory_usage_ratio': 1.0, 'max_gpu_memory_usage_ratio': 1.0, 'max_time_limit_ratio': 1.0, 'max_time_limit': None, 'min_time_limit': 0, 'valid_raw_types': None, 'valid_special_types': None, 'ignored_type_group_special': None, 'ignored_type_group_raw': None, 'get_features_kwargs': None, 'get_features_kwargs_extra': None, 'predict_1_batch_size': None, 'temperature_scalar': None, 'drop_unique': False}","['LightGBM', 'CatBoost']",[]
ASY,3,first,2,LightGBM,-0.31047781454243967,log_loss,0.003354310989379883,2.783845901489258,0.003354310989379883,2.783845901489258,1,True,1,161,1,1,96893,96893,96893,96893,0,1,LGBModel,,log_loss,"{'learning_rate': 0.05, 'seed': 0}",{'num_boost_round': 23},"{'max_memory_usage_ratio': 1.0, 'max_gpu_memory_usage_ratio': 1.0, 'max_time_limit_ratio': 1.0, 'max_time_limit': None, 'min_time_limit': 0, 'valid_raw_types': ['bool', 'int', 'float', 'category'], 'valid_special_types': None, 'ignored_type_group_special': None, 'ignored_type_group_raw': None, 'get_features_kwargs': None, 'get_features_kwargs_extra': None, 'predict_1_batch_size': None, 'temperature_scalar': None}","['c1_history_n', 'c1_nige', 'c1_st_rank', 'c1_national_win_rate', 'c1_national_exacta_rate', 'c1_local_win_rate', 'c1_local_exacta_rate', 'c1_motor_exacta_rate', 'c1_boat_exacta_rate', 'c1_average_start', 'c2_history_n', 'c2_nige', 'c2_sashi', 'c2_makuri', 'c2_st_rank', 'c2_national_win_rate', 'c2_national_exacta_rate', 'c2_local_win_rate', 'c2_local_exacta_rate', 'c2_motor_exacta_rate', 'c2_boat_exacta_rate', 'c2_average_start', 'c3_history_n', 'c3_sashi', 'c3_makuri', 'c3_attack', 'c3_st_rank', 'c3_national_win_rate', 'c3_national_exacta_rate', 'c3_local_win_rate', 'c3_local_exacta_rate', 'c3_motor_exacta_rate', 'c3_boat_exacta_rate', 'c3_average_start', 'c4_history_n', 'c4_sashi', 'c4_makuri', 'c4_attack', 'c4_st_rank', 'c4_national_win_rate', 'c4_national_exacta_rate', 'c4_local_win_rate', 'c4_local_exacta_rate', 'c4_motor_exacta_rate', 'c4_boat_exacta_rate', 'c4_average_start', 'c5_history_n', 'c5_sashi', 'c5_makuri', 'c5_attack', 'c5_st_rank', 'c5_national_win_rate', 'c5_national_exacta_rate', 'c5_local_win_rate', 'c5_local_exacta_rate', 'c5_motor_exacta_rate', 'c5_boat_exacta_rate', 'c5_average_start', 'c6_history_n', 'c6_sashi', 'c6_makuri', 'c6_attack', 'c6_st_rank', 'c6_national_win_rate', 'c6_national_exacta_rate', 'c6_local_win_rate', 'c6_local_exacta_rate', 'c6_motor_exacta_rate', 'c6_boat_exacta_rate', 'c6_average_start', 'lane1_vulnerability_rate', 'c1_exhibition_time_relative', 'c1_start_timing_relative', 'c1_lap_time_relative', 'c1_around_time_relative', 'c1_straight_time_relative', 'c1_ex_score', 'c1_st_score', 'c1_lap_score', 'c1_mawari_score', 'c1_straight_score', 'c1_attack_potential', 'c1_stable_score', 'c1_final_2nd_score', 'c1_second_rank', 'c1_gap_to_top', 'c2_exhibition_time_relative', 'c2_start_timing_relative', 'c2_lap_time_relative', 'c2_around_time_relative', 'c2_straight_time_relative', 'c2_ex_score', 'c2_st_score', 'c2_lap_score', 'c2_mawari_score', 'c2_straight_score', 'c2_attack_potential', 'c2_stable_score', 'c2_final_2nd_score', 'c2_second_rank', 'c2_gap_to_top', 'c3_exhibition_time_relative', 'c3_start_timing_relative', 'c3_lap_time_relative', 'c3_around_time_relative', 'c3_straight_time_relative', 'c3_ex_score', 'c3_st_score', 'c3_lap_score', 'c3_mawari_score', 'c3_straight_score', 'c3_attack_potential', 'c3_stable_score', 'c3_final_2nd_score', 'c3_second_rank', 'c3_gap_to_top', 'c4_exhibition_time_relative', 'c4_start_timing_relative', 'c4_lap_time_relative', 'c4_around_time_relative', 'c4_straight_time_relative', 'c4_ex_score', 'c4_st_score', 'c4_lap_score', 'c4_mawari_score', 'c4_straight_score', 'c4_attack_potential', 'c4_stable_score', 'c4_final_2nd_score', 'c4_second_rank', 'c4_gap_to_top', 'c5_exhibition_time_relative', 'c5_start_timing_relative', 'c5_lap_time_relative', 'c5_around_time_relative', 'c5_straight_time_relative', 'c5_ex_score', 'c5_st_score', 'c5_lap_score', 'c5_mawari_score', 'c5_straight_score', 'c5_attack_potential', 'c5_stable_score', 'c5_final_2nd_score', 'c5_second_rank', 'c5_gap_to_top', 'c6_exhibition_time_relative', 'c6_start_timing_relative', 'c6_lap_time_relative', 'c6_around_time_relative', 'c6_straight_time_relative', 'c6_ex_score', 'c6_st_score', 'c6_lap_score', 'c6_mawari_score', 'c6_straight_score', 'c6_attack_potential', 'c6_stable_score', 'c6_final_2nd_score', 'c6_second_rank', 'c6_gap_to_top']",,,,,[],['WeightedEnsemble_L2']
ASY,3,first,3,XGBoost,-0.3163493234317891,log_loss,0.014377117156982422,5.4824769496917725,0.014377117156982422,5.4824769496917725,1,True,5,161,1,1,702673,702673,702673,702673,0,0,XGBoostModel,,log_loss,"{'n_estimators': 10000, 'learning_rate': 0.1, 'n_jobs': -1, 'proc.max_category_levels': 100, 'objective': 'binary:logistic', 'booster': 'gbtree', 'seed': 0}",{'n_estimators': 10},"{'max_memory_usage_ratio': 1.0, 'max_gpu_memory_usage_ratio': 1.0, 'max_time_limit_ratio': 1.0, 'max_time_limit': None, 'min_time_limit': 0, 'valid_raw_types': ['bool', 'int', 'float', 'category'], 'valid_special_types': None, 'ignored_type_group_special': None, 'ignored_type_group_raw': None, 'get_features_kwargs': None, 'get_features_kwargs_extra': None, 'predict_1_batch_size': None, 'temperature_scalar': None}","['c1_history_n', 'c1_nige', 'c1_st_rank', 'c1_national_win_rate', 'c1_national_exacta_rate', 'c1_local_win_rate', 'c1_local_exacta_rate', 'c1_motor_exacta_rate', 'c1_boat_exacta_rate', 'c1_average_start', 'c2_history_n', 'c2_nige', 'c2_sashi', 'c2_makuri', 'c2_st_rank', 'c2_national_win_rate', 'c2_national_exacta_rate', 'c2_local_win_rate', 'c2_local_exacta_rate', 'c2_motor_exacta_rate', 'c2_boat_exacta_rate', 'c2_average_start', 'c3_history_n', 'c3_sashi', 'c3_makuri', 'c3_attack', 'c3_st_rank', 'c3_national_win_rate', 'c3_national_exacta_rate', 'c3_local_win_rate', 'c3_local_exacta_rate', 'c3_motor_exacta_rate', 'c3_boat_exacta_rate', 'c3_average_start', 'c4_history_n', 'c4_sashi', 'c4_makuri', 'c4_attack', 'c4_st_rank', 'c4_national_win_rate', 'c4_national_exacta_rate', 'c4_local_win_rate', 'c4_local_exacta_rate', 'c4_motor_exacta_rate', 'c4_boat_exacta_rate', 'c4_average_start', 'c5_history_n', 'c5_sashi', 'c5_makuri', 'c5_attack', 'c5_st_rank', 'c5_national_win_rate', 'c5_national_exacta_rate', 'c5_local_win_rate', 'c5_local_exacta_rate', 'c5_motor_exacta_rate', 'c5_boat_exacta_rate', 'c5_average_start', 'c6_history_n', 'c6_sashi', 'c6_makuri', 'c6_attack', 'c6_st_rank', 'c6_national_win_rate', 'c6_national_exacta_rate', 'c6_local_win_rate', 'c6_local_exacta_rate', 'c6_motor_exacta_rate', 'c6_boat_exacta_rate', 'c6_average_start', 'lane1_vulnerability_rate', 'c1_exhibition_time_relative', 'c1_start_timing_relative', 'c1_lap_time_relative', 'c1_around_time_relative', 'c1_straight_time_relative', 'c1_ex_score', 'c1_st_score', 'c1_lap_score', 'c1_mawari_score', 'c1_straight_score', 'c1_attack_potential', 'c1_stable_score', 'c1_final_2nd_score', 'c1_second_rank', 'c1_gap_to_top', 'c2_exhibition_time_relative', 'c2_start_timing_relative', 'c2_lap_time_relative', 'c2_around_time_relative', 'c2_straight_time_relative', 'c2_ex_score', 'c2_st_score', 'c2_lap_score', 'c2_mawari_score', 'c2_straight_score', 'c2_attack_potential', 'c2_stable_score', 'c2_final_2nd_score', 'c2_second_rank', 'c2_gap_to_top', 'c3_exhibition_time_relative', 'c3_start_timing_relative', 'c3_lap_time_relative', 'c3_around_time_relative', 'c3_straight_time_relative', 'c3_ex_score', 'c3_st_score', 'c3_lap_score', 'c3_mawari_score', 'c3_straight_score', 'c3_attack_potential', 'c3_stable_score', 'c3_final_2nd_score', 'c3_second_rank', 'c3_gap_to_top', 'c4_exhibition_time_relative', 'c4_start_timing_relative', 'c4_lap_time_relative', 'c4_around_time_relative', 'c4_straight_time_relative', 'c4_ex_score', 'c4_st_score', 'c4_lap_score', 'c4_mawari_score', 'c4_straight_score', 'c4_attack_potential', 'c4_stable_score', 'c4_final_2nd_score', 'c4_second_rank', 'c4_gap_to_top', 'c5_exhibition_time_relative', 'c5_start_timing_relative', 'c5_lap_time_relative', 'c5_around_time_relative', 'c5_straight_time_relative', 'c5_ex_score', 'c5_st_score', 'c5_lap_score', 'c5_mawari_score', 'c5_straight_score', 'c5_attack_potential', 'c5_stable_score', 'c5_final_2nd_score', 'c5_second_rank', 'c5_gap_to_top', 'c6_exhibition_time_relative', 'c6_start_timing_relative', 'c6_lap_time_relative', 'c6_around_time_relative', 'c6_straight_time_relative', 'c6_ex_score', 'c6_st_score', 'c6_lap_score', 'c6_mawari_score', 'c6_straight_score', 'c6_attack_potential', 'c6_stable_score', 'c6_final_2nd_score', 'c6_second_rank', 'c6_gap_to_top']",,,,,[],[]
ASY,3,first,4,CatBoost,-0.3164937012464318,log_loss,0.011300802230834961,6.088583946228027,0.011300802230834961,6.088583946228027,1,True,3,161,1,1,150079,150079,150079,150079,0,1,CatBoostModel,,log_loss,"{'iterations': 10000, 'learning_rate': 0.05, 'allow_writing_files': False, 'eval_metric': 'Logloss', 'random_seed': 0}",{'iterations': 90},"{'max_memory_usage_ratio': 1.0, 'max_gpu_memory_usage_ratio': 1.0, 'max_time_limit_ratio': 1.0, 'max_time_limit': None, 'min_time_limit': 0, 'valid_raw_types': ['bool', 'int', 'float', 'category'], 'valid_special_types': None, 'ignored_type_group_special': None, 'ignored_type_group_raw': None, 'get_features_kwargs': None, 'get_features_kwargs_extra': None, 'predict_1_batch_size': None, 'temperature_scalar': None}","['c1_history_n', 'c1_nige', 'c1_st_rank', 'c1_national_win_rate', 'c1_national_exacta_rate', 'c1_local_win_rate', 'c1_local_exacta_rate', 'c1_motor_exacta_rate', 'c1_boat_exacta_rate', 'c1_average_start', 'c2_history_n', 'c2_nige', 'c2_sashi', 'c2_makuri', 'c2_st_rank', 'c2_national_win_rate', 'c2_national_exacta_rate', 'c2_local_win_rate', 'c2_local_exacta_rate', 'c2_motor_exacta_rate', 'c2_boat_exacta_rate', 'c2_average_start', 'c3_history_n', 'c3_sashi', 'c3_makuri', 'c3_attack', 'c3_st_rank', 'c3_national_win_rate', 'c3_national_exacta_rate', 'c3_local_win_rate', 'c3_local_exacta_rate', 'c3_motor_exacta_rate', 'c3_boat_exacta_rate', 'c3_average_start', 'c4_history_n', 'c4_sashi', 'c4_makuri', 'c4_attack', 'c4_st_rank', 'c4_national_win_rate', 'c4_national_exacta_rate', 'c4_local_win_rate', 'c4_local_exacta_rate', 'c4_motor_exacta_rate', 'c4_boat_exacta_rate', 'c4_average_start', 'c5_history_n', 'c5_sashi', 'c5_makuri', 'c5_attack', 'c5_st_rank', 'c5_national_win_rate', 'c5_national_exacta_rate', 'c5_local_win_rate', 'c5_local_exacta_rate', 'c5_motor_exacta_rate', 'c5_boat_exacta_rate', 'c5_average_start', 'c6_history_n', 'c6_sashi', 'c6_makuri', 'c6_attack', 'c6_st_rank', 'c6_national_win_rate', 'c6_national_exacta_rate', 'c6_local_win_rate', 'c6_local_exacta_rate', 'c6_motor_exacta_rate', 'c6_boat_exacta_rate', 'c6_average_start', 'lane1_vulnerability_rate', 'c1_exhibition_time_relative', 'c1_start_timing_relative', 'c1_lap_time_relative', 'c1_around_time_relative', 'c1_straight_time_relative', 'c1_ex_score', 'c1_st_score', 'c1_lap_score', 'c1_mawari_score', 'c1_straight_score', 'c1_attack_potential', 'c1_stable_score', 'c1_final_2nd_score', 'c1_second_rank', 'c1_gap_to_top', 'c2_exhibition_time_relative', 'c2_start_timing_relative', 'c2_lap_time_relative', 'c2_around_time_relative', 'c2_straight_time_relative', 'c2_ex_score', 'c2_st_score', 'c2_lap_score', 'c2_mawari_score', 'c2_straight_score', 'c2_attack_potential', 'c2_stable_score', 'c2_final_2nd_score', 'c2_second_rank', 'c2_gap_to_top', 'c3_exhibition_time_relative', 'c3_start_timing_relative', 'c3_lap_time_relative', 'c3_around_time_relative', 'c3_straight_time_relative', 'c3_ex_score', 'c3_st_score', 'c3_lap_score', 'c3_mawari_score', 'c3_straight_score', 'c3_attack_potential', 'c3_stable_score', 'c3_final_2nd_score', 'c3_second_rank', 'c3_gap_to_top', 'c4_exhibition_time_relative', 'c4_start_timing_relative', 'c4_lap_time_relative', 'c4_around_time_relative', 'c4_straight_time_relative', 'c4_ex_score', 'c4_st_score', 'c4_lap_score', 'c4_mawari_score', 'c4_straight_score', 'c4_attack_potential', 'c4_stable_score', 'c4_final_2nd_score', 'c4_second_rank', 'c4_gap_to_top', 'c5_exhibition_time_relative', 'c5_start_timing_relative', 'c5_lap_time_relative', 'c5_around_time_relative', 'c5_straight_time_relative', 'c5_ex_score', 'c5_st_score', 'c5_lap_score', 'c5_mawari_score', 'c5_straight_score', 'c5_attack_potential', 'c5_stable_score', 'c5_final_2nd_score', 'c5_second_rank', 'c5_gap_to_top', 'c6_exhibition_time_relative', 'c6_start_timing_relative', 'c6_lap_time_relative', 'c6_around_time_relative', 'c6_straight_time_relative', 'c6_ex_score', 'c6_st_score', 'c6_lap_score', 'c6_mawari_score', 'c6_straight_score', 'c6_attack_potential', 'c6_stable_score', 'c6_final_2nd_score', 'c6_second_rank', 'c6_gap_to_top']",,,,,[],['WeightedEnsemble_L2']
ASY,3,first,5,ExtraTrees,-0.32228825208117895,log_loss,0.12433075904846191,1.3584518432617188,0.12433075904846191,1.3584518432617188,1,True,4,161,1,1,19384227,19384227,19384227,19384227,0,0,XTModel,,log_loss,"{'n_estimators': 300, 'max_leaf_nodes': 15000, 'n_jobs': -1, 'bootstrap': True, 'random_state': 0}",{'n_estimators': 300},"{'max_memory_usage_ratio': 1.0, 'max_gpu_memory_usage_ratio': 1.0, 'max_time_limit_ratio': 1.0, 'max_time_limit': None, 'min_time_limit': 0, 'valid_raw_types': ['bool', 'int', 'float', 'category'], 'valid_special_types': None, 'ignored_type_group_special': None, 'ignored_type_group_raw': None, 'get_features_kwargs': None, 'get_features_kwargs_extra': None, 'predict_1_batch_size': None, 'temperature_scalar': None}","['c1_history_n', 'c1_nige', 'c1_st_rank', 'c1_national_win_rate', 'c1_national_exacta_rate', 'c1_local_win_rate', 'c1_local_exacta_rate', 'c1_motor_exacta_rate', 'c1_boat_exacta_rate', 'c1_average_start', 'c2_history_n', 'c2_nige', 'c2_sashi', 'c2_makuri', 'c2_st_rank', 'c2_national_win_rate', 'c2_national_exacta_rate', 'c2_local_win_rate', 'c2_local_exacta_rate', 'c2_motor_exacta_rate', 'c2_boat_exacta_rate', 'c2_average_start', 'c3_history_n', 'c3_sashi', 'c3_makuri', 'c3_attack', 'c3_st_rank', 'c3_national_win_rate', 'c3_national_exacta_rate', 'c3_local_win_rate', 'c3_local_exacta_rate', 'c3_motor_exacta_rate', 'c3_boat_exacta_rate', 'c3_average_start', 'c4_history_n', 'c4_sashi', 'c4_makuri', 'c4_attack', 'c4_st_rank', 'c4_national_win_rate', 'c4_national_exacta_rate', 'c4_local_win_rate', 'c4_local_exacta_rate', 'c4_motor_exacta_rate', 'c4_boat_exacta_rate', 'c4_average_start', 'c5_history_n', 'c5_sashi', 'c5_makuri', 'c5_attack', 'c5_st_rank', 'c5_national_win_rate', 'c5_national_exacta_rate', 'c5_local_win_rate', 'c5_local_exacta_rate', 'c5_motor_exacta_rate', 'c5_boat_exacta_rate', 'c5_average_start', 'c6_history_n', 'c6_sashi', 'c6_makuri', 'c6_attack', 'c6_st_rank', 'c6_national_win_rate', 'c6_national_exacta_rate', 'c6_local_win_rate', 'c6_local_exacta_rate', 'c6_motor_exacta_rate', 'c6_boat_exacta_rate', 'c6_average_start', 'lane1_vulnerability_rate', 'c1_exhibition_time_relative', 'c1_start_timing_relative', 'c1_lap_time_relative', 'c1_around_time_relative', 'c1_straight_time_relative', 'c1_ex_score', 'c1_st_score', 'c1_lap_score', 'c1_mawari_score', 'c1_straight_score', 'c1_attack_potential', 'c1_stable_score', 'c1_final_2nd_score', 'c1_second_rank', 'c1_gap_to_top', 'c2_exhibition_time_relative', 'c2_start_timing_relative', 'c2_lap_time_relative', 'c2_around_time_relative', 'c2_straight_time_relative', 'c2_ex_score', 'c2_st_score', 'c2_lap_score', 'c2_mawari_score', 'c2_straight_score', 'c2_attack_potential', 'c2_stable_score', 'c2_final_2nd_score', 'c2_second_rank', 'c2_gap_to_top', 'c3_exhibition_time_relative', 'c3_start_timing_relative', 'c3_lap_time_relative', 'c3_around_time_relative', 'c3_straight_time_relative', 'c3_ex_score', 'c3_st_score', 'c3_lap_score', 'c3_mawari_score', 'c3_straight_score', 'c3_attack_potential', 'c3_stable_score', 'c3_final_2nd_score', 'c3_second_rank', 'c3_gap_to_top', 'c4_exhibition_time_relative', 'c4_start_timing_relative', 'c4_lap_time_relative', 'c4_around_time_relative', 'c4_straight_time_relative', 'c4_ex_score', 'c4_st_score', 'c4_lap_score', 'c4_mawari_score', 'c4_straight_score', 'c4_attack_potential', 'c4_stable_score', 'c4_final_2nd_score', 'c4_second_rank', 'c4_gap_to_top', 'c5_exhibition_time_relative', 'c5_start_timing_relative', 'c5_lap_time_relative', 'c5_around_time_relative', 'c5_straight_time_relative', 'c5_ex_score', 'c5_st_score', 'c5_lap_score', 'c5_mawari_score', 'c5_straight_score', 'c5_attack_potential', 'c5_stable_score', 'c5_final_2nd_score', 'c5_second_rank', 'c5_gap_to_top', 'c6_exhibition_time_relative', 'c6_start_timing_relative', 'c6_lap_time_relative', 'c6_around_time_relative', 'c6_straight_time_relative', 'c6_ex_score', 'c6_st_score', 'c6_lap_score', 'c6_mawari_score', 'c6_straight_score', 'c6_attack_potential', 'c6_stable_score', 'c6_final_2nd_score', 'c6_second_rank', 'c6_gap_to_top']",,,,,[],[]
ASY,3,first,6,RandomForest,-0.3281193210980488,log_loss,0.12192916870117188,2.9402570724487305,0.12192916870117188,2.9402570724487305,1,True,2,161,1,1,12110900,12110900,12110900,12110900,0,0,RFModel,,log_loss,"{'n_estimators': 300, 'max_leaf_nodes': 15000, 'n_jobs': -1, 'bootstrap': True, 'random_state': 0}",{'n_estimators': 300},"{'max_memory_usage_ratio': 1.0, 'max_gpu_memory_usage_ratio': 1.0, 'max_time_limit_ratio': 1.0, 'max_time_limit': None, 'min_time_limit': 0, 'valid_raw_types': ['bool', 'int', 'float', 'category'], 'valid_special_types': None, 'ignored_type_group_special': None, 'ignored_type_group_raw': None, 'get_features_kwargs': None, 'get_features_kwargs_extra': None, 'predict_1_batch_size': None, 'temperature_scalar': None}","['c1_history_n', 'c1_nige', 'c1_st_rank', 'c1_national_win_rate', 'c1_national_exacta_rate', 'c1_local_win_rate', 'c1_local_exacta_rate', 'c1_motor_exacta_rate', 'c1_boat_exacta_rate', 'c1_average_start', 'c2_history_n', 'c2_nige', 'c2_sashi', 'c2_makuri', 'c2_st_rank', 'c2_national_win_rate', 'c2_national_exacta_rate', 'c2_local_win_rate', 'c2_local_exacta_rate', 'c2_motor_exacta_rate', 'c2_boat_exacta_rate', 'c2_average_start', 'c3_history_n', 'c3_sashi', 'c3_makuri', 'c3_attack', 'c3_st_rank', 'c3_national_win_rate', 'c3_national_exacta_rate', 'c3_local_win_rate', 'c3_local_exacta_rate', 'c3_motor_exacta_rate', 'c3_boat_exacta_rate', 'c3_average_start', 'c4_history_n', 'c4_sashi', 'c4_makuri', 'c4_attack', 'c4_st_rank', 'c4_national_win_rate', 'c4_national_exacta_rate', 'c4_local_win_rate', 'c4_local_exacta_rate', 'c4_motor_exacta_rate', 'c4_boat_exacta_rate', 'c4_average_start', 'c5_history_n', 'c5_sashi', 'c5_makuri', 'c5_attack', 'c5_st_rank', 'c5_national_win_rate', 'c5_national_exacta_rate', 'c5_local_win_rate', 'c5_local_exacta_rate', 'c5_motor_exacta_rate', 'c5_boat_exacta_rate', 'c5_average_start', 'c6_history_n', 'c6_sashi', 'c6_makuri', 'c6_attack', 'c6_st_rank', 'c6_national_win_rate', 'c6_national_exacta_rate', 'c6_local_win_rate', 'c6_local_exacta_rate', 'c6_motor_exacta_rate', 'c6_boat_exacta_rate', 'c6_average_start', 'lane1_vulnerability_rate', 'c1_exhibition_time_relative', 'c1_start_timing_relative', 'c1_lap_time_relative', 'c1_around_time_relative', 'c1_straight_time_relative', 'c1_ex_score', 'c1_st_score', 'c1_lap_score', 'c1_mawari_score', 'c1_straight_score', 'c1_attack_potential', 'c1_stable_score', 'c1_final_2nd_score', 'c1_second_rank', 'c1_gap_to_top', 'c2_exhibition_time_relative', 'c2_start_timing_relative', 'c2_lap_time_relative', 'c2_around_time_relative', 'c2_straight_time_relative', 'c2_ex_score', 'c2_st_score', 'c2_lap_score', 'c2_mawari_score', 'c2_straight_score', 'c2_attack_potential', 'c2_stable_score', 'c2_final_2nd_score', 'c2_second_rank', 'c2_gap_to_top', 'c3_exhibition_time_relative', 'c3_start_timing_relative', 'c3_lap_time_relative', 'c3_around_time_relative', 'c3_straight_time_relative', 'c3_ex_score', 'c3_st_score', 'c3_lap_score', 'c3_mawari_score', 'c3_straight_score', 'c3_attack_potential', 'c3_stable_score', 'c3_final_2nd_score', 'c3_second_rank', 'c3_gap_to_top', 'c4_exhibition_time_relative', 'c4_start_timing_relative', 'c4_lap_time_relative', 'c4_around_time_relative', 'c4_straight_time_relative', 'c4_ex_score', 'c4_st_score', 'c4_lap_score', 'c4_mawari_score', 'c4_straight_score', 'c4_attack_potential', 'c4_stable_score', 'c4_final_2nd_score', 'c4_second_rank', 'c4_gap_to_top', 'c5_exhibition_time_relative', 'c5_start_timing_relative', 'c5_lap_time_relative', 'c5_around_time_relative', 'c5_straight_time_relative', 'c5_ex_score', 'c5_st_score', 'c5_lap_score', 'c5_mawari_score', 'c5_straight_score', 'c5_attack_potential', 'c5_stable_score', 'c5_final_2nd_score', 'c5_second_rank', 'c5_gap_to_top', 'c6_exhibition_time_relative', 'c6_start_timing_relative', 'c6_lap_time_relative', 'c6_around_time_relative', 'c6_straight_time_relative', 'c6_ex_score', 'c6_st_score', 'c6_lap_score', 'c6_mawari_score', 'c6_straight_score', 'c6_attack_potential', 'c6_stable_score', 'c6_final_2nd_score', 'c6_second_rank', 'c6_gap_to_top']",,,,,[],[]
ASY,3,top2,1,WeightedEnsemble_L2,-0.6032528064210376,log_loss,0.2605102062225342,10.576164960861206,0.0007178783416748047,0.021306753158569336,2,True,6,3,1,4,3790,58516981,3790,36005842,3,0,WeightedEnsembleModel,GreedyWeightedEnsembleModel,log_loss,"{'use_orig_features': False, 'valid_stacker': True, 'max_base_models': 0, 'max_base_models_per_type': 'auto', 'save_bag_folds': True, 'stratify': 'auto', 'bin': 'auto', 'n_bins': None, 'vary_seed_across_folds': False, 'custom_splits': None, 'model_random_seed': 0}",{},"{'max_memory_usage_ratio': 1.0, 'max_gpu_memory_usage_ratio': 1.0, 'max_time_limit_ratio': 1.0, 'max_time_limit': None, 'min_time_limit': 0, 'valid_raw_types': None, 'valid_special_types': None, 'ignored_type_group_special': None, 'ignored_type_group_raw': None, 'get_features_kwargs': None, 'get_features_kwargs_extra': None, 'predict_1_batch_size': None, 'temperature_scalar': None, 'drop_unique': False}","['ExtraTrees', 'CatBoost', 'RandomForest']",,"{'ensemble_size': 25, 'subsample_size': 1000000}",{'ensemble_size': 18},"{'max_memory_usage_ratio': 1.0, 'max_gpu_memory_usage_ratio': 1.0, 'max_time_limit_ratio': 1.0, 'max_time_limit': None, 'min_time_limit': 0, 'valid_raw_types': None, 'valid_special_types': None, 'ignored_type_group_special': None, 'ignored_type_group_raw': None, 'get_features_kwargs': None, 'get_features_kwargs_extra': None, 'predict_1_batch_size': None, 'temperature_scalar': None, 'drop_unique': False}","['ExtraTrees', 'CatBoost', 'RandomForest']",[]
ASY,3,top2,2,CatBoost,-0.6046732203024295,log_loss,0.010915040969848633,6.140065431594849,0.010915040969848633,6.140065431594849,1,True,3,161,1,1,154301,154301,154301,154301,0,1,CatBoostModel,,log_loss,"{'iterations': 10000, 'learning_rate': 0.05, 'allow_writing_files': False, 'eval_metric': 'Logloss', 'random_seed': 0}",{'iterations': 94},"{'max_memory_usage_ratio': 1.0, 'max_gpu_memory_usage_ratio': 1.0, 'max_time_limit_ratio': 1.0, 'max_time_limit': None, 'min_time_limit': 0, 'valid_raw_types': ['bool', 'int', 'float', 'category'], 'valid_special_types': None, 'ignored_type_group_special': None, 'ignored_type_group_raw': None, 'get_features_kwargs': None, 'get_features_kwargs_extra': None, 'predict_1_batch_size': None, 'temperature_scalar': None}","['c1_history_n', 'c1_nige', 'c1_st_rank', 'c1_national_win_rate', 'c1_national_exacta_rate', 'c1_local_win_rate', 'c1_local_exacta_rate', 'c1_motor_exacta_rate', 'c1_boat_exacta_rate', 'c1_average_start', 'c2_history_n', 'c2_nige', 'c2_sashi', 'c2_makuri', 'c2_st_rank', 'c2_national_win_rate', 'c2_national_exacta_rate', 'c2_local_win_rate', 'c2_local_exacta_rate', 'c2_motor_exacta_rate', 'c2_boat_exacta_rate', 'c2_average_start', 'c3_history_n', 'c3_sashi', 'c3_makuri', 'c3_attack', 'c3_st_rank', 'c3_national_win_rate', 'c3_national_exacta_rate', 'c3_local_win_rate', 'c3_local_exacta_rate', 'c3_motor_exacta_rate', 'c3_boat_exacta_rate', 'c3_average_start', 'c4_history_n', 'c4_sashi', 'c4_makuri', 'c4_attack', 'c4_st_rank', 'c4_national_win_rate', 'c4_national_exacta_rate', 'c4_local_win_rate', 'c4_local_exacta_rate', 'c4_motor_exacta_rate', 'c4_boat_exacta_rate', 'c4_average_start', 'c5_history_n', 'c5_sashi', 'c5_makuri', 'c5_attack', 'c5_st_rank', 'c5_national_win_rate', 'c5_national_exacta_rate', 'c5_local_win_rate', 'c5_local_exacta_rate', 'c5_motor_exacta_rate', 'c5_boat_exacta_rate', 'c5_average_start', 'c6_history_n', 'c6_sashi', 'c6_makuri', 'c6_attack', 'c6_st_rank', 'c6_national_win_rate', 'c6_national_exacta_rate', 'c6_local_win_rate', 'c6_local_exacta_rate', 'c6_motor_exacta_rate', 'c6_boat_exacta_rate', 'c6_average_start', 'lane1_vulnerability_rate', 'c1_exhibition_time_relative', 'c1_start_timing_relative', 'c1_lap_time_relative', 'c1_around_time_relative', 'c1_straight_time_relative', 'c1_ex_score', 'c1_st_score', 'c1_lap_score', 'c1_mawari_score', 'c1_straight_score', 'c1_attack_potential', 'c1_stable_score', 'c1_final_2nd_score', 'c1_second_rank', 'c1_gap_to_top', 'c2_exhibition_time_relative', 'c2_start_timing_relative', 'c2_lap_time_relative', 'c2_around_time_relative', 'c2_straight_time_relative', 'c2_ex_score', 'c2_st_score', 'c2_lap_score', 'c2_mawari_score', 'c2_straight_score', 'c2_attack_potential', 'c2_stable_score', 'c2_final_2nd_score', 'c2_second_rank', 'c2_gap_to_top', 'c3_exhibition_time_relative', 'c3_start_timing_relative', 'c3_lap_time_relative', 'c3_around_time_relative', 'c3_straight_time_relative', 'c3_ex_score', 'c3_st_score', 'c3_lap_score', 'c3_mawari_score', 'c3_straight_score', 'c3_attack_potential', 'c3_stable_score', 'c3_final_2nd_score', 'c3_second_rank', 'c3_gap_to_top', 'c4_exhibition_time_relative', 'c4_start_timing_relative', 'c4_lap_time_relative', 'c4_around_time_relative', 'c4_straight_time_relative', 'c4_ex_score', 'c4_st_score', 'c4_lap_score', 'c4_mawari_score', 'c4_straight_score', 'c4_attack_potential', 'c4_stable_score', 'c4_final_2nd_score', 'c4_second_rank', 'c4_gap_to_top', 'c5_exhibition_time_relative', 'c5_start_timing_relative', 'c5_lap_time_relative', 'c5_around_time_relative', 'c5_straight_time_relative', 'c5_ex_score', 'c5_st_score', 'c5_lap_score', 'c5_mawari_score', 'c5_straight_score', 'c5_attack_potential', 'c5_stable_score', 'c5_final_2nd_score', 'c5_second_rank', 'c5_gap_to_top', 'c6_exhibition_time_relative', 'c6_start_timing_relative', 'c6_lap_time_relative', 'c6_around_time_relative', 'c6_straight_time_relative', 'c6_ex_score', 'c6_st_score', 'c6_lap_score', 'c6_mawari_score', 'c6_straight_score', 'c6_attack_potential', 'c6_stable_score', 'c6_final_2nd_score', 'c6_second_rank', 'c6_gap_to_top']",,,,,[],['WeightedEnsemble_L2']
ASY,3,top2,3,RandomForest,-0.6068359402325207,log_loss,0.12455606460571289,2.862962007522583,0.12455606460571289,2.862962007522583,1,True,2,161,1,1,22353048,22353048,22353048,22353048,0,1,RFModel,,log_loss,"{'n_estimators': 300, 'max_leaf_nodes': 15000, 'n_jobs': -1, 'bootstrap': True, 'random_state': 0}",{'n_estimators': 300},"{'max_memory_usage_ratio': 1.0, 'max_gpu_memory_usage_ratio': 1.0, 'max_time_limit_ratio': 1.0, 'max_time_limit': None, 'min_time_limit': 0, 'valid_raw_types': ['bool', 'int', 'float', 'category'], 'valid_special_types': None, 'ignored_type_group_special': None, 'ignored_type_group_raw': None, 'get_features_kwargs': None, 'get_features_kwargs_extra': None, 'predict_1_batch_size': None, 'temperature_scalar': None}","['c1_history_n', 'c1_nige', 'c1_st_rank', 'c1_national_win_rate', 'c1_national_exacta_rate', 'c1_local_win_rate', 'c1_local_exacta_rate', 'c1_motor_exacta_rate', 'c1_boat_exacta_rate', 'c1_average_start', 'c2_history_n', 'c2_nige', 'c2_sashi', 'c2_makuri', 'c2_st_rank', 'c2_national_win_rate', 'c2_national_exacta_rate', 'c2_local_win_rate', 'c2_local_exacta_rate', 'c2_motor_exacta_rate', 'c2_boat_exacta_rate', 'c2_average_start', 'c3_history_n', 'c3_sashi', 'c3_makuri', 'c3_attack', 'c3_st_rank', 'c3_national_win_rate', 'c3_national_exacta_rate', 'c3_local_win_rate', 'c3_local_exacta_rate', 'c3_motor_exacta_rate', 'c3_boat_exacta_rate', 'c3_average_start', 'c4_history_n', 'c4_sashi', 'c4_makuri', 'c4_attack', 'c4_st_rank', 'c4_national_win_rate', 'c4_national_exacta_rate', 'c4_local_win_rate', 'c4_local_exacta_rate', 'c4_motor_exacta_rate', 'c4_boat_exacta_rate', 'c4_average_start', 'c5_history_n', 'c5_sashi', 'c5_makuri', 'c5_attack', 'c5_st_rank', 'c5_national_win_rate', 'c5_national_exacta_rate', 'c5_local_win_rate', 'c5_local_exacta_rate', 'c5_motor_exacta_rate', 'c5_boat_exacta_rate', 'c5_average_start', 'c6_history_n', 'c6_sashi', 'c6_makuri', 'c6_attack', 'c6_st_rank', 'c6_national_win_rate', 'c6_national_exacta_rate', 'c6_local_win_rate', 'c6_local_exacta_rate', 'c6_motor_exacta_rate', 'c6_boat_exacta_rate', 'c6_average_start', 'lane1_vulnerability_rate', 'c1_exhibition_time_relative', 'c1_start_timing_relative', 'c1_lap_time_relative', 'c1_around_time_relative', 'c1_straight_time_relative', 'c1_ex_score', 'c1_st_score', 'c1_lap_score', 'c1_mawari_score', 'c1_straight_score', 'c1_attack_potential', 'c1_stable_score', 'c1_final_2nd_score', 'c1_second_rank', 'c1_gap_to_top', 'c2_exhibition_time_relative', 'c2_start_timing_relative', 'c2_lap_time_relative', 'c2_around_time_relative', 'c2_straight_time_relative', 'c2_ex_score', 'c2_st_score', 'c2_lap_score', 'c2_mawari_score', 'c2_straight_score', 'c2_attack_potential', 'c2_stable_score', 'c2_final_2nd_score', 'c2_second_rank', 'c2_gap_to_top', 'c3_exhibition_time_relative', 'c3_start_timing_relative', 'c3_lap_time_relative', 'c3_around_time_relative', 'c3_straight_time_relative', 'c3_ex_score', 'c3_st_score', 'c3_lap_score', 'c3_mawari_score', 'c3_straight_score', 'c3_attack_potential', 'c3_stable_score', 'c3_final_2nd_score', 'c3_second_rank', 'c3_gap_to_top', 'c4_exhibition_time_relative', 'c4_start_timing_relative', 'c4_lap_time_relative', 'c4_around_time_relative', 'c4_straight_time_relative', 'c4_ex_score', 'c4_st_score', 'c4_lap_score', 'c4_mawari_score', 'c4_straight_score', 'c4_attack_potential', 'c4_stable_score', 'c4_final_2nd_score', 'c4_second_rank', 'c4_gap_to_top', 'c5_exhibition_time_relative', 'c5_start_timing_relative', 'c5_lap_time_relative', 'c5_around_time_relative', 'c5_straight_time_relative', 'c5_ex_score', 'c5_st_score', 'c5_lap_score', 'c5_mawari_score', 'c5_straight_score', 'c5_attack_potential', 'c5_stable_score', 'c5_final_2nd_score', 'c5_second_rank', 'c5_gap_to_top', 'c6_exhibition_time_relative', 'c6_start_timing_relative', 'c6_lap_time_relative', 'c6_around_time_relative', 'c6_straight_time_relative', 'c6_ex_score', 'c6_st_score', 'c6_lap_score', 'c6_mawari_score', 'c6_straight_score', 'c6_attack_potential', 'c6_stable_score', 'c6_final_2nd_score', 'c6_second_rank', 'c6_gap_to_top']",,,,,[],['WeightedEnsemble_L2']
ASY,3,top2,4,ExtraTrees,-0.6079526988061233,log_loss,0.12432122230529785,1.551830768585205,0.12432122230529785,1.551830768585205,1,True,4,161,1,1,36005842,36005842,36005842,36005842,0,1,XTModel,,log_loss,"{'n_estimators': 300, 'max_leaf_nodes': 15000, 'n_jobs': -1, 'bootstrap': True, 'random_state': 0}",{'n_estimators': 300},"{'max_memory_usage_ratio': 1.0, 'max_gpu_memory_usage_ratio': 1.0, 'max_time_limit_ratio': 1.0, 'max_time_limit': None, 'min_time_limit': 0, 'valid_raw_types': ['bool', 'int', 'float', 'category'], 'valid_special_types': None, 'ignored_type_group_special': None, 'ignored_type_group_raw': None, 'get_features_kwargs': None, 'get_features_kwargs_extra': None, 'predict_1_batch_size': None, 'temperature_scalar': None}","['c1_history_n', 'c1_nige', 'c1_st_rank', 'c1_national_win_rate', 'c1_national_exacta_rate', 'c1_local_win_rate', 'c1_local_exacta_rate', 'c1_motor_exacta_rate', 'c1_boat_exacta_rate', 'c1_average_start', 'c2_history_n', 'c2_nige', 'c2_sashi', 'c2_makuri', 'c2_st_rank', 'c2_national_win_rate', 'c2_national_exacta_rate', 'c2_local_win_rate', 'c2_local_exacta_rate', 'c2_motor_exacta_rate', 'c2_boat_exacta_rate', 'c2_average_start', 'c3_history_n', 'c3_sashi', 'c3_makuri', 'c3_attack', 'c3_st_rank', 'c3_national_win_rate', 'c3_national_exacta_rate', 'c3_local_win_rate', 'c3_local_exacta_rate', 'c3_motor_exacta_rate', 'c3_boat_exacta_rate', 'c3_average_start', 'c4_history_n', 'c4_sashi', 'c4_makuri', 'c4_attack', 'c4_st_rank', 'c4_national_win_rate', 'c4_national_exacta_rate', 'c4_local_win_rate', 'c4_local_exacta_rate', 'c4_motor_exacta_rate', 'c4_boat_exacta_rate', 'c4_average_start', 'c5_history_n', 'c5_sashi', 'c5_makuri', 'c5_attack', 'c5_st_rank', 'c5_national_win_rate', 'c5_national_exacta_rate', 'c5_local_win_rate', 'c5_local_exacta_rate', 'c5_motor_exacta_rate', 'c5_boat_exacta_rate', 'c5_average_start', 'c6_history_n', 'c6_sashi', 'c6_makuri', 'c6_attack', 'c6_st_rank', 'c6_national_win_rate', 'c6_national_exacta_rate', 'c6_local_win_rate', 'c6_local_exacta_rate', 'c6_motor_exacta_rate', 'c6_boat_exacta_rate', 'c6_average_start', 'lane1_vulnerability_rate', 'c1_exhibition_time_relative', 'c1_start_timing_relative', 'c1_lap_time_relative', 'c1_around_time_relative', 'c1_straight_time_relative', 'c1_ex_score', 'c1_st_score', 'c1_lap_score', 'c1_mawari_score', 'c1_straight_score', 'c1_attack_potential', 'c1_stable_score', 'c1_final_2nd_score', 'c1_second_rank', 'c1_gap_to_top', 'c2_exhibition_time_relative', 'c2_start_timing_relative', 'c2_lap_time_relative', 'c2_around_time_relative', 'c2_straight_time_relative', 'c2_ex_score', 'c2_st_score', 'c2_lap_score', 'c2_mawari_score', 'c2_straight_score', 'c2_attack_potential', 'c2_stable_score', 'c2_final_2nd_score', 'c2_second_rank', 'c2_gap_to_top', 'c3_exhibition_time_relative', 'c3_start_timing_relative', 'c3_lap_time_relative', 'c3_around_time_relative', 'c3_straight_time_relative', 'c3_ex_score', 'c3_st_score', 'c3_lap_score', 'c3_mawari_score', 'c3_straight_score', 'c3_attack_potential', 'c3_stable_score', 'c3_final_2nd_score', 'c3_second_rank', 'c3_gap_to_top', 'c4_exhibition_time_relative', 'c4_start_timing_relative', 'c4_lap_time_relative', 'c4_around_time_relative', 'c4_straight_time_relative', 'c4_ex_score', 'c4_st_score', 'c4_lap_score', 'c4_mawari_score', 'c4_straight_score', 'c4_attack_potential', 'c4_stable_score', 'c4_final_2nd_score', 'c4_second_rank', 'c4_gap_to_top', 'c5_exhibition_time_relative', 'c5_start_timing_relative', 'c5_lap_time_relative', 'c5_around_time_relative', 'c5_straight_time_relative', 'c5_ex_score', 'c5_st_score', 'c5_lap_score', 'c5_mawari_score', 'c5_straight_score', 'c5_attack_potential', 'c5_stable_score', 'c5_final_2nd_score', 'c5_second_rank', 'c5_gap_to_top', 'c6_exhibition_time_relative', 'c6_start_timing_relative', 'c6_lap_time_relative', 'c6_around_time_relative', 'c6_straight_time_relative', 'c6_ex_score', 'c6_st_score', 'c6_lap_score', 'c6_mawari_score', 'c6_straight_score', 'c6_attack_potential', 'c6_stable_score', 'c6_final_2nd_score', 'c6_second_rank', 'c6_gap_to_top']",,,,,[],['WeightedEnsemble_L2']
ASY,3,top2,5,LightGBM,-0.6162178983564541,log_loss,0.0037088394165039062,2.4468586444854736,0.0037088394165039062,2.4468586444854736,1,True,1,161,1,1,125216,125216,125216,125216,0,0,LGBModel,,log_loss,"{'learning_rate': 0.05, 'seed': 0}",{'num_boost_round': 31},"{'max_memory_usage_ratio': 1.0, 'max_gpu_memory_usage_ratio': 1.0, 'max_time_limit_ratio': 1.0, 'max_time_limit': None, 'min_time_limit': 0, 'valid_raw_types': ['bool', 'int', 'float', 'category'], 'valid_special_types': None, 'ignored_type_group_special': None, 'ignored_type_group_raw': None, 'get_features_kwargs': None, 'get_features_kwargs_extra': None, 'predict_1_batch_size': None, 'temperature_scalar': None}","['c1_history_n', 'c1_nige', 'c1_st_rank', 'c1_national_win_rate', 'c1_national_exacta_rate', 'c1_local_win_rate', 'c1_local_exacta_rate', 'c1_motor_exacta_rate', 'c1_boat_exacta_rate', 'c1_average_start', 'c2_history_n', 'c2_nige', 'c2_sashi', 'c2_makuri', 'c2_st_rank', 'c2_national_win_rate', 'c2_national_exacta_rate', 'c2_local_win_rate', 'c2_local_exacta_rate', 'c2_motor_exacta_rate', 'c2_boat_exacta_rate', 'c2_average_start', 'c3_history_n', 'c3_sashi', 'c3_makuri', 'c3_attack', 'c3_st_rank', 'c3_national_win_rate', 'c3_national_exacta_rate', 'c3_local_win_rate', 'c3_local_exacta_rate', 'c3_motor_exacta_rate', 'c3_boat_exacta_rate', 'c3_average_start', 'c4_history_n', 'c4_sashi', 'c4_makuri', 'c4_attack', 'c4_st_rank', 'c4_national_win_rate', 'c4_national_exacta_rate', 'c4_local_win_rate', 'c4_local_exacta_rate', 'c4_motor_exacta_rate', 'c4_boat_exacta_rate', 'c4_average_start', 'c5_history_n', 'c5_sashi', 'c5_makuri', 'c5_attack', 'c5_st_rank', 'c5_national_win_rate', 'c5_national_exacta_rate', 'c5_local_win_rate', 'c5_local_exacta_rate', 'c5_motor_exacta_rate', 'c5_boat_exacta_rate', 'c5_average_start', 'c6_history_n', 'c6_sashi', 'c6_makuri', 'c6_attack', 'c6_st_rank', 'c6_national_win_rate', 'c6_national_exacta_rate', 'c6_local_win_rate', 'c6_local_exacta_rate', 'c6_motor_exacta_rate', 'c6_boat_exacta_rate', 'c6_average_start', 'lane1_vulnerability_rate', 'c1_exhibition_time_relative', 'c1_start_timing_relative', 'c1_lap_time_relative', 'c1_around_time_relative', 'c1_straight_time_relative', 'c1_ex_score', 'c1_st_score', 'c1_lap_score', 'c1_mawari_score', 'c1_straight_score', 'c1_attack_potential', 'c1_stable_score', 'c1_final_2nd_score', 'c1_second_rank', 'c1_gap_to_top', 'c2_exhibition_time_relative', 'c2_start_timing_relative', 'c2_lap_time_relative', 'c2_around_time_relative', 'c2_straight_time_relative', 'c2_ex_score', 'c2_st_score', 'c2_lap_score', 'c2_mawari_score', 'c2_straight_score', 'c2_attack_potential', 'c2_stable_score', 'c2_final_2nd_score', 'c2_second_rank', 'c2_gap_to_top', 'c3_exhibition_time_relative', 'c3_start_timing_relative', 'c3_lap_time_relative', 'c3_around_time_relative', 'c3_straight_time_relative', 'c3_ex_score', 'c3_st_score', 'c3_lap_score', 'c3_mawari_score', 'c3_straight_score', 'c3_attack_potential', 'c3_stable_score', 'c3_final_2nd_score', 'c3_second_rank', 'c3_gap_to_top', 'c4_exhibition_time_relative', 'c4_start_timing_relative', 'c4_lap_time_relative', 'c4_around_time_relative', 'c4_straight_time_relative', 'c4_ex_score', 'c4_st_score', 'c4_lap_score', 'c4_mawari_score', 'c4_straight_score', 'c4_attack_potential', 'c4_stable_score', 'c4_final_2nd_score', 'c4_second_rank', 'c4_gap_to_top', 'c5_exhibition_time_relative', 'c5_start_timing_relative', 'c5_lap_time_relative', 'c5_around_time_relative', 'c5_straight_time_relative', 'c5_ex_score', 'c5_st_score', 'c5_lap_score', 'c5_mawari_score', 'c5_straight_score', 'c5_attack_potential', 'c5_stable_score', 'c5_final_2nd_score', 'c5_second_rank', 'c5_gap_to_top', 'c6_exhibition_time_relative', 'c6_start_timing_relative', 'c6_lap_time_relative', 'c6_around_time_relative', 'c6_straight_time_relative', 'c6_ex_score', 'c6_st_score', 'c6_lap_score', 'c6_mawari_score', 'c6_straight_score', 'c6_attack_potential', 'c6_stable_score', 'c6_final_2nd_score', 'c6_second_rank', 'c6_gap_to_top']",,,,,[],[]
ASY,3,top2,6,XGBoost,-0.6188453688983642,log_loss,0.014378786087036133,6.818682909011841,0.014378786087036133,6.818682909011841,1,True,5,161,1,1,915888,915888,915888,915888,0,0,XGBoostModel,,log_loss,"{'n_estimators': 10000, 'learning_rate': 0.1, 'n_jobs': -1, 'proc.max_category_levels': 100, 'objective': 'binary:logistic', 'booster': 'gbtree', 'seed': 0}",{'n_estimators': 11},"{'max_memory_usage_ratio': 1.0, 'max_gpu_memory_usage_ratio': 1.0, 'max_time_limit_ratio': 1.0, 'max_time_limit': None, 'min_time_limit': 0, 'valid_raw_types': ['bool', 'int', 'float', 'category'], 'valid_special_types': None, 'ignored_type_group_special': None, 'ignored_type_group_raw': None, 'get_features_kwargs': None, 'get_features_kwargs_extra': None, 'predict_1_batch_size': None, 'temperature_scalar': None}","['c1_history_n', 'c1_nige', 'c1_st_rank', 'c1_national_win_rate', 'c1_national_exacta_rate', 'c1_local_win_rate', 'c1_local_exacta_rate', 'c1_motor_exacta_rate', 'c1_boat_exacta_rate', 'c1_average_start', 'c2_history_n', 'c2_nige', 'c2_sashi', 'c2_makuri', 'c2_st_rank', 'c2_national_win_rate', 'c2_national_exacta_rate', 'c2_local_win_rate', 'c2_local_exacta_rate', 'c2_motor_exacta_rate', 'c2_boat_exacta_rate', 'c2_average_start', 'c3_history_n', 'c3_sashi', 'c3_makuri', 'c3_attack', 'c3_st_rank', 'c3_national_win_rate', 'c3_national_exacta_rate', 'c3_local_win_rate', 'c3_local_exacta_rate', 'c3_motor_exacta_rate', 'c3_boat_exacta_rate', 'c3_average_start', 'c4_history_n', 'c4_sashi', 'c4_makuri', 'c4_attack', 'c4_st_rank', 'c4_national_win_rate', 'c4_national_exacta_rate', 'c4_local_win_rate', 'c4_local_exacta_rate', 'c4_motor_exacta_rate', 'c4_boat_exacta_rate', 'c4_average_start', 'c5_history_n', 'c5_sashi', 'c5_makuri', 'c5_attack', 'c5_st_rank', 'c5_national_win_rate', 'c5_national_exacta_rate', 'c5_local_win_rate', 'c5_local_exacta_rate', 'c5_motor_exacta_rate', 'c5_boat_exacta_rate', 'c5_average_start', 'c6_history_n', 'c6_sashi', 'c6_makuri', 'c6_attack', 'c6_st_rank', 'c6_national_win_rate', 'c6_national_exacta_rate', 'c6_local_win_rate', 'c6_local_exacta_rate', 'c6_motor_exacta_rate', 'c6_boat_exacta_rate', 'c6_average_start', 'lane1_vulnerability_rate', 'c1_exhibition_time_relative', 'c1_start_timing_relative', 'c1_lap_time_relative', 'c1_around_time_relative', 'c1_straight_time_relative', 'c1_ex_score', 'c1_st_score', 'c1_lap_score', 'c1_mawari_score', 'c1_straight_score', 'c1_attack_potential', 'c1_stable_score', 'c1_final_2nd_score', 'c1_second_rank', 'c1_gap_to_top', 'c2_exhibition_time_relative', 'c2_start_timing_relative', 'c2_lap_time_relative', 'c2_around_time_relative', 'c2_straight_time_relative', 'c2_ex_score', 'c2_st_score', 'c2_lap_score', 'c2_mawari_score', 'c2_straight_score', 'c2_attack_potential', 'c2_stable_score', 'c2_final_2nd_score', 'c2_second_rank', 'c2_gap_to_top', 'c3_exhibition_time_relative', 'c3_start_timing_relative', 'c3_lap_time_relative', 'c3_around_time_relative', 'c3_straight_time_relative', 'c3_ex_score', 'c3_st_score', 'c3_lap_score', 'c3_mawari_score', 'c3_straight_score', 'c3_attack_potential', 'c3_stable_score', 'c3_final_2nd_score', 'c3_second_rank', 'c3_gap_to_top', 'c4_exhibition_time_relative', 'c4_start_timing_relative', 'c4_lap_time_relative', 'c4_around_time_relative', 'c4_straight_time_relative', 'c4_ex_score', 'c4_st_score', 'c4_lap_score', 'c4_mawari_score', 'c4_straight_score', 'c4_attack_potential', 'c4_stable_score', 'c4_final_2nd_score', 'c4_second_rank', 'c4_gap_to_top', 'c5_exhibition_time_relative', 'c5_start_timing_relative', 'c5_lap_time_relative', 'c5_around_time_relative', 'c5_straight_time_relative', 'c5_ex_score', 'c5_st_score', 'c5_lap_score', 'c5_mawari_score', 'c5_straight_score', 'c5_attack_potential', 'c5_stable_score', 'c5_final_2nd_score', 'c5_second_rank', 'c5_gap_to_top', 'c6_exhibition_time_relative', 'c6_start_timing_relative', 'c6_lap_time_relative', 'c6_around_time_relative', 'c6_straight_time_relative', 'c6_ex_score', 'c6_st_score', 'c6_lap_score', 'c6_mawari_score', 'c6_straight_score', 'c6_attack_potential', 'c6_stable_score', 'c6_final_2nd_score', 'c6_second_rank', 'c6_gap_to_top']",,,,,[],[]
ASY,3,top3,1,WeightedEnsemble_L2,-0.6518587509157348,log_loss,0.13637685775756836,9.018532514572144,0.0007147789001464844,0.021317481994628906,2,True,6,2,1,3,3782,24130323,3782,23967608,2,0,WeightedEnsembleModel,GreedyWeightedEnsembleModel,log_loss,"{'use_orig_features': False, 'valid_stacker': True, 'max_base_models': 0, 'max_base_models_per_type': 'auto', 'save_bag_folds': True, 'stratify': 'auto', 'bin': 'auto', 'n_bins': None, 'vary_seed_across_folds': False, 'custom_splits': None, 'model_random_seed': 0}",{},"{'max_memory_usage_ratio': 1.0, 'max_gpu_memory_usage_ratio': 1.0, 'max_time_limit_ratio': 1.0, 'max_time_limit': None, 'min_time_limit': 0, 'valid_raw_types': None, 'valid_special_types': None, 'ignored_type_group_special': None, 'ignored_type_group_raw': None, 'get_features_kwargs': None, 'get_features_kwargs_extra': None, 'predict_1_batch_size': None, 'temperature_scalar': None, 'drop_unique': False}","['CatBoost', 'RandomForest']",,"{'ensemble_size': 25, 'subsample_size': 1000000}",{'ensemble_size': 7},"{'max_memory_usage_ratio': 1.0, 'max_gpu_memory_usage_ratio': 1.0, 'max_time_limit_ratio': 1.0, 'max_time_limit': None, 'min_time_limit': 0, 'valid_raw_types': None, 'valid_special_types': None, 'ignored_type_group_special': None, 'ignored_type_group_raw': None, 'get_features_kwargs': None, 'get_features_kwargs_extra': None, 'predict_1_batch_size': None, 'temperature_scalar': None, 'drop_unique': False}","['CatBoost', 'RandomForest']",[]
ASY,3,top3,2,CatBoost,-0.6532119171828077,log_loss,0.011233091354370117,6.206800937652588,0.011233091354370117,6.206800937652588,1,True,3,161,1,1,158933,158933,158933,158933,0,1,CatBoostModel,,log_loss,"{'iterations': 10000, 'learning_rate': 0.05, 'allow_writing_files': False, 'eval_metric': 'Logloss', 'random_seed': 0}",{'iterations': 98},"{'max_memory_usage_ratio': 1.0, 'max_gpu_memory_usage_ratio': 1.0, 'max_time_limit_ratio': 1.0, 'max_time_limit': None, 'min_time_limit': 0, 'valid_raw_types': ['bool', 'int', 'float', 'category'], 'valid_special_types': None, 'ignored_type_group_special': None, 'ignored_type_group_raw': None, 'get_features_kwargs': None, 'get_features_kwargs_extra': None, 'predict_1_batch_size': None, 'temperature_scalar': None}","['c1_history_n', 'c1_nige', 'c1_st_rank', 'c1_national_win_rate', 'c1_national_exacta_rate', 'c1_local_win_rate', 'c1_local_exacta_rate', 'c1_motor_exacta_rate', 'c1_boat_exacta_rate', 'c1_average_start', 'c2_history_n', 'c2_nige', 'c2_sashi', 'c2_makuri', 'c2_st_rank', 'c2_national_win_rate', 'c2_national_exacta_rate', 'c2_local_win_rate', 'c2_local_exacta_rate', 'c2_motor_exacta_rate', 'c2_boat_exacta_rate', 'c2_average_start', 'c3_history_n', 'c3_sashi', 'c3_makuri', 'c3_attack', 'c3_st_rank', 'c3_national_win_rate', 'c3_national_exacta_rate', 'c3_local_win_rate', 'c3_local_exacta_rate', 'c3_motor_exacta_rate', 'c3_boat_exacta_rate', 'c3_average_start', 'c4_history_n', 'c4_sashi', 'c4_makuri', 'c4_attack', 'c4_st_rank', 'c4_national_win_rate', 'c4_national_exacta_rate', 'c4_local_win_rate', 'c4_local_exacta_rate', 'c4_motor_exacta_rate', 'c4_boat_exacta_rate', 'c4_average_start', 'c5_history_n', 'c5_sashi', 'c5_makuri', 'c5_attack', 'c5_st_rank', 'c5_national_win_rate', 'c5_national_exacta_rate', 'c5_local_win_rate', 'c5_local_exacta_rate', 'c5_motor_exacta_rate', 'c5_boat_exacta_rate', 'c5_average_start', 'c6_history_n', 'c6_sashi', 'c6_makuri', 'c6_attack', 'c6_st_rank', 'c6_national_win_rate', 'c6_national_exacta_rate', 'c6_local_win_rate', 'c6_local_exacta_rate', 'c6_motor_exacta_rate', 'c6_boat_exacta_rate', 'c6_average_start', 'lane1_vulnerability_rate', 'c1_exhibition_time_relative', 'c1_start_timing_relative', 'c1_lap_time_relative', 'c1_around_time_relative', 'c1_straight_time_relative', 'c1_ex_score', 'c1_st_score', 'c1_lap_score', 'c1_mawari_score', 'c1_straight_score', 'c1_attack_potential', 'c1_stable_score', 'c1_final_2nd_score', 'c1_second_rank', 'c1_gap_to_top', 'c2_exhibition_time_relative', 'c2_start_timing_relative', 'c2_lap_time_relative', 'c2_around_time_relative', 'c2_straight_time_relative', 'c2_ex_score', 'c2_st_score', 'c2_lap_score', 'c2_mawari_score', 'c2_straight_score', 'c2_attack_potential', 'c2_stable_score', 'c2_final_2nd_score', 'c2_second_rank', 'c2_gap_to_top', 'c3_exhibition_time_relative', 'c3_start_timing_relative', 'c3_lap_time_relative', 'c3_around_time_relative', 'c3_straight_time_relative', 'c3_ex_score', 'c3_st_score', 'c3_lap_score', 'c3_mawari_score', 'c3_straight_score', 'c3_attack_potential', 'c3_stable_score', 'c3_final_2nd_score', 'c3_second_rank', 'c3_gap_to_top', 'c4_exhibition_time_relative', 'c4_start_timing_relative', 'c4_lap_time_relative', 'c4_around_time_relative', 'c4_straight_time_relative', 'c4_ex_score', 'c4_st_score', 'c4_lap_score', 'c4_mawari_score', 'c4_straight_score', 'c4_attack_potential', 'c4_stable_score', 'c4_final_2nd_score', 'c4_second_rank', 'c4_gap_to_top', 'c5_exhibition_time_relative', 'c5_start_timing_relative', 'c5_lap_time_relative', 'c5_around_time_relative', 'c5_straight_time_relative', 'c5_ex_score', 'c5_st_score', 'c5_lap_score', 'c5_mawari_score', 'c5_straight_score', 'c5_attack_potential', 'c5_stable_score', 'c5_final_2nd_score', 'c5_second_rank', 'c5_gap_to_top', 'c6_exhibition_time_relative', 'c6_start_timing_relative', 'c6_lap_time_relative', 'c6_around_time_relative', 'c6_straight_time_relative', 'c6_ex_score', 'c6_st_score', 'c6_lap_score', 'c6_mawari_score', 'c6_straight_score', 'c6_attack_potential', 'c6_stable_score', 'c6_final_2nd_score', 'c6_second_rank', 'c6_gap_to_top']",,,,,[],['WeightedEnsemble_L2']
ASY,3,top3,3,RandomForest,-0.6541207300145954,log_loss,0.12442898750305176,2.7904140949249268,0.12442898750305176,2.7904140949249268,1,True,2,161,1,1,23967608,23967608,23967608,23967608,0,1,RFModel,,log_loss,"{'n_estimators': 300, 'max_leaf_nodes': 15000, 'n_jobs': -1, 'bootstrap': True, 'random_state': 0}",{'n_estimators': 300},"{'max_memory_usage_ratio': 1.0, 'max_gpu_memory_usage_ratio': 1.0, 'max_time_limit_ratio': 1.0, 'max_time_limit': None, 'min_time_limit': 0, 'valid_raw_types': ['bool', 'int', 'float', 'category'], 'valid_special_types': None, 'ignored_type_group_special': None, 'ignored_type_group_raw': None, 'get_features_kwargs': None, 'get_features_kwargs_extra': None, 'predict_1_batch_size': None, 'temperature_scalar': None}","['c1_history_n', 'c1_nige', 'c1_st_rank', 'c1_national_win_rate', 'c1_national_exacta_rate', 'c1_local_win_rate', 'c1_local_exacta_rate', 'c1_motor_exacta_rate', 'c1_boat_exacta_rate', 'c1_average_start', 'c2_history_n', 'c2_nige', 'c2_sashi', 'c2_makuri', 'c2_st_rank', 'c2_national_win_rate', 'c2_national_exacta_rate', 'c2_local_win_rate', 'c2_local_exacta_rate', 'c2_motor_exacta_rate', 'c2_boat_exacta_rate', 'c2_average_start', 'c3_history_n', 'c3_sashi', 'c3_makuri', 'c3_attack', 'c3_st_rank', 'c3_national_win_rate', 'c3_national_exacta_rate', 'c3_local_win_rate', 'c3_local_exacta_rate', 'c3_motor_exacta_rate', 'c3_boat_exacta_rate', 'c3_average_start', 'c4_history_n', 'c4_sashi', 'c4_makuri', 'c4_attack', 'c4_st_rank', 'c4_national_win_rate', 'c4_national_exacta_rate', 'c4_local_win_rate', 'c4_local_exacta_rate', 'c4_motor_exacta_rate', 'c4_boat_exacta_rate', 'c4_average_start', 'c5_history_n', 'c5_sashi', 'c5_makuri', 'c5_attack', 'c5_st_rank', 'c5_national_win_rate', 'c5_national_exacta_rate', 'c5_local_win_rate', 'c5_local_exacta_rate', 'c5_motor_exacta_rate', 'c5_boat_exacta_rate', 'c5_average_start', 'c6_history_n', 'c6_sashi', 'c6_makuri', 'c6_attack', 'c6_st_rank', 'c6_national_win_rate', 'c6_national_exacta_rate', 'c6_local_win_rate', 'c6_local_exacta_rate', 'c6_motor_exacta_rate', 'c6_boat_exacta_rate', 'c6_average_start', 'lane1_vulnerability_rate', 'c1_exhibition_time_relative', 'c1_start_timing_relative', 'c1_lap_time_relative', 'c1_around_time_relative', 'c1_straight_time_relative', 'c1_ex_score', 'c1_st_score', 'c1_lap_score', 'c1_mawari_score', 'c1_straight_score', 'c1_attack_potential', 'c1_stable_score', 'c1_final_2nd_score', 'c1_second_rank', 'c1_gap_to_top', 'c2_exhibition_time_relative', 'c2_start_timing_relative', 'c2_lap_time_relative', 'c2_around_time_relative', 'c2_straight_time_relative', 'c2_ex_score', 'c2_st_score', 'c2_lap_score', 'c2_mawari_score', 'c2_straight_score', 'c2_attack_potential', 'c2_stable_score', 'c2_final_2nd_score', 'c2_second_rank', 'c2_gap_to_top', 'c3_exhibition_time_relative', 'c3_start_timing_relative', 'c3_lap_time_relative', 'c3_around_time_relative', 'c3_straight_time_relative', 'c3_ex_score', 'c3_st_score', 'c3_lap_score', 'c3_mawari_score', 'c3_straight_score', 'c3_attack_potential', 'c3_stable_score', 'c3_final_2nd_score', 'c3_second_rank', 'c3_gap_to_top', 'c4_exhibition_time_relative', 'c4_start_timing_relative', 'c4_lap_time_relative', 'c4_around_time_relative', 'c4_straight_time_relative', 'c4_ex_score', 'c4_st_score', 'c4_lap_score', 'c4_mawari_score', 'c4_straight_score', 'c4_attack_potential', 'c4_stable_score', 'c4_final_2nd_score', 'c4_second_rank', 'c4_gap_to_top', 'c5_exhibition_time_relative', 'c5_start_timing_relative', 'c5_lap_time_relative', 'c5_around_time_relative', 'c5_straight_time_relative', 'c5_ex_score', 'c5_st_score', 'c5_lap_score', 'c5_mawari_score', 'c5_straight_score', 'c5_attack_potential', 'c5_stable_score', 'c5_final_2nd_score', 'c5_second_rank', 'c5_gap_to_top', 'c6_exhibition_time_relative', 'c6_start_timing_relative', 'c6_lap_time_relative', 'c6_around_time_relative', 'c6_straight_time_relative', 'c6_ex_score', 'c6_st_score', 'c6_lap_score', 'c6_mawari_score', 'c6_straight_score', 'c6_attack_potential', 'c6_stable_score', 'c6_final_2nd_score', 'c6_second_rank', 'c6_gap_to_top']",,,,,[],['WeightedEnsemble_L2']
ASY,3,top3,4,LightGBM,-0.659411695148103,log_loss,0.003725290298461914,2.4790704250335693,0.003725290298461914,2.4790704250335693,1,True,1,161,1,1,129024,129024,129024,129024,0,0,LGBModel,,log_loss,"{'learning_rate': 0.05, 'seed': 0}",{'num_boost_round': 32},"{'max_memory_usage_ratio': 1.0, 'max_gpu_memory_usage_ratio': 1.0, 'max_time_limit_ratio': 1.0, 'max_time_limit': None, 'min_time_limit': 0, 'valid_raw_types': ['bool', 'int', 'float', 'category'], 'valid_special_types': None, 'ignored_type_group_special': None, 'ignored_type_group_raw': None, 'get_features_kwargs': None, 'get_features_kwargs_extra': None, 'predict_1_batch_size': None, 'temperature_scalar': None}","['c1_history_n', 'c1_nige', 'c1_st_rank', 'c1_national_win_rate', 'c1_national_exacta_rate', 'c1_local_win_rate', 'c1_local_exacta_rate', 'c1_motor_exacta_rate', 'c1_boat_exacta_rate', 'c1_average_start', 'c2_history_n', 'c2_nige', 'c2_sashi', 'c2_makuri', 'c2_st_rank', 'c2_national_win_rate', 'c2_national_exacta_rate', 'c2_local_win_rate', 'c2_local_exacta_rate', 'c2_motor_exacta_rate', 'c2_boat_exacta_rate', 'c2_average_start', 'c3_history_n', 'c3_sashi', 'c3_makuri', 'c3_attack', 'c3_st_rank', 'c3_national_win_rate', 'c3_national_exacta_rate', 'c3_local_win_rate', 'c3_local_exacta_rate', 'c3_motor_exacta_rate', 'c3_boat_exacta_rate', 'c3_average_start', 'c4_history_n', 'c4_sashi', 'c4_makuri', 'c4_attack', 'c4_st_rank', 'c4_national_win_rate', 'c4_national_exacta_rate', 'c4_local_win_rate', 'c4_local_exacta_rate', 'c4_motor_exacta_rate', 'c4_boat_exacta_rate', 'c4_average_start', 'c5_history_n', 'c5_sashi', 'c5_makuri', 'c5_attack', 'c5_st_rank', 'c5_national_win_rate', 'c5_national_exacta_rate', 'c5_local_win_rate', 'c5_local_exacta_rate', 'c5_motor_exacta_rate', 'c5_boat_exacta_rate', 'c5_average_start', 'c6_history_n', 'c6_sashi', 'c6_makuri', 'c6_attack', 'c6_st_rank', 'c6_national_win_rate', 'c6_national_exacta_rate', 'c6_local_win_rate', 'c6_local_exacta_rate', 'c6_motor_exacta_rate', 'c6_boat_exacta_rate', 'c6_average_start', 'lane1_vulnerability_rate', 'c1_exhibition_time_relative', 'c1_start_timing_relative', 'c1_lap_time_relative', 'c1_around_time_relative', 'c1_straight_time_relative', 'c1_ex_score', 'c1_st_score', 'c1_lap_score', 'c1_mawari_score', 'c1_straight_score', 'c1_attack_potential', 'c1_stable_score', 'c1_final_2nd_score', 'c1_second_rank', 'c1_gap_to_top', 'c2_exhibition_time_relative', 'c2_start_timing_relative', 'c2_lap_time_relative', 'c2_around_time_relative', 'c2_straight_time_relative', 'c2_ex_score', 'c2_st_score', 'c2_lap_score', 'c2_mawari_score', 'c2_straight_score', 'c2_attack_potential', 'c2_stable_score', 'c2_final_2nd_score', 'c2_second_rank', 'c2_gap_to_top', 'c3_exhibition_time_relative', 'c3_start_timing_relative', 'c3_lap_time_relative', 'c3_around_time_relative', 'c3_straight_time_relative', 'c3_ex_score', 'c3_st_score', 'c3_lap_score', 'c3_mawari_score', 'c3_straight_score', 'c3_attack_potential', 'c3_stable_score', 'c3_final_2nd_score', 'c3_second_rank', 'c3_gap_to_top', 'c4_exhibition_time_relative', 'c4_start_timing_relative', 'c4_lap_time_relative', 'c4_around_time_relative', 'c4_straight_time_relative', 'c4_ex_score', 'c4_st_score', 'c4_lap_score', 'c4_mawari_score', 'c4_straight_score', 'c4_attack_potential', 'c4_stable_score', 'c4_final_2nd_score', 'c4_second_rank', 'c4_gap_to_top', 'c5_exhibition_time_relative', 'c5_start_timing_relative', 'c5_lap_time_relative', 'c5_around_time_relative', 'c5_straight_time_relative', 'c5_ex_score', 'c5_st_score', 'c5_lap_score', 'c5_mawari_score', 'c5_straight_score', 'c5_attack_potential', 'c5_stable_score', 'c5_final_2nd_score', 'c5_second_rank', 'c5_gap_to_top', 'c6_exhibition_time_relative', 'c6_start_timing_relative', 'c6_lap_time_relative', 'c6_around_time_relative', 'c6_straight_time_relative', 'c6_ex_score', 'c6_st_score', 'c6_lap_score', 'c6_mawari_score', 'c6_straight_score', 'c6_attack_potential', 'c6_stable_score', 'c6_final_2nd_score', 'c6_second_rank', 'c6_gap_to_top']",,,,,[],[]
ASY,3,top3,5,ExtraTrees,-0.6608697305951106,log_loss,0.12317562103271484,1.582038164138794,0.12317562103271484,1.582038164138794,1,True,4,161,1,1,38682322,38682322,38682322,38682322,0,0,XTModel,,log_loss,"{'n_estimators': 300, 'max_leaf_nodes': 15000, 'n_jobs': -1, 'bootstrap': True, 'random_state': 0}",{'n_estimators': 300},"{'max_memory_usage_ratio': 1.0, 'max_gpu_memory_usage_ratio': 1.0, 'max_time_limit_ratio': 1.0, 'max_time_limit': None, 'min_time_limit': 0, 'valid_raw_types': ['bool', 'int', 'float', 'category'], 'valid_special_types': None, 'ignored_type_group_special': None, 'ignored_type_group_raw': None, 'get_features_kwargs': None, 'get_features_kwargs_extra': None, 'predict_1_batch_size': None, 'temperature_scalar': None}","['c1_history_n', 'c1_nige', 'c1_st_rank', 'c1_national_win_rate', 'c1_national_exacta_rate', 'c1_local_win_rate', 'c1_local_exacta_rate', 'c1_motor_exacta_rate', 'c1_boat_exacta_rate', 'c1_average_start', 'c2_history_n', 'c2_nige', 'c2_sashi', 'c2_makuri', 'c2_st_rank', 'c2_national_win_rate', 'c2_national_exacta_rate', 'c2_local_win_rate', 'c2_local_exacta_rate', 'c2_motor_exacta_rate', 'c2_boat_exacta_rate', 'c2_average_start', 'c3_history_n', 'c3_sashi', 'c3_makuri', 'c3_attack', 'c3_st_rank', 'c3_national_win_rate', 'c3_national_exacta_rate', 'c3_local_win_rate', 'c3_local_exacta_rate', 'c3_motor_exacta_rate', 'c3_boat_exacta_rate', 'c3_average_start', 'c4_history_n', 'c4_sashi', 'c4_makuri', 'c4_attack', 'c4_st_rank', 'c4_national_win_rate', 'c4_national_exacta_rate', 'c4_local_win_rate', 'c4_local_exacta_rate', 'c4_motor_exacta_rate', 'c4_boat_exacta_rate', 'c4_average_start', 'c5_history_n', 'c5_sashi', 'c5_makuri', 'c5_attack', 'c5_st_rank', 'c5_national_win_rate', 'c5_national_exacta_rate', 'c5_local_win_rate', 'c5_local_exacta_rate', 'c5_motor_exacta_rate', 'c5_boat_exacta_rate', 'c5_average_start', 'c6_history_n', 'c6_sashi', 'c6_makuri', 'c6_attack', 'c6_st_rank', 'c6_national_win_rate', 'c6_national_exacta_rate', 'c6_local_win_rate', 'c6_local_exacta_rate', 'c6_motor_exacta_rate', 'c6_boat_exacta_rate', 'c6_average_start', 'lane1_vulnerability_rate', 'c1_exhibition_time_relative', 'c1_start_timing_relative', 'c1_lap_time_relative', 'c1_around_time_relative', 'c1_straight_time_relative', 'c1_ex_score', 'c1_st_score', 'c1_lap_score', 'c1_mawari_score', 'c1_straight_score', 'c1_attack_potential', 'c1_stable_score', 'c1_final_2nd_score', 'c1_second_rank', 'c1_gap_to_top', 'c2_exhibition_time_relative', 'c2_start_timing_relative', 'c2_lap_time_relative', 'c2_around_time_relative', 'c2_straight_time_relative', 'c2_ex_score', 'c2_st_score', 'c2_lap_score', 'c2_mawari_score', 'c2_straight_score', 'c2_attack_potential', 'c2_stable_score', 'c2_final_2nd_score', 'c2_second_rank', 'c2_gap_to_top', 'c3_exhibition_time_relative', 'c3_start_timing_relative', 'c3_lap_time_relative', 'c3_around_time_relative', 'c3_straight_time_relative', 'c3_ex_score', 'c3_st_score', 'c3_lap_score', 'c3_mawari_score', 'c3_straight_score', 'c3_attack_potential', 'c3_stable_score', 'c3_final_2nd_score', 'c3_second_rank', 'c3_gap_to_top', 'c4_exhibition_time_relative', 'c4_start_timing_relative', 'c4_lap_time_relative', 'c4_around_time_relative', 'c4_straight_time_relative', 'c4_ex_score', 'c4_st_score', 'c4_lap_score', 'c4_mawari_score', 'c4_straight_score', 'c4_attack_potential', 'c4_stable_score', 'c4_final_2nd_score', 'c4_second_rank', 'c4_gap_to_top', 'c5_exhibition_time_relative', 'c5_start_timing_relative', 'c5_lap_time_relative', 'c5_around_time_relative', 'c5_straight_time_relative', 'c5_ex_score', 'c5_st_score', 'c5_lap_score', 'c5_mawari_score', 'c5_straight_score', 'c5_attack_potential', 'c5_stable_score', 'c5_final_2nd_score', 'c5_second_rank', 'c5_gap_to_top', 'c6_exhibition_time_relative', 'c6_start_timing_relative', 'c6_lap_time_relative', 'c6_around_time_relative', 'c6_straight_time_relative', 'c6_ex_score', 'c6_st_score', 'c6_lap_score', 'c6_mawari_score', 'c6_straight_score', 'c6_attack_potential', 'c6_stable_score', 'c6_final_2nd_score', 'c6_second_rank', 'c6_gap_to_top']",,,,,[],[]
ASY,3,top3,6,XGBoost,-0.6648702092991984,log_loss,0.01461482048034668,7.395966529846191,0.01461482048034668,7.395966529846191,1,True,5,161,1,1,948034,948034,948034,948034,0,0,XGBoostModel,,log_loss,"{'n_estimators': 10000, 'learning_rate': 0.1, 'n_jobs': -1, 'proc.max_category_levels': 100, 'objective': 'binary:logistic', 'booster': 'gbtree', 'seed': 0}",{'n_estimators': 19},"{'max_memory_usage_ratio': 1.0, 'max_gpu_memory_usage_ratio': 1.0, 'max_time_limit_ratio': 1.0, 'max_time_limit': None, 'min_time_limit': 0, 'valid_raw_types': ['bool', 'int', 'float', 'category'], 'valid_special_types': None, 'ignored_type_group_special': None, 'ignored_type_group_raw': None, 'get_features_kwargs': None, 'get_features_kwargs_extra': None, 'predict_1_batch_size': None, 'temperature_scalar': None}","['c1_history_n', 'c1_nige', 'c1_st_rank', 'c1_national_win_rate', 'c1_national_exacta_rate', 'c1_local_win_rate', 'c1_local_exacta_rate', 'c1_motor_exacta_rate', 'c1_boat_exacta_rate', 'c1_average_start', 'c2_history_n', 'c2_nige', 'c2_sashi', 'c2_makuri', 'c2_st_rank', 'c2_national_win_rate', 'c2_national_exacta_rate', 'c2_local_win_rate', 'c2_local_exacta_rate', 'c2_motor_exacta_rate', 'c2_boat_exacta_rate', 'c2_average_start', 'c3_history_n', 'c3_sashi', 'c3_makuri', 'c3_attack', 'c3_st_rank', 'c3_national_win_rate', 'c3_national_exacta_rate', 'c3_local_win_rate', 'c3_local_exacta_rate', 'c3_motor_exacta_rate', 'c3_boat_exacta_rate', 'c3_average_start', 'c4_history_n', 'c4_sashi', 'c4_makuri', 'c4_attack', 'c4_st_rank', 'c4_national_win_rate', 'c4_national_exacta_rate', 'c4_local_win_rate', 'c4_local_exacta_rate', 'c4_motor_exacta_rate', 'c4_boat_exacta_rate', 'c4_average_start', 'c5_history_n', 'c5_sashi', 'c5_makuri', 'c5_attack', 'c5_st_rank', 'c5_national_win_rate', 'c5_national_exacta_rate', 'c5_local_win_rate', 'c5_local_exacta_rate', 'c5_motor_exacta_rate', 'c5_boat_exacta_rate', 'c5_average_start', 'c6_history_n', 'c6_sashi', 'c6_makuri', 'c6_attack', 'c6_st_rank', 'c6_national_win_rate', 'c6_national_exacta_rate', 'c6_local_win_rate', 'c6_local_exacta_rate', 'c6_motor_exacta_rate', 'c6_boat_exacta_rate', 'c6_average_start', 'lane1_vulnerability_rate', 'c1_exhibition_time_relative', 'c1_start_timing_relative', 'c1_lap_time_relative', 'c1_around_time_relative', 'c1_straight_time_relative', 'c1_ex_score', 'c1_st_score', 'c1_lap_score', 'c1_mawari_score', 'c1_straight_score', 'c1_attack_potential', 'c1_stable_score', 'c1_final_2nd_score', 'c1_second_rank', 'c1_gap_to_top', 'c2_exhibition_time_relative', 'c2_start_timing_relative', 'c2_lap_time_relative', 'c2_around_time_relative', 'c2_straight_time_relative', 'c2_ex_score', 'c2_st_score', 'c2_lap_score', 'c2_mawari_score', 'c2_straight_score', 'c2_attack_potential', 'c2_stable_score', 'c2_final_2nd_score', 'c2_second_rank', 'c2_gap_to_top', 'c3_exhibition_time_relative', 'c3_start_timing_relative', 'c3_lap_time_relative', 'c3_around_time_relative', 'c3_straight_time_relative', 'c3_ex_score', 'c3_st_score', 'c3_lap_score', 'c3_mawari_score', 'c3_straight_score', 'c3_attack_potential', 'c3_stable_score', 'c3_final_2nd_score', 'c3_second_rank', 'c3_gap_to_top', 'c4_exhibition_time_relative', 'c4_start_timing_relative', 'c4_lap_time_relative', 'c4_around_time_relative', 'c4_straight_time_relative', 'c4_ex_score', 'c4_st_score', 'c4_lap_score', 'c4_mawari_score', 'c4_straight_score', 'c4_attack_potential', 'c4_stable_score', 'c4_final_2nd_score', 'c4_second_rank', 'c4_gap_to_top', 'c5_exhibition_time_relative', 'c5_start_timing_relative', 'c5_lap_time_relative', 'c5_around_time_relative', 'c5_straight_time_relative', 'c5_ex_score', 'c5_st_score', 'c5_lap_score', 'c5_mawari_score', 'c5_straight_score', 'c5_attack_potential', 'c5_stable_score', 'c5_final_2nd_score', 'c5_second_rank', 'c5_gap_to_top', 'c6_exhibition_time_relative', 'c6_start_timing_relative', 'c6_lap_time_relative', 'c6_around_time_relative', 'c6_straight_time_relative', 'c6_ex_score', 'c6_st_score', 'c6_lap_score', 'c6_mawari_score', 'c6_straight_score', 'c6_attack_potential', 'c6_stable_score', 'c6_final_2nd_score', 'c6_second_rank', 'c6_gap_to_top']",,,,,[],[]
ASY,4,first,1,WeightedEnsemble_L2,-0.2952381222002403,log_loss,0.14916777610778809,16.486151456832886,0.0007212162017822266,0.021636009216308594,2,True,6,3,1,4,3792,21363102,3792,20259300,3,0,WeightedEnsembleModel,GreedyWeightedEnsembleModel,log_loss,"{'use_orig_features': False, 'valid_stacker': True, 'max_base_models': 0, 'max_base_models_per_type': 'auto', 'save_bag_folds': True, 'stratify': 'auto', 'bin': 'auto', 'n_bins': None, 'vary_seed_across_folds': False, 'custom_splits': None, 'model_random_seed': 0}",{},"{'max_memory_usage_ratio': 1.0, 'max_gpu_memory_usage_ratio': 1.0, 'max_time_limit_ratio': 1.0, 'max_time_limit': None, 'min_time_limit': 0, 'valid_raw_types': None, 'valid_special_types': None, 'ignored_type_group_special': None, 'ignored_type_group_raw': None, 'get_features_kwargs': None, 'get_features_kwargs_extra': None, 'predict_1_batch_size': None, 'temperature_scalar': None, 'drop_unique': False}","['XGBoost', 'CatBoost', 'ExtraTrees']",,"{'ensemble_size': 25, 'subsample_size': 1000000}",{'ensemble_size': 17},"{'max_memory_usage_ratio': 1.0, 'max_gpu_memory_usage_ratio': 1.0, 'max_time_limit_ratio': 1.0, 'max_time_limit': None, 'min_time_limit': 0, 'valid_raw_types': None, 'valid_special_types': None, 'ignored_type_group_special': None, 'ignored_type_group_raw': None, 'get_features_kwargs': None, 'get_features_kwargs_extra': None, 'predict_1_batch_size': None, 'temperature_scalar': None, 'drop_unique': False}","['XGBoost', 'CatBoost', 'ExtraTrees']",[]
ASY,4,first,2,CatBoost,-0.2979236864197987,log_loss,0.010901689529418945,8.88705849647522,0.010901689529418945,8.88705849647522,1,True,3,161,1,1,354376,354376,354376,354376,0,1,CatBoostModel,,log_loss,"{'iterations': 10000, 'learning_rate': 0.05, 'allow_writing_files': False, 'eval_metric': 'Logloss', 'random_seed': 0}",{'iterations': 266},"{'max_memory_usage_ratio': 1.0, 'max_gpu_memory_usage_ratio': 1.0, 'max_time_limit_ratio': 1.0, 'max_time_limit': None, 'min_time_limit': 0, 'valid_raw_types': ['bool', 'int', 'float', 'category'], 'valid_special_types': None, 'ignored_type_group_special': None, 'ignored_type_group_raw': None, 'get_features_kwargs': None, 'get_features_kwargs_extra': None, 'predict_1_batch_size': None, 'temperature_scalar': None}","['c1_history_n', 'c1_nige', 'c1_st_rank', 'c1_national_win_rate', 'c1_national_exacta_rate', 'c1_local_win_rate', 'c1_local_exacta_rate', 'c1_motor_exacta_rate', 'c1_boat_exacta_rate', 'c1_average_start', 'c2_history_n', 'c2_nige', 'c2_sashi', 'c2_makuri', 'c2_st_rank', 'c2_national_win_rate', 'c2_national_exacta_rate', 'c2_local_win_rate', 'c2_local_exacta_rate', 'c2_motor_exacta_rate', 'c2_boat_exacta_rate', 'c2_average_start', 'c3_history_n', 'c3_sashi', 'c3_makuri', 'c3_attack', 'c3_st_rank', 'c3_national_win_rate', 'c3_national_exacta_rate', 'c3_local_win_rate', 'c3_local_exacta_rate', 'c3_motor_exacta_rate', 'c3_boat_exacta_rate', 'c3_average_start', 'c4_history_n', 'c4_sashi', 'c4_makuri', 'c4_attack', 'c4_st_rank', 'c4_national_win_rate', 'c4_national_exacta_rate', 'c4_local_win_rate', 'c4_local_exacta_rate', 'c4_motor_exacta_rate', 'c4_boat_exacta_rate', 'c4_average_start', 'c5_history_n', 'c5_sashi', 'c5_makuri', 'c5_attack', 'c5_st_rank', 'c5_national_win_rate', 'c5_national_exacta_rate', 'c5_local_win_rate', 'c5_local_exacta_rate', 'c5_motor_exacta_rate', 'c5_boat_exacta_rate', 'c5_average_start', 'c6_history_n', 'c6_sashi', 'c6_makuri', 'c6_attack', 'c6_st_rank', 'c6_national_win_rate', 'c6_national_exacta_rate', 'c6_local_win_rate', 'c6_local_exacta_rate', 'c6_motor_exacta_rate', 'c6_boat_exacta_rate', 'c6_average_start', 'lane1_vulnerability_rate', 'c1_exhibition_time_relative', 'c1_start_timing_relative', 'c1_lap_time_relative', 'c1_around_time_relative', 'c1_straight_time_relative', 'c1_ex_score', 'c1_st_score', 'c1_lap_score', 'c1_mawari_score', 'c1_straight_score', 'c1_attack_potential', 'c1_stable_score', 'c1_final_2nd_score', 'c1_second_rank', 'c1_gap_to_top', 'c2_exhibition_time_relative', 'c2_start_timing_relative', 'c2_lap_time_relative', 'c2_around_time_relative', 'c2_straight_time_relative', 'c2_ex_score', 'c2_st_score', 'c2_lap_score', 'c2_mawari_score', 'c2_straight_score', 'c2_attack_potential', 'c2_stable_score', 'c2_final_2nd_score', 'c2_second_rank', 'c2_gap_to_top', 'c3_exhibition_time_relative', 'c3_start_timing_relative', 'c3_lap_time_relative', 'c3_around_time_relative', 'c3_straight_time_relative', 'c3_ex_score', 'c3_st_score', 'c3_lap_score', 'c3_mawari_score', 'c3_straight_score', 'c3_attack_potential', 'c3_stable_score', 'c3_final_2nd_score', 'c3_second_rank', 'c3_gap_to_top', 'c4_exhibition_time_relative', 'c4_start_timing_relative', 'c4_lap_time_relative', 'c4_around_time_relative', 'c4_straight_time_relative', 'c4_ex_score', 'c4_st_score', 'c4_lap_score', 'c4_mawari_score', 'c4_straight_score', 'c4_attack_potential', 'c4_stable_score', 'c4_final_2nd_score', 'c4_second_rank', 'c4_gap_to_top', 'c5_exhibition_time_relative', 'c5_start_timing_relative', 'c5_lap_time_relative', 'c5_around_time_relative', 'c5_straight_time_relative', 'c5_ex_score', 'c5_st_score', 'c5_lap_score', 'c5_mawari_score', 'c5_straight_score', 'c5_attack_potential', 'c5_stable_score', 'c5_final_2nd_score', 'c5_second_rank', 'c5_gap_to_top', 'c6_exhibition_time_relative', 'c6_start_timing_relative', 'c6_lap_time_relative', 'c6_around_time_relative', 'c6_straight_time_relative', 'c6_ex_score', 'c6_st_score', 'c6_lap_score', 'c6_mawari_score', 'c6_straight_score', 'c6_attack_potential', 'c6_stable_score', 'c6_final_2nd_score', 'c6_second_rank', 'c6_gap_to_top']",,,,,[],['WeightedEnsemble_L2']
ASY,4,first,3,XGBoost,-0.30296620623249015,log_loss,0.01460409164428711,6.000416994094849,0.01460409164428711,6.000416994094849,1,True,5,161,1,1,745634,745634,745634,745634,0,1,XGBoostModel,,log_loss,"{'n_estimators': 10000, 'learning_rate': 0.1, 'n_jobs': -1, 'proc.max_category_levels': 100, 'objective': 'binary:logistic', 'booster': 'gbtree', 'seed': 0}",{'n_estimators': 18},"{'max_memory_usage_ratio': 1.0, 'max_gpu_memory_usage_ratio': 1.0, 'max_time_limit_ratio': 1.0, 'max_time_limit': None, 'min_time_limit': 0, 'valid_raw_types': ['bool', 'int', 'float', 'category'], 'valid_special_types': None, 'ignored_type_group_special': None, 'ignored_type_group_raw': None, 'get_features_kwargs': None, 'get_features_kwargs_extra': None, 'predict_1_batch_size': None, 'temperature_scalar': None}","['c1_history_n', 'c1_nige', 'c1_st_rank', 'c1_national_win_rate', 'c1_national_exacta_rate', 'c1_local_win_rate', 'c1_local_exacta_rate', 'c1_motor_exacta_rate', 'c1_boat_exacta_rate', 'c1_average_start', 'c2_history_n', 'c2_nige', 'c2_sashi', 'c2_makuri', 'c2_st_rank', 'c2_national_win_rate', 'c2_national_exacta_rate', 'c2_local_win_rate', 'c2_local_exacta_rate', 'c2_motor_exacta_rate', 'c2_boat_exacta_rate', 'c2_average_start', 'c3_history_n', 'c3_sashi', 'c3_makuri', 'c3_attack', 'c3_st_rank', 'c3_national_win_rate', 'c3_national_exacta_rate', 'c3_local_win_rate', 'c3_local_exacta_rate', 'c3_motor_exacta_rate', 'c3_boat_exacta_rate', 'c3_average_start', 'c4_history_n', 'c4_sashi', 'c4_makuri', 'c4_attack', 'c4_st_rank', 'c4_national_win_rate', 'c4_national_exacta_rate', 'c4_local_win_rate', 'c4_local_exacta_rate', 'c4_motor_exacta_rate', 'c4_boat_exacta_rate', 'c4_average_start', 'c5_history_n', 'c5_sashi', 'c5_makuri', 'c5_attack', 'c5_st_rank', 'c5_national_win_rate', 'c5_national_exacta_rate', 'c5_local_win_rate', 'c5_local_exacta_rate', 'c5_motor_exacta_rate', 'c5_boat_exacta_rate', 'c5_average_start', 'c6_history_n', 'c6_sashi', 'c6_makuri', 'c6_attack', 'c6_st_rank', 'c6_national_win_rate', 'c6_national_exacta_rate', 'c6_local_win_rate', 'c6_local_exacta_rate', 'c6_motor_exacta_rate', 'c6_boat_exacta_rate', 'c6_average_start', 'lane1_vulnerability_rate', 'c1_exhibition_time_relative', 'c1_start_timing_relative', 'c1_lap_time_relative', 'c1_around_time_relative', 'c1_straight_time_relative', 'c1_ex_score', 'c1_st_score', 'c1_lap_score', 'c1_mawari_score', 'c1_straight_score', 'c1_attack_potential', 'c1_stable_score', 'c1_final_2nd_score', 'c1_second_rank', 'c1_gap_to_top', 'c2_exhibition_time_relative', 'c2_start_timing_relative', 'c2_lap_time_relative', 'c2_around_time_relative', 'c2_straight_time_relative', 'c2_ex_score', 'c2_st_score', 'c2_lap_score', 'c2_mawari_score', 'c2_straight_score', 'c2_attack_potential', 'c2_stable_score', 'c2_final_2nd_score', 'c2_second_rank', 'c2_gap_to_top', 'c3_exhibition_time_relative', 'c3_start_timing_relative', 'c3_lap_time_relative', 'c3_around_time_relative', 'c3_straight_time_relative', 'c3_ex_score', 'c3_st_score', 'c3_lap_score', 'c3_mawari_score', 'c3_straight_score', 'c3_attack_potential', 'c3_stable_score', 'c3_final_2nd_score', 'c3_second_rank', 'c3_gap_to_top', 'c4_exhibition_time_relative', 'c4_start_timing_relative', 'c4_lap_time_relative', 'c4_around_time_relative', 'c4_straight_time_relative', 'c4_ex_score', 'c4_st_score', 'c4_lap_score', 'c4_mawari_score', 'c4_straight_score', 'c4_attack_potential', 'c4_stable_score', 'c4_final_2nd_score', 'c4_second_rank', 'c4_gap_to_top', 'c5_exhibition_time_relative', 'c5_start_timing_relative', 'c5_lap_time_relative', 'c5_around_time_relative', 'c5_straight_time_relative', 'c5_ex_score', 'c5_st_score', 'c5_lap_score', 'c5_mawari_score', 'c5_straight_score', 'c5_attack_potential', 'c5_stable_score', 'c5_final_2nd_score', 'c5_second_rank', 'c5_gap_to_top', 'c6_exhibition_time_relative', 'c6_start_timing_relative', 'c6_lap_time_relative', 'c6_around_time_relative', 'c6_straight_time_relative', 'c6_ex_score', 'c6_st_score', 'c6_lap_score', 'c6_mawari_score', 'c6_straight_score', 'c6_attack_potential', 'c6_stable_score', 'c6_final_2nd_score', 'c6_second_rank', 'c6_gap_to_top']",,,,,[],['WeightedEnsemble_L2']
ASY,4,first,4,LightGBM,-0.3074391864150792,log_loss,0.003755807876586914,2.77839732170105,0.003755807876586914,2.77839732170105,1,True,1,161,1,1,134711,134711,134711,134711,0,0,LGBModel,,log_loss,"{'learning_rate': 0.05, 'seed': 0}",{'num_boost_round': 34},"{'max_memory_usage_ratio': 1.0, 'max_gpu_memory_usage_ratio': 1.0, 'max_time_limit_ratio': 1.0, 'max_time_limit': None, 'min_time_limit': 0, 'valid_raw_types': ['bool', 'int', 'float', 'category'], 'valid_special_types': None, 'ignored_type_group_special': None, 'ignored_type_group_raw': None, 'get_features_kwargs': None, 'get_features_kwargs_extra': None, 'predict_1_batch_size': None, 'temperature_scalar': None}","['c1_history_n', 'c1_nige', 'c1_st_rank', 'c1_national_win_rate', 'c1_national_exacta_rate', 'c1_local_win_rate', 'c1_local_exacta_rate', 'c1_motor_exacta_rate', 'c1_boat_exacta_rate', 'c1_average_start', 'c2_history_n', 'c2_nige', 'c2_sashi', 'c2_makuri', 'c2_st_rank', 'c2_national_win_rate', 'c2_national_exacta_rate', 'c2_local_win_rate', 'c2_local_exacta_rate', 'c2_motor_exacta_rate', 'c2_boat_exacta_rate', 'c2_average_start', 'c3_history_n', 'c3_sashi', 'c3_makuri', 'c3_attack', 'c3_st_rank', 'c3_national_win_rate', 'c3_national_exacta_rate', 'c3_local_win_rate', 'c3_local_exacta_rate', 'c3_motor_exacta_rate', 'c3_boat_exacta_rate', 'c3_average_start', 'c4_history_n', 'c4_sashi', 'c4_makuri', 'c4_attack', 'c4_st_rank', 'c4_national_win_rate', 'c4_national_exacta_rate', 'c4_local_win_rate', 'c4_local_exacta_rate', 'c4_motor_exacta_rate', 'c4_boat_exacta_rate', 'c4_average_start', 'c5_history_n', 'c5_sashi', 'c5_makuri', 'c5_attack', 'c5_st_rank', 'c5_national_win_rate', 'c5_national_exacta_rate', 'c5_local_win_rate', 'c5_local_exacta_rate', 'c5_motor_exacta_rate', 'c5_boat_exacta_rate', 'c5_average_start', 'c6_history_n', 'c6_sashi', 'c6_makuri', 'c6_attack', 'c6_st_rank', 'c6_national_win_rate', 'c6_national_exacta_rate', 'c6_local_win_rate', 'c6_local_exacta_rate', 'c6_motor_exacta_rate', 'c6_boat_exacta_rate', 'c6_average_start', 'lane1_vulnerability_rate', 'c1_exhibition_time_relative', 'c1_start_timing_relative', 'c1_lap_time_relative', 'c1_around_time_relative', 'c1_straight_time_relative', 'c1_ex_score', 'c1_st_score', 'c1_lap_score', 'c1_mawari_score', 'c1_straight_score', 'c1_attack_potential', 'c1_stable_score', 'c1_final_2nd_score', 'c1_second_rank', 'c1_gap_to_top', 'c2_exhibition_time_relative', 'c2_start_timing_relative', 'c2_lap_time_relative', 'c2_around_time_relative', 'c2_straight_time_relative', 'c2_ex_score', 'c2_st_score', 'c2_lap_score', 'c2_mawari_score', 'c2_straight_score', 'c2_attack_potential', 'c2_stable_score', 'c2_final_2nd_score', 'c2_second_rank', 'c2_gap_to_top', 'c3_exhibition_time_relative', 'c3_start_timing_relative', 'c3_lap_time_relative', 'c3_around_time_relative', 'c3_straight_time_relative', 'c3_ex_score', 'c3_st_score', 'c3_lap_score', 'c3_mawari_score', 'c3_straight_score', 'c3_attack_potential', 'c3_stable_score', 'c3_final_2nd_score', 'c3_second_rank', 'c3_gap_to_top', 'c4_exhibition_time_relative', 'c4_start_timing_relative', 'c4_lap_time_relative', 'c4_around_time_relative', 'c4_straight_time_relative', 'c4_ex_score', 'c4_st_score', 'c4_lap_score', 'c4_mawari_score', 'c4_straight_score', 'c4_attack_potential', 'c4_stable_score', 'c4_final_2nd_score', 'c4_second_rank', 'c4_gap_to_top', 'c5_exhibition_time_relative', 'c5_start_timing_relative', 'c5_lap_time_relative', 'c5_around_time_relative', 'c5_straight_time_relative', 'c5_ex_score', 'c5_st_score', 'c5_lap_score', 'c5_mawari_score', 'c5_straight_score', 'c5_attack_potential', 'c5_stable_score', 'c5_final_2nd_score', 'c5_second_rank', 'c5_gap_to_top', 'c6_exhibition_time_relative', 'c6_start_timing_relative', 'c6_lap_time_relative', 'c6_around_time_relative', 'c6_straight_time_relative', 'c6_ex_score', 'c6_st_score', 'c6_lap_score', 'c6_mawari_score', 'c6_straight_score', 'c6_attack_potential', 'c6_stable_score', 'c6_final_2nd_score', 'c6_second_rank', 'c6_gap_to_top']",,,,,[],[]
ASY,4,first,5,ExtraTrees,-0.30763516826705073,log_loss,0.1229407787322998,1.5770399570465088,0.1229407787322998,1.5770399570465088,1,True,4,161,1,1,20259300,20259300,20259300,20259300,0,1,XTModel,,log_loss,"{'n_estimators': 300, 'max_leaf_nodes': 15000, 'n_jobs': -1, 'bootstrap': True, 'random_state': 0}",{'n_estimators': 300},"{'max_memory_usage_ratio': 1.0, 'max_gpu_memory_usage_ratio': 1.0, 'max_time_limit_ratio': 1.0, 'max_time_limit': None, 'min_time_limit': 0, 'valid_raw_types': ['bool', 'int', 'float', 'category'], 'valid_special_types': None, 'ignored_type_group_special': None, 'ignored_type_group_raw': None, 'get_features_kwargs': None, 'get_features_kwargs_extra': None, 'predict_1_batch_size': None, 'temperature_scalar': None}","['c1_history_n', 'c1_nige', 'c1_st_rank', 'c1_national_win_rate', 'c1_national_exacta_rate', 'c1_local_win_rate', 'c1_local_exacta_rate', 'c1_motor_exacta_rate', 'c1_boat_exacta_rate', 'c1_average_start', 'c2_history_n', 'c2_nige', 'c2_sashi', 'c2_makuri', 'c2_st_rank', 'c2_national_win_rate', 'c2_national_exacta_rate', 'c2_local_win_rate', 'c2_local_exacta_rate', 'c2_motor_exacta_rate', 'c2_boat_exacta_rate', 'c2_average_start', 'c3_history_n', 'c3_sashi', 'c3_makuri', 'c3_attack', 'c3_st_rank', 'c3_national_win_rate', 'c3_national_exacta_rate', 'c3_local_win_rate', 'c3_local_exacta_rate', 'c3_motor_exacta_rate', 'c3_boat_exacta_rate', 'c3_average_start', 'c4_history_n', 'c4_sashi', 'c4_makuri', 'c4_attack', 'c4_st_rank', 'c4_national_win_rate', 'c4_national_exacta_rate', 'c4_local_win_rate', 'c4_local_exacta_rate', 'c4_motor_exacta_rate', 'c4_boat_exacta_rate', 'c4_average_start', 'c5_history_n', 'c5_sashi', 'c5_makuri', 'c5_attack', 'c5_st_rank', 'c5_national_win_rate', 'c5_national_exacta_rate', 'c5_local_win_rate', 'c5_local_exacta_rate', 'c5_motor_exacta_rate', 'c5_boat_exacta_rate', 'c5_average_start', 'c6_history_n', 'c6_sashi', 'c6_makuri', 'c6_attack', 'c6_st_rank', 'c6_national_win_rate', 'c6_national_exacta_rate', 'c6_local_win_rate', 'c6_local_exacta_rate', 'c6_motor_exacta_rate', 'c6_boat_exacta_rate', 'c6_average_start', 'lane1_vulnerability_rate', 'c1_exhibition_time_relative', 'c1_start_timing_relative', 'c1_lap_time_relative', 'c1_around_time_relative', 'c1_straight_time_relative', 'c1_ex_score', 'c1_st_score', 'c1_lap_score', 'c1_mawari_score', 'c1_straight_score', 'c1_attack_potential', 'c1_stable_score', 'c1_final_2nd_score', 'c1_second_rank', 'c1_gap_to_top', 'c2_exhibition_time_relative', 'c2_start_timing_relative', 'c2_lap_time_relative', 'c2_around_time_relative', 'c2_straight_time_relative', 'c2_ex_score', 'c2_st_score', 'c2_lap_score', 'c2_mawari_score', 'c2_straight_score', 'c2_attack_potential', 'c2_stable_score', 'c2_final_2nd_score', 'c2_second_rank', 'c2_gap_to_top', 'c3_exhibition_time_relative', 'c3_start_timing_relative', 'c3_lap_time_relative', 'c3_around_time_relative', 'c3_straight_time_relative', 'c3_ex_score', 'c3_st_score', 'c3_lap_score', 'c3_mawari_score', 'c3_straight_score', 'c3_attack_potential', 'c3_stable_score', 'c3_final_2nd_score', 'c3_second_rank', 'c3_gap_to_top', 'c4_exhibition_time_relative', 'c4_start_timing_relative', 'c4_lap_time_relative', 'c4_around_time_relative', 'c4_straight_time_relative', 'c4_ex_score', 'c4_st_score', 'c4_lap_score', 'c4_mawari_score', 'c4_straight_score', 'c4_attack_potential', 'c4_stable_score', 'c4_final_2nd_score', 'c4_second_rank', 'c4_gap_to_top', 'c5_exhibition_time_relative', 'c5_start_timing_relative', 'c5_lap_time_relative', 'c5_around_time_relative', 'c5_straight_time_relative', 'c5_ex_score', 'c5_st_score', 'c5_lap_score', 'c5_mawari_score', 'c5_straight_score', 'c5_attack_potential', 'c5_stable_score', 'c5_final_2nd_score', 'c5_second_rank', 'c5_gap_to_top', 'c6_exhibition_time_relative', 'c6_start_timing_relative', 'c6_lap_time_relative', 'c6_around_time_relative', 'c6_straight_time_relative', 'c6_ex_score', 'c6_st_score', 'c6_lap_score', 'c6_mawari_score', 'c6_straight_score', 'c6_attack_potential', 'c6_stable_score', 'c6_final_2nd_score', 'c6_second_rank', 'c6_gap_to_top']",,,,,[],['WeightedEnsemble_L2']
ASY,4,first,6,RandomForest,-0.31281984486076264,log_loss,0.12110447883605957,3.049903154373169,0.12110447883605957,3.049903154373169,1,True,2,161,1,1,12757460,12757460,12757460,12757460,0,0,RFModel,,log_loss,"{'n_estimators': 300, 'max_leaf_nodes': 15000, 'n_jobs': -1, 'bootstrap': True, 'random_state': 0}",{'n_estimators': 300},"{'max_memory_usage_ratio': 1.0, 'max_gpu_memory_usage_ratio': 1.0, 'max_time_limit_ratio': 1.0, 'max_time_limit': None, 'min_time_limit': 0, 'valid_raw_types': ['bool', 'int', 'float', 'category'], 'valid_special_types': None, 'ignored_type_group_special': None, 'ignored_type_group_raw': None, 'get_features_kwargs': None, 'get_features_kwargs_extra': None, 'predict_1_batch_size': None, 'temperature_scalar': None}","['c1_history_n', 'c1_nige', 'c1_st_rank', 'c1_national_win_rate', 'c1_national_exacta_rate', 'c1_local_win_rate', 'c1_local_exacta_rate', 'c1_motor_exacta_rate', 'c1_boat_exacta_rate', 'c1_average_start', 'c2_history_n', 'c2_nige', 'c2_sashi', 'c2_makuri', 'c2_st_rank', 'c2_national_win_rate', 'c2_national_exacta_rate', 'c2_local_win_rate', 'c2_local_exacta_rate', 'c2_motor_exacta_rate', 'c2_boat_exacta_rate', 'c2_average_start', 'c3_history_n', 'c3_sashi', 'c3_makuri', 'c3_attack', 'c3_st_rank', 'c3_national_win_rate', 'c3_national_exacta_rate', 'c3_local_win_rate', 'c3_local_exacta_rate', 'c3_motor_exacta_rate', 'c3_boat_exacta_rate', 'c3_average_start', 'c4_history_n', 'c4_sashi', 'c4_makuri', 'c4_attack', 'c4_st_rank', 'c4_national_win_rate', 'c4_national_exacta_rate', 'c4_local_win_rate', 'c4_local_exacta_rate', 'c4_motor_exacta_rate', 'c4_boat_exacta_rate', 'c4_average_start', 'c5_history_n', 'c5_sashi', 'c5_makuri', 'c5_attack', 'c5_st_rank', 'c5_national_win_rate', 'c5_national_exacta_rate', 'c5_local_win_rate', 'c5_local_exacta_rate', 'c5_motor_exacta_rate', 'c5_boat_exacta_rate', 'c5_average_start', 'c6_history_n', 'c6_sashi', 'c6_makuri', 'c6_attack', 'c6_st_rank', 'c6_national_win_rate', 'c6_national_exacta_rate', 'c6_local_win_rate', 'c6_local_exacta_rate', 'c6_motor_exacta_rate', 'c6_boat_exacta_rate', 'c6_average_start', 'lane1_vulnerability_rate', 'c1_exhibition_time_relative', 'c1_start_timing_relative', 'c1_lap_time_relative', 'c1_around_time_relative', 'c1_straight_time_relative', 'c1_ex_score', 'c1_st_score', 'c1_lap_score', 'c1_mawari_score', 'c1_straight_score', 'c1_attack_potential', 'c1_stable_score', 'c1_final_2nd_score', 'c1_second_rank', 'c1_gap_to_top', 'c2_exhibition_time_relative', 'c2_start_timing_relative', 'c2_lap_time_relative', 'c2_around_time_relative', 'c2_straight_time_relative', 'c2_ex_score', 'c2_st_score', 'c2_lap_score', 'c2_mawari_score', 'c2_straight_score', 'c2_attack_potential', 'c2_stable_score', 'c2_final_2nd_score', 'c2_second_rank', 'c2_gap_to_top', 'c3_exhibition_time_relative', 'c3_start_timing_relative', 'c3_lap_time_relative', 'c3_around_time_relative', 'c3_straight_time_relative', 'c3_ex_score', 'c3_st_score', 'c3_lap_score', 'c3_mawari_score', 'c3_straight_score', 'c3_attack_potential', 'c3_stable_score', 'c3_final_2nd_score', 'c3_second_rank', 'c3_gap_to_top', 'c4_exhibition_time_relative', 'c4_start_timing_relative', 'c4_lap_time_relative', 'c4_around_time_relative', 'c4_straight_time_relative', 'c4_ex_score', 'c4_st_score', 'c4_lap_score', 'c4_mawari_score', 'c4_straight_score', 'c4_attack_potential', 'c4_stable_score', 'c4_final_2nd_score', 'c4_second_rank', 'c4_gap_to_top', 'c5_exhibition_time_relative', 'c5_start_timing_relative', 'c5_lap_time_relative', 'c5_around_time_relative', 'c5_straight_time_relative', 'c5_ex_score', 'c5_st_score', 'c5_lap_score', 'c5_mawari_score', 'c5_straight_score', 'c5_attack_potential', 'c5_stable_score', 'c5_final_2nd_score', 'c5_second_rank', 'c5_gap_to_top', 'c6_exhibition_time_relative', 'c6_start_timing_relative', 'c6_lap_time_relative', 'c6_around_time_relative', 'c6_straight_time_relative', 'c6_ex_score', 'c6_st_score', 'c6_lap_score', 'c6_mawari_score', 'c6_straight_score', 'c6_attack_potential', 'c6_stable_score', 'c6_final_2nd_score', 'c6_second_rank', 'c6_gap_to_top']",,,,,[],[]
ASY,4,top2,1,WeightedEnsemble_L2,-0.5448531939720238,log_loss,0.031697988510131836,16.543026447296143,0.000705718994140625,0.021488666534423828,2,True,6,3,1,4,3790,1367743,3790,918160,3,0,WeightedEnsembleModel,GreedyWeightedEnsembleModel,log_loss,"{'use_orig_features': False, 'valid_stacker': True, 'max_base_models': 0, 'max_base_models_per_type': 'auto', 'save_bag_folds': True, 'stratify': 'auto', 'bin': 'auto', 'n_bins': None, 'vary_seed_across_folds': False, 'custom_splits': None, 'model_random_seed': 0}",{},"{'max_memory_usage_ratio': 1.0, 'max_gpu_memory_usage_ratio': 1.0, 'max_time_limit_ratio': 1.0, 'max_time_limit': None, 'min_time_limit': 0, 'valid_raw_types': None, 'valid_special_types': None, 'ignored_type_group_special': None, 'ignored_type_group_raw': None, 'get_features_kwargs': None, 'get_features_kwargs_extra': None, 'predict_1_batch_size': None, 'temperature_scalar': None, 'drop_unique': False}","['LightGBM', 'XGBoost', 'CatBoost']",,"{'ensemble_size': 25, 'subsample_size': 1000000}",{'ensemble_size': 19},"{'max_memory_usage_ratio': 1.0, 'max_gpu_memory_usage_ratio': 1.0, 'max_time_limit_ratio': 1.0, 'max_time_limit': None, 'min_time_limit': 0, 'valid_raw_types': None, 'valid_special_types': None, 'ignored_type_group_special': None, 'ignored_type_group_raw': None, 'get_features_kwargs': None, 'get_features_kwargs_extra': None, 'predict_1_batch_size': None, 'temperature_scalar': None, 'drop_unique': False}","['LightGBM', 'XGBoost', 'CatBoost']",[]
ASY,4,top2,2,CatBoost,-0.5483376685613514,log_loss,0.011641502380371094,6.968274354934692,0.011641502380371094,6.968274354934692,1,True,3,161,1,1,213701,213701,213701,213701,0,1,CatBoostModel,,log_loss,"{'iterations': 10000, 'learning_rate': 0.05, 'allow_writing_files': False, 'eval_metric': 'Logloss', 'random_seed': 0}",{'iterations': 145},"{'max_memory_usage_ratio': 1.0, 'max_gpu_memory_usage_ratio': 1.0, 'max_time_limit_ratio': 1.0, 'max_time_limit': None, 'min_time_limit': 0, 'valid_raw_types': ['bool', 'int', 'float', 'category'], 'valid_special_types': None, 'ignored_type_group_special': None, 'ignored_type_group_raw': None, 'get_features_kwargs': None, 'get_features_kwargs_extra': None, 'predict_1_batch_size': None, 'temperature_scalar': None}","['c1_history_n', 'c1_nige', 'c1_st_rank', 'c1_national_win_rate', 'c1_national_exacta_rate', 'c1_local_win_rate', 'c1_local_exacta_rate', 'c1_motor_exacta_rate', 'c1_boat_exacta_rate', 'c1_average_start', 'c2_history_n', 'c2_nige', 'c2_sashi', 'c2_makuri', 'c2_st_rank', 'c2_national_win_rate', 'c2_national_exacta_rate', 'c2_local_win_rate', 'c2_local_exacta_rate', 'c2_motor_exacta_rate', 'c2_boat_exacta_rate', 'c2_average_start', 'c3_history_n', 'c3_sashi', 'c3_makuri', 'c3_attack', 'c3_st_rank', 'c3_national_win_rate', 'c3_national_exacta_rate', 'c3_local_win_rate', 'c3_local_exacta_rate', 'c3_motor_exacta_rate', 'c3_boat_exacta_rate', 'c3_average_start', 'c4_history_n', 'c4_sashi', 'c4_makuri', 'c4_attack', 'c4_st_rank', 'c4_national_win_rate', 'c4_national_exacta_rate', 'c4_local_win_rate', 'c4_local_exacta_rate', 'c4_motor_exacta_rate', 'c4_boat_exacta_rate', 'c4_average_start', 'c5_history_n', 'c5_sashi', 'c5_makuri', 'c5_attack', 'c5_st_rank', 'c5_national_win_rate', 'c5_national_exacta_rate', 'c5_local_win_rate', 'c5_local_exacta_rate', 'c5_motor_exacta_rate', 'c5_boat_exacta_rate', 'c5_average_start', 'c6_history_n', 'c6_sashi', 'c6_makuri', 'c6_attack', 'c6_st_rank', 'c6_national_win_rate', 'c6_national_exacta_rate', 'c6_local_win_rate', 'c6_local_exacta_rate', 'c6_motor_exacta_rate', 'c6_boat_exacta_rate', 'c6_average_start', 'lane1_vulnerability_rate', 'c1_exhibition_time_relative', 'c1_start_timing_relative', 'c1_lap_time_relative', 'c1_around_time_relative', 'c1_straight_time_relative', 'c1_ex_score', 'c1_st_score', 'c1_lap_score', 'c1_mawari_score', 'c1_straight_score', 'c1_attack_potential', 'c1_stable_score', 'c1_final_2nd_score', 'c1_second_rank', 'c1_gap_to_top', 'c2_exhibition_time_relative', 'c2_start_timing_relative', 'c2_lap_time_relative', 'c2_around_time_relative', 'c2_straight_time_relative', 'c2_ex_score', 'c2_st_score', 'c2_lap_score', 'c2_mawari_score', 'c2_straight_score', 'c2_attack_potential', 'c2_stable_score', 'c2_final_2nd_score', 'c2_second_rank', 'c2_gap_to_top', 'c3_exhibition_time_relative', 'c3_start_timing_relative', 'c3_lap_time_relative', 'c3_around_time_relative', 'c3_straight_time_relative', 'c3_ex_score', 'c3_st_score', 'c3_lap_score', 'c3_mawari_score', 'c3_straight_score', 'c3_attack_potential', 'c3_stable_score', 'c3_final_2nd_score', 'c3_second_rank', 'c3_gap_to_top', 'c4_exhibition_time_relative', 'c4_start_timing_relative', 'c4_lap_time_relative', 'c4_around_time_relative', 'c4_straight_time_relative', 'c4_ex_score', 'c4_st_score', 'c4_lap_score', 'c4_mawari_score', 'c4_straight_score', 'c4_attack_potential', 'c4_stable_score', 'c4_final_2nd_score', 'c4_second_rank', 'c4_gap_to_top', 'c5_exhibition_time_relative', 'c5_start_timing_relative', 'c5_lap_time_relative', 'c5_around_time_relative', 'c5_straight_time_relative', 'c5_ex_score', 'c5_st_score', 'c5_lap_score', 'c5_mawari_score', 'c5_straight_score', 'c5_attack_potential', 'c5_stable_score', 'c5_final_2nd_score', 'c5_second_rank', 'c5_gap_to_top', 'c6_exhibition_time_relative', 'c6_start_timing_relative', 'c6_lap_time_relative', 'c6_around_time_relative', 'c6_straight_time_relative', 'c6_ex_score', 'c6_st_score', 'c6_lap_score', 'c6_mawari_score', 'c6_straight_score', 'c6_attack_potential', 'c6_stable_score', 'c6_final_2nd_score', 'c6_second_rank', 'c6_gap_to_top']",,,,,[],['WeightedEnsemble_L2']
ASY,4,top2,3,LightGBM,-0.549811289837959,log_loss,0.0048007965087890625,2.706343412399292,0.0048007965087890625,2.706343412399292,1,True,1,161,1,1,232092,232092,232092,232092,0,1,LGBModel,,log_loss,"{'learning_rate': 0.05, 'seed': 0}",{'num_boost_round': 62},"{'max_memory_usage_ratio': 1.0, 'max_gpu_memory_usage_ratio': 1.0, 'max_time_limit_ratio': 1.0, 'max_time_limit': None, 'min_time_limit': 0, 'valid_raw_types': ['bool', 'int', 'float', 'category'], 'valid_special_types': None, 'ignored_type_group_special': None, 'ignored_type_group_raw': None, 'get_features_kwargs': None, 'get_features_kwargs_extra': None, 'predict_1_batch_size': None, 'temperature_scalar': None}","['c1_history_n', 'c1_nige', 'c1_st_rank', 'c1_national_win_rate', 'c1_national_exacta_rate', 'c1_local_win_rate', 'c1_local_exacta_rate', 'c1_motor_exacta_rate', 'c1_boat_exacta_rate', 'c1_average_start', 'c2_history_n', 'c2_nige', 'c2_sashi', 'c2_makuri', 'c2_st_rank', 'c2_national_win_rate', 'c2_national_exacta_rate', 'c2_local_win_rate', 'c2_local_exacta_rate', 'c2_motor_exacta_rate', 'c2_boat_exacta_rate', 'c2_average_start', 'c3_history_n', 'c3_sashi', 'c3_makuri', 'c3_attack', 'c3_st_rank', 'c3_national_win_rate', 'c3_national_exacta_rate', 'c3_local_win_rate', 'c3_local_exacta_rate', 'c3_motor_exacta_rate', 'c3_boat_exacta_rate', 'c3_average_start', 'c4_history_n', 'c4_sashi', 'c4_makuri', 'c4_attack', 'c4_st_rank', 'c4_national_win_rate', 'c4_national_exacta_rate', 'c4_local_win_rate', 'c4_local_exacta_rate', 'c4_motor_exacta_rate', 'c4_boat_exacta_rate', 'c4_average_start', 'c5_history_n', 'c5_sashi', 'c5_makuri', 'c5_attack', 'c5_st_rank', 'c5_national_win_rate', 'c5_national_exacta_rate', 'c5_local_win_rate', 'c5_local_exacta_rate', 'c5_motor_exacta_rate', 'c5_boat_exacta_rate', 'c5_average_start', 'c6_history_n', 'c6_sashi', 'c6_makuri', 'c6_attack', 'c6_st_rank', 'c6_national_win_rate', 'c6_national_exacta_rate', 'c6_local_win_rate', 'c6_local_exacta_rate', 'c6_motor_exacta_rate', 'c6_boat_exacta_rate', 'c6_average_start', 'lane1_vulnerability_rate', 'c1_exhibition_time_relative', 'c1_start_timing_relative', 'c1_lap_time_relative', 'c1_around_time_relative', 'c1_straight_time_relative', 'c1_ex_score', 'c1_st_score', 'c1_lap_score', 'c1_mawari_score', 'c1_straight_score', 'c1_attack_potential', 'c1_stable_score', 'c1_final_2nd_score', 'c1_second_rank', 'c1_gap_to_top', 'c2_exhibition_time_relative', 'c2_start_timing_relative', 'c2_lap_time_relative', 'c2_around_time_relative', 'c2_straight_time_relative', 'c2_ex_score', 'c2_st_score', 'c2_lap_score', 'c2_mawari_score', 'c2_straight_score', 'c2_attack_potential', 'c2_stable_score', 'c2_final_2nd_score', 'c2_second_rank', 'c2_gap_to_top', 'c3_exhibition_time_relative', 'c3_start_timing_relative', 'c3_lap_time_relative', 'c3_around_time_relative', 'c3_straight_time_relative', 'c3_ex_score', 'c3_st_score', 'c3_lap_score', 'c3_mawari_score', 'c3_straight_score', 'c3_attack_potential', 'c3_stable_score', 'c3_final_2nd_score', 'c3_second_rank', 'c3_gap_to_top', 'c4_exhibition_time_relative', 'c4_start_timing_relative', 'c4_lap_time_relative', 'c4_around_time_relative', 'c4_straight_time_relative', 'c4_ex_score', 'c4_st_score', 'c4_lap_score', 'c4_mawari_score', 'c4_straight_score', 'c4_attack_potential', 'c4_stable_score', 'c4_final_2nd_score', 'c4_second_rank', 'c4_gap_to_top', 'c5_exhibition_time_relative', 'c5_start_timing_relative', 'c5_lap_time_relative', 'c5_around_time_relative', 'c5_straight_time_relative', 'c5_ex_score', 'c5_st_score', 'c5_lap_score', 'c5_mawari_score', 'c5_straight_score', 'c5_attack_potential', 'c5_stable_score', 'c5_final_2nd_score', 'c5_second_rank', 'c5_gap_to_top', 'c6_exhibition_time_relative', 'c6_start_timing_relative', 'c6_lap_time_relative', 'c6_around_time_relative', 'c6_straight_time_relative', 'c6_ex_score', 'c6_st_score', 'c6_lap_score', 'c6_mawari_score', 'c6_straight_score', 'c6_attack_potential', 'c6_stable_score', 'c6_final_2nd_score', 'c6_second_rank', 'c6_gap_to_top']",,,,,[],['WeightedEnsemble_L2']
ASY,4,top2,4,XGBoost,-0.5504749932418087,log_loss,0.014549970626831055,6.846920013427734,0.014549970626831055,6.846920013427734,1,True,5,161,1,1,918160,918160,918160,918160,0,1,XGBoostModel,,log_loss,"{'n_estimators': 10000, 'learning_rate': 0.1, 'n_jobs': -1, 'proc.max_category_levels': 100, 'objective': 'binary:logistic', 'booster': 'gbtree', 'seed': 0}",{'n_estimators': 19},"{'max_memory_usage_ratio': 1.0, 'max_gpu_memory_usage_ratio': 1.0, 'max_time_limit_ratio': 1.0, 'max_time_limit': None, 'min_time_limit': 0, 'valid_raw_types': ['bool', 'int', 'float', 'category'], 'valid_special_types': None, 'ignored_type_group_special': None, 'ignored_type_group_raw': None, 'get_features_kwargs': None, 'get_features_kwargs_extra': None, 'predict_1_batch_size': None, 'temperature_scalar': None}","['c1_history_n', 'c1_nige', 'c1_st_rank', 'c1_national_win_rate', 'c1_national_exacta_rate', 'c1_local_win_rate', 'c1_local_exacta_rate', 'c1_motor_exacta_rate', 'c1_boat_exacta_rate', 'c1_average_start', 'c2_history_n', 'c2_nige', 'c2_sashi', 'c2_makuri', 'c2_st_rank', 'c2_national_win_rate', 'c2_national_exacta_rate', 'c2_local_win_rate', 'c2_local_exacta_rate', 'c2_motor_exacta_rate', 'c2_boat_exacta_rate', 'c2_average_start', 'c3_history_n', 'c3_sashi', 'c3_makuri', 'c3_attack', 'c3_st_rank', 'c3_national_win_rate', 'c3_national_exacta_rate', 'c3_local_win_rate', 'c3_local_exacta_rate', 'c3_motor_exacta_rate', 'c3_boat_exacta_rate', 'c3_average_start', 'c4_history_n', 'c4_sashi', 'c4_makuri', 'c4_attack', 'c4_st_rank', 'c4_national_win_rate', 'c4_national_exacta_rate', 'c4_local_win_rate', 'c4_local_exacta_rate', 'c4_motor_exacta_rate', 'c4_boat_exacta_rate', 'c4_average_start', 'c5_history_n', 'c5_sashi', 'c5_makuri', 'c5_attack', 'c5_st_rank', 'c5_national_win_rate', 'c5_national_exacta_rate', 'c5_local_win_rate', 'c5_local_exacta_rate', 'c5_motor_exacta_rate', 'c5_boat_exacta_rate', 'c5_average_start', 'c6_history_n', 'c6_sashi', 'c6_makuri', 'c6_attack', 'c6_st_rank', 'c6_national_win_rate', 'c6_national_exacta_rate', 'c6_local_win_rate', 'c6_local_exacta_rate', 'c6_motor_exacta_rate', 'c6_boat_exacta_rate', 'c6_average_start', 'lane1_vulnerability_rate', 'c1_exhibition_time_relative', 'c1_start_timing_relative', 'c1_lap_time_relative', 'c1_around_time_relative', 'c1_straight_time_relative', 'c1_ex_score', 'c1_st_score', 'c1_lap_score', 'c1_mawari_score', 'c1_straight_score', 'c1_attack_potential', 'c1_stable_score', 'c1_final_2nd_score', 'c1_second_rank', 'c1_gap_to_top', 'c2_exhibition_time_relative', 'c2_start_timing_relative', 'c2_lap_time_relative', 'c2_around_time_relative', 'c2_straight_time_relative', 'c2_ex_score', 'c2_st_score', 'c2_lap_score', 'c2_mawari_score', 'c2_straight_score', 'c2_attack_potential', 'c2_stable_score', 'c2_final_2nd_score', 'c2_second_rank', 'c2_gap_to_top', 'c3_exhibition_time_relative', 'c3_start_timing_relative', 'c3_lap_time_relative', 'c3_around_time_relative', 'c3_straight_time_relative', 'c3_ex_score', 'c3_st_score', 'c3_lap_score', 'c3_mawari_score', 'c3_straight_score', 'c3_attack_potential', 'c3_stable_score', 'c3_final_2nd_score', 'c3_second_rank', 'c3_gap_to_top', 'c4_exhibition_time_relative', 'c4_start_timing_relative', 'c4_lap_time_relative', 'c4_around_time_relative', 'c4_straight_time_relative', 'c4_ex_score', 'c4_st_score', 'c4_lap_score', 'c4_mawari_score', 'c4_straight_score', 'c4_attack_potential', 'c4_stable_score', 'c4_final_2nd_score', 'c4_second_rank', 'c4_gap_to_top', 'c5_exhibition_time_relative', 'c5_start_timing_relative', 'c5_lap_time_relative', 'c5_around_time_relative', 'c5_straight_time_relative', 'c5_ex_score', 'c5_st_score', 'c5_lap_score', 'c5_mawari_score', 'c5_straight_score', 'c5_attack_potential', 'c5_stable_score', 'c5_final_2nd_score', 'c5_second_rank', 'c5_gap_to_top', 'c6_exhibition_time_relative', 'c6_start_timing_relative', 'c6_lap_time_relative', 'c6_around_time_relative', 'c6_straight_time_relative', 'c6_ex_score', 'c6_st_score', 'c6_lap_score', 'c6_mawari_score', 'c6_straight_score', 'c6_attack_potential', 'c6_stable_score', 'c6_final_2nd_score', 'c6_second_rank', 'c6_gap_to_top']",,,,,[],['WeightedEnsemble_L2']
ASY,4,top2,5,RandomForest,-0.5578353410516784,log_loss,0.12535905838012695,2.9353437423706055,0.12535905838012695,2.9353437423706055,1,True,2,161,1,1,20883910,20883910,20883910,20883910,0,0,RFModel,,log_loss,"{'n_estimators': 300, 'max_leaf_nodes': 15000, 'n_jobs': -1, 'bootstrap': True, 'random_state': 0}",{'n_estimators': 300},"{'max_memory_usage_ratio': 1.0, 'max_gpu_memory_usage_ratio': 1.0, 'max_time_limit_ratio': 1.0, 'max_time_limit': None, 'min_time_limit': 0, 'valid_raw_types': ['bool', 'int', 'float', 'category'], 'valid_special_types': None, 'ignored_type_group_special': None, 'ignored_type_group_raw': None, 'get_features_kwargs': None, 'get_features_kwargs_extra': None, 'predict_1_batch_size': None, 'temperature_scalar': None}","['c1_history_n', 'c1_nige', 'c1_st_rank', 'c1_national_win_rate', 'c1_national_exacta_rate', 'c1_local_win_rate', 'c1_local_exacta_rate', 'c1_motor_exacta_rate', 'c1_boat_exacta_rate', 'c1_average_start', 'c2_history_n', 'c2_nige', 'c2_sashi', 'c2_makuri', 'c2_st_rank', 'c2_national_win_rate', 'c2_national_exacta_rate', 'c2_local_win_rate', 'c2_local_exacta_rate', 'c2_motor_exacta_rate', 'c2_boat_exacta_rate', 'c2_average_start', 'c3_history_n', 'c3_sashi', 'c3_makuri', 'c3_attack', 'c3_st_rank', 'c3_national_win_rate', 'c3_national_exacta_rate', 'c3_local_win_rate', 'c3_local_exacta_rate', 'c3_motor_exacta_rate', 'c3_boat_exacta_rate', 'c3_average_start', 'c4_history_n', 'c4_sashi', 'c4_makuri', 'c4_attack', 'c4_st_rank', 'c4_national_win_rate', 'c4_national_exacta_rate', 'c4_local_win_rate', 'c4_local_exacta_rate', 'c4_motor_exacta_rate', 'c4_boat_exacta_rate', 'c4_average_start', 'c5_history_n', 'c5_sashi', 'c5_makuri', 'c5_attack', 'c5_st_rank', 'c5_national_win_rate', 'c5_national_exacta_rate', 'c5_local_win_rate', 'c5_local_exacta_rate', 'c5_motor_exacta_rate', 'c5_boat_exacta_rate', 'c5_average_start', 'c6_history_n', 'c6_sashi', 'c6_makuri', 'c6_attack', 'c6_st_rank', 'c6_national_win_rate', 'c6_national_exacta_rate', 'c6_local_win_rate', 'c6_local_exacta_rate', 'c6_motor_exacta_rate', 'c6_boat_exacta_rate', 'c6_average_start', 'lane1_vulnerability_rate', 'c1_exhibition_time_relative', 'c1_start_timing_relative', 'c1_lap_time_relative', 'c1_around_time_relative', 'c1_straight_time_relative', 'c1_ex_score', 'c1_st_score', 'c1_lap_score', 'c1_mawari_score', 'c1_straight_score', 'c1_attack_potential', 'c1_stable_score', 'c1_final_2nd_score', 'c1_second_rank', 'c1_gap_to_top', 'c2_exhibition_time_relative', 'c2_start_timing_relative', 'c2_lap_time_relative', 'c2_around_time_relative', 'c2_straight_time_relative', 'c2_ex_score', 'c2_st_score', 'c2_lap_score', 'c2_mawari_score', 'c2_straight_score', 'c2_attack_potential', 'c2_stable_score', 'c2_final_2nd_score', 'c2_second_rank', 'c2_gap_to_top', 'c3_exhibition_time_relative', 'c3_start_timing_relative', 'c3_lap_time_relative', 'c3_around_time_relative', 'c3_straight_time_relative', 'c3_ex_score', 'c3_st_score', 'c3_lap_score', 'c3_mawari_score', 'c3_straight_score', 'c3_attack_potential', 'c3_stable_score', 'c3_final_2nd_score', 'c3_second_rank', 'c3_gap_to_top', 'c4_exhibition_time_relative', 'c4_start_timing_relative', 'c4_lap_time_relative', 'c4_around_time_relative', 'c4_straight_time_relative', 'c4_ex_score', 'c4_st_score', 'c4_lap_score', 'c4_mawari_score', 'c4_straight_score', 'c4_attack_potential', 'c4_stable_score', 'c4_final_2nd_score', 'c4_second_rank', 'c4_gap_to_top', 'c5_exhibition_time_relative', 'c5_start_timing_relative', 'c5_lap_time_relative', 'c5_around_time_relative', 'c5_straight_time_relative', 'c5_ex_score', 'c5_st_score', 'c5_lap_score', 'c5_mawari_score', 'c5_straight_score', 'c5_attack_potential', 'c5_stable_score', 'c5_final_2nd_score', 'c5_second_rank', 'c5_gap_to_top', 'c6_exhibition_time_relative', 'c6_start_timing_relative', 'c6_lap_time_relative', 'c6_around_time_relative', 'c6_straight_time_relative', 'c6_ex_score', 'c6_st_score', 'c6_lap_score', 'c6_mawari_score', 'c6_straight_score', 'c6_attack_potential', 'c6_stable_score', 'c6_final_2nd_score', 'c6_second_rank', 'c6_gap_to_top']",,,,,[],[]
ASY,4,top2,6,ExtraTrees,-0.5583104305494837,log_loss,0.12373232841491699,1.5132126808166504,0.12373232841491699,1.5132126808166504,1,True,4,161,1,1,33669362,33669362,33669362,33669362,0,0,XTModel,,log_loss,"{'n_estimators': 300, 'max_leaf_nodes': 15000, 'n_jobs': -1, 'bootstrap': True, 'random_state': 0}",{'n_estimators': 300},"{'max_memory_usage_ratio': 1.0, 'max_gpu_memory_usage_ratio': 1.0, 'max_time_limit_ratio': 1.0, 'max_time_limit': None, 'min_time_limit': 0, 'valid_raw_types': ['bool', 'int', 'float', 'category'], 'valid_special_types': None, 'ignored_type_group_special': None, 'ignored_type_group_raw': None, 'get_features_kwargs': None, 'get_features_kwargs_extra': None, 'predict_1_batch_size': None, 'temperature_scalar': None}","['c1_history_n', 'c1_nige', 'c1_st_rank', 'c1_national_win_rate', 'c1_national_exacta_rate', 'c1_local_win_rate', 'c1_local_exacta_rate', 'c1_motor_exacta_rate', 'c1_boat_exacta_rate', 'c1_average_start', 'c2_history_n', 'c2_nige', 'c2_sashi', 'c2_makuri', 'c2_st_rank', 'c2_national_win_rate', 'c2_national_exacta_rate', 'c2_local_win_rate', 'c2_local_exacta_rate', 'c2_motor_exacta_rate', 'c2_boat_exacta_rate', 'c2_average_start', 'c3_history_n', 'c3_sashi', 'c3_makuri', 'c3_attack', 'c3_st_rank', 'c3_national_win_rate', 'c3_national_exacta_rate', 'c3_local_win_rate', 'c3_local_exacta_rate', 'c3_motor_exacta_rate', 'c3_boat_exacta_rate', 'c3_average_start', 'c4_history_n', 'c4_sashi', 'c4_makuri', 'c4_attack', 'c4_st_rank', 'c4_national_win_rate', 'c4_national_exacta_rate', 'c4_local_win_rate', 'c4_local_exacta_rate', 'c4_motor_exacta_rate', 'c4_boat_exacta_rate', 'c4_average_start', 'c5_history_n', 'c5_sashi', 'c5_makuri', 'c5_attack', 'c5_st_rank', 'c5_national_win_rate', 'c5_national_exacta_rate', 'c5_local_win_rate', 'c5_local_exacta_rate', 'c5_motor_exacta_rate', 'c5_boat_exacta_rate', 'c5_average_start', 'c6_history_n', 'c6_sashi', 'c6_makuri', 'c6_attack', 'c6_st_rank', 'c6_national_win_rate', 'c6_national_exacta_rate', 'c6_local_win_rate', 'c6_local_exacta_rate', 'c6_motor_exacta_rate', 'c6_boat_exacta_rate', 'c6_average_start', 'lane1_vulnerability_rate', 'c1_exhibition_time_relative', 'c1_start_timing_relative', 'c1_lap_time_relative', 'c1_around_time_relative', 'c1_straight_time_relative', 'c1_ex_score', 'c1_st_score', 'c1_lap_score', 'c1_mawari_score', 'c1_straight_score', 'c1_attack_potential', 'c1_stable_score', 'c1_final_2nd_score', 'c1_second_rank', 'c1_gap_to_top', 'c2_exhibition_time_relative', 'c2_start_timing_relative', 'c2_lap_time_relative', 'c2_around_time_relative', 'c2_straight_time_relative', 'c2_ex_score', 'c2_st_score', 'c2_lap_score', 'c2_mawari_score', 'c2_straight_score', 'c2_attack_potential', 'c2_stable_score', 'c2_final_2nd_score', 'c2_second_rank', 'c2_gap_to_top', 'c3_exhibition_time_relative', 'c3_start_timing_relative', 'c3_lap_time_relative', 'c3_around_time_relative', 'c3_straight_time_relative', 'c3_ex_score', 'c3_st_score', 'c3_lap_score', 'c3_mawari_score', 'c3_straight_score', 'c3_attack_potential', 'c3_stable_score', 'c3_final_2nd_score', 'c3_second_rank', 'c3_gap_to_top', 'c4_exhibition_time_relative', 'c4_start_timing_relative', 'c4_lap_time_relative', 'c4_around_time_relative', 'c4_straight_time_relative', 'c4_ex_score', 'c4_st_score', 'c4_lap_score', 'c4_mawari_score', 'c4_straight_score', 'c4_attack_potential', 'c4_stable_score', 'c4_final_2nd_score', 'c4_second_rank', 'c4_gap_to_top', 'c5_exhibition_time_relative', 'c5_start_timing_relative', 'c5_lap_time_relative', 'c5_around_time_relative', 'c5_straight_time_relative', 'c5_ex_score', 'c5_st_score', 'c5_lap_score', 'c5_mawari_score', 'c5_straight_score', 'c5_attack_potential', 'c5_stable_score', 'c5_final_2nd_score', 'c5_second_rank', 'c5_gap_to_top', 'c6_exhibition_time_relative', 'c6_start_timing_relative', 'c6_lap_time_relative', 'c6_around_time_relative', 'c6_straight_time_relative', 'c6_ex_score', 'c6_st_score', 'c6_lap_score', 'c6_mawari_score', 'c6_straight_score', 'c6_attack_potential', 'c6_stable_score', 'c6_final_2nd_score', 'c6_second_rank', 'c6_gap_to_top']",,,,,[],[]
ASY,4,top3,1,WeightedEnsemble_L2,-0.6409184644020843,log_loss,0.14536404609680176,19.615066289901733,0.0007166862487792969,0.021207571029663086,2,True,6,4,1,5,3798,24895105,3798,23576568,4,0,WeightedEnsembleModel,GreedyWeightedEnsembleModel,log_loss,"{'use_orig_features': False, 'valid_stacker': True, 'max_base_models': 0, 'max_base_models_per_type': 'auto', 'save_bag_folds': True, 'stratify': 'auto', 'bin': 'auto', 'n_bins': None, 'vary_seed_across_folds': False, 'custom_splits': None, 'model_random_seed': 0}",{},"{'max_memory_usage_ratio': 1.0, 'max_gpu_memory_usage_ratio': 1.0, 'max_time_limit_ratio': 1.0, 'max_time_limit': None, 'min_time_limit': 0, 'valid_raw_types': None, 'valid_special_types': None, 'ignored_type_group_special': None, 'ignored_type_group_raw': None, 'get_features_kwargs': None, 'get_features_kwargs_extra': None, 'predict_1_batch_size': None, 'temperature_scalar': None, 'drop_unique': False}","['LightGBM', 'XGBoost', 'CatBoost', 'RandomForest']",,"{'ensemble_size': 25, 'subsample_size': 1000000}",{'ensemble_size': 20},"{'max_memory_usage_ratio': 1.0, 'max_gpu_memory_usage_ratio': 1.0, 'max_time_limit_ratio': 1.0, 'max_time_limit': None, 'min_time_limit': 0, 'valid_raw_types': None, 'valid_special_types': None, 'ignored_type_group_special': None, 'ignored_type_group_raw': None, 'get_features_kwargs': None, 'get_features_kwargs_extra': None, 'predict_1_batch_size': None, 'temperature_scalar': None, 'drop_unique': False}","['LightGBM', 'XGBoost', 'CatBoost', 'RandomForest']",[]
ASY,4,top3,2,CatBoost,-0.6429426453458639,log_loss,0.011477947235107422,7.227125644683838,0.011477947235107422,7.227125644683838,1,True,3,161,1,1,231157,231157,231157,231157,0,1,CatBoostModel,,log_loss,"{'iterations': 10000, 'learning_rate': 0.05, 'allow_writing_files': False, 'eval_metric': 'Logloss', 'random_seed': 0}",{'iterations': 160},"{'max_memory_usage_ratio': 1.0, 'max_gpu_memory_usage_ratio': 1.0, 'max_time_limit_ratio': 1.0, 'max_time_limit': None, 'min_time_limit': 0, 'valid_raw_types': ['bool', 'int', 'float', 'category'], 'valid_special_types': None, 'ignored_type_group_special': None, 'ignored_type_group_raw': None, 'get_features_kwargs': None, 'get_features_kwargs_extra': None, 'predict_1_batch_size': None, 'temperature_scalar': None}","['c1_history_n', 'c1_nige', 'c1_st_rank', 'c1_national_win_rate', 'c1_national_exacta_rate', 'c1_local_win_rate', 'c1_local_exacta_rate', 'c1_motor_exacta_rate', 'c1_boat_exacta_rate', 'c1_average_start', 'c2_history_n', 'c2_nige', 'c2_sashi', 'c2_makuri', 'c2_st_rank', 'c2_national_win_rate', 'c2_national_exacta_rate', 'c2_local_win_rate', 'c2_local_exacta_rate', 'c2_motor_exacta_rate', 'c2_boat_exacta_rate', 'c2_average_start', 'c3_history_n', 'c3_sashi', 'c3_makuri', 'c3_attack', 'c3_st_rank', 'c3_national_win_rate', 'c3_national_exacta_rate', 'c3_local_win_rate', 'c3_local_exacta_rate', 'c3_motor_exacta_rate', 'c3_boat_exacta_rate', 'c3_average_start', 'c4_history_n', 'c4_sashi', 'c4_makuri', 'c4_attack', 'c4_st_rank', 'c4_national_win_rate', 'c4_national_exacta_rate', 'c4_local_win_rate', 'c4_local_exacta_rate', 'c4_motor_exacta_rate', 'c4_boat_exacta_rate', 'c4_average_start', 'c5_history_n', 'c5_sashi', 'c5_makuri', 'c5_attack', 'c5_st_rank', 'c5_national_win_rate', 'c5_national_exacta_rate', 'c5_local_win_rate', 'c5_local_exacta_rate', 'c5_motor_exacta_rate', 'c5_boat_exacta_rate', 'c5_average_start', 'c6_history_n', 'c6_sashi', 'c6_makuri', 'c6_attack', 'c6_st_rank', 'c6_national_win_rate', 'c6_national_exacta_rate', 'c6_local_win_rate', 'c6_local_exacta_rate', 'c6_motor_exacta_rate', 'c6_boat_exacta_rate', 'c6_average_start', 'lane1_vulnerability_rate', 'c1_exhibition_time_relative', 'c1_start_timing_relative', 'c1_lap_time_relative', 'c1_around_time_relative', 'c1_straight_time_relative', 'c1_ex_score', 'c1_st_score', 'c1_lap_score', 'c1_mawari_score', 'c1_straight_score', 'c1_attack_potential', 'c1_stable_score', 'c1_final_2nd_score', 'c1_second_rank', 'c1_gap_to_top', 'c2_exhibition_time_relative', 'c2_start_timing_relative', 'c2_lap_time_relative', 'c2_around_time_relative', 'c2_straight_time_relative', 'c2_ex_score', 'c2_st_score', 'c2_lap_score', 'c2_mawari_score', 'c2_straight_score', 'c2_attack_potential', 'c2_stable_score', 'c2_final_2nd_score', 'c2_second_rank', 'c2_gap_to_top', 'c3_exhibition_time_relative', 'c3_start_timing_relative', 'c3_lap_time_relative', 'c3_around_time_relative', 'c3_straight_time_relative', 'c3_ex_score', 'c3_st_score', 'c3_lap_score', 'c3_mawari_score', 'c3_straight_score', 'c3_attack_potential', 'c3_stable_score', 'c3_final_2nd_score', 'c3_second_rank', 'c3_gap_to_top', 'c4_exhibition_time_relative', 'c4_start_timing_relative', 'c4_lap_time_relative', 'c4_around_time_relative', 'c4_straight_time_relative', 'c4_ex_score', 'c4_st_score', 'c4_lap_score', 'c4_mawari_score', 'c4_straight_score', 'c4_attack_potential', 'c4_stable_score', 'c4_final_2nd_score', 'c4_second_rank', 'c4_gap_to_top', 'c5_exhibition_time_relative', 'c5_start_timing_relative', 'c5_lap_time_relative', 'c5_around_time_relative', 'c5_straight_time_relative', 'c5_ex_score', 'c5_st_score', 'c5_lap_score', 'c5_mawari_score', 'c5_straight_score', 'c5_attack_potential', 'c5_stable_score', 'c5_final_2nd_score', 'c5_second_rank', 'c5_gap_to_top', 'c6_exhibition_time_relative', 'c6_start_timing_relative', 'c6_lap_time_relative', 'c6_around_time_relative', 'c6_straight_time_relative', 'c6_ex_score', 'c6_st_score', 'c6_lap_score', 'c6_mawari_score', 'c6_straight_score', 'c6_attack_potential', 'c6_stable_score', 'c6_final_2nd_score', 'c6_second_rank', 'c6_gap_to_top']",,,,,[],['WeightedEnsemble_L2']
ASY,4,top3,3,LightGBM,-0.6458600036639334,log_loss,0.0038957595825195312,2.5147430896759033,0.0038957595825195312,2.5147430896759033,1,True,1,161,1,1,145982,145982,145982,145982,0,1,LGBModel,,log_loss,"{'learning_rate': 0.05, 'seed': 0}",{'num_boost_round': 37},"{'max_memory_usage_ratio': 1.0, 'max_gpu_memory_usage_ratio': 1.0, 'max_time_limit_ratio': 1.0, 'max_time_limit': None, 'min_time_limit': 0, 'valid_raw_types': ['bool', 'int', 'float', 'category'], 'valid_special_types': None, 'ignored_type_group_special': None, 'ignored_type_group_raw': None, 'get_features_kwargs': None, 'get_features_kwargs_extra': None, 'predict_1_batch_size': None, 'temperature_scalar': None}","['c1_history_n', 'c1_nige', 'c1_st_rank', 'c1_national_win_rate', 'c1_national_exacta_rate', 'c1_local_win_rate', 'c1_local_exacta_rate', 'c1_motor_exacta_rate', 'c1_boat_exacta_rate', 'c1_average_start', 'c2_history_n', 'c2_nige', 'c2_sashi', 'c2_makuri', 'c2_st_rank', 'c2_national_win_rate', 'c2_national_exacta_rate', 'c2_local_win_rate', 'c2_local_exacta_rate', 'c2_motor_exacta_rate', 'c2_boat_exacta_rate', 'c2_average_start', 'c3_history_n', 'c3_sashi', 'c3_makuri', 'c3_attack', 'c3_st_rank', 'c3_national_win_rate', 'c3_national_exacta_rate', 'c3_local_win_rate', 'c3_local_exacta_rate', 'c3_motor_exacta_rate', 'c3_boat_exacta_rate', 'c3_average_start', 'c4_history_n', 'c4_sashi', 'c4_makuri', 'c4_attack', 'c4_st_rank', 'c4_national_win_rate', 'c4_national_exacta_rate', 'c4_local_win_rate', 'c4_local_exacta_rate', 'c4_motor_exacta_rate', 'c4_boat_exacta_rate', 'c4_average_start', 'c5_history_n', 'c5_sashi', 'c5_makuri', 'c5_attack', 'c5_st_rank', 'c5_national_win_rate', 'c5_national_exacta_rate', 'c5_local_win_rate', 'c5_local_exacta_rate', 'c5_motor_exacta_rate', 'c5_boat_exacta_rate', 'c5_average_start', 'c6_history_n', 'c6_sashi', 'c6_makuri', 'c6_attack', 'c6_st_rank', 'c6_national_win_rate', 'c6_national_exacta_rate', 'c6_local_win_rate', 'c6_local_exacta_rate', 'c6_motor_exacta_rate', 'c6_boat_exacta_rate', 'c6_average_start', 'lane1_vulnerability_rate', 'c1_exhibition_time_relative', 'c1_start_timing_relative', 'c1_lap_time_relative', 'c1_around_time_relative', 'c1_straight_time_relative', 'c1_ex_score', 'c1_st_score', 'c1_lap_score', 'c1_mawari_score', 'c1_straight_score', 'c1_attack_potential', 'c1_stable_score', 'c1_final_2nd_score', 'c1_second_rank', 'c1_gap_to_top', 'c2_exhibition_time_relative', 'c2_start_timing_relative', 'c2_lap_time_relative', 'c2_around_time_relative', 'c2_straight_time_relative', 'c2_ex_score', 'c2_st_score', 'c2_lap_score', 'c2_mawari_score', 'c2_straight_score', 'c2_attack_potential', 'c2_stable_score', 'c2_final_2nd_score', 'c2_second_rank', 'c2_gap_to_top', 'c3_exhibition_time_relative', 'c3_start_timing_relative', 'c3_lap_time_relative', 'c3_around_time_relative', 'c3_straight_time_relative', 'c3_ex_score', 'c3_st_score', 'c3_lap_score', 'c3_mawari_score', 'c3_straight_score', 'c3_attack_potential', 'c3_stable_score', 'c3_final_2nd_score', 'c3_second_rank', 'c3_gap_to_top', 'c4_exhibition_time_relative', 'c4_start_timing_relative', 'c4_lap_time_relative', 'c4_around_time_relative', 'c4_straight_time_relative', 'c4_ex_score', 'c4_st_score', 'c4_lap_score', 'c4_mawari_score', 'c4_straight_score', 'c4_attack_potential', 'c4_stable_score', 'c4_final_2nd_score', 'c4_second_rank', 'c4_gap_to_top', 'c5_exhibition_time_relative', 'c5_start_timing_relative', 'c5_lap_time_relative', 'c5_around_time_relative', 'c5_straight_time_relative', 'c5_ex_score', 'c5_st_score', 'c5_lap_score', 'c5_mawari_score', 'c5_straight_score', 'c5_attack_potential', 'c5_stable_score', 'c5_final_2nd_score', 'c5_second_rank', 'c5_gap_to_top', 'c6_exhibition_time_relative', 'c6_start_timing_relative', 'c6_lap_time_relative', 'c6_around_time_relative', 'c6_straight_time_relative', 'c6_ex_score', 'c6_st_score', 'c6_lap_score', 'c6_mawari_score', 'c6_straight_score', 'c6_attack_potential', 'c6_stable_score', 'c6_final_2nd_score', 'c6_second_rank', 'c6_gap_to_top']",,,,,[],['WeightedEnsemble_L2']
ASY,4,top3,4,RandomForest,-0.6480177162629236,log_loss,0.11473727226257324,2.844560146331787,0.11473727226257324,2.844560146331787,1,True,2,161,1,1,23576568,23576568,23576568,23576568,0,1,RFModel,,log_loss,"{'n_estimators': 300, 'max_leaf_nodes': 15000, 'n_jobs': -1, 'bootstrap': True, 'random_state': 0}",{'n_estimators': 300},"{'max_memory_usage_ratio': 1.0, 'max_gpu_memory_usage_ratio': 1.0, 'max_time_limit_ratio': 1.0, 'max_time_limit': None, 'min_time_limit': 0, 'valid_raw_types': ['bool', 'int', 'float', 'category'], 'valid_special_types': None, 'ignored_type_group_special': None, 'ignored_type_group_raw': None, 'get_features_kwargs': None, 'get_features_kwargs_extra': None, 'predict_1_batch_size': None, 'temperature_scalar': None}","['c1_history_n', 'c1_nige', 'c1_st_rank', 'c1_national_win_rate', 'c1_national_exacta_rate', 'c1_local_win_rate', 'c1_local_exacta_rate', 'c1_motor_exacta_rate', 'c1_boat_exacta_rate', 'c1_average_start', 'c2_history_n', 'c2_nige', 'c2_sashi', 'c2_makuri', 'c2_st_rank', 'c2_national_win_rate', 'c2_national_exacta_rate', 'c2_local_win_rate', 'c2_local_exacta_rate', 'c2_motor_exacta_rate', 'c2_boat_exacta_rate', 'c2_average_start', 'c3_history_n', 'c3_sashi', 'c3_makuri', 'c3_attack', 'c3_st_rank', 'c3_national_win_rate', 'c3_national_exacta_rate', 'c3_local_win_rate', 'c3_local_exacta_rate', 'c3_motor_exacta_rate', 'c3_boat_exacta_rate', 'c3_average_start', 'c4_history_n', 'c4_sashi', 'c4_makuri', 'c4_attack', 'c4_st_rank', 'c4_national_win_rate', 'c4_national_exacta_rate', 'c4_local_win_rate', 'c4_local_exacta_rate', 'c4_motor_exacta_rate', 'c4_boat_exacta_rate', 'c4_average_start', 'c5_history_n', 'c5_sashi', 'c5_makuri', 'c5_attack', 'c5_st_rank', 'c5_national_win_rate', 'c5_national_exacta_rate', 'c5_local_win_rate', 'c5_local_exacta_rate', 'c5_motor_exacta_rate', 'c5_boat_exacta_rate', 'c5_average_start', 'c6_history_n', 'c6_sashi', 'c6_makuri', 'c6_attack', 'c6_st_rank', 'c6_national_win_rate', 'c6_national_exacta_rate', 'c6_local_win_rate', 'c6_local_exacta_rate', 'c6_motor_exacta_rate', 'c6_boat_exacta_rate', 'c6_average_start', 'lane1_vulnerability_rate', 'c1_exhibition_time_relative', 'c1_start_timing_relative', 'c1_lap_time_relative', 'c1_around_time_relative', 'c1_straight_time_relative', 'c1_ex_score', 'c1_st_score', 'c1_lap_score', 'c1_mawari_score', 'c1_straight_score', 'c1_attack_potential', 'c1_stable_score', 'c1_final_2nd_score', 'c1_second_rank', 'c1_gap_to_top', 'c2_exhibition_time_relative', 'c2_start_timing_relative', 'c2_lap_time_relative', 'c2_around_time_relative', 'c2_straight_time_relative', 'c2_ex_score', 'c2_st_score', 'c2_lap_score', 'c2_mawari_score', 'c2_straight_score', 'c2_attack_potential', 'c2_stable_score', 'c2_final_2nd_score', 'c2_second_rank', 'c2_gap_to_top', 'c3_exhibition_time_relative', 'c3_start_timing_relative', 'c3_lap_time_relative', 'c3_around_time_relative', 'c3_straight_time_relative', 'c3_ex_score', 'c3_st_score', 'c3_lap_score', 'c3_mawari_score', 'c3_straight_score', 'c3_attack_potential', 'c3_stable_score', 'c3_final_2nd_score', 'c3_second_rank', 'c3_gap_to_top', 'c4_exhibition_time_relative', 'c4_start_timing_relative', 'c4_lap_time_relative', 'c4_around_time_relative', 'c4_straight_time_relative', 'c4_ex_score', 'c4_st_score', 'c4_lap_score', 'c4_mawari_score', 'c4_straight_score', 'c4_attack_potential', 'c4_stable_score', 'c4_final_2nd_score', 'c4_second_rank', 'c4_gap_to_top', 'c5_exhibition_time_relative', 'c5_start_timing_relative', 'c5_lap_time_relative', 'c5_around_time_relative', 'c5_straight_time_relative', 'c5_ex_score', 'c5_st_score', 'c5_lap_score', 'c5_mawari_score', 'c5_straight_score', 'c5_attack_potential', 'c5_stable_score', 'c5_final_2nd_score', 'c5_second_rank', 'c5_gap_to_top', 'c6_exhibition_time_relative', 'c6_start_timing_relative', 'c6_lap_time_relative', 'c6_around_time_relative', 'c6_straight_time_relative', 'c6_ex_score', 'c6_st_score', 'c6_lap_score', 'c6_mawari_score', 'c6_straight_score', 'c6_attack_potential', 'c6_stable_score', 'c6_final_2nd_score', 'c6_second_rank', 'c6_gap_to_top']",,,,,[],['WeightedEnsemble_L2']
ASY,4,top3,5,XGBoost,-0.6522715342992631,log_loss,0.014536380767822266,7.007429838180542,0.014536380767822266,7.007429838180542,1,True,5,161,1,1,937600,937600,937600,937600,0,1,XGBoostModel,,log_loss,"{'n_estimators': 10000, 'learning_rate': 0.1, 'n_jobs': -1, 'proc.max_category_levels': 100, 'objective': 'binary:logistic', 'booster': 'gbtree', 'seed': 0}",{'n_estimators': 17},"{'max_memory_usage_ratio': 1.0, 'max_gpu_memory_usage_ratio': 1.0, 'max_time_limit_ratio': 1.0, 'max_time_limit': None, 'min_time_limit': 0, 'valid_raw_types': ['bool', 'int', 'float', 'category'], 'valid_special_types': None, 'ignored_type_group_special': None, 'ignored_type_group_raw': None, 'get_features_kwargs': None, 'get_features_kwargs_extra': None, 'predict_1_batch_size': None, 'temperature_scalar': None}","['c1_history_n', 'c1_nige', 'c1_st_rank', 'c1_national_win_rate', 'c1_national_exacta_rate', 'c1_local_win_rate', 'c1_local_exacta_rate', 'c1_motor_exacta_rate', 'c1_boat_exacta_rate', 'c1_average_start', 'c2_history_n', 'c2_nige', 'c2_sashi', 'c2_makuri', 'c2_st_rank', 'c2_national_win_rate', 'c2_national_exacta_rate', 'c2_local_win_rate', 'c2_local_exacta_rate', 'c2_motor_exacta_rate', 'c2_boat_exacta_rate', 'c2_average_start', 'c3_history_n', 'c3_sashi', 'c3_makuri', 'c3_attack', 'c3_st_rank', 'c3_national_win_rate', 'c3_national_exacta_rate', 'c3_local_win_rate', 'c3_local_exacta_rate', 'c3_motor_exacta_rate', 'c3_boat_exacta_rate', 'c3_average_start', 'c4_history_n', 'c4_sashi', 'c4_makuri', 'c4_attack', 'c4_st_rank', 'c4_national_win_rate', 'c4_national_exacta_rate', 'c4_local_win_rate', 'c4_local_exacta_rate', 'c4_motor_exacta_rate', 'c4_boat_exacta_rate', 'c4_average_start', 'c5_history_n', 'c5_sashi', 'c5_makuri', 'c5_attack', 'c5_st_rank', 'c5_national_win_rate', 'c5_national_exacta_rate', 'c5_local_win_rate', 'c5_local_exacta_rate', 'c5_motor_exacta_rate', 'c5_boat_exacta_rate', 'c5_average_start', 'c6_history_n', 'c6_sashi', 'c6_makuri', 'c6_attack', 'c6_st_rank', 'c6_national_win_rate', 'c6_national_exacta_rate', 'c6_local_win_rate', 'c6_local_exacta_rate', 'c6_motor_exacta_rate', 'c6_boat_exacta_rate', 'c6_average_start', 'lane1_vulnerability_rate', 'c1_exhibition_time_relative', 'c1_start_timing_relative', 'c1_lap_time_relative', 'c1_around_time_relative', 'c1_straight_time_relative', 'c1_ex_score', 'c1_st_score', 'c1_lap_score', 'c1_mawari_score', 'c1_straight_score', 'c1_attack_potential', 'c1_stable_score', 'c1_final_2nd_score', 'c1_second_rank', 'c1_gap_to_top', 'c2_exhibition_time_relative', 'c2_start_timing_relative', 'c2_lap_time_relative', 'c2_around_time_relative', 'c2_straight_time_relative', 'c2_ex_score', 'c2_st_score', 'c2_lap_score', 'c2_mawari_score', 'c2_straight_score', 'c2_attack_potential', 'c2_stable_score', 'c2_final_2nd_score', 'c2_second_rank', 'c2_gap_to_top', 'c3_exhibition_time_relative', 'c3_start_timing_relative', 'c3_lap_time_relative', 'c3_around_time_relative', 'c3_straight_time_relative', 'c3_ex_score', 'c3_st_score', 'c3_lap_score', 'c3_mawari_score', 'c3_straight_score', 'c3_attack_potential', 'c3_stable_score', 'c3_final_2nd_score', 'c3_second_rank', 'c3_gap_to_top', 'c4_exhibition_time_relative', 'c4_start_timing_relative', 'c4_lap_time_relative', 'c4_around_time_relative', 'c4_straight_time_relative', 'c4_ex_score', 'c4_st_score', 'c4_lap_score', 'c4_mawari_score', 'c4_straight_score', 'c4_attack_potential', 'c4_stable_score', 'c4_final_2nd_score', 'c4_second_rank', 'c4_gap_to_top', 'c5_exhibition_time_relative', 'c5_start_timing_relative', 'c5_lap_time_relative', 'c5_around_time_relative', 'c5_straight_time_relative', 'c5_ex_score', 'c5_st_score', 'c5_lap_score', 'c5_mawari_score', 'c5_straight_score', 'c5_attack_potential', 'c5_stable_score', 'c5_final_2nd_score', 'c5_second_rank', 'c5_gap_to_top', 'c6_exhibition_time_relative', 'c6_start_timing_relative', 'c6_lap_time_relative', 'c6_around_time_relative', 'c6_straight_time_relative', 'c6_ex_score', 'c6_st_score', 'c6_lap_score', 'c6_mawari_score', 'c6_straight_score', 'c6_attack_potential', 'c6_stable_score', 'c6_final_2nd_score', 'c6_second_rank', 'c6_gap_to_top']",,,,,[],['WeightedEnsemble_L2']
ASY,4,top3,6,ExtraTrees,-0.6537752058132859,log_loss,0.12374019622802734,1.5420608520507812,0.12374019622802734,1.5420608520507812,1,True,4,161,1,1,38302322,38302322,38302322,38302322,0,0,XTModel,,log_loss,"{'n_estimators': 300, 'max_leaf_nodes': 15000, 'n_jobs': -1, 'bootstrap': True, 'random_state': 0}",{'n_estimators': 300},"{'max_memory_usage_ratio': 1.0, 'max_gpu_memory_usage_ratio': 1.0, 'max_time_limit_ratio': 1.0, 'max_time_limit': None, 'min_time_limit': 0, 'valid_raw_types': ['bool', 'int', 'float', 'category'], 'valid_special_types': None, 'ignored_type_group_special': None, 'ignored_type_group_raw': None, 'get_features_kwargs': None, 'get_features_kwargs_extra': None, 'predict_1_batch_size': None, 'temperature_scalar': None}","['c1_history_n', 'c1_nige', 'c1_st_rank', 'c1_national_win_rate', 'c1_national_exacta_rate', 'c1_local_win_rate', 'c1_local_exacta_rate', 'c1_motor_exacta_rate', 'c1_boat_exacta_rate', 'c1_average_start', 'c2_history_n', 'c2_nige', 'c2_sashi', 'c2_makuri', 'c2_st_rank', 'c2_national_win_rate', 'c2_national_exacta_rate', 'c2_local_win_rate', 'c2_local_exacta_rate', 'c2_motor_exacta_rate', 'c2_boat_exacta_rate', 'c2_average_start', 'c3_history_n', 'c3_sashi', 'c3_makuri', 'c3_attack', 'c3_st_rank', 'c3_national_win_rate', 'c3_national_exacta_rate', 'c3_local_win_rate', 'c3_local_exacta_rate', 'c3_motor_exacta_rate', 'c3_boat_exacta_rate', 'c3_average_start', 'c4_history_n', 'c4_sashi', 'c4_makuri', 'c4_attack', 'c4_st_rank', 'c4_national_win_rate', 'c4_national_exacta_rate', 'c4_local_win_rate', 'c4_local_exacta_rate', 'c4_motor_exacta_rate', 'c4_boat_exacta_rate', 'c4_average_start', 'c5_history_n', 'c5_sashi', 'c5_makuri', 'c5_attack', 'c5_st_rank', 'c5_national_win_rate', 'c5_national_exacta_rate', 'c5_local_win_rate', 'c5_local_exacta_rate', 'c5_motor_exacta_rate', 'c5_boat_exacta_rate', 'c5_average_start', 'c6_history_n', 'c6_sashi', 'c6_makuri', 'c6_attack', 'c6_st_rank', 'c6_national_win_rate', 'c6_national_exacta_rate', 'c6_local_win_rate', 'c6_local_exacta_rate', 'c6_motor_exacta_rate', 'c6_boat_exacta_rate', 'c6_average_start', 'lane1_vulnerability_rate', 'c1_exhibition_time_relative', 'c1_start_timing_relative', 'c1_lap_time_relative', 'c1_around_time_relative', 'c1_straight_time_relative', 'c1_ex_score', 'c1_st_score', 'c1_lap_score', 'c1_mawari_score', 'c1_straight_score', 'c1_attack_potential', 'c1_stable_score', 'c1_final_2nd_score', 'c1_second_rank', 'c1_gap_to_top', 'c2_exhibition_time_relative', 'c2_start_timing_relative', 'c2_lap_time_relative', 'c2_around_time_relative', 'c2_straight_time_relative', 'c2_ex_score', 'c2_st_score', 'c2_lap_score', 'c2_mawari_score', 'c2_straight_score', 'c2_attack_potential', 'c2_stable_score', 'c2_final_2nd_score', 'c2_second_rank', 'c2_gap_to_top', 'c3_exhibition_time_relative', 'c3_start_timing_relative', 'c3_lap_time_relative', 'c3_around_time_relative', 'c3_straight_time_relative', 'c3_ex_score', 'c3_st_score', 'c3_lap_score', 'c3_mawari_score', 'c3_straight_score', 'c3_attack_potential', 'c3_stable_score', 'c3_final_2nd_score', 'c3_second_rank', 'c3_gap_to_top', 'c4_exhibition_time_relative', 'c4_start_timing_relative', 'c4_lap_time_relative', 'c4_around_time_relative', 'c4_straight_time_relative', 'c4_ex_score', 'c4_st_score', 'c4_lap_score', 'c4_mawari_score', 'c4_straight_score', 'c4_attack_potential', 'c4_stable_score', 'c4_final_2nd_score', 'c4_second_rank', 'c4_gap_to_top', 'c5_exhibition_time_relative', 'c5_start_timing_relative', 'c5_lap_time_relative', 'c5_around_time_relative', 'c5_straight_time_relative', 'c5_ex_score', 'c5_st_score', 'c5_lap_score', 'c5_mawari_score', 'c5_straight_score', 'c5_attack_potential', 'c5_stable_score', 'c5_final_2nd_score', 'c5_second_rank', 'c5_gap_to_top', 'c6_exhibition_time_relative', 'c6_start_timing_relative', 'c6_lap_time_relative', 'c6_around_time_relative', 'c6_straight_time_relative', 'c6_ex_score', 'c6_st_score', 'c6_lap_score', 'c6_mawari_score', 'c6_straight_score', 'c6_attack_potential', 'c6_stable_score', 'c6_final_2nd_score', 'c6_second_rank', 'c6_gap_to_top']",,,,,[],[]
ASY,5,first,1,WeightedEnsemble_L2,-0.2362771203898206,log_loss,0.2574949264526367,9.849706649780273,0.0007030963897705078,0.02261519432067871,2,True,6,3,1,4,3792,22337108,3792,13564974,3,0,WeightedEnsembleModel,GreedyWeightedEnsembleModel,log_loss,"{'use_orig_features': False, 'valid_stacker': True, 'max_base_models': 0, 'max_base_models_per_type': 'auto', 'save_bag_folds': True, 'stratify': 'auto', 'bin': 'auto', 'n_bins': None, 'vary_seed_across_folds': False, 'custom_splits': None, 'model_random_seed': 0}",{},"{'max_memory_usage_ratio': 1.0, 'max_gpu_memory_usage_ratio': 1.0, 'max_time_limit_ratio': 1.0, 'max_time_limit': None, 'min_time_limit': 0, 'valid_raw_types': None, 'valid_special_types': None, 'ignored_type_group_special': None, 'ignored_type_group_raw': None, 'get_features_kwargs': None, 'get_features_kwargs_extra': None, 'predict_1_batch_size': None, 'temperature_scalar': None, 'drop_unique': False}","['ExtraTrees', 'CatBoost', 'RandomForest']",,"{'ensemble_size': 25, 'subsample_size': 1000000}",{'ensemble_size': 19},"{'max_memory_usage_ratio': 1.0, 'max_gpu_memory_usage_ratio': 1.0, 'max_time_limit_ratio': 1.0, 'max_time_limit': None, 'min_time_limit': 0, 'valid_raw_types': None, 'valid_special_types': None, 'ignored_type_group_special': None, 'ignored_type_group_raw': None, 'get_features_kwargs': None, 'get_features_kwargs_extra': None, 'predict_1_batch_size': None, 'temperature_scalar': None, 'drop_unique': False}","['ExtraTrees', 'CatBoost', 'RandomForest']",[]
ASY,5,first,2,ExtraTrees,-0.2374587256492589,log_loss,0.12432742118835449,1.2902765274047852,0.12432742118835449,1.2902765274047852,1,True,4,161,1,1,13564974,13564974,13564974,13564974,0,1,XTModel,,log_loss,"{'n_estimators': 300, 'max_leaf_nodes': 15000, 'n_jobs': -1, 'bootstrap': True, 'random_state': 0}",{'n_estimators': 300},"{'max_memory_usage_ratio': 1.0, 'max_gpu_memory_usage_ratio': 1.0, 'max_time_limit_ratio': 1.0, 'max_time_limit': None, 'min_time_limit': 0, 'valid_raw_types': ['bool', 'int', 'float', 'category'], 'valid_special_types': None, 'ignored_type_group_special': None, 'ignored_type_group_raw': None, 'get_features_kwargs': None, 'get_features_kwargs_extra': None, 'predict_1_batch_size': None, 'temperature_scalar': None}","['c1_history_n', 'c1_nige', 'c1_st_rank', 'c1_national_win_rate', 'c1_national_exacta_rate', 'c1_local_win_rate', 'c1_local_exacta_rate', 'c1_motor_exacta_rate', 'c1_boat_exacta_rate', 'c1_average_start', 'c2_history_n', 'c2_nige', 'c2_sashi', 'c2_makuri', 'c2_st_rank', 'c2_national_win_rate', 'c2_national_exacta_rate', 'c2_local_win_rate', 'c2_local_exacta_rate', 'c2_motor_exacta_rate', 'c2_boat_exacta_rate', 'c2_average_start', 'c3_history_n', 'c3_sashi', 'c3_makuri', 'c3_attack', 'c3_st_rank', 'c3_national_win_rate', 'c3_national_exacta_rate', 'c3_local_win_rate', 'c3_local_exacta_rate', 'c3_motor_exacta_rate', 'c3_boat_exacta_rate', 'c3_average_start', 'c4_history_n', 'c4_sashi', 'c4_makuri', 'c4_attack', 'c4_st_rank', 'c4_national_win_rate', 'c4_national_exacta_rate', 'c4_local_win_rate', 'c4_local_exacta_rate', 'c4_motor_exacta_rate', 'c4_boat_exacta_rate', 'c4_average_start', 'c5_history_n', 'c5_sashi', 'c5_makuri', 'c5_attack', 'c5_st_rank', 'c5_national_win_rate', 'c5_national_exacta_rate', 'c5_local_win_rate', 'c5_local_exacta_rate', 'c5_motor_exacta_rate', 'c5_boat_exacta_rate', 'c5_average_start', 'c6_history_n', 'c6_sashi', 'c6_makuri', 'c6_attack', 'c6_st_rank', 'c6_national_win_rate', 'c6_national_exacta_rate', 'c6_local_win_rate', 'c6_local_exacta_rate', 'c6_motor_exacta_rate', 'c6_boat_exacta_rate', 'c6_average_start', 'lane1_vulnerability_rate', 'c1_exhibition_time_relative', 'c1_start_timing_relative', 'c1_lap_time_relative', 'c1_around_time_relative', 'c1_straight_time_relative', 'c1_ex_score', 'c1_st_score', 'c1_lap_score', 'c1_mawari_score', 'c1_straight_score', 'c1_attack_potential', 'c1_stable_score', 'c1_final_2nd_score', 'c1_second_rank', 'c1_gap_to_top', 'c2_exhibition_time_relative', 'c2_start_timing_relative', 'c2_lap_time_relative', 'c2_around_time_relative', 'c2_straight_time_relative', 'c2_ex_score', 'c2_st_score', 'c2_lap_score', 'c2_mawari_score', 'c2_straight_score', 'c2_attack_potential', 'c2_stable_score', 'c2_final_2nd_score', 'c2_second_rank', 'c2_gap_to_top', 'c3_exhibition_time_relative', 'c3_start_timing_relative', 'c3_lap_time_relative', 'c3_around_time_relative', 'c3_straight_time_relative', 'c3_ex_score', 'c3_st_score', 'c3_lap_score', 'c3_mawari_score', 'c3_straight_score', 'c3_attack_potential', 'c3_stable_score', 'c3_final_2nd_score', 'c3_second_rank', 'c3_gap_to_top', 'c4_exhibition_time_relative', 'c4_start_timing_relative', 'c4_lap_time_relative', 'c4_around_time_relative', 'c4_straight_time_relative', 'c4_ex_score', 'c4_st_score', 'c4_lap_score', 'c4_mawari_score', 'c4_straight_score', 'c4_attack_potential', 'c4_stable_score', 'c4_final_2nd_score', 'c4_second_rank', 'c4_gap_to_top', 'c5_exhibition_time_relative', 'c5_start_timing_relative', 'c5_lap_time_relative', 'c5_around_time_relative', 'c5_straight_time_relative', 'c5_ex_score', 'c5_st_score', 'c5_lap_score', 'c5_mawari_score', 'c5_straight_score', 'c5_attack_potential', 'c5_stable_score', 'c5_final_2nd_score', 'c5_second_rank', 'c5_gap_to_top', 'c6_exhibition_time_relative', 'c6_start_timing_relative', 'c6_lap_time_relative', 'c6_around_time_relative', 'c6_straight_time_relative', 'c6_ex_score', 'c6_st_score', 'c6_lap_score', 'c6_mawari_score', 'c6_straight_score', 'c6_attack_potential', 'c6_stable_score', 'c6_final_2nd_score', 'c6_second_rank', 'c6_gap_to_top']",,,,,[],['WeightedEnsemble_L2']
ASY,5,first,3,CatBoost,-0.2388269889143016,log_loss,0.011117935180664062,5.552412271499634,0.011117935180664062,5.552412271499634,1,True,3,161,1,1,108247,108247,108247,108247,0,1,CatBoostModel,,log_loss,"{'iterations': 10000, 'learning_rate': 0.05, 'allow_writing_files': False, 'eval_metric': 'Logloss', 'random_seed': 0}",{'iterations': 54},"{'max_memory_usage_ratio': 1.0, 'max_gpu_memory_usage_ratio': 1.0, 'max_time_limit_ratio': 1.0, 'max_time_limit': None, 'min_time_limit': 0, 'valid_raw_types': ['bool', 'int', 'float', 'category'], 'valid_special_types': None, 'ignored_type_group_special': None, 'ignored_type_group_raw': None, 'get_features_kwargs': None, 'get_features_kwargs_extra': None, 'predict_1_batch_size': None, 'temperature_scalar': None}","['c1_history_n', 'c1_nige', 'c1_st_rank', 'c1_national_win_rate', 'c1_national_exacta_rate', 'c1_local_win_rate', 'c1_local_exacta_rate', 'c1_motor_exacta_rate', 'c1_boat_exacta_rate', 'c1_average_start', 'c2_history_n', 'c2_nige', 'c2_sashi', 'c2_makuri', 'c2_st_rank', 'c2_national_win_rate', 'c2_national_exacta_rate', 'c2_local_win_rate', 'c2_local_exacta_rate', 'c2_motor_exacta_rate', 'c2_boat_exacta_rate', 'c2_average_start', 'c3_history_n', 'c3_sashi', 'c3_makuri', 'c3_attack', 'c3_st_rank', 'c3_national_win_rate', 'c3_national_exacta_rate', 'c3_local_win_rate', 'c3_local_exacta_rate', 'c3_motor_exacta_rate', 'c3_boat_exacta_rate', 'c3_average_start', 'c4_history_n', 'c4_sashi', 'c4_makuri', 'c4_attack', 'c4_st_rank', 'c4_national_win_rate', 'c4_national_exacta_rate', 'c4_local_win_rate', 'c4_local_exacta_rate', 'c4_motor_exacta_rate', 'c4_boat_exacta_rate', 'c4_average_start', 'c5_history_n', 'c5_sashi', 'c5_makuri', 'c5_attack', 'c5_st_rank', 'c5_national_win_rate', 'c5_national_exacta_rate', 'c5_local_win_rate', 'c5_local_exacta_rate', 'c5_motor_exacta_rate', 'c5_boat_exacta_rate', 'c5_average_start', 'c6_history_n', 'c6_sashi', 'c6_makuri', 'c6_attack', 'c6_st_rank', 'c6_national_win_rate', 'c6_national_exacta_rate', 'c6_local_win_rate', 'c6_local_exacta_rate', 'c6_motor_exacta_rate', 'c6_boat_exacta_rate', 'c6_average_start', 'lane1_vulnerability_rate', 'c1_exhibition_time_relative', 'c1_start_timing_relative', 'c1_lap_time_relative', 'c1_around_time_relative', 'c1_straight_time_relative', 'c1_ex_score', 'c1_st_score', 'c1_lap_score', 'c1_mawari_score', 'c1_straight_score', 'c1_attack_potential', 'c1_stable_score', 'c1_final_2nd_score', 'c1_second_rank', 'c1_gap_to_top', 'c2_exhibition_time_relative', 'c2_start_timing_relative', 'c2_lap_time_relative', 'c2_around_time_relative', 'c2_straight_time_relative', 'c2_ex_score', 'c2_st_score', 'c2_lap_score', 'c2_mawari_score', 'c2_straight_score', 'c2_attack_potential', 'c2_stable_score', 'c2_final_2nd_score', 'c2_second_rank', 'c2_gap_to_top', 'c3_exhibition_time_relative', 'c3_start_timing_relative', 'c3_lap_time_relative', 'c3_around_time_relative', 'c3_straight_time_relative', 'c3_ex_score', 'c3_st_score', 'c3_lap_score', 'c3_mawari_score', 'c3_straight_score', 'c3_attack_potential', 'c3_stable_score', 'c3_final_2nd_score', 'c3_second_rank', 'c3_gap_to_top', 'c4_exhibition_time_relative', 'c4_start_timing_relative', 'c4_lap_time_relative', 'c4_around_time_relative', 'c4_straight_time_relative', 'c4_ex_score', 'c4_st_score', 'c4_lap_score', 'c4_mawari_score', 'c4_straight_score', 'c4_attack_potential', 'c4_stable_score', 'c4_final_2nd_score', 'c4_second_rank', 'c4_gap_to_top', 'c5_exhibition_time_relative', 'c5_start_timing_relative', 'c5_lap_time_relative', 'c5_around_time_relative', 'c5_straight_time_relative', 'c5_ex_score', 'c5_st_score', 'c5_lap_score', 'c5_mawari_score', 'c5_straight_score', 'c5_attack_potential', 'c5_stable_score', 'c5_final_2nd_score', 'c5_second_rank', 'c5_gap_to_top', 'c6_exhibition_time_relative', 'c6_start_timing_relative', 'c6_lap_time_relative', 'c6_around_time_relative', 'c6_straight_time_relative', 'c6_ex_score', 'c6_st_score', 'c6_lap_score', 'c6_mawari_score', 'c6_straight_score', 'c6_attack_potential', 'c6_stable_score', 'c6_final_2nd_score', 'c6_second_rank', 'c6_gap_to_top']",,,,,[],['WeightedEnsemble_L2']
ASY,5,first,4,XGBoost,-0.24166078538961439,log_loss,0.014199018478393555,4.765269994735718,0.014199018478393555,4.765269994735718,1,True,5,161,1,1,583882,583882,583882,583882,0,0,XGBoostModel,,log_loss,"{'n_estimators': 10000, 'learning_rate': 0.1, 'n_jobs': -1, 'proc.max_category_levels': 100, 'objective': 'binary:logistic', 'booster': 'gbtree', 'seed': 0}",{'n_estimators': 6},"{'max_memory_usage_ratio': 1.0, 'max_gpu_memory_usage_ratio': 1.0, 'max_time_limit_ratio': 1.0, 'max_time_limit': None, 'min_time_limit': 0, 'valid_raw_types': ['bool', 'int', 'float', 'category'], 'valid_special_types': None, 'ignored_type_group_special': None, 'ignored_type_group_raw': None, 'get_features_kwargs': None, 'get_features_kwargs_extra': None, 'predict_1_batch_size': None, 'temperature_scalar': None}","['c1_history_n', 'c1_nige', 'c1_st_rank', 'c1_national_win_rate', 'c1_national_exacta_rate', 'c1_local_win_rate', 'c1_local_exacta_rate', 'c1_motor_exacta_rate', 'c1_boat_exacta_rate', 'c1_average_start', 'c2_history_n', 'c2_nige', 'c2_sashi', 'c2_makuri', 'c2_st_rank', 'c2_national_win_rate', 'c2_national_exacta_rate', 'c2_local_win_rate', 'c2_local_exacta_rate', 'c2_motor_exacta_rate', 'c2_boat_exacta_rate', 'c2_average_start', 'c3_history_n', 'c3_sashi', 'c3_makuri', 'c3_attack', 'c3_st_rank', 'c3_national_win_rate', 'c3_national_exacta_rate', 'c3_local_win_rate', 'c3_local_exacta_rate', 'c3_motor_exacta_rate', 'c3_boat_exacta_rate', 'c3_average_start', 'c4_history_n', 'c4_sashi', 'c4_makuri', 'c4_attack', 'c4_st_rank', 'c4_national_win_rate', 'c4_national_exacta_rate', 'c4_local_win_rate', 'c4_local_exacta_rate', 'c4_motor_exacta_rate', 'c4_boat_exacta_rate', 'c4_average_start', 'c5_history_n', 'c5_sashi', 'c5_makuri', 'c5_attack', 'c5_st_rank', 'c5_national_win_rate', 'c5_national_exacta_rate', 'c5_local_win_rate', 'c5_local_exacta_rate', 'c5_motor_exacta_rate', 'c5_boat_exacta_rate', 'c5_average_start', 'c6_history_n', 'c6_sashi', 'c6_makuri', 'c6_attack', 'c6_st_rank', 'c6_national_win_rate', 'c6_national_exacta_rate', 'c6_local_win_rate', 'c6_local_exacta_rate', 'c6_motor_exacta_rate', 'c6_boat_exacta_rate', 'c6_average_start', 'lane1_vulnerability_rate', 'c1_exhibition_time_relative', 'c1_start_timing_relative', 'c1_lap_time_relative', 'c1_around_time_relative', 'c1_straight_time_relative', 'c1_ex_score', 'c1_st_score', 'c1_lap_score', 'c1_mawari_score', 'c1_straight_score', 'c1_attack_potential', 'c1_stable_score', 'c1_final_2nd_score', 'c1_second_rank', 'c1_gap_to_top', 'c2_exhibition_time_relative', 'c2_start_timing_relative', 'c2_lap_time_relative', 'c2_around_time_relative', 'c2_straight_time_relative', 'c2_ex_score', 'c2_st_score', 'c2_lap_score', 'c2_mawari_score', 'c2_straight_score', 'c2_attack_potential', 'c2_stable_score', 'c2_final_2nd_score', 'c2_second_rank', 'c2_gap_to_top', 'c3_exhibition_time_relative', 'c3_start_timing_relative', 'c3_lap_time_relative', 'c3_around_time_relative', 'c3_straight_time_relative', 'c3_ex_score', 'c3_st_score', 'c3_lap_score', 'c3_mawari_score', 'c3_straight_score', 'c3_attack_potential', 'c3_stable_score', 'c3_final_2nd_score', 'c3_second_rank', 'c3_gap_to_top', 'c4_exhibition_time_relative', 'c4_start_timing_relative', 'c4_lap_time_relative', 'c4_around_time_relative', 'c4_straight_time_relative', 'c4_ex_score', 'c4_st_score', 'c4_lap_score', 'c4_mawari_score', 'c4_straight_score', 'c4_attack_potential', 'c4_stable_score', 'c4_final_2nd_score', 'c4_second_rank', 'c4_gap_to_top', 'c5_exhibition_time_relative', 'c5_start_timing_relative', 'c5_lap_time_relative', 'c5_around_time_relative', 'c5_straight_time_relative', 'c5_ex_score', 'c5_st_score', 'c5_lap_score', 'c5_mawari_score', 'c5_straight_score', 'c5_attack_potential', 'c5_stable_score', 'c5_final_2nd_score', 'c5_second_rank', 'c5_gap_to_top', 'c6_exhibition_time_relative', 'c6_start_timing_relative', 'c6_lap_time_relative', 'c6_around_time_relative', 'c6_straight_time_relative', 'c6_ex_score', 'c6_st_score', 'c6_lap_score', 'c6_mawari_score', 'c6_straight_score', 'c6_attack_potential', 'c6_stable_score', 'c6_final_2nd_score', 'c6_second_rank', 'c6_gap_to_top']",,,,,[],[]
ASY,5,first,5,RandomForest,-0.2418226459481262,log_loss,0.12134647369384766,2.984402656555176,0.12134647369384766,2.984402656555176,1,True,2,161,1,1,8660095,8660095,8660095,8660095,0,1,RFModel,,log_loss,"{'n_estimators': 300, 'max_leaf_nodes': 15000, 'n_jobs': -1, 'bootstrap': True, 'random_state': 0}",{'n_estimators': 300},"{'max_memory_usage_ratio': 1.0, 'max_gpu_memory_usage_ratio': 1.0, 'max_time_limit_ratio': 1.0, 'max_time_limit': None, 'min_time_limit': 0, 'valid_raw_types': ['bool', 'int', 'float', 'category'], 'valid_special_types': None, 'ignored_type_group_special': None, 'ignored_type_group_raw': None, 'get_features_kwargs': None, 'get_features_kwargs_extra': None, 'predict_1_batch_size': None, 'temperature_scalar': None}","['c1_history_n', 'c1_nige', 'c1_st_rank', 'c1_national_win_rate', 'c1_national_exacta_rate', 'c1_local_win_rate', 'c1_local_exacta_rate', 'c1_motor_exacta_rate', 'c1_boat_exacta_rate', 'c1_average_start', 'c2_history_n', 'c2_nige', 'c2_sashi', 'c2_makuri', 'c2_st_rank', 'c2_national_win_rate', 'c2_national_exacta_rate', 'c2_local_win_rate', 'c2_local_exacta_rate', 'c2_motor_exacta_rate', 'c2_boat_exacta_rate', 'c2_average_start', 'c3_history_n', 'c3_sashi', 'c3_makuri', 'c3_attack', 'c3_st_rank', 'c3_national_win_rate', 'c3_national_exacta_rate', 'c3_local_win_rate', 'c3_local_exacta_rate', 'c3_motor_exacta_rate', 'c3_boat_exacta_rate', 'c3_average_start', 'c4_history_n', 'c4_sashi', 'c4_makuri', 'c4_attack', 'c4_st_rank', 'c4_national_win_rate', 'c4_national_exacta_rate', 'c4_local_win_rate', 'c4_local_exacta_rate', 'c4_motor_exacta_rate', 'c4_boat_exacta_rate', 'c4_average_start', 'c5_history_n', 'c5_sashi', 'c5_makuri', 'c5_attack', 'c5_st_rank', 'c5_national_win_rate', 'c5_national_exacta_rate', 'c5_local_win_rate', 'c5_local_exacta_rate', 'c5_motor_exacta_rate', 'c5_boat_exacta_rate', 'c5_average_start', 'c6_history_n', 'c6_sashi', 'c6_makuri', 'c6_attack', 'c6_st_rank', 'c6_national_win_rate', 'c6_national_exacta_rate', 'c6_local_win_rate', 'c6_local_exacta_rate', 'c6_motor_exacta_rate', 'c6_boat_exacta_rate', 'c6_average_start', 'lane1_vulnerability_rate', 'c1_exhibition_time_relative', 'c1_start_timing_relative', 'c1_lap_time_relative', 'c1_around_time_relative', 'c1_straight_time_relative', 'c1_ex_score', 'c1_st_score', 'c1_lap_score', 'c1_mawari_score', 'c1_straight_score', 'c1_attack_potential', 'c1_stable_score', 'c1_final_2nd_score', 'c1_second_rank', 'c1_gap_to_top', 'c2_exhibition_time_relative', 'c2_start_timing_relative', 'c2_lap_time_relative', 'c2_around_time_relative', 'c2_straight_time_relative', 'c2_ex_score', 'c2_st_score', 'c2_lap_score', 'c2_mawari_score', 'c2_straight_score', 'c2_attack_potential', 'c2_stable_score', 'c2_final_2nd_score', 'c2_second_rank', 'c2_gap_to_top', 'c3_exhibition_time_relative', 'c3_start_timing_relative', 'c3_lap_time_relative', 'c3_around_time_relative', 'c3_straight_time_relative', 'c3_ex_score', 'c3_st_score', 'c3_lap_score', 'c3_mawari_score', 'c3_straight_score', 'c3_attack_potential', 'c3_stable_score', 'c3_final_2nd_score', 'c3_second_rank', 'c3_gap_to_top', 'c4_exhibition_time_relative', 'c4_start_timing_relative', 'c4_lap_time_relative', 'c4_around_time_relative', 'c4_straight_time_relative', 'c4_ex_score', 'c4_st_score', 'c4_lap_score', 'c4_mawari_score', 'c4_straight_score', 'c4_attack_potential', 'c4_stable_score', 'c4_final_2nd_score', 'c4_second_rank', 'c4_gap_to_top', 'c5_exhibition_time_relative', 'c5_start_timing_relative', 'c5_lap_time_relative', 'c5_around_time_relative', 'c5_straight_time_relative', 'c5_ex_score', 'c5_st_score', 'c5_lap_score', 'c5_mawari_score', 'c5_straight_score', 'c5_attack_potential', 'c5_stable_score', 'c5_final_2nd_score', 'c5_second_rank', 'c5_gap_to_top', 'c6_exhibition_time_relative', 'c6_start_timing_relative', 'c6_lap_time_relative', 'c6_around_time_relative', 'c6_straight_time_relative', 'c6_ex_score', 'c6_st_score', 'c6_lap_score', 'c6_mawari_score', 'c6_straight_score', 'c6_attack_potential', 'c6_stable_score', 'c6_final_2nd_score', 'c6_second_rank', 'c6_gap_to_top']",,,,,[],['WeightedEnsemble_L2']
ASY,5,first,6,LightGBM,-0.2422040810782142,log_loss,0.0029480457305908203,2.735970973968506,0.0029480457305908203,2.735970973968506,1,True,1,161,1,1,45298,45298,45298,45298,0,0,LGBModel,,log_loss,"{'learning_rate': 0.05, 'seed': 0}",{'num_boost_round': 8},"{'max_memory_usage_ratio': 1.0, 'max_gpu_memory_usage_ratio': 1.0, 'max_time_limit_ratio': 1.0, 'max_time_limit': None, 'min_time_limit': 0, 'valid_raw_types': ['bool', 'int', 'float', 'category'], 'valid_special_types': None, 'ignored_type_group_special': None, 'ignored_type_group_raw': None, 'get_features_kwargs': None, 'get_features_kwargs_extra': None, 'predict_1_batch_size': None, 'temperature_scalar': None}","['c1_history_n', 'c1_nige', 'c1_st_rank', 'c1_national_win_rate', 'c1_national_exacta_rate', 'c1_local_win_rate', 'c1_local_exacta_rate', 'c1_motor_exacta_rate', 'c1_boat_exacta_rate', 'c1_average_start', 'c2_history_n', 'c2_nige', 'c2_sashi', 'c2_makuri', 'c2_st_rank', 'c2_national_win_rate', 'c2_national_exacta_rate', 'c2_local_win_rate', 'c2_local_exacta_rate', 'c2_motor_exacta_rate', 'c2_boat_exacta_rate', 'c2_average_start', 'c3_history_n', 'c3_sashi', 'c3_makuri', 'c3_attack', 'c3_st_rank', 'c3_national_win_rate', 'c3_national_exacta_rate', 'c3_local_win_rate', 'c3_local_exacta_rate', 'c3_motor_exacta_rate', 'c3_boat_exacta_rate', 'c3_average_start', 'c4_history_n', 'c4_sashi', 'c4_makuri', 'c4_attack', 'c4_st_rank', 'c4_national_win_rate', 'c4_national_exacta_rate', 'c4_local_win_rate', 'c4_local_exacta_rate', 'c4_motor_exacta_rate', 'c4_boat_exacta_rate', 'c4_average_start', 'c5_history_n', 'c5_sashi', 'c5_makuri', 'c5_attack', 'c5_st_rank', 'c5_national_win_rate', 'c5_national_exacta_rate', 'c5_local_win_rate', 'c5_local_exacta_rate', 'c5_motor_exacta_rate', 'c5_boat_exacta_rate', 'c5_average_start', 'c6_history_n', 'c6_sashi', 'c6_makuri', 'c6_attack', 'c6_st_rank', 'c6_national_win_rate', 'c6_national_exacta_rate', 'c6_local_win_rate', 'c6_local_exacta_rate', 'c6_motor_exacta_rate', 'c6_boat_exacta_rate', 'c6_average_start', 'lane1_vulnerability_rate', 'c1_exhibition_time_relative', 'c1_start_timing_relative', 'c1_lap_time_relative', 'c1_around_time_relative', 'c1_straight_time_relative', 'c1_ex_score', 'c1_st_score', 'c1_lap_score', 'c1_mawari_score', 'c1_straight_score', 'c1_attack_potential', 'c1_stable_score', 'c1_final_2nd_score', 'c1_second_rank', 'c1_gap_to_top', 'c2_exhibition_time_relative', 'c2_start_timing_relative', 'c2_lap_time_relative', 'c2_around_time_relative', 'c2_straight_time_relative', 'c2_ex_score', 'c2_st_score', 'c2_lap_score', 'c2_mawari_score', 'c2_straight_score', 'c2_attack_potential', 'c2_stable_score', 'c2_final_2nd_score', 'c2_second_rank', 'c2_gap_to_top', 'c3_exhibition_time_relative', 'c3_start_timing_relative', 'c3_lap_time_relative', 'c3_around_time_relative', 'c3_straight_time_relative', 'c3_ex_score', 'c3_st_score', 'c3_lap_score', 'c3_mawari_score', 'c3_straight_score', 'c3_attack_potential', 'c3_stable_score', 'c3_final_2nd_score', 'c3_second_rank', 'c3_gap_to_top', 'c4_exhibition_time_relative', 'c4_start_timing_relative', 'c4_lap_time_relative', 'c4_around_time_relative', 'c4_straight_time_relative', 'c4_ex_score', 'c4_st_score', 'c4_lap_score', 'c4_mawari_score', 'c4_straight_score', 'c4_attack_potential', 'c4_stable_score', 'c4_final_2nd_score', 'c4_second_rank', 'c4_gap_to_top', 'c5_exhibition_time_relative', 'c5_start_timing_relative', 'c5_lap_time_relative', 'c5_around_time_relative', 'c5_straight_time_relative', 'c5_ex_score', 'c5_st_score', 'c5_lap_score', 'c5_mawari_score', 'c5_straight_score', 'c5_attack_potential', 'c5_stable_score', 'c5_final_2nd_score', 'c5_second_rank', 'c5_gap_to_top', 'c6_exhibition_time_relative', 'c6_start_timing_relative', 'c6_lap_time_relative', 'c6_around_time_relative', 'c6_straight_time_relative', 'c6_ex_score', 'c6_st_score', 'c6_lap_score', 'c6_mawari_score', 'c6_straight_score', 'c6_attack_potential', 'c6_stable_score', 'c6_final_2nd_score', 'c6_second_rank', 'c6_gap_to_top']",,,,,[],[]
ASY,5,top2,1,WeightedEnsemble_L2,-0.5013697864406421,log_loss,0.2613959312438965,12.708678245544434,0.0007228851318359375,0.02145218849182129,2,True,6,4,1,5,3798,46849005,3798,28644562,4,0,WeightedEnsembleModel,GreedyWeightedEnsembleModel,log_loss,"{'use_orig_features': False, 'valid_stacker': True, 'max_base_models': 0, 'max_base_models_per_type': 'auto', 'save_bag_folds': True, 'stratify': 'auto', 'bin': 'auto', 'n_bins': None, 'vary_seed_across_folds': False, 'custom_splits': None, 'model_random_seed': 0}",{},"{'max_memory_usage_ratio': 1.0, 'max_gpu_memory_usage_ratio': 1.0, 'max_time_limit_ratio': 1.0, 'max_time_limit': None, 'min_time_limit': 0, 'valid_raw_types': None, 'valid_special_types': None, 'ignored_type_group_special': None, 'ignored_type_group_raw': None, 'get_features_kwargs': None, 'get_features_kwargs_extra': None, 'predict_1_batch_size': None, 'temperature_scalar': None, 'drop_unique': False}","['LightGBM', 'ExtraTrees', 'CatBoost', 'RandomForest']",,"{'ensemble_size': 25, 'subsample_size': 1000000}",{'ensemble_size': 22},"{'max_memory_usage_ratio': 1.0, 'max_gpu_memory_usage_ratio': 1.0, 'max_time_limit_ratio': 1.0, 'max_time_limit': None, 'min_time_limit': 0, 'valid_raw_types': None, 'valid_special_types': None, 'ignored_type_group_special': None, 'ignored_type_group_raw': None, 'get_features_kwargs': None, 'get_features_kwargs_extra': None, 'predict_1_batch_size': None, 'temperature_scalar': None, 'drop_unique': False}","['LightGBM', 'ExtraTrees', 'CatBoost', 'RandomForest']",[]
ASY,5,top2,2,CatBoost,-0.5021387913651826,log_loss,0.010994911193847656,5.604352235794067,0.010994911193847656,5.604352235794067,1,True,3,161,1,1,111309,111309,111309,111309,0,1,CatBoostModel,,log_loss,"{'iterations': 10000, 'learning_rate': 0.05, 'allow_writing_files': False, 'eval_metric': 'Logloss', 'random_seed': 0}",{'iterations': 57},"{'max_memory_usage_ratio': 1.0, 'max_gpu_memory_usage_ratio': 1.0, 'max_time_limit_ratio': 1.0, 'max_time_limit': None, 'min_time_limit': 0, 'valid_raw_types': ['bool', 'int', 'float', 'category'], 'valid_special_types': None, 'ignored_type_group_special': None, 'ignored_type_group_raw': None, 'get_features_kwargs': None, 'get_features_kwargs_extra': None, 'predict_1_batch_size': None, 'temperature_scalar': None}","['c1_history_n', 'c1_nige', 'c1_st_rank', 'c1_national_win_rate', 'c1_national_exacta_rate', 'c1_local_win_rate', 'c1_local_exacta_rate', 'c1_motor_exacta_rate', 'c1_boat_exacta_rate', 'c1_average_start', 'c2_history_n', 'c2_nige', 'c2_sashi', 'c2_makuri', 'c2_st_rank', 'c2_national_win_rate', 'c2_national_exacta_rate', 'c2_local_win_rate', 'c2_local_exacta_rate', 'c2_motor_exacta_rate', 'c2_boat_exacta_rate', 'c2_average_start', 'c3_history_n', 'c3_sashi', 'c3_makuri', 'c3_attack', 'c3_st_rank', 'c3_national_win_rate', 'c3_national_exacta_rate', 'c3_local_win_rate', 'c3_local_exacta_rate', 'c3_motor_exacta_rate', 'c3_boat_exacta_rate', 'c3_average_start', 'c4_history_n', 'c4_sashi', 'c4_makuri', 'c4_attack', 'c4_st_rank', 'c4_national_win_rate', 'c4_national_exacta_rate', 'c4_local_win_rate', 'c4_local_exacta_rate', 'c4_motor_exacta_rate', 'c4_boat_exacta_rate', 'c4_average_start', 'c5_history_n', 'c5_sashi', 'c5_makuri', 'c5_attack', 'c5_st_rank', 'c5_national_win_rate', 'c5_national_exacta_rate', 'c5_local_win_rate', 'c5_local_exacta_rate', 'c5_motor_exacta_rate', 'c5_boat_exacta_rate', 'c5_average_start', 'c6_history_n', 'c6_sashi', 'c6_makuri', 'c6_attack', 'c6_st_rank', 'c6_national_win_rate', 'c6_national_exacta_rate', 'c6_local_win_rate', 'c6_local_exacta_rate', 'c6_motor_exacta_rate', 'c6_boat_exacta_rate', 'c6_average_start', 'lane1_vulnerability_rate', 'c1_exhibition_time_relative', 'c1_start_timing_relative', 'c1_lap_time_relative', 'c1_around_time_relative', 'c1_straight_time_relative', 'c1_ex_score', 'c1_st_score', 'c1_lap_score', 'c1_mawari_score', 'c1_straight_score', 'c1_attack_potential', 'c1_stable_score', 'c1_final_2nd_score', 'c1_second_rank', 'c1_gap_to_top', 'c2_exhibition_time_relative', 'c2_start_timing_relative', 'c2_lap_time_relative', 'c2_around_time_relative', 'c2_straight_time_relative', 'c2_ex_score', 'c2_st_score', 'c2_lap_score', 'c2_mawari_score', 'c2_straight_score', 'c2_attack_potential', 'c2_stable_score', 'c2_final_2nd_score', 'c2_second_rank', 'c2_gap_to_top', 'c3_exhibition_time_relative', 'c3_start_timing_relative', 'c3_lap_time_relative', 'c3_around_time_relative', 'c3_straight_time_relative', 'c3_ex_score', 'c3_st_score', 'c3_lap_score', 'c3_mawari_score', 'c3_straight_score', 'c3_attack_potential', 'c3_stable_score', 'c3_final_2nd_score', 'c3_second_rank', 'c3_gap_to_top', 'c4_exhibition_time_relative', 'c4_start_timing_relative', 'c4_lap_time_relative', 'c4_around_time_relative', 'c4_straight_time_relative', 'c4_ex_score', 'c4_st_score', 'c4_lap_score', 'c4_mawari_score', 'c4_straight_score', 'c4_attack_potential', 'c4_stable_score', 'c4_final_2nd_score', 'c4_second_rank', 'c4_gap_to_top', 'c5_exhibition_time_relative', 'c5_start_timing_relative', 'c5_lap_time_relative', 'c5_around_time_relative', 'c5_straight_time_relative', 'c5_ex_score', 'c5_st_score', 'c5_lap_score', 'c5_mawari_score', 'c5_straight_score', 'c5_attack_potential', 'c5_stable_score', 'c5_final_2nd_score', 'c5_second_rank', 'c5_gap_to_top', 'c6_exhibition_time_relative', 'c6_start_timing_relative', 'c6_lap_time_relative', 'c6_around_time_relative', 'c6_straight_time_relative', 'c6_ex_score', 'c6_st_score', 'c6_lap_score', 'c6_mawari_score', 'c6_straight_score', 'c6_attack_potential', 'c6_stable_score', 'c6_final_2nd_score', 'c6_second_rank', 'c6_gap_to_top']",,,,,[],['WeightedEnsemble_L2']
ASY,5,top2,3,ExtraTrees,-0.5054673102301438,log_loss,0.12217879295349121,1.492527961730957,0.12217879295349121,1.492527961730957,1,True,4,161,1,1,28644562,28644562,28644562,28644562,0,1,XTModel,,log_loss,"{'n_estimators': 300, 'max_leaf_nodes': 15000, 'n_jobs': -1, 'bootstrap': True, 'random_state': 0}",{'n_estimators': 300},"{'max_memory_usage_ratio': 1.0, 'max_gpu_memory_usage_ratio': 1.0, 'max_time_limit_ratio': 1.0, 'max_time_limit': None, 'min_time_limit': 0, 'valid_raw_types': ['bool', 'int', 'float', 'category'], 'valid_special_types': None, 'ignored_type_group_special': None, 'ignored_type_group_raw': None, 'get_features_kwargs': None, 'get_features_kwargs_extra': None, 'predict_1_batch_size': None, 'temperature_scalar': None}","['c1_history_n', 'c1_nige', 'c1_st_rank', 'c1_national_win_rate', 'c1_national_exacta_rate', 'c1_local_win_rate', 'c1_local_exacta_rate', 'c1_motor_exacta_rate', 'c1_boat_exacta_rate', 'c1_average_start', 'c2_history_n', 'c2_nige', 'c2_sashi', 'c2_makuri', 'c2_st_rank', 'c2_national_win_rate', 'c2_national_exacta_rate', 'c2_local_win_rate', 'c2_local_exacta_rate', 'c2_motor_exacta_rate', 'c2_boat_exacta_rate', 'c2_average_start', 'c3_history_n', 'c3_sashi', 'c3_makuri', 'c3_attack', 'c3_st_rank', 'c3_national_win_rate', 'c3_national_exacta_rate', 'c3_local_win_rate', 'c3_local_exacta_rate', 'c3_motor_exacta_rate', 'c3_boat_exacta_rate', 'c3_average_start', 'c4_history_n', 'c4_sashi', 'c4_makuri', 'c4_attack', 'c4_st_rank', 'c4_national_win_rate', 'c4_national_exacta_rate', 'c4_local_win_rate', 'c4_local_exacta_rate', 'c4_motor_exacta_rate', 'c4_boat_exacta_rate', 'c4_average_start', 'c5_history_n', 'c5_sashi', 'c5_makuri', 'c5_attack', 'c5_st_rank', 'c5_national_win_rate', 'c5_national_exacta_rate', 'c5_local_win_rate', 'c5_local_exacta_rate', 'c5_motor_exacta_rate', 'c5_boat_exacta_rate', 'c5_average_start', 'c6_history_n', 'c6_sashi', 'c6_makuri', 'c6_attack', 'c6_st_rank', 'c6_national_win_rate', 'c6_national_exacta_rate', 'c6_local_win_rate', 'c6_local_exacta_rate', 'c6_motor_exacta_rate', 'c6_boat_exacta_rate', 'c6_average_start', 'lane1_vulnerability_rate', 'c1_exhibition_time_relative', 'c1_start_timing_relative', 'c1_lap_time_relative', 'c1_around_time_relative', 'c1_straight_time_relative', 'c1_ex_score', 'c1_st_score', 'c1_lap_score', 'c1_mawari_score', 'c1_straight_score', 'c1_attack_potential', 'c1_stable_score', 'c1_final_2nd_score', 'c1_second_rank', 'c1_gap_to_top', 'c2_exhibition_time_relative', 'c2_start_timing_relative', 'c2_lap_time_relative', 'c2_around_time_relative', 'c2_straight_time_relative', 'c2_ex_score', 'c2_st_score', 'c2_lap_score', 'c2_mawari_score', 'c2_straight_score', 'c2_attack_potential', 'c2_stable_score', 'c2_final_2nd_score', 'c2_second_rank', 'c2_gap_to_top', 'c3_exhibition_time_relative', 'c3_start_timing_relative', 'c3_lap_time_relative', 'c3_around_time_relative', 'c3_straight_time_relative', 'c3_ex_score', 'c3_st_score', 'c3_lap_score', 'c3_mawari_score', 'c3_straight_score', 'c3_attack_potential', 'c3_stable_score', 'c3_final_2nd_score', 'c3_second_rank', 'c3_gap_to_top', 'c4_exhibition_time_relative', 'c4_start_timing_relative', 'c4_lap_time_relative', 'c4_around_time_relative', 'c4_straight_time_relative', 'c4_ex_score', 'c4_st_score', 'c4_lap_score', 'c4_mawari_score', 'c4_straight_score', 'c4_attack_potential', 'c4_stable_score', 'c4_final_2nd_score', 'c4_second_rank', 'c4_gap_to_top', 'c5_exhibition_time_relative', 'c5_start_timing_relative', 'c5_lap_time_relative', 'c5_around_time_relative', 'c5_straight_time_relative', 'c5_ex_score', 'c5_st_score', 'c5_lap_score', 'c5_mawari_score', 'c5_straight_score', 'c5_attack_potential', 'c5_stable_score', 'c5_final_2nd_score', 'c5_second_rank', 'c5_gap_to_top', 'c6_exhibition_time_relative', 'c6_start_timing_relative', 'c6_lap_time_relative', 'c6_around_time_relative', 'c6_straight_time_relative', 'c6_ex_score', 'c6_st_score', 'c6_lap_score', 'c6_mawari_score', 'c6_straight_score', 'c6_attack_potential', 'c6_stable_score', 'c6_final_2nd_score', 'c6_second_rank', 'c6_gap_to_top']",,,,,[],['WeightedEnsemble_L2']
ASY,5,top2,4,LightGBM,-0.5073755187637186,log_loss,0.0037119388580322266,2.5280656814575195,0.0037119388580322266,2.5280656814575195,1,True,1,161,1,1,131748,131748,131748,131748,0,1,LGBModel,,log_loss,"{'learning_rate': 0.05, 'seed': 0}",{'num_boost_round': 33},"{'max_memory_usage_ratio': 1.0, 'max_gpu_memory_usage_ratio': 1.0, 'max_time_limit_ratio': 1.0, 'max_time_limit': None, 'min_time_limit': 0, 'valid_raw_types': ['bool', 'int', 'float', 'category'], 'valid_special_types': None, 'ignored_type_group_special': None, 'ignored_type_group_raw': None, 'get_features_kwargs': None, 'get_features_kwargs_extra': None, 'predict_1_batch_size': None, 'temperature_scalar': None}","['c1_history_n', 'c1_nige', 'c1_st_rank', 'c1_national_win_rate', 'c1_national_exacta_rate', 'c1_local_win_rate', 'c1_local_exacta_rate', 'c1_motor_exacta_rate', 'c1_boat_exacta_rate', 'c1_average_start', 'c2_history_n', 'c2_nige', 'c2_sashi', 'c2_makuri', 'c2_st_rank', 'c2_national_win_rate', 'c2_national_exacta_rate', 'c2_local_win_rate', 'c2_local_exacta_rate', 'c2_motor_exacta_rate', 'c2_boat_exacta_rate', 'c2_average_start', 'c3_history_n', 'c3_sashi', 'c3_makuri', 'c3_attack', 'c3_st_rank', 'c3_national_win_rate', 'c3_national_exacta_rate', 'c3_local_win_rate', 'c3_local_exacta_rate', 'c3_motor_exacta_rate', 'c3_boat_exacta_rate', 'c3_average_start', 'c4_history_n', 'c4_sashi', 'c4_makuri', 'c4_attack', 'c4_st_rank', 'c4_national_win_rate', 'c4_national_exacta_rate', 'c4_local_win_rate', 'c4_local_exacta_rate', 'c4_motor_exacta_rate', 'c4_boat_exacta_rate', 'c4_average_start', 'c5_history_n', 'c5_sashi', 'c5_makuri', 'c5_attack', 'c5_st_rank', 'c5_national_win_rate', 'c5_national_exacta_rate', 'c5_local_win_rate', 'c5_local_exacta_rate', 'c5_motor_exacta_rate', 'c5_boat_exacta_rate', 'c5_average_start', 'c6_history_n', 'c6_sashi', 'c6_makuri', 'c6_attack', 'c6_st_rank', 'c6_national_win_rate', 'c6_national_exacta_rate', 'c6_local_win_rate', 'c6_local_exacta_rate', 'c6_motor_exacta_rate', 'c6_boat_exacta_rate', 'c6_average_start', 'lane1_vulnerability_rate', 'c1_exhibition_time_relative', 'c1_start_timing_relative', 'c1_lap_time_relative', 'c1_around_time_relative', 'c1_straight_time_relative', 'c1_ex_score', 'c1_st_score', 'c1_lap_score', 'c1_mawari_score', 'c1_straight_score', 'c1_attack_potential', 'c1_stable_score', 'c1_final_2nd_score', 'c1_second_rank', 'c1_gap_to_top', 'c2_exhibition_time_relative', 'c2_start_timing_relative', 'c2_lap_time_relative', 'c2_around_time_relative', 'c2_straight_time_relative', 'c2_ex_score', 'c2_st_score', 'c2_lap_score', 'c2_mawari_score', 'c2_straight_score', 'c2_attack_potential', 'c2_stable_score', 'c2_final_2nd_score', 'c2_second_rank', 'c2_gap_to_top', 'c3_exhibition_time_relative', 'c3_start_timing_relative', 'c3_lap_time_relative', 'c3_around_time_relative', 'c3_straight_time_relative', 'c3_ex_score', 'c3_st_score', 'c3_lap_score', 'c3_mawari_score', 'c3_straight_score', 'c3_attack_potential', 'c3_stable_score', 'c3_final_2nd_score', 'c3_second_rank', 'c3_gap_to_top', 'c4_exhibition_time_relative', 'c4_start_timing_relative', 'c4_lap_time_relative', 'c4_around_time_relative', 'c4_straight_time_relative', 'c4_ex_score', 'c4_st_score', 'c4_lap_score', 'c4_mawari_score', 'c4_straight_score', 'c4_attack_potential', 'c4_stable_score', 'c4_final_2nd_score', 'c4_second_rank', 'c4_gap_to_top', 'c5_exhibition_time_relative', 'c5_start_timing_relative', 'c5_lap_time_relative', 'c5_around_time_relative', 'c5_straight_time_relative', 'c5_ex_score', 'c5_st_score', 'c5_lap_score', 'c5_mawari_score', 'c5_straight_score', 'c5_attack_potential', 'c5_stable_score', 'c5_final_2nd_score', 'c5_second_rank', 'c5_gap_to_top', 'c6_exhibition_time_relative', 'c6_start_timing_relative', 'c6_lap_time_relative', 'c6_around_time_relative', 'c6_straight_time_relative', 'c6_ex_score', 'c6_st_score', 'c6_lap_score', 'c6_mawari_score', 'c6_straight_score', 'c6_attack_potential', 'c6_stable_score', 'c6_final_2nd_score', 'c6_second_rank', 'c6_gap_to_top']",,,,,[],['WeightedEnsemble_L2']
ASY,5,top2,5,RandomForest,-0.5093571433410079,log_loss,0.12378740310668945,3.0622801780700684,0.12378740310668945,3.0622801780700684,1,True,2,161,1,1,17957588,17957588,17957588,17957588,0,1,RFModel,,log_loss,"{'n_estimators': 300, 'max_leaf_nodes': 15000, 'n_jobs': -1, 'bootstrap': True, 'random_state': 0}",{'n_estimators': 300},"{'max_memory_usage_ratio': 1.0, 'max_gpu_memory_usage_ratio': 1.0, 'max_time_limit_ratio': 1.0, 'max_time_limit': None, 'min_time_limit': 0, 'valid_raw_types': ['bool', 'int', 'float', 'category'], 'valid_special_types': None, 'ignored_type_group_special': None, 'ignored_type_group_raw': None, 'get_features_kwargs': None, 'get_features_kwargs_extra': None, 'predict_1_batch_size': None, 'temperature_scalar': None}","['c1_history_n', 'c1_nige', 'c1_st_rank', 'c1_national_win_rate', 'c1_national_exacta_rate', 'c1_local_win_rate', 'c1_local_exacta_rate', 'c1_motor_exacta_rate', 'c1_boat_exacta_rate', 'c1_average_start', 'c2_history_n', 'c2_nige', 'c2_sashi', 'c2_makuri', 'c2_st_rank', 'c2_national_win_rate', 'c2_national_exacta_rate', 'c2_local_win_rate', 'c2_local_exacta_rate', 'c2_motor_exacta_rate', 'c2_boat_exacta_rate', 'c2_average_start', 'c3_history_n', 'c3_sashi', 'c3_makuri', 'c3_attack', 'c3_st_rank', 'c3_national_win_rate', 'c3_national_exacta_rate', 'c3_local_win_rate', 'c3_local_exacta_rate', 'c3_motor_exacta_rate', 'c3_boat_exacta_rate', 'c3_average_start', 'c4_history_n', 'c4_sashi', 'c4_makuri', 'c4_attack', 'c4_st_rank', 'c4_national_win_rate', 'c4_national_exacta_rate', 'c4_local_win_rate', 'c4_local_exacta_rate', 'c4_motor_exacta_rate', 'c4_boat_exacta_rate', 'c4_average_start', 'c5_history_n', 'c5_sashi', 'c5_makuri', 'c5_attack', 'c5_st_rank', 'c5_national_win_rate', 'c5_national_exacta_rate', 'c5_local_win_rate', 'c5_local_exacta_rate', 'c5_motor_exacta_rate', 'c5_boat_exacta_rate', 'c5_average_start', 'c6_history_n', 'c6_sashi', 'c6_makuri', 'c6_attack', 'c6_st_rank', 'c6_national_win_rate', 'c6_national_exacta_rate', 'c6_local_win_rate', 'c6_local_exacta_rate', 'c6_motor_exacta_rate', 'c6_boat_exacta_rate', 'c6_average_start', 'lane1_vulnerability_rate', 'c1_exhibition_time_relative', 'c1_start_timing_relative', 'c1_lap_time_relative', 'c1_around_time_relative', 'c1_straight_time_relative', 'c1_ex_score', 'c1_st_score', 'c1_lap_score', 'c1_mawari_score', 'c1_straight_score', 'c1_attack_potential', 'c1_stable_score', 'c1_final_2nd_score', 'c1_second_rank', 'c1_gap_to_top', 'c2_exhibition_time_relative', 'c2_start_timing_relative', 'c2_lap_time_relative', 'c2_around_time_relative', 'c2_straight_time_relative', 'c2_ex_score', 'c2_st_score', 'c2_lap_score', 'c2_mawari_score', 'c2_straight_score', 'c2_attack_potential', 'c2_stable_score', 'c2_final_2nd_score', 'c2_second_rank', 'c2_gap_to_top', 'c3_exhibition_time_relative', 'c3_start_timing_relative', 'c3_lap_time_relative', 'c3_around_time_relative', 'c3_straight_time_relative', 'c3_ex_score', 'c3_st_score', 'c3_lap_score', 'c3_mawari_score', 'c3_straight_score', 'c3_attack_potential', 'c3_stable_score', 'c3_final_2nd_score', 'c3_second_rank', 'c3_gap_to_top', 'c4_exhibition_time_relative', 'c4_start_timing_relative', 'c4_lap_time_relative', 'c4_around_time_relative', 'c4_straight_time_relative', 'c4_ex_score', 'c4_st_score', 'c4_lap_score', 'c4_mawari_score', 'c4_straight_score', 'c4_attack_potential', 'c4_stable_score', 'c4_final_2nd_score', 'c4_second_rank', 'c4_gap_to_top', 'c5_exhibition_time_relative', 'c5_start_timing_relative', 'c5_lap_time_relative', 'c5_around_time_relative', 'c5_straight_time_relative', 'c5_ex_score', 'c5_st_score', 'c5_lap_score', 'c5_mawari_score', 'c5_straight_score', 'c5_attack_potential', 'c5_stable_score', 'c5_final_2nd_score', 'c5_second_rank', 'c5_gap_to_top', 'c6_exhibition_time_relative', 'c6_start_timing_relative', 'c6_lap_time_relative', 'c6_around_time_relative', 'c6_straight_time_relative', 'c6_ex_score', 'c6_st_score', 'c6_lap_score', 'c6_mawari_score', 'c6_straight_score', 'c6_attack_potential', 'c6_stable_score', 'c6_final_2nd_score', 'c6_second_rank', 'c6_gap_to_top']",,,,,[],['WeightedEnsemble_L2']
ASY,5,top2,6,XGBoost,-0.5097406501105011,log_loss,0.014468193054199219,6.332258701324463,0.014468193054199219,6.332258701324463,1,True,5,161,1,1,835985,835985,835985,835985,0,0,XGBoostModel,,log_loss,"{'n_estimators': 10000, 'learning_rate': 0.1, 'n_jobs': -1, 'proc.max_category_levels': 100, 'objective': 'binary:logistic', 'booster': 'gbtree', 'seed': 0}",{'n_estimators': 12},"{'max_memory_usage_ratio': 1.0, 'max_gpu_memory_usage_ratio': 1.0, 'max_time_limit_ratio': 1.0, 'max_time_limit': None, 'min_time_limit': 0, 'valid_raw_types': ['bool', 'int', 'float', 'category'], 'valid_special_types': None, 'ignored_type_group_special': None, 'ignored_type_group_raw': None, 'get_features_kwargs': None, 'get_features_kwargs_extra': None, 'predict_1_batch_size': None, 'temperature_scalar': None}","['c1_history_n', 'c1_nige', 'c1_st_rank', 'c1_national_win_rate', 'c1_national_exacta_rate', 'c1_local_win_rate', 'c1_local_exacta_rate', 'c1_motor_exacta_rate', 'c1_boat_exacta_rate', 'c1_average_start', 'c2_history_n', 'c2_nige', 'c2_sashi', 'c2_makuri', 'c2_st_rank', 'c2_national_win_rate', 'c2_national_exacta_rate', 'c2_local_win_rate', 'c2_local_exacta_rate', 'c2_motor_exacta_rate', 'c2_boat_exacta_rate', 'c2_average_start', 'c3_history_n', 'c3_sashi', 'c3_makuri', 'c3_attack', 'c3_st_rank', 'c3_national_win_rate', 'c3_national_exacta_rate', 'c3_local_win_rate', 'c3_local_exacta_rate', 'c3_motor_exacta_rate', 'c3_boat_exacta_rate', 'c3_average_start', 'c4_history_n', 'c4_sashi', 'c4_makuri', 'c4_attack', 'c4_st_rank', 'c4_national_win_rate', 'c4_national_exacta_rate', 'c4_local_win_rate', 'c4_local_exacta_rate', 'c4_motor_exacta_rate', 'c4_boat_exacta_rate', 'c4_average_start', 'c5_history_n', 'c5_sashi', 'c5_makuri', 'c5_attack', 'c5_st_rank', 'c5_national_win_rate', 'c5_national_exacta_rate', 'c5_local_win_rate', 'c5_local_exacta_rate', 'c5_motor_exacta_rate', 'c5_boat_exacta_rate', 'c5_average_start', 'c6_history_n', 'c6_sashi', 'c6_makuri', 'c6_attack', 'c6_st_rank', 'c6_national_win_rate', 'c6_national_exacta_rate', 'c6_local_win_rate', 'c6_local_exacta_rate', 'c6_motor_exacta_rate', 'c6_boat_exacta_rate', 'c6_average_start', 'lane1_vulnerability_rate', 'c1_exhibition_time_relative', 'c1_start_timing_relative', 'c1_lap_time_relative', 'c1_around_time_relative', 'c1_straight_time_relative', 'c1_ex_score', 'c1_st_score', 'c1_lap_score', 'c1_mawari_score', 'c1_straight_score', 'c1_attack_potential', 'c1_stable_score', 'c1_final_2nd_score', 'c1_second_rank', 'c1_gap_to_top', 'c2_exhibition_time_relative', 'c2_start_timing_relative', 'c2_lap_time_relative', 'c2_around_time_relative', 'c2_straight_time_relative', 'c2_ex_score', 'c2_st_score', 'c2_lap_score', 'c2_mawari_score', 'c2_straight_score', 'c2_attack_potential', 'c2_stable_score', 'c2_final_2nd_score', 'c2_second_rank', 'c2_gap_to_top', 'c3_exhibition_time_relative', 'c3_start_timing_relative', 'c3_lap_time_relative', 'c3_around_time_relative', 'c3_straight_time_relative', 'c3_ex_score', 'c3_st_score', 'c3_lap_score', 'c3_mawari_score', 'c3_straight_score', 'c3_attack_potential', 'c3_stable_score', 'c3_final_2nd_score', 'c3_second_rank', 'c3_gap_to_top', 'c4_exhibition_time_relative', 'c4_start_timing_relative', 'c4_lap_time_relative', 'c4_around_time_relative', 'c4_straight_time_relative', 'c4_ex_score', 'c4_st_score', 'c4_lap_score', 'c4_mawari_score', 'c4_straight_score', 'c4_attack_potential', 'c4_stable_score', 'c4_final_2nd_score', 'c4_second_rank', 'c4_gap_to_top', 'c5_exhibition_time_relative', 'c5_start_timing_relative', 'c5_lap_time_relative', 'c5_around_time_relative', 'c5_straight_time_relative', 'c5_ex_score', 'c5_st_score', 'c5_lap_score', 'c5_mawari_score', 'c5_straight_score', 'c5_attack_potential', 'c5_stable_score', 'c5_final_2nd_score', 'c5_second_rank', 'c5_gap_to_top', 'c6_exhibition_time_relative', 'c6_start_timing_relative', 'c6_lap_time_relative', 'c6_around_time_relative', 'c6_straight_time_relative', 'c6_ex_score', 'c6_st_score', 'c6_lap_score', 'c6_mawari_score', 'c6_straight_score', 'c6_attack_potential', 'c6_stable_score', 'c6_final_2nd_score', 'c6_second_rank', 'c6_gap_to_top']",,,,,[],[]
ASY,5,top3,1,WeightedEnsemble_L2,-0.6443724699079953,log_loss,0.1332869529724121,8.578434705734253,0.00070953369140625,0.021337032318115234,2,True,6,2,1,3,3782,23490699,3782,23368728,2,0,WeightedEnsembleModel,GreedyWeightedEnsembleModel,log_loss,"{'use_orig_features': False, 'valid_stacker': True, 'max_base_models': 0, 'max_base_models_per_type': 'auto', 'save_bag_folds': True, 'stratify': 'auto', 'bin': 'auto', 'n_bins': None, 'vary_seed_across_folds': False, 'custom_splits': None, 'model_random_seed': 0}",{},"{'max_memory_usage_ratio': 1.0, 'max_gpu_memory_usage_ratio': 1.0, 'max_time_limit_ratio': 1.0, 'max_time_limit': None, 'min_time_limit': 0, 'valid_raw_types': None, 'valid_special_types': None, 'ignored_type_group_special': None, 'ignored_type_group_raw': None, 'get_features_kwargs': None, 'get_features_kwargs_extra': None, 'predict_1_batch_size': None, 'temperature_scalar': None, 'drop_unique': False}","['CatBoost', 'RandomForest']",,"{'ensemble_size': 25, 'subsample_size': 1000000}",{'ensemble_size': 25},"{'max_memory_usage_ratio': 1.0, 'max_gpu_memory_usage_ratio': 1.0, 'max_time_limit_ratio': 1.0, 'max_time_limit': None, 'min_time_limit': 0, 'valid_raw_types': None, 'valid_special_types': None, 'ignored_type_group_special': None, 'ignored_type_group_raw': None, 'get_features_kwargs': None, 'get_features_kwargs_extra': None, 'predict_1_batch_size': None, 'temperature_scalar': None, 'drop_unique': False}","['CatBoost', 'RandomForest']",[]
ASY,5,top3,2,RandomForest,-0.6455054354087926,log_loss,0.12103891372680664,2.9031808376312256,0.12103891372680664,2.9031808376312256,1,True,2,161,1,1,23368728,23368728,23368728,23368728,0,1,RFModel,,log_loss,"{'n_estimators': 300, 'max_leaf_nodes': 15000, 'n_jobs': -1, 'bootstrap': True, 'random_state': 0}",{'n_estimators': 300},"{'max_memory_usage_ratio': 1.0, 'max_gpu_memory_usage_ratio': 1.0, 'max_time_limit_ratio': 1.0, 'max_time_limit': None, 'min_time_limit': 0, 'valid_raw_types': ['bool', 'int', 'float', 'category'], 'valid_special_types': None, 'ignored_type_group_special': None, 'ignored_type_group_raw': None, 'get_features_kwargs': None, 'get_features_kwargs_extra': None, 'predict_1_batch_size': None, 'temperature_scalar': None}","['c1_history_n', 'c1_nige', 'c1_st_rank', 'c1_national_win_rate', 'c1_national_exacta_rate', 'c1_local_win_rate', 'c1_local_exacta_rate', 'c1_motor_exacta_rate', 'c1_boat_exacta_rate', 'c1_average_start', 'c2_history_n', 'c2_nige', 'c2_sashi', 'c2_makuri', 'c2_st_rank', 'c2_national_win_rate', 'c2_national_exacta_rate', 'c2_local_win_rate', 'c2_local_exacta_rate', 'c2_motor_exacta_rate', 'c2_boat_exacta_rate', 'c2_average_start', 'c3_history_n', 'c3_sashi', 'c3_makuri', 'c3_attack', 'c3_st_rank', 'c3_national_win_rate', 'c3_national_exacta_rate', 'c3_local_win_rate', 'c3_local_exacta_rate', 'c3_motor_exacta_rate', 'c3_boat_exacta_rate', 'c3_average_start', 'c4_history_n', 'c4_sashi', 'c4_makuri', 'c4_attack', 'c4_st_rank', 'c4_national_win_rate', 'c4_national_exacta_rate', 'c4_local_win_rate', 'c4_local_exacta_rate', 'c4_motor_exacta_rate', 'c4_boat_exacta_rate', 'c4_average_start', 'c5_history_n', 'c5_sashi', 'c5_makuri', 'c5_attack', 'c5_st_rank', 'c5_national_win_rate', 'c5_national_exacta_rate', 'c5_local_win_rate', 'c5_local_exacta_rate', 'c5_motor_exacta_rate', 'c5_boat_exacta_rate', 'c5_average_start', 'c6_history_n', 'c6_sashi', 'c6_makuri', 'c6_attack', 'c6_st_rank', 'c6_national_win_rate', 'c6_national_exacta_rate', 'c6_local_win_rate', 'c6_local_exacta_rate', 'c6_motor_exacta_rate', 'c6_boat_exacta_rate', 'c6_average_start', 'lane1_vulnerability_rate', 'c1_exhibition_time_relative', 'c1_start_timing_relative', 'c1_lap_time_relative', 'c1_around_time_relative', 'c1_straight_time_relative', 'c1_ex_score', 'c1_st_score', 'c1_lap_score', 'c1_mawari_score', 'c1_straight_score', 'c1_attack_potential', 'c1_stable_score', 'c1_final_2nd_score', 'c1_second_rank', 'c1_gap_to_top', 'c2_exhibition_time_relative', 'c2_start_timing_relative', 'c2_lap_time_relative', 'c2_around_time_relative', 'c2_straight_time_relative', 'c2_ex_score', 'c2_st_score', 'c2_lap_score', 'c2_mawari_score', 'c2_straight_score', 'c2_attack_potential', 'c2_stable_score', 'c2_final_2nd_score', 'c2_second_rank', 'c2_gap_to_top', 'c3_exhibition_time_relative', 'c3_start_timing_relative', 'c3_lap_time_relative', 'c3_around_time_relative', 'c3_straight_time_relative', 'c3_ex_score', 'c3_st_score', 'c3_lap_score', 'c3_mawari_score', 'c3_straight_score', 'c3_attack_potential', 'c3_stable_score', 'c3_final_2nd_score', 'c3_second_rank', 'c3_gap_to_top', 'c4_exhibition_time_relative', 'c4_start_timing_relative', 'c4_lap_time_relative', 'c4_around_time_relative', 'c4_straight_time_relative', 'c4_ex_score', 'c4_st_score', 'c4_lap_score', 'c4_mawari_score', 'c4_straight_score', 'c4_attack_potential', 'c4_stable_score', 'c4_final_2nd_score', 'c4_second_rank', 'c4_gap_to_top', 'c5_exhibition_time_relative', 'c5_start_timing_relative', 'c5_lap_time_relative', 'c5_around_time_relative', 'c5_straight_time_relative', 'c5_ex_score', 'c5_st_score', 'c5_lap_score', 'c5_mawari_score', 'c5_straight_score', 'c5_attack_potential', 'c5_stable_score', 'c5_final_2nd_score', 'c5_second_rank', 'c5_gap_to_top', 'c6_exhibition_time_relative', 'c6_start_timing_relative', 'c6_lap_time_relative', 'c6_around_time_relative', 'c6_straight_time_relative', 'c6_ex_score', 'c6_st_score', 'c6_lap_score', 'c6_mawari_score', 'c6_straight_score', 'c6_attack_potential', 'c6_stable_score', 'c6_final_2nd_score', 'c6_second_rank', 'c6_gap_to_top']",,,,,[],['WeightedEnsemble_L2']
ASY,5,top3,3,CatBoost,-0.6462244278819398,log_loss,0.011538505554199219,5.653916835784912,0.011538505554199219,5.653916835784912,1,True,3,161,1,1,118189,118189,118189,118189,0,1,CatBoostModel,,log_loss,"{'iterations': 10000, 'learning_rate': 0.05, 'allow_writing_files': False, 'eval_metric': 'Logloss', 'random_seed': 0}",{'iterations': 63},"{'max_memory_usage_ratio': 1.0, 'max_gpu_memory_usage_ratio': 1.0, 'max_time_limit_ratio': 1.0, 'max_time_limit': None, 'min_time_limit': 0, 'valid_raw_types': ['bool', 'int', 'float', 'category'], 'valid_special_types': None, 'ignored_type_group_special': None, 'ignored_type_group_raw': None, 'get_features_kwargs': None, 'get_features_kwargs_extra': None, 'predict_1_batch_size': None, 'temperature_scalar': None}","['c1_history_n', 'c1_nige', 'c1_st_rank', 'c1_national_win_rate', 'c1_national_exacta_rate', 'c1_local_win_rate', 'c1_local_exacta_rate', 'c1_motor_exacta_rate', 'c1_boat_exacta_rate', 'c1_average_start', 'c2_history_n', 'c2_nige', 'c2_sashi', 'c2_makuri', 'c2_st_rank', 'c2_national_win_rate', 'c2_national_exacta_rate', 'c2_local_win_rate', 'c2_local_exacta_rate', 'c2_motor_exacta_rate', 'c2_boat_exacta_rate', 'c2_average_start', 'c3_history_n', 'c3_sashi', 'c3_makuri', 'c3_attack', 'c3_st_rank', 'c3_national_win_rate', 'c3_national_exacta_rate', 'c3_local_win_rate', 'c3_local_exacta_rate', 'c3_motor_exacta_rate', 'c3_boat_exacta_rate', 'c3_average_start', 'c4_history_n', 'c4_sashi', 'c4_makuri', 'c4_attack', 'c4_st_rank', 'c4_national_win_rate', 'c4_national_exacta_rate', 'c4_local_win_rate', 'c4_local_exacta_rate', 'c4_motor_exacta_rate', 'c4_boat_exacta_rate', 'c4_average_start', 'c5_history_n', 'c5_sashi', 'c5_makuri', 'c5_attack', 'c5_st_rank', 'c5_national_win_rate', 'c5_national_exacta_rate', 'c5_local_win_rate', 'c5_local_exacta_rate', 'c5_motor_exacta_rate', 'c5_boat_exacta_rate', 'c5_average_start', 'c6_history_n', 'c6_sashi', 'c6_makuri', 'c6_attack', 'c6_st_rank', 'c6_national_win_rate', 'c6_national_exacta_rate', 'c6_local_win_rate', 'c6_local_exacta_rate', 'c6_motor_exacta_rate', 'c6_boat_exacta_rate', 'c6_average_start', 'lane1_vulnerability_rate', 'c1_exhibition_time_relative', 'c1_start_timing_relative', 'c1_lap_time_relative', 'c1_around_time_relative', 'c1_straight_time_relative', 'c1_ex_score', 'c1_st_score', 'c1_lap_score', 'c1_mawari_score', 'c1_straight_score', 'c1_attack_potential', 'c1_stable_score', 'c1_final_2nd_score', 'c1_second_rank', 'c1_gap_to_top', 'c2_exhibition_time_relative', 'c2_start_timing_relative', 'c2_lap_time_relative', 'c2_around_time_relative', 'c2_straight_time_relative', 'c2_ex_score', 'c2_st_score', 'c2_lap_score', 'c2_mawari_score', 'c2_straight_score', 'c2_attack_potential', 'c2_stable_score', 'c2_final_2nd_score', 'c2_second_rank', 'c2_gap_to_top', 'c3_exhibition_time_relative', 'c3_start_timing_relative', 'c3_lap_time_relative', 'c3_around_time_relative', 'c3_straight_time_relative', 'c3_ex_score', 'c3_st_score', 'c3_lap_score', 'c3_mawari_score', 'c3_straight_score', 'c3_attack_potential', 'c3_stable_score', 'c3_final_2nd_score', 'c3_second_rank', 'c3_gap_to_top', 'c4_exhibition_time_relative', 'c4_start_timing_relative', 'c4_lap_time_relative', 'c4_around_time_relative', 'c4_straight_time_relative', 'c4_ex_score', 'c4_st_score', 'c4_lap_score', 'c4_mawari_score', 'c4_straight_score', 'c4_attack_potential', 'c4_stable_score', 'c4_final_2nd_score', 'c4_second_rank', 'c4_gap_to_top', 'c5_exhibition_time_relative', 'c5_start_timing_relative', 'c5_lap_time_relative', 'c5_around_time_relative', 'c5_straight_time_relative', 'c5_ex_score', 'c5_st_score', 'c5_lap_score', 'c5_mawari_score', 'c5_straight_score', 'c5_attack_potential', 'c5_stable_score', 'c5_final_2nd_score', 'c5_second_rank', 'c5_gap_to_top', 'c6_exhibition_time_relative', 'c6_start_timing_relative', 'c6_lap_time_relative', 'c6_around_time_relative', 'c6_straight_time_relative', 'c6_ex_score', 'c6_st_score', 'c6_lap_score', 'c6_mawari_score', 'c6_straight_score', 'c6_attack_potential', 'c6_stable_score', 'c6_final_2nd_score', 'c6_second_rank', 'c6_gap_to_top']",,,,,[],['WeightedEnsemble_L2']
ASY,5,top3,4,ExtraTrees,-0.64934891191152,log_loss,0.12138795852661133,1.5469326972961426,0.12138795852661133,1.5469326972961426,1,True,4,161,1,1,37697042,37697042,37697042,37697042,0,0,XTModel,,log_loss,"{'n_estimators': 300, 'max_leaf_nodes': 15000, 'n_jobs': -1, 'bootstrap': True, 'random_state': 0}",{'n_estimators': 300},"{'max_memory_usage_ratio': 1.0, 'max_gpu_memory_usage_ratio': 1.0, 'max_time_limit_ratio': 1.0, 'max_time_limit': None, 'min_time_limit': 0, 'valid_raw_types': ['bool', 'int', 'float', 'category'], 'valid_special_types': None, 'ignored_type_group_special': None, 'ignored_type_group_raw': None, 'get_features_kwargs': None, 'get_features_kwargs_extra': None, 'predict_1_batch_size': None, 'temperature_scalar': None}","['c1_history_n', 'c1_nige', 'c1_st_rank', 'c1_national_win_rate', 'c1_national_exacta_rate', 'c1_local_win_rate', 'c1_local_exacta_rate', 'c1_motor_exacta_rate', 'c1_boat_exacta_rate', 'c1_average_start', 'c2_history_n', 'c2_nige', 'c2_sashi', 'c2_makuri', 'c2_st_rank', 'c2_national_win_rate', 'c2_national_exacta_rate', 'c2_local_win_rate', 'c2_local_exacta_rate', 'c2_motor_exacta_rate', 'c2_boat_exacta_rate', 'c2_average_start', 'c3_history_n', 'c3_sashi', 'c3_makuri', 'c3_attack', 'c3_st_rank', 'c3_national_win_rate', 'c3_national_exacta_rate', 'c3_local_win_rate', 'c3_local_exacta_rate', 'c3_motor_exacta_rate', 'c3_boat_exacta_rate', 'c3_average_start', 'c4_history_n', 'c4_sashi', 'c4_makuri', 'c4_attack', 'c4_st_rank', 'c4_national_win_rate', 'c4_national_exacta_rate', 'c4_local_win_rate', 'c4_local_exacta_rate', 'c4_motor_exacta_rate', 'c4_boat_exacta_rate', 'c4_average_start', 'c5_history_n', 'c5_sashi', 'c5_makuri', 'c5_attack', 'c5_st_rank', 'c5_national_win_rate', 'c5_national_exacta_rate', 'c5_local_win_rate', 'c5_local_exacta_rate', 'c5_motor_exacta_rate', 'c5_boat_exacta_rate', 'c5_average_start', 'c6_history_n', 'c6_sashi', 'c6_makuri', 'c6_attack', 'c6_st_rank', 'c6_national_win_rate', 'c6_national_exacta_rate', 'c6_local_win_rate', 'c6_local_exacta_rate', 'c6_motor_exacta_rate', 'c6_boat_exacta_rate', 'c6_average_start', 'lane1_vulnerability_rate', 'c1_exhibition_time_relative', 'c1_start_timing_relative', 'c1_lap_time_relative', 'c1_around_time_relative', 'c1_straight_time_relative', 'c1_ex_score', 'c1_st_score', 'c1_lap_score', 'c1_mawari_score', 'c1_straight_score', 'c1_attack_potential', 'c1_stable_score', 'c1_final_2nd_score', 'c1_second_rank', 'c1_gap_to_top', 'c2_exhibition_time_relative', 'c2_start_timing_relative', 'c2_lap_time_relative', 'c2_around_time_relative', 'c2_straight_time_relative', 'c2_ex_score', 'c2_st_score', 'c2_lap_score', 'c2_mawari_score', 'c2_straight_score', 'c2_attack_potential', 'c2_stable_score', 'c2_final_2nd_score', 'c2_second_rank', 'c2_gap_to_top', 'c3_exhibition_time_relative', 'c3_start_timing_relative', 'c3_lap_time_relative', 'c3_around_time_relative', 'c3_straight_time_relative', 'c3_ex_score', 'c3_st_score', 'c3_lap_score', 'c3_mawari_score', 'c3_straight_score', 'c3_attack_potential', 'c3_stable_score', 'c3_final_2nd_score', 'c3_second_rank', 'c3_gap_to_top', 'c4_exhibition_time_relative', 'c4_start_timing_relative', 'c4_lap_time_relative', 'c4_around_time_relative', 'c4_straight_time_relative', 'c4_ex_score', 'c4_st_score', 'c4_lap_score', 'c4_mawari_score', 'c4_straight_score', 'c4_attack_potential', 'c4_stable_score', 'c4_final_2nd_score', 'c4_second_rank', 'c4_gap_to_top', 'c5_exhibition_time_relative', 'c5_start_timing_relative', 'c5_lap_time_relative', 'c5_around_time_relative', 'c5_straight_time_relative', 'c5_ex_score', 'c5_st_score', 'c5_lap_score', 'c5_mawari_score', 'c5_straight_score', 'c5_attack_potential', 'c5_stable_score', 'c5_final_2nd_score', 'c5_second_rank', 'c5_gap_to_top', 'c6_exhibition_time_relative', 'c6_start_timing_relative', 'c6_lap_time_relative', 'c6_around_time_relative', 'c6_straight_time_relative', 'c6_ex_score', 'c6_st_score', 'c6_lap_score', 'c6_mawari_score', 'c6_straight_score', 'c6_attack_potential', 'c6_stable_score', 'c6_final_2nd_score', 'c6_second_rank', 'c6_gap_to_top']",,,,,[],[]
ASY,5,top3,5,LightGBM,-0.6530077302105524,log_loss,0.0034360885620117188,2.34767746925354,0.0034360885620117188,2.34767746925354,1,True,1,161,1,1,100903,100903,100903,100903,0,0,LGBModel,,log_loss,"{'learning_rate': 0.05, 'seed': 0}",{'num_boost_round': 24},"{'max_memory_usage_ratio': 1.0, 'max_gpu_memory_usage_ratio': 1.0, 'max_time_limit_ratio': 1.0, 'max_time_limit': None, 'min_time_limit': 0, 'valid_raw_types': ['bool', 'int', 'float', 'category'], 'valid_special_types': None, 'ignored_type_group_special': None, 'ignored_type_group_raw': None, 'get_features_kwargs': None, 'get_features_kwargs_extra': None, 'predict_1_batch_size': None, 'temperature_scalar': None}","['c1_history_n', 'c1_nige', 'c1_st_rank', 'c1_national_win_rate', 'c1_national_exacta_rate', 'c1_local_win_rate', 'c1_local_exacta_rate', 'c1_motor_exacta_rate', 'c1_boat_exacta_rate', 'c1_average_start', 'c2_history_n', 'c2_nige', 'c2_sashi', 'c2_makuri', 'c2_st_rank', 'c2_national_win_rate', 'c2_national_exacta_rate', 'c2_local_win_rate', 'c2_local_exacta_rate', 'c2_motor_exacta_rate', 'c2_boat_exacta_rate', 'c2_average_start', 'c3_history_n', 'c3_sashi', 'c3_makuri', 'c3_attack', 'c3_st_rank', 'c3_national_win_rate', 'c3_national_exacta_rate', 'c3_local_win_rate', 'c3_local_exacta_rate', 'c3_motor_exacta_rate', 'c3_boat_exacta_rate', 'c3_average_start', 'c4_history_n', 'c4_sashi', 'c4_makuri', 'c4_attack', 'c4_st_rank', 'c4_national_win_rate', 'c4_national_exacta_rate', 'c4_local_win_rate', 'c4_local_exacta_rate', 'c4_motor_exacta_rate', 'c4_boat_exacta_rate', 'c4_average_start', 'c5_history_n', 'c5_sashi', 'c5_makuri', 'c5_attack', 'c5_st_rank', 'c5_national_win_rate', 'c5_national_exacta_rate', 'c5_local_win_rate', 'c5_local_exacta_rate', 'c5_motor_exacta_rate', 'c5_boat_exacta_rate', 'c5_average_start', 'c6_history_n', 'c6_sashi', 'c6_makuri', 'c6_attack', 'c6_st_rank', 'c6_national_win_rate', 'c6_national_exacta_rate', 'c6_local_win_rate', 'c6_local_exacta_rate', 'c6_motor_exacta_rate', 'c6_boat_exacta_rate', 'c6_average_start', 'lane1_vulnerability_rate', 'c1_exhibition_time_relative', 'c1_start_timing_relative', 'c1_lap_time_relative', 'c1_around_time_relative', 'c1_straight_time_relative', 'c1_ex_score', 'c1_st_score', 'c1_lap_score', 'c1_mawari_score', 'c1_straight_score', 'c1_attack_potential', 'c1_stable_score', 'c1_final_2nd_score', 'c1_second_rank', 'c1_gap_to_top', 'c2_exhibition_time_relative', 'c2_start_timing_relative', 'c2_lap_time_relative', 'c2_around_time_relative', 'c2_straight_time_relative', 'c2_ex_score', 'c2_st_score', 'c2_lap_score', 'c2_mawari_score', 'c2_straight_score', 'c2_attack_potential', 'c2_stable_score', 'c2_final_2nd_score', 'c2_second_rank', 'c2_gap_to_top', 'c3_exhibition_time_relative', 'c3_start_timing_relative', 'c3_lap_time_relative', 'c3_around_time_relative', 'c3_straight_time_relative', 'c3_ex_score', 'c3_st_score', 'c3_lap_score', 'c3_mawari_score', 'c3_straight_score', 'c3_attack_potential', 'c3_stable_score', 'c3_final_2nd_score', 'c3_second_rank', 'c3_gap_to_top', 'c4_exhibition_time_relative', 'c4_start_timing_relative', 'c4_lap_time_relative', 'c4_around_time_relative', 'c4_straight_time_relative', 'c4_ex_score', 'c4_st_score', 'c4_lap_score', 'c4_mawari_score', 'c4_straight_score', 'c4_attack_potential', 'c4_stable_score', 'c4_final_2nd_score', 'c4_second_rank', 'c4_gap_to_top', 'c5_exhibition_time_relative', 'c5_start_timing_relative', 'c5_lap_time_relative', 'c5_around_time_relative', 'c5_straight_time_relative', 'c5_ex_score', 'c5_st_score', 'c5_lap_score', 'c5_mawari_score', 'c5_straight_score', 'c5_attack_potential', 'c5_stable_score', 'c5_final_2nd_score', 'c5_second_rank', 'c5_gap_to_top', 'c6_exhibition_time_relative', 'c6_start_timing_relative', 'c6_lap_time_relative', 'c6_around_time_relative', 'c6_straight_time_relative', 'c6_ex_score', 'c6_st_score', 'c6_lap_score', 'c6_mawari_score', 'c6_straight_score', 'c6_attack_potential', 'c6_stable_score', 'c6_final_2nd_score', 'c6_second_rank', 'c6_gap_to_top']",,,,,[],[]
ASY,5,top3,6,XGBoost,-0.6580365531258763,log_loss,0.014256715774536133,7.51113748550415,0.014256715774536133,7.51113748550415,1,True,5,161,1,1,921593,921593,921593,921593,0,0,XGBoostModel,,log_loss,"{'n_estimators': 10000, 'learning_rate': 0.1, 'n_jobs': -1, 'proc.max_category_levels': 100, 'objective': 'binary:logistic', 'booster': 'gbtree', 'seed': 0}",{'n_estimators': 6},"{'max_memory_usage_ratio': 1.0, 'max_gpu_memory_usage_ratio': 1.0, 'max_time_limit_ratio': 1.0, 'max_time_limit': None, 'min_time_limit': 0, 'valid_raw_types': ['bool', 'int', 'float', 'category'], 'valid_special_types': None, 'ignored_type_group_special': None, 'ignored_type_group_raw': None, 'get_features_kwargs': None, 'get_features_kwargs_extra': None, 'predict_1_batch_size': None, 'temperature_scalar': None}","['c1_history_n', 'c1_nige', 'c1_st_rank', 'c1_national_win_rate', 'c1_national_exacta_rate', 'c1_local_win_rate', 'c1_local_exacta_rate', 'c1_motor_exacta_rate', 'c1_boat_exacta_rate', 'c1_average_start', 'c2_history_n', 'c2_nige', 'c2_sashi', 'c2_makuri', 'c2_st_rank', 'c2_national_win_rate', 'c2_national_exacta_rate', 'c2_local_win_rate', 'c2_local_exacta_rate', 'c2_motor_exacta_rate', 'c2_boat_exacta_rate', 'c2_average_start', 'c3_history_n', 'c3_sashi', 'c3_makuri', 'c3_attack', 'c3_st_rank', 'c3_national_win_rate', 'c3_national_exacta_rate', 'c3_local_win_rate', 'c3_local_exacta_rate', 'c3_motor_exacta_rate', 'c3_boat_exacta_rate', 'c3_average_start', 'c4_history_n', 'c4_sashi', 'c4_makuri', 'c4_attack', 'c4_st_rank', 'c4_national_win_rate', 'c4_national_exacta_rate', 'c4_local_win_rate', 'c4_local_exacta_rate', 'c4_motor_exacta_rate', 'c4_boat_exacta_rate', 'c4_average_start', 'c5_history_n', 'c5_sashi', 'c5_makuri', 'c5_attack', 'c5_st_rank', 'c5_national_win_rate', 'c5_national_exacta_rate', 'c5_local_win_rate', 'c5_local_exacta_rate', 'c5_motor_exacta_rate', 'c5_boat_exacta_rate', 'c5_average_start', 'c6_history_n', 'c6_sashi', 'c6_makuri', 'c6_attack', 'c6_st_rank', 'c6_national_win_rate', 'c6_national_exacta_rate', 'c6_local_win_rate', 'c6_local_exacta_rate', 'c6_motor_exacta_rate', 'c6_boat_exacta_rate', 'c6_average_start', 'lane1_vulnerability_rate', 'c1_exhibition_time_relative', 'c1_start_timing_relative', 'c1_lap_time_relative', 'c1_around_time_relative', 'c1_straight_time_relative', 'c1_ex_score', 'c1_st_score', 'c1_lap_score', 'c1_mawari_score', 'c1_straight_score', 'c1_attack_potential', 'c1_stable_score', 'c1_final_2nd_score', 'c1_second_rank', 'c1_gap_to_top', 'c2_exhibition_time_relative', 'c2_start_timing_relative', 'c2_lap_time_relative', 'c2_around_time_relative', 'c2_straight_time_relative', 'c2_ex_score', 'c2_st_score', 'c2_lap_score', 'c2_mawari_score', 'c2_straight_score', 'c2_attack_potential', 'c2_stable_score', 'c2_final_2nd_score', 'c2_second_rank', 'c2_gap_to_top', 'c3_exhibition_time_relative', 'c3_start_timing_relative', 'c3_lap_time_relative', 'c3_around_time_relative', 'c3_straight_time_relative', 'c3_ex_score', 'c3_st_score', 'c3_lap_score', 'c3_mawari_score', 'c3_straight_score', 'c3_attack_potential', 'c3_stable_score', 'c3_final_2nd_score', 'c3_second_rank', 'c3_gap_to_top', 'c4_exhibition_time_relative', 'c4_start_timing_relative', 'c4_lap_time_relative', 'c4_around_time_relative', 'c4_straight_time_relative', 'c4_ex_score', 'c4_st_score', 'c4_lap_score', 'c4_mawari_score', 'c4_straight_score', 'c4_attack_potential', 'c4_stable_score', 'c4_final_2nd_score', 'c4_second_rank', 'c4_gap_to_top', 'c5_exhibition_time_relative', 'c5_start_timing_relative', 'c5_lap_time_relative', 'c5_around_time_relative', 'c5_straight_time_relative', 'c5_ex_score', 'c5_st_score', 'c5_lap_score', 'c5_mawari_score', 'c5_straight_score', 'c5_attack_potential', 'c5_stable_score', 'c5_final_2nd_score', 'c5_second_rank', 'c5_gap_to_top', 'c6_exhibition_time_relative', 'c6_start_timing_relative', 'c6_lap_time_relative', 'c6_around_time_relative', 'c6_straight_time_relative', 'c6_ex_score', 'c6_st_score', 'c6_lap_score', 'c6_mawari_score', 'c6_straight_score', 'c6_attack_potential', 'c6_stable_score', 'c6_final_2nd_score', 'c6_second_rank', 'c6_gap_to_top']",,,,,[],[]
ASY,6,first,1,WeightedEnsemble_L2,-0.0817234494527162,log_loss,0.02661275863647461,11.5659818649292,0.0007097721099853516,0.02146744728088379,2,True,6,2,1,3,3784,704738,3784,416227,2,0,WeightedEnsembleModel,GreedyWeightedEnsembleModel,log_loss,"{'use_orig_features': False, 'valid_stacker': True, 'max_base_models': 0, 'max_base_models_per_type': 'auto', 'save_bag_folds': True, 'stratify': 'auto', 'bin': 'auto', 'n_bins': None, 'vary_seed_across_folds': False, 'custom_splits': None, 'model_random_seed': 0}",{},"{'max_memory_usage_ratio': 1.0, 'max_gpu_memory_usage_ratio': 1.0, 'max_time_limit_ratio': 1.0, 'max_time_limit': None, 'min_time_limit': 0, 'valid_raw_types': None, 'valid_special_types': None, 'ignored_type_group_special': None, 'ignored_type_group_raw': None, 'get_features_kwargs': None, 'get_features_kwargs_extra': None, 'predict_1_batch_size': None, 'temperature_scalar': None, 'drop_unique': False}","['XGBoost', 'CatBoost']",,"{'ensemble_size': 25, 'subsample_size': 1000000}",{'ensemble_size': 23},"{'max_memory_usage_ratio': 1.0, 'max_gpu_memory_usage_ratio': 1.0, 'max_time_limit_ratio': 1.0, 'max_time_limit': None, 'min_time_limit': 0, 'valid_raw_types': None, 'valid_special_types': None, 'ignored_type_group_special': None, 'ignored_type_group_raw': None, 'get_features_kwargs': None, 'get_features_kwargs_extra': None, 'predict_1_batch_size': None, 'temperature_scalar': None, 'drop_unique': False}","['XGBoost', 'CatBoost']",[]
ASY,6,first,2,XGBoost,-0.08172602711493764,log_loss,0.014576911926269531,3.7069947719573975,0.014576911926269531,3.7069947719573975,1,True,5,161,1,1,416227,416227,416227,416227,0,1,XGBoostModel,,log_loss,"{'n_estimators': 10000, 'learning_rate': 0.1, 'n_jobs': -1, 'proc.max_category_levels': 100, 'objective': 'binary:logistic', 'booster': 'gbtree', 'seed': 0}",{'n_estimators': 16},"{'max_memory_usage_ratio': 1.0, 'max_gpu_memory_usage_ratio': 1.0, 'max_time_limit_ratio': 1.0, 'max_time_limit': None, 'min_time_limit': 0, 'valid_raw_types': ['bool', 'int', 'float', 'category'], 'valid_special_types': None, 'ignored_type_group_special': None, 'ignored_type_group_raw': None, 'get_features_kwargs': None, 'get_features_kwargs_extra': None, 'predict_1_batch_size': None, 'temperature_scalar': None}","['c1_history_n', 'c1_nige', 'c1_st_rank', 'c1_national_win_rate', 'c1_national_exacta_rate', 'c1_local_win_rate', 'c1_local_exacta_rate', 'c1_motor_exacta_rate', 'c1_boat_exacta_rate', 'c1_average_start', 'c2_history_n', 'c2_nige', 'c2_sashi', 'c2_makuri', 'c2_st_rank', 'c2_national_win_rate', 'c2_national_exacta_rate', 'c2_local_win_rate', 'c2_local_exacta_rate', 'c2_motor_exacta_rate', 'c2_boat_exacta_rate', 'c2_average_start', 'c3_history_n', 'c3_sashi', 'c3_makuri', 'c3_attack', 'c3_st_rank', 'c3_national_win_rate', 'c3_national_exacta_rate', 'c3_local_win_rate', 'c3_local_exacta_rate', 'c3_motor_exacta_rate', 'c3_boat_exacta_rate', 'c3_average_start', 'c4_history_n', 'c4_sashi', 'c4_makuri', 'c4_attack', 'c4_st_rank', 'c4_national_win_rate', 'c4_national_exacta_rate', 'c4_local_win_rate', 'c4_local_exacta_rate', 'c4_motor_exacta_rate', 'c4_boat_exacta_rate', 'c4_average_start', 'c5_history_n', 'c5_sashi', 'c5_makuri', 'c5_attack', 'c5_st_rank', 'c5_national_win_rate', 'c5_national_exacta_rate', 'c5_local_win_rate', 'c5_local_exacta_rate', 'c5_motor_exacta_rate', 'c5_boat_exacta_rate', 'c5_average_start', 'c6_history_n', 'c6_sashi', 'c6_makuri', 'c6_attack', 'c6_st_rank', 'c6_national_win_rate', 'c6_national_exacta_rate', 'c6_local_win_rate', 'c6_local_exacta_rate', 'c6_motor_exacta_rate', 'c6_boat_exacta_rate', 'c6_average_start', 'lane1_vulnerability_rate', 'c1_exhibition_time_relative', 'c1_start_timing_relative', 'c1_lap_time_relative', 'c1_around_time_relative', 'c1_straight_time_relative', 'c1_ex_score', 'c1_st_score', 'c1_lap_score', 'c1_mawari_score', 'c1_straight_score', 'c1_attack_potential', 'c1_stable_score', 'c1_final_2nd_score', 'c1_second_rank', 'c1_gap_to_top', 'c2_exhibition_time_relative', 'c2_start_timing_relative', 'c2_lap_time_relative', 'c2_around_time_relative', 'c2_straight_time_relative', 'c2_ex_score', 'c2_st_score', 'c2_lap_score', 'c2_mawari_score', 'c2_straight_score', 'c2_attack_potential', 'c2_stable_score', 'c2_final_2nd_score', 'c2_second_rank', 'c2_gap_to_top', 'c3_exhibition_time_relative', 'c3_start_timing_relative', 'c3_lap_time_relative', 'c3_around_time_relative', 'c3_straight_time_relative', 'c3_ex_score', 'c3_st_score', 'c3_lap_score', 'c3_mawari_score', 'c3_straight_score', 'c3_attack_potential', 'c3_stable_score', 'c3_final_2nd_score', 'c3_second_rank', 'c3_gap_to_top', 'c4_exhibition_time_relative', 'c4_start_timing_relative', 'c4_lap_time_relative', 'c4_around_time_relative', 'c4_straight_time_relative', 'c4_ex_score', 'c4_st_score', 'c4_lap_score', 'c4_mawari_score', 'c4_straight_score', 'c4_attack_potential', 'c4_stable_score', 'c4_final_2nd_score', 'c4_second_rank', 'c4_gap_to_top', 'c5_exhibition_time_relative', 'c5_start_timing_relative', 'c5_lap_time_relative', 'c5_around_time_relative', 'c5_straight_time_relative', 'c5_ex_score', 'c5_st_score', 'c5_lap_score', 'c5_mawari_score', 'c5_straight_score', 'c5_attack_potential', 'c5_stable_score', 'c5_final_2nd_score', 'c5_second_rank', 'c5_gap_to_top', 'c6_exhibition_time_relative', 'c6_start_timing_relative', 'c6_lap_time_relative', 'c6_around_time_relative', 'c6_straight_time_relative', 'c6_ex_score', 'c6_st_score', 'c6_lap_score', 'c6_mawari_score', 'c6_straight_score', 'c6_attack_potential', 'c6_stable_score', 'c6_final_2nd_score', 'c6_second_rank', 'c6_gap_to_top']",,,,,[],['WeightedEnsemble_L2']
ASY,6,first,3,CatBoost,-0.0837609011974219,log_loss,0.011326074600219727,7.837519645690918,0.011326074600219727,7.837519645690918,1,True,3,161,1,1,284727,284727,284727,284727,0,1,CatBoostModel,,log_loss,"{'iterations': 10000, 'learning_rate': 0.05, 'allow_writing_files': False, 'eval_metric': 'Logloss', 'random_seed': 0}",{'iterations': 206},"{'max_memory_usage_ratio': 1.0, 'max_gpu_memory_usage_ratio': 1.0, 'max_time_limit_ratio': 1.0, 'max_time_limit': None, 'min_time_limit': 0, 'valid_raw_types': ['bool', 'int', 'float', 'category'], 'valid_special_types': None, 'ignored_type_group_special': None, 'ignored_type_group_raw': None, 'get_features_kwargs': None, 'get_features_kwargs_extra': None, 'predict_1_batch_size': None, 'temperature_scalar': None}","['c1_history_n', 'c1_nige', 'c1_st_rank', 'c1_national_win_rate', 'c1_national_exacta_rate', 'c1_local_win_rate', 'c1_local_exacta_rate', 'c1_motor_exacta_rate', 'c1_boat_exacta_rate', 'c1_average_start', 'c2_history_n', 'c2_nige', 'c2_sashi', 'c2_makuri', 'c2_st_rank', 'c2_national_win_rate', 'c2_national_exacta_rate', 'c2_local_win_rate', 'c2_local_exacta_rate', 'c2_motor_exacta_rate', 'c2_boat_exacta_rate', 'c2_average_start', 'c3_history_n', 'c3_sashi', 'c3_makuri', 'c3_attack', 'c3_st_rank', 'c3_national_win_rate', 'c3_national_exacta_rate', 'c3_local_win_rate', 'c3_local_exacta_rate', 'c3_motor_exacta_rate', 'c3_boat_exacta_rate', 'c3_average_start', 'c4_history_n', 'c4_sashi', 'c4_makuri', 'c4_attack', 'c4_st_rank', 'c4_national_win_rate', 'c4_national_exacta_rate', 'c4_local_win_rate', 'c4_local_exacta_rate', 'c4_motor_exacta_rate', 'c4_boat_exacta_rate', 'c4_average_start', 'c5_history_n', 'c5_sashi', 'c5_makuri', 'c5_attack', 'c5_st_rank', 'c5_national_win_rate', 'c5_national_exacta_rate', 'c5_local_win_rate', 'c5_local_exacta_rate', 'c5_motor_exacta_rate', 'c5_boat_exacta_rate', 'c5_average_start', 'c6_history_n', 'c6_sashi', 'c6_makuri', 'c6_attack', 'c6_st_rank', 'c6_national_win_rate', 'c6_national_exacta_rate', 'c6_local_win_rate', 'c6_local_exacta_rate', 'c6_motor_exacta_rate', 'c6_boat_exacta_rate', 'c6_average_start', 'lane1_vulnerability_rate', 'c1_exhibition_time_relative', 'c1_start_timing_relative', 'c1_lap_time_relative', 'c1_around_time_relative', 'c1_straight_time_relative', 'c1_ex_score', 'c1_st_score', 'c1_lap_score', 'c1_mawari_score', 'c1_straight_score', 'c1_attack_potential', 'c1_stable_score', 'c1_final_2nd_score', 'c1_second_rank', 'c1_gap_to_top', 'c2_exhibition_time_relative', 'c2_start_timing_relative', 'c2_lap_time_relative', 'c2_around_time_relative', 'c2_straight_time_relative', 'c2_ex_score', 'c2_st_score', 'c2_lap_score', 'c2_mawari_score', 'c2_straight_score', 'c2_attack_potential', 'c2_stable_score', 'c2_final_2nd_score', 'c2_second_rank', 'c2_gap_to_top', 'c3_exhibition_time_relative', 'c3_start_timing_relative', 'c3_lap_time_relative', 'c3_around_time_relative', 'c3_straight_time_relative', 'c3_ex_score', 'c3_st_score', 'c3_lap_score', 'c3_mawari_score', 'c3_straight_score', 'c3_attack_potential', 'c3_stable_score', 'c3_final_2nd_score', 'c3_second_rank', 'c3_gap_to_top', 'c4_exhibition_time_relative', 'c4_start_timing_relative', 'c4_lap_time_relative', 'c4_around_time_relative', 'c4_straight_time_relative', 'c4_ex_score', 'c4_st_score', 'c4_lap_score', 'c4_mawari_score', 'c4_straight_score', 'c4_attack_potential', 'c4_stable_score', 'c4_final_2nd_score', 'c4_second_rank', 'c4_gap_to_top', 'c5_exhibition_time_relative', 'c5_start_timing_relative', 'c5_lap_time_relative', 'c5_around_time_relative', 'c5_straight_time_relative', 'c5_ex_score', 'c5_st_score', 'c5_lap_score', 'c5_mawari_score', 'c5_straight_score', 'c5_attack_potential', 'c5_stable_score', 'c5_final_2nd_score', 'c5_second_rank', 'c5_gap_to_top', 'c6_exhibition_time_relative', 'c6_start_timing_relative', 'c6_lap_time_relative', 'c6_around_time_relative', 'c6_straight_time_relative', 'c6_ex_score', 'c6_st_score', 'c6_lap_score', 'c6_mawari_score', 'c6_straight_score', 'c6_attack_potential', 'c6_stable_score', 'c6_final_2nd_score', 'c6_second_rank', 'c6_gap_to_top']",,,,,[],['WeightedEnsemble_L2']
ASY,6,first,4,LightGBM,-0.08747132423955185,log_loss,0.0034949779510498047,2.549713611602783,0.0034949779510498047,2.549713611602783,1,True,1,161,1,1,111047,111047,111047,111047,0,0,LGBModel,,log_loss,"{'learning_rate': 0.05, 'seed': 0}",{'num_boost_round': 27},"{'max_memory_usage_ratio': 1.0, 'max_gpu_memory_usage_ratio': 1.0, 'max_time_limit_ratio': 1.0, 'max_time_limit': None, 'min_time_limit': 0, 'valid_raw_types': ['bool', 'int', 'float', 'category'], 'valid_special_types': None, 'ignored_type_group_special': None, 'ignored_type_group_raw': None, 'get_features_kwargs': None, 'get_features_kwargs_extra': None, 'predict_1_batch_size': None, 'temperature_scalar': None}","['c1_history_n', 'c1_nige', 'c1_st_rank', 'c1_national_win_rate', 'c1_national_exacta_rate', 'c1_local_win_rate', 'c1_local_exacta_rate', 'c1_motor_exacta_rate', 'c1_boat_exacta_rate', 'c1_average_start', 'c2_history_n', 'c2_nige', 'c2_sashi', 'c2_makuri', 'c2_st_rank', 'c2_national_win_rate', 'c2_national_exacta_rate', 'c2_local_win_rate', 'c2_local_exacta_rate', 'c2_motor_exacta_rate', 'c2_boat_exacta_rate', 'c2_average_start', 'c3_history_n', 'c3_sashi', 'c3_makuri', 'c3_attack', 'c3_st_rank', 'c3_national_win_rate', 'c3_national_exacta_rate', 'c3_local_win_rate', 'c3_local_exacta_rate', 'c3_motor_exacta_rate', 'c3_boat_exacta_rate', 'c3_average_start', 'c4_history_n', 'c4_sashi', 'c4_makuri', 'c4_attack', 'c4_st_rank', 'c4_national_win_rate', 'c4_national_exacta_rate', 'c4_local_win_rate', 'c4_local_exacta_rate', 'c4_motor_exacta_rate', 'c4_boat_exacta_rate', 'c4_average_start', 'c5_history_n', 'c5_sashi', 'c5_makuri', 'c5_attack', 'c5_st_rank', 'c5_national_win_rate', 'c5_national_exacta_rate', 'c5_local_win_rate', 'c5_local_exacta_rate', 'c5_motor_exacta_rate', 'c5_boat_exacta_rate', 'c5_average_start', 'c6_history_n', 'c6_sashi', 'c6_makuri', 'c6_attack', 'c6_st_rank', 'c6_national_win_rate', 'c6_national_exacta_rate', 'c6_local_win_rate', 'c6_local_exacta_rate', 'c6_motor_exacta_rate', 'c6_boat_exacta_rate', 'c6_average_start', 'lane1_vulnerability_rate', 'c1_exhibition_time_relative', 'c1_start_timing_relative', 'c1_lap_time_relative', 'c1_around_time_relative', 'c1_straight_time_relative', 'c1_ex_score', 'c1_st_score', 'c1_lap_score', 'c1_mawari_score', 'c1_straight_score', 'c1_attack_potential', 'c1_stable_score', 'c1_final_2nd_score', 'c1_second_rank', 'c1_gap_to_top', 'c2_exhibition_time_relative', 'c2_start_timing_relative', 'c2_lap_time_relative', 'c2_around_time_relative', 'c2_straight_time_relative', 'c2_ex_score', 'c2_st_score', 'c2_lap_score', 'c2_mawari_score', 'c2_straight_score', 'c2_attack_potential', 'c2_stable_score', 'c2_final_2nd_score', 'c2_second_rank', 'c2_gap_to_top', 'c3_exhibition_time_relative', 'c3_start_timing_relative', 'c3_lap_time_relative', 'c3_around_time_relative', 'c3_straight_time_relative', 'c3_ex_score', 'c3_st_score', 'c3_lap_score', 'c3_mawari_score', 'c3_straight_score', 'c3_attack_potential', 'c3_stable_score', 'c3_final_2nd_score', 'c3_second_rank', 'c3_gap_to_top', 'c4_exhibition_time_relative', 'c4_start_timing_relative', 'c4_lap_time_relative', 'c4_around_time_relative', 'c4_straight_time_relative', 'c4_ex_score', 'c4_st_score', 'c4_lap_score', 'c4_mawari_score', 'c4_straight_score', 'c4_attack_potential', 'c4_stable_score', 'c4_final_2nd_score', 'c4_second_rank', 'c4_gap_to_top', 'c5_exhibition_time_relative', 'c5_start_timing_relative', 'c5_lap_time_relative', 'c5_around_time_relative', 'c5_straight_time_relative', 'c5_ex_score', 'c5_st_score', 'c5_lap_score', 'c5_mawari_score', 'c5_straight_score', 'c5_attack_potential', 'c5_stable_score', 'c5_final_2nd_score', 'c5_second_rank', 'c5_gap_to_top', 'c6_exhibition_time_relative', 'c6_start_timing_relative', 'c6_lap_time_relative', 'c6_around_time_relative', 'c6_straight_time_relative', 'c6_ex_score', 'c6_st_score', 'c6_lap_score', 'c6_mawari_score', 'c6_straight_score', 'c6_attack_potential', 'c6_stable_score', 'c6_final_2nd_score', 'c6_second_rank', 'c6_gap_to_top']",,,,,[],[]
ASY,6,first,5,ExtraTrees,-0.09169228512365411,log_loss,0.11149406433105469,1.1631433963775635,0.11149406433105469,1.1631433963775635,1,True,4,161,1,1,6561809,6561809,6561809,6561809,0,0,XTModel,,log_loss,"{'n_estimators': 300, 'max_leaf_nodes': 15000, 'n_jobs': -1, 'bootstrap': True, 'random_state': 0}",{'n_estimators': 300},"{'max_memory_usage_ratio': 1.0, 'max_gpu_memory_usage_ratio': 1.0, 'max_time_limit_ratio': 1.0, 'max_time_limit': None, 'min_time_limit': 0, 'valid_raw_types': ['bool', 'int', 'float', 'category'], 'valid_special_types': None, 'ignored_type_group_special': None, 'ignored_type_group_raw': None, 'get_features_kwargs': None, 'get_features_kwargs_extra': None, 'predict_1_batch_size': None, 'temperature_scalar': None}","['c1_history_n', 'c1_nige', 'c1_st_rank', 'c1_national_win_rate', 'c1_national_exacta_rate', 'c1_local_win_rate', 'c1_local_exacta_rate', 'c1_motor_exacta_rate', 'c1_boat_exacta_rate', 'c1_average_start', 'c2_history_n', 'c2_nige', 'c2_sashi', 'c2_makuri', 'c2_st_rank', 'c2_national_win_rate', 'c2_national_exacta_rate', 'c2_local_win_rate', 'c2_local_exacta_rate', 'c2_motor_exacta_rate', 'c2_boat_exacta_rate', 'c2_average_start', 'c3_history_n', 'c3_sashi', 'c3_makuri', 'c3_attack', 'c3_st_rank', 'c3_national_win_rate', 'c3_national_exacta_rate', 'c3_local_win_rate', 'c3_local_exacta_rate', 'c3_motor_exacta_rate', 'c3_boat_exacta_rate', 'c3_average_start', 'c4_history_n', 'c4_sashi', 'c4_makuri', 'c4_attack', 'c4_st_rank', 'c4_national_win_rate', 'c4_national_exacta_rate', 'c4_local_win_rate', 'c4_local_exacta_rate', 'c4_motor_exacta_rate', 'c4_boat_exacta_rate', 'c4_average_start', 'c5_history_n', 'c5_sashi', 'c5_makuri', 'c5_attack', 'c5_st_rank', 'c5_national_win_rate', 'c5_national_exacta_rate', 'c5_local_win_rate', 'c5_local_exacta_rate', 'c5_motor_exacta_rate', 'c5_boat_exacta_rate', 'c5_average_start', 'c6_history_n', 'c6_sashi', 'c6_makuri', 'c6_attack', 'c6_st_rank', 'c6_national_win_rate', 'c6_national_exacta_rate', 'c6_local_win_rate', 'c6_local_exacta_rate', 'c6_motor_exacta_rate', 'c6_boat_exacta_rate', 'c6_average_start', 'lane1_vulnerability_rate', 'c1_exhibition_time_relative', 'c1_start_timing_relative', 'c1_lap_time_relative', 'c1_around_time_relative', 'c1_straight_time_relative', 'c1_ex_score', 'c1_st_score', 'c1_lap_score', 'c1_mawari_score', 'c1_straight_score', 'c1_attack_potential', 'c1_stable_score', 'c1_final_2nd_score', 'c1_second_rank', 'c1_gap_to_top', 'c2_exhibition_time_relative', 'c2_start_timing_relative', 'c2_lap_time_relative', 'c2_around_time_relative', 'c2_straight_time_relative', 'c2_ex_score', 'c2_st_score', 'c2_lap_score', 'c2_mawari_score', 'c2_straight_score', 'c2_attack_potential', 'c2_stable_score', 'c2_final_2nd_score', 'c2_second_rank', 'c2_gap_to_top', 'c3_exhibition_time_relative', 'c3_start_timing_relative', 'c3_lap_time_relative', 'c3_around_time_relative', 'c3_straight_time_relative', 'c3_ex_score', 'c3_st_score', 'c3_lap_score', 'c3_mawari_score', 'c3_straight_score', 'c3_attack_potential', 'c3_stable_score', 'c3_final_2nd_score', 'c3_second_rank', 'c3_gap_to_top', 'c4_exhibition_time_relative', 'c4_start_timing_relative', 'c4_lap_time_relative', 'c4_around_time_relative', 'c4_straight_time_relative', 'c4_ex_score', 'c4_st_score', 'c4_lap_score', 'c4_mawari_score', 'c4_straight_score', 'c4_attack_potential', 'c4_stable_score', 'c4_final_2nd_score', 'c4_second_rank', 'c4_gap_to_top', 'c5_exhibition_time_relative', 'c5_start_timing_relative', 'c5_lap_time_relative', 'c5_around_time_relative', 'c5_straight_time_relative', 'c5_ex_score', 'c5_st_score', 'c5_lap_score', 'c5_mawari_score', 'c5_straight_score', 'c5_attack_potential', 'c5_stable_score', 'c5_final_2nd_score', 'c5_second_rank', 'c5_gap_to_top', 'c6_exhibition_time_relative', 'c6_start_timing_relative', 'c6_lap_time_relative', 'c6_around_time_relative', 'c6_straight_time_relative', 'c6_ex_score', 'c6_st_score', 'c6_lap_score', 'c6_mawari_score', 'c6_straight_score', 'c6_attack_potential', 'c6_stable_score', 'c6_final_2nd_score', 'c6_second_rank', 'c6_gap_to_top']",,,,,[],[]
ASY,6,first,6,RandomForest,-0.11991147673519512,log_loss,0.11173892021179199,3.072615146636963,0.11173892021179199,3.072615146636963,1,True,2,161,1,1,4097821,4097821,4097821,4097821,0,0,RFModel,,log_loss,"{'n_estimators': 300, 'max_leaf_nodes': 15000, 'n_jobs': -1, 'bootstrap': True, 'random_state': 0}",{'n_estimators': 300},"{'max_memory_usage_ratio': 1.0, 'max_gpu_memory_usage_ratio': 1.0, 'max_time_limit_ratio': 1.0, 'max_time_limit': None, 'min_time_limit': 0, 'valid_raw_types': ['bool', 'int', 'float', 'category'], 'valid_special_types': None, 'ignored_type_group_special': None, 'ignored_type_group_raw': None, 'get_features_kwargs': None, 'get_features_kwargs_extra': None, 'predict_1_batch_size': None, 'temperature_scalar': None}","['c1_history_n', 'c1_nige', 'c1_st_rank', 'c1_national_win_rate', 'c1_national_exacta_rate', 'c1_local_win_rate', 'c1_local_exacta_rate', 'c1_motor_exacta_rate', 'c1_boat_exacta_rate', 'c1_average_start', 'c2_history_n', 'c2_nige', 'c2_sashi', 'c2_makuri', 'c2_st_rank', 'c2_national_win_rate', 'c2_national_exacta_rate', 'c2_local_win_rate', 'c2_local_exacta_rate', 'c2_motor_exacta_rate', 'c2_boat_exacta_rate', 'c2_average_start', 'c3_history_n', 'c3_sashi', 'c3_makuri', 'c3_attack', 'c3_st_rank', 'c3_national_win_rate', 'c3_national_exacta_rate', 'c3_local_win_rate', 'c3_local_exacta_rate', 'c3_motor_exacta_rate', 'c3_boat_exacta_rate', 'c3_average_start', 'c4_history_n', 'c4_sashi', 'c4_makuri', 'c4_attack', 'c4_st_rank', 'c4_national_win_rate', 'c4_national_exacta_rate', 'c4_local_win_rate', 'c4_local_exacta_rate', 'c4_motor_exacta_rate', 'c4_boat_exacta_rate', 'c4_average_start', 'c5_history_n', 'c5_sashi', 'c5_makuri', 'c5_attack', 'c5_st_rank', 'c5_national_win_rate', 'c5_national_exacta_rate', 'c5_local_win_rate', 'c5_local_exacta_rate', 'c5_motor_exacta_rate', 'c5_boat_exacta_rate', 'c5_average_start', 'c6_history_n', 'c6_sashi', 'c6_makuri', 'c6_attack', 'c6_st_rank', 'c6_national_win_rate', 'c6_national_exacta_rate', 'c6_local_win_rate', 'c6_local_exacta_rate', 'c6_motor_exacta_rate', 'c6_boat_exacta_rate', 'c6_average_start', 'lane1_vulnerability_rate', 'c1_exhibition_time_relative', 'c1_start_timing_relative', 'c1_lap_time_relative', 'c1_around_time_relative', 'c1_straight_time_relative', 'c1_ex_score', 'c1_st_score', 'c1_lap_score', 'c1_mawari_score', 'c1_straight_score', 'c1_attack_potential', 'c1_stable_score', 'c1_final_2nd_score', 'c1_second_rank', 'c1_gap_to_top', 'c2_exhibition_time_relative', 'c2_start_timing_relative', 'c2_lap_time_relative', 'c2_around_time_relative', 'c2_straight_time_relative', 'c2_ex_score', 'c2_st_score', 'c2_lap_score', 'c2_mawari_score', 'c2_straight_score', 'c2_attack_potential', 'c2_stable_score', 'c2_final_2nd_score', 'c2_second_rank', 'c2_gap_to_top', 'c3_exhibition_time_relative', 'c3_start_timing_relative', 'c3_lap_time_relative', 'c3_around_time_relative', 'c3_straight_time_relative', 'c3_ex_score', 'c3_st_score', 'c3_lap_score', 'c3_mawari_score', 'c3_straight_score', 'c3_attack_potential', 'c3_stable_score', 'c3_final_2nd_score', 'c3_second_rank', 'c3_gap_to_top', 'c4_exhibition_time_relative', 'c4_start_timing_relative', 'c4_lap_time_relative', 'c4_around_time_relative', 'c4_straight_time_relative', 'c4_ex_score', 'c4_st_score', 'c4_lap_score', 'c4_mawari_score', 'c4_straight_score', 'c4_attack_potential', 'c4_stable_score', 'c4_final_2nd_score', 'c4_second_rank', 'c4_gap_to_top', 'c5_exhibition_time_relative', 'c5_start_timing_relative', 'c5_lap_time_relative', 'c5_around_time_relative', 'c5_straight_time_relative', 'c5_ex_score', 'c5_st_score', 'c5_lap_score', 'c5_mawari_score', 'c5_straight_score', 'c5_attack_potential', 'c5_stable_score', 'c5_final_2nd_score', 'c5_second_rank', 'c5_gap_to_top', 'c6_exhibition_time_relative', 'c6_start_timing_relative', 'c6_lap_time_relative', 'c6_around_time_relative', 'c6_straight_time_relative', 'c6_ex_score', 'c6_st_score', 'c6_lap_score', 'c6_mawari_score', 'c6_straight_score', 'c6_attack_potential', 'c6_stable_score', 'c6_final_2nd_score', 'c6_second_rank', 'c6_gap_to_top']",,,,,[],[]
ASY,6,top2,1,WeightedEnsemble_L2,-0.24220447726569633,log_loss,0.12857389450073242,14.627039194107056,0.0007085800170898438,0.023408174514770508,2,True,6,3,1,4,3790,10635949,3790,10166195,3,0,WeightedEnsembleModel,GreedyWeightedEnsembleModel,log_loss,"{'use_orig_features': False, 'valid_stacker': True, 'max_base_models': 0, 'max_base_models_per_type': 'auto', 'save_bag_folds': True, 'stratify': 'auto', 'bin': 'auto', 'n_bins': None, 'vary_seed_across_folds': False, 'custom_splits': None, 'model_random_seed': 0}",{},"{'max_memory_usage_ratio': 1.0, 'max_gpu_memory_usage_ratio': 1.0, 'max_time_limit_ratio': 1.0, 'max_time_limit': None, 'min_time_limit': 0, 'valid_raw_types': None, 'valid_special_types': None, 'ignored_type_group_special': None, 'ignored_type_group_raw': None, 'get_features_kwargs': None, 'get_features_kwargs_extra': None, 'predict_1_batch_size': None, 'temperature_scalar': None, 'drop_unique': False}","['LightGBM', 'CatBoost', 'RandomForest']",,"{'ensemble_size': 25, 'subsample_size': 1000000}",{'ensemble_size': 24},"{'max_memory_usage_ratio': 1.0, 'max_gpu_memory_usage_ratio': 1.0, 'max_time_limit_ratio': 1.0, 'max_time_limit': None, 'min_time_limit': 0, 'valid_raw_types': None, 'valid_special_types': None, 'ignored_type_group_special': None, 'ignored_type_group_raw': None, 'get_features_kwargs': None, 'get_features_kwargs_extra': None, 'predict_1_batch_size': None, 'temperature_scalar': None, 'drop_unique': False}","['LightGBM', 'CatBoost', 'RandomForest']",[]
ASY,6,top2,2,LightGBM,-0.24485123893594202,log_loss,0.0037593841552734375,2.87878155708313,0.0037593841552734375,2.87878155708313,1,True,1,161,1,1,138159,138159,138159,138159,0,1,LGBModel,,log_loss,"{'learning_rate': 0.05, 'seed': 0}",{'num_boost_round': 35},"{'max_memory_usage_ratio': 1.0, 'max_gpu_memory_usage_ratio': 1.0, 'max_time_limit_ratio': 1.0, 'max_time_limit': None, 'min_time_limit': 0, 'valid_raw_types': ['bool', 'int', 'float', 'category'], 'valid_special_types': None, 'ignored_type_group_special': None, 'ignored_type_group_raw': None, 'get_features_kwargs': None, 'get_features_kwargs_extra': None, 'predict_1_batch_size': None, 'temperature_scalar': None}","['c1_history_n', 'c1_nige', 'c1_st_rank', 'c1_national_win_rate', 'c1_national_exacta_rate', 'c1_local_win_rate', 'c1_local_exacta_rate', 'c1_motor_exacta_rate', 'c1_boat_exacta_rate', 'c1_average_start', 'c2_history_n', 'c2_nige', 'c2_sashi', 'c2_makuri', 'c2_st_rank', 'c2_national_win_rate', 'c2_national_exacta_rate', 'c2_local_win_rate', 'c2_local_exacta_rate', 'c2_motor_exacta_rate', 'c2_boat_exacta_rate', 'c2_average_start', 'c3_history_n', 'c3_sashi', 'c3_makuri', 'c3_attack', 'c3_st_rank', 'c3_national_win_rate', 'c3_national_exacta_rate', 'c3_local_win_rate', 'c3_local_exacta_rate', 'c3_motor_exacta_rate', 'c3_boat_exacta_rate', 'c3_average_start', 'c4_history_n', 'c4_sashi', 'c4_makuri', 'c4_attack', 'c4_st_rank', 'c4_national_win_rate', 'c4_national_exacta_rate', 'c4_local_win_rate', 'c4_local_exacta_rate', 'c4_motor_exacta_rate', 'c4_boat_exacta_rate', 'c4_average_start', 'c5_history_n', 'c5_sashi', 'c5_makuri', 'c5_attack', 'c5_st_rank', 'c5_national_win_rate', 'c5_national_exacta_rate', 'c5_local_win_rate', 'c5_local_exacta_rate', 'c5_motor_exacta_rate', 'c5_boat_exacta_rate', 'c5_average_start', 'c6_history_n', 'c6_sashi', 'c6_makuri', 'c6_attack', 'c6_st_rank', 'c6_national_win_rate', 'c6_national_exacta_rate', 'c6_local_win_rate', 'c6_local_exacta_rate', 'c6_motor_exacta_rate', 'c6_boat_exacta_rate', 'c6_average_start', 'lane1_vulnerability_rate', 'c1_exhibition_time_relative', 'c1_start_timing_relative', 'c1_lap_time_relative', 'c1_around_time_relative', 'c1_straight_time_relative', 'c1_ex_score', 'c1_st_score', 'c1_lap_score', 'c1_mawari_score', 'c1_straight_score', 'c1_attack_potential', 'c1_stable_score', 'c1_final_2nd_score', 'c1_second_rank', 'c1_gap_to_top', 'c2_exhibition_time_relative', 'c2_start_timing_relative', 'c2_lap_time_relative', 'c2_around_time_relative', 'c2_straight_time_relative', 'c2_ex_score', 'c2_st_score', 'c2_lap_score', 'c2_mawari_score', 'c2_straight_score', 'c2_attack_potential', 'c2_stable_score', 'c2_final_2nd_score', 'c2_second_rank', 'c2_gap_to_top', 'c3_exhibition_time_relative', 'c3_start_timing_relative', 'c3_lap_time_relative', 'c3_around_time_relative', 'c3_straight_time_relative', 'c3_ex_score', 'c3_st_score', 'c3_lap_score', 'c3_mawari_score', 'c3_straight_score', 'c3_attack_potential', 'c3_stable_score', 'c3_final_2nd_score', 'c3_second_rank', 'c3_gap_to_top', 'c4_exhibition_time_relative', 'c4_start_timing_relative', 'c4_lap_time_relative', 'c4_around_time_relative', 'c4_straight_time_relative', 'c4_ex_score', 'c4_st_score', 'c4_lap_score', 'c4_mawari_score', 'c4_straight_score', 'c4_attack_potential', 'c4_stable_score', 'c4_final_2nd_score', 'c4_second_rank', 'c4_gap_to_top', 'c5_exhibition_time_relative', 'c5_start_timing_relative', 'c5_lap_time_relative', 'c5_around_time_relative', 'c5_straight_time_relative', 'c5_ex_score', 'c5_st_score', 'c5_lap_score', 'c5_mawari_score', 'c5_straight_score', 'c5_attack_potential', 'c5_stable_score', 'c5_final_2nd_score', 'c5_second_rank', 'c5_gap_to_top', 'c6_exhibition_time_relative', 'c6_start_timing_relative', 'c6_lap_time_relative', 'c6_around_time_relative', 'c6_straight_time_relative', 'c6_ex_score', 'c6_st_score', 'c6_lap_score', 'c6_mawari_score', 'c6_straight_score', 'c6_attack_potential', 'c6_stable_score', 'c6_final_2nd_score', 'c6_second_rank', 'c6_gap_to_top']",,,,,[],['WeightedEnsemble_L2']
ASY,6,top2,3,CatBoost,-0.2452545763123047,log_loss,0.011471271514892578,8.465574264526367,0.011471271514892578,8.465574264526367,1,True,3,161,1,1,327805,327805,327805,327805,0,1,CatBoostModel,,log_loss,"{'iterations': 10000, 'learning_rate': 0.05, 'allow_writing_files': False, 'eval_metric': 'Logloss', 'random_seed': 0}",{'iterations': 243},"{'max_memory_usage_ratio': 1.0, 'max_gpu_memory_usage_ratio': 1.0, 'max_time_limit_ratio': 1.0, 'max_time_limit': None, 'min_time_limit': 0, 'valid_raw_types': ['bool', 'int', 'float', 'category'], 'valid_special_types': None, 'ignored_type_group_special': None, 'ignored_type_group_raw': None, 'get_features_kwargs': None, 'get_features_kwargs_extra': None, 'predict_1_batch_size': None, 'temperature_scalar': None}","['c1_history_n', 'c1_nige', 'c1_st_rank', 'c1_national_win_rate', 'c1_national_exacta_rate', 'c1_local_win_rate', 'c1_local_exacta_rate', 'c1_motor_exacta_rate', 'c1_boat_exacta_rate', 'c1_average_start', 'c2_history_n', 'c2_nige', 'c2_sashi', 'c2_makuri', 'c2_st_rank', 'c2_national_win_rate', 'c2_national_exacta_rate', 'c2_local_win_rate', 'c2_local_exacta_rate', 'c2_motor_exacta_rate', 'c2_boat_exacta_rate', 'c2_average_start', 'c3_history_n', 'c3_sashi', 'c3_makuri', 'c3_attack', 'c3_st_rank', 'c3_national_win_rate', 'c3_national_exacta_rate', 'c3_local_win_rate', 'c3_local_exacta_rate', 'c3_motor_exacta_rate', 'c3_boat_exacta_rate', 'c3_average_start', 'c4_history_n', 'c4_sashi', 'c4_makuri', 'c4_attack', 'c4_st_rank', 'c4_national_win_rate', 'c4_national_exacta_rate', 'c4_local_win_rate', 'c4_local_exacta_rate', 'c4_motor_exacta_rate', 'c4_boat_exacta_rate', 'c4_average_start', 'c5_history_n', 'c5_sashi', 'c5_makuri', 'c5_attack', 'c5_st_rank', 'c5_national_win_rate', 'c5_national_exacta_rate', 'c5_local_win_rate', 'c5_local_exacta_rate', 'c5_motor_exacta_rate', 'c5_boat_exacta_rate', 'c5_average_start', 'c6_history_n', 'c6_sashi', 'c6_makuri', 'c6_attack', 'c6_st_rank', 'c6_national_win_rate', 'c6_national_exacta_rate', 'c6_local_win_rate', 'c6_local_exacta_rate', 'c6_motor_exacta_rate', 'c6_boat_exacta_rate', 'c6_average_start', 'lane1_vulnerability_rate', 'c1_exhibition_time_relative', 'c1_start_timing_relative', 'c1_lap_time_relative', 'c1_around_time_relative', 'c1_straight_time_relative', 'c1_ex_score', 'c1_st_score', 'c1_lap_score', 'c1_mawari_score', 'c1_straight_score', 'c1_attack_potential', 'c1_stable_score', 'c1_final_2nd_score', 'c1_second_rank', 'c1_gap_to_top', 'c2_exhibition_time_relative', 'c2_start_timing_relative', 'c2_lap_time_relative', 'c2_around_time_relative', 'c2_straight_time_relative', 'c2_ex_score', 'c2_st_score', 'c2_lap_score', 'c2_mawari_score', 'c2_straight_score', 'c2_attack_potential', 'c2_stable_score', 'c2_final_2nd_score', 'c2_second_rank', 'c2_gap_to_top', 'c3_exhibition_time_relative', 'c3_start_timing_relative', 'c3_lap_time_relative', 'c3_around_time_relative', 'c3_straight_time_relative', 'c3_ex_score', 'c3_st_score', 'c3_lap_score', 'c3_mawari_score', 'c3_straight_score', 'c3_attack_potential', 'c3_stable_score', 'c3_final_2nd_score', 'c3_second_rank', 'c3_gap_to_top', 'c4_exhibition_time_relative', 'c4_start_timing_relative', 'c4_lap_time_relative', 'c4_around_time_relative', 'c4_straight_time_relative', 'c4_ex_score', 'c4_st_score', 'c4_lap_score', 'c4_mawari_score', 'c4_straight_score', 'c4_attack_potential', 'c4_stable_score', 'c4_final_2nd_score', 'c4_second_rank', 'c4_gap_to_top', 'c5_exhibition_time_relative', 'c5_start_timing_relative', 'c5_lap_time_relative', 'c5_around_time_relative', 'c5_straight_time_relative', 'c5_ex_score', 'c5_st_score', 'c5_lap_score', 'c5_mawari_score', 'c5_straight_score', 'c5_attack_potential', 'c5_stable_score', 'c5_final_2nd_score', 'c5_second_rank', 'c5_gap_to_top', 'c6_exhibition_time_relative', 'c6_start_timing_relative', 'c6_lap_time_relative', 'c6_around_time_relative', 'c6_straight_time_relative', 'c6_ex_score', 'c6_st_score', 'c6_lap_score', 'c6_mawari_score', 'c6_straight_score', 'c6_attack_potential', 'c6_stable_score', 'c6_final_2nd_score', 'c6_second_rank', 'c6_gap_to_top']",,,,,[],['WeightedEnsemble_L2']
ASY,6,top2,4,ExtraTrees,-0.2520799953267345,log_loss,0.12245821952819824,1.3337407112121582,0.12245821952819824,1.3337407112121582,1,True,4,161,1,1,16020503,16020503,16020503,16020503,0,0,XTModel,,log_loss,"{'n_estimators': 300, 'max_leaf_nodes': 15000, 'n_jobs': -1, 'bootstrap': True, 'random_state': 0}",{'n_estimators': 300},"{'max_memory_usage_ratio': 1.0, 'max_gpu_memory_usage_ratio': 1.0, 'max_time_limit_ratio': 1.0, 'max_time_limit': None, 'min_time_limit': 0, 'valid_raw_types': ['bool', 'int', 'float', 'category'], 'valid_special_types': None, 'ignored_type_group_special': None, 'ignored_type_group_raw': None, 'get_features_kwargs': None, 'get_features_kwargs_extra': None, 'predict_1_batch_size': None, 'temperature_scalar': None}","['c1_history_n', 'c1_nige', 'c1_st_rank', 'c1_national_win_rate', 'c1_national_exacta_rate', 'c1_local_win_rate', 'c1_local_exacta_rate', 'c1_motor_exacta_rate', 'c1_boat_exacta_rate', 'c1_average_start', 'c2_history_n', 'c2_nige', 'c2_sashi', 'c2_makuri', 'c2_st_rank', 'c2_national_win_rate', 'c2_national_exacta_rate', 'c2_local_win_rate', 'c2_local_exacta_rate', 'c2_motor_exacta_rate', 'c2_boat_exacta_rate', 'c2_average_start', 'c3_history_n', 'c3_sashi', 'c3_makuri', 'c3_attack', 'c3_st_rank', 'c3_national_win_rate', 'c3_national_exacta_rate', 'c3_local_win_rate', 'c3_local_exacta_rate', 'c3_motor_exacta_rate', 'c3_boat_exacta_rate', 'c3_average_start', 'c4_history_n', 'c4_sashi', 'c4_makuri', 'c4_attack', 'c4_st_rank', 'c4_national_win_rate', 'c4_national_exacta_rate', 'c4_local_win_rate', 'c4_local_exacta_rate', 'c4_motor_exacta_rate', 'c4_boat_exacta_rate', 'c4_average_start', 'c5_history_n', 'c5_sashi', 'c5_makuri', 'c5_attack', 'c5_st_rank', 'c5_national_win_rate', 'c5_national_exacta_rate', 'c5_local_win_rate', 'c5_local_exacta_rate', 'c5_motor_exacta_rate', 'c5_boat_exacta_rate', 'c5_average_start', 'c6_history_n', 'c6_sashi', 'c6_makuri', 'c6_attack', 'c6_st_rank', 'c6_national_win_rate', 'c6_national_exacta_rate', 'c6_local_win_rate', 'c6_local_exacta_rate', 'c6_motor_exacta_rate', 'c6_boat_exacta_rate', 'c6_average_start', 'lane1_vulnerability_rate', 'c1_exhibition_time_relative', 'c1_start_timing_relative', 'c1_lap_time_relative', 'c1_around_time_relative', 'c1_straight_time_relative', 'c1_ex_score', 'c1_st_score', 'c1_lap_score', 'c1_mawari_score', 'c1_straight_score', 'c1_attack_potential', 'c1_stable_score', 'c1_final_2nd_score', 'c1_second_rank', 'c1_gap_to_top', 'c2_exhibition_time_relative', 'c2_start_timing_relative', 'c2_lap_time_relative', 'c2_around_time_relative', 'c2_straight_time_relative', 'c2_ex_score', 'c2_st_score', 'c2_lap_score', 'c2_mawari_score', 'c2_straight_score', 'c2_attack_potential', 'c2_stable_score', 'c2_final_2nd_score', 'c2_second_rank', 'c2_gap_to_top', 'c3_exhibition_time_relative', 'c3_start_timing_relative', 'c3_lap_time_relative', 'c3_around_time_relative', 'c3_straight_time_relative', 'c3_ex_score', 'c3_st_score', 'c3_lap_score', 'c3_mawari_score', 'c3_straight_score', 'c3_attack_potential', 'c3_stable_score', 'c3_final_2nd_score', 'c3_second_rank', 'c3_gap_to_top', 'c4_exhibition_time_relative', 'c4_start_timing_relative', 'c4_lap_time_relative', 'c4_around_time_relative', 'c4_straight_time_relative', 'c4_ex_score', 'c4_st_score', 'c4_lap_score', 'c4_mawari_score', 'c4_straight_score', 'c4_attack_potential', 'c4_stable_score', 'c4_final_2nd_score', 'c4_second_rank', 'c4_gap_to_top', 'c5_exhibition_time_relative', 'c5_start_timing_relative', 'c5_lap_time_relative', 'c5_around_time_relative', 'c5_straight_time_relative', 'c5_ex_score', 'c5_st_score', 'c5_lap_score', 'c5_mawari_score', 'c5_straight_score', 'c5_attack_potential', 'c5_stable_score', 'c5_final_2nd_score', 'c5_second_rank', 'c5_gap_to_top', 'c6_exhibition_time_relative', 'c6_start_timing_relative', 'c6_lap_time_relative', 'c6_around_time_relative', 'c6_straight_time_relative', 'c6_ex_score', 'c6_st_score', 'c6_lap_score', 'c6_mawari_score', 'c6_straight_score', 'c6_attack_potential', 'c6_stable_score', 'c6_final_2nd_score', 'c6_second_rank', 'c6_gap_to_top']",,,,,[],[]
ASY,6,top2,5,XGBoost,-0.25305471437020954,log_loss,0.014479637145996094,5.189388275146484,0.014479637145996094,5.189388275146484,1,True,5,161,1,1,649174,649174,649174,649174,0,0,XGBoostModel,,log_loss,"{'n_estimators': 10000, 'learning_rate': 0.1, 'n_jobs': -1, 'proc.max_category_levels': 100, 'objective': 'binary:logistic', 'booster': 'gbtree', 'seed': 0}",{'n_estimators': 17},"{'max_memory_usage_ratio': 1.0, 'max_gpu_memory_usage_ratio': 1.0, 'max_time_limit_ratio': 1.0, 'max_time_limit': None, 'min_time_limit': 0, 'valid_raw_types': ['bool', 'int', 'float', 'category'], 'valid_special_types': None, 'ignored_type_group_special': None, 'ignored_type_group_raw': None, 'get_features_kwargs': None, 'get_features_kwargs_extra': None, 'predict_1_batch_size': None, 'temperature_scalar': None}","['c1_history_n', 'c1_nige', 'c1_st_rank', 'c1_national_win_rate', 'c1_national_exacta_rate', 'c1_local_win_rate', 'c1_local_exacta_rate', 'c1_motor_exacta_rate', 'c1_boat_exacta_rate', 'c1_average_start', 'c2_history_n', 'c2_nige', 'c2_sashi', 'c2_makuri', 'c2_st_rank', 'c2_national_win_rate', 'c2_national_exacta_rate', 'c2_local_win_rate', 'c2_local_exacta_rate', 'c2_motor_exacta_rate', 'c2_boat_exacta_rate', 'c2_average_start', 'c3_history_n', 'c3_sashi', 'c3_makuri', 'c3_attack', 'c3_st_rank', 'c3_national_win_rate', 'c3_national_exacta_rate', 'c3_local_win_rate', 'c3_local_exacta_rate', 'c3_motor_exacta_rate', 'c3_boat_exacta_rate', 'c3_average_start', 'c4_history_n', 'c4_sashi', 'c4_makuri', 'c4_attack', 'c4_st_rank', 'c4_national_win_rate', 'c4_national_exacta_rate', 'c4_local_win_rate', 'c4_local_exacta_rate', 'c4_motor_exacta_rate', 'c4_boat_exacta_rate', 'c4_average_start', 'c5_history_n', 'c5_sashi', 'c5_makuri', 'c5_attack', 'c5_st_rank', 'c5_national_win_rate', 'c5_national_exacta_rate', 'c5_local_win_rate', 'c5_local_exacta_rate', 'c5_motor_exacta_rate', 'c5_boat_exacta_rate', 'c5_average_start', 'c6_history_n', 'c6_sashi', 'c6_makuri', 'c6_attack', 'c6_st_rank', 'c6_national_win_rate', 'c6_national_exacta_rate', 'c6_local_win_rate', 'c6_local_exacta_rate', 'c6_motor_exacta_rate', 'c6_boat_exacta_rate', 'c6_average_start', 'lane1_vulnerability_rate', 'c1_exhibition_time_relative', 'c1_start_timing_relative', 'c1_lap_time_relative', 'c1_around_time_relative', 'c1_straight_time_relative', 'c1_ex_score', 'c1_st_score', 'c1_lap_score', 'c1_mawari_score', 'c1_straight_score', 'c1_attack_potential', 'c1_stable_score', 'c1_final_2nd_score', 'c1_second_rank', 'c1_gap_to_top', 'c2_exhibition_time_relative', 'c2_start_timing_relative', 'c2_lap_time_relative', 'c2_around_time_relative', 'c2_straight_time_relative', 'c2_ex_score', 'c2_st_score', 'c2_lap_score', 'c2_mawari_score', 'c2_straight_score', 'c2_attack_potential', 'c2_stable_score', 'c2_final_2nd_score', 'c2_second_rank', 'c2_gap_to_top', 'c3_exhibition_time_relative', 'c3_start_timing_relative', 'c3_lap_time_relative', 'c3_around_time_relative', 'c3_straight_time_relative', 'c3_ex_score', 'c3_st_score', 'c3_lap_score', 'c3_mawari_score', 'c3_straight_score', 'c3_attack_potential', 'c3_stable_score', 'c3_final_2nd_score', 'c3_second_rank', 'c3_gap_to_top', 'c4_exhibition_time_relative', 'c4_start_timing_relative', 'c4_lap_time_relative', 'c4_around_time_relative', 'c4_straight_time_relative', 'c4_ex_score', 'c4_st_score', 'c4_lap_score', 'c4_mawari_score', 'c4_straight_score', 'c4_attack_potential', 'c4_stable_score', 'c4_final_2nd_score', 'c4_second_rank', 'c4_gap_to_top', 'c5_exhibition_time_relative', 'c5_start_timing_relative', 'c5_lap_time_relative', 'c5_around_time_relative', 'c5_straight_time_relative', 'c5_ex_score', 'c5_st_score', 'c5_lap_score', 'c5_mawari_score', 'c5_straight_score', 'c5_attack_potential', 'c5_stable_score', 'c5_final_2nd_score', 'c5_second_rank', 'c5_gap_to_top', 'c6_exhibition_time_relative', 'c6_start_timing_relative', 'c6_lap_time_relative', 'c6_around_time_relative', 'c6_straight_time_relative', 'c6_ex_score', 'c6_st_score', 'c6_lap_score', 'c6_mawari_score', 'c6_straight_score', 'c6_attack_potential', 'c6_stable_score', 'c6_final_2nd_score', 'c6_second_rank', 'c6_gap_to_top']",,,,,[],[]
ASY,6,top2,6,RandomForest,-0.2546056241129821,log_loss,0.11263465881347656,3.259275197982788,0.11263465881347656,3.259275197982788,1,True,2,161,1,1,10166195,10166195,10166195,10166195,0,1,RFModel,,log_loss,"{'n_estimators': 300, 'max_leaf_nodes': 15000, 'n_jobs': -1, 'bootstrap': True, 'random_state': 0}",{'n_estimators': 300},"{'max_memory_usage_ratio': 1.0, 'max_gpu_memory_usage_ratio': 1.0, 'max_time_limit_ratio': 1.0, 'max_time_limit': None, 'min_time_limit': 0, 'valid_raw_types': ['bool', 'int', 'float', 'category'], 'valid_special_types': None, 'ignored_type_group_special': None, 'ignored_type_group_raw': None, 'get_features_kwargs': None, 'get_features_kwargs_extra': None, 'predict_1_batch_size': None, 'temperature_scalar': None}","['c1_history_n', 'c1_nige', 'c1_st_rank', 'c1_national_win_rate', 'c1_national_exacta_rate', 'c1_local_win_rate', 'c1_local_exacta_rate', 'c1_motor_exacta_rate', 'c1_boat_exacta_rate', 'c1_average_start', 'c2_history_n', 'c2_nige', 'c2_sashi', 'c2_makuri', 'c2_st_rank', 'c2_national_win_rate', 'c2_national_exacta_rate', 'c2_local_win_rate', 'c2_local_exacta_rate', 'c2_motor_exacta_rate', 'c2_boat_exacta_rate', 'c2_average_start', 'c3_history_n', 'c3_sashi', 'c3_makuri', 'c3_attack', 'c3_st_rank', 'c3_national_win_rate', 'c3_national_exacta_rate', 'c3_local_win_rate', 'c3_local_exacta_rate', 'c3_motor_exacta_rate', 'c3_boat_exacta_rate', 'c3_average_start', 'c4_history_n', 'c4_sashi', 'c4_makuri', 'c4_attack', 'c4_st_rank', 'c4_national_win_rate', 'c4_national_exacta_rate', 'c4_local_win_rate', 'c4_local_exacta_rate', 'c4_motor_exacta_rate', 'c4_boat_exacta_rate', 'c4_average_start', 'c5_history_n', 'c5_sashi', 'c5_makuri', 'c5_attack', 'c5_st_rank', 'c5_national_win_rate', 'c5_national_exacta_rate', 'c5_local_win_rate', 'c5_local_exacta_rate', 'c5_motor_exacta_rate', 'c5_boat_exacta_rate', 'c5_average_start', 'c6_history_n', 'c6_sashi', 'c6_makuri', 'c6_attack', 'c6_st_rank', 'c6_national_win_rate', 'c6_national_exacta_rate', 'c6_local_win_rate', 'c6_local_exacta_rate', 'c6_motor_exacta_rate', 'c6_boat_exacta_rate', 'c6_average_start', 'lane1_vulnerability_rate', 'c1_exhibition_time_relative', 'c1_start_timing_relative', 'c1_lap_time_relative', 'c1_around_time_relative', 'c1_straight_time_relative', 'c1_ex_score', 'c1_st_score', 'c1_lap_score', 'c1_mawari_score', 'c1_straight_score', 'c1_attack_potential', 'c1_stable_score', 'c1_final_2nd_score', 'c1_second_rank', 'c1_gap_to_top', 'c2_exhibition_time_relative', 'c2_start_timing_relative', 'c2_lap_time_relative', 'c2_around_time_relative', 'c2_straight_time_relative', 'c2_ex_score', 'c2_st_score', 'c2_lap_score', 'c2_mawari_score', 'c2_straight_score', 'c2_attack_potential', 'c2_stable_score', 'c2_final_2nd_score', 'c2_second_rank', 'c2_gap_to_top', 'c3_exhibition_time_relative', 'c3_start_timing_relative', 'c3_lap_time_relative', 'c3_around_time_relative', 'c3_straight_time_relative', 'c3_ex_score', 'c3_st_score', 'c3_lap_score', 'c3_mawari_score', 'c3_straight_score', 'c3_attack_potential', 'c3_stable_score', 'c3_final_2nd_score', 'c3_second_rank', 'c3_gap_to_top', 'c4_exhibition_time_relative', 'c4_start_timing_relative', 'c4_lap_time_relative', 'c4_around_time_relative', 'c4_straight_time_relative', 'c4_ex_score', 'c4_st_score', 'c4_lap_score', 'c4_mawari_score', 'c4_straight_score', 'c4_attack_potential', 'c4_stable_score', 'c4_final_2nd_score', 'c4_second_rank', 'c4_gap_to_top', 'c5_exhibition_time_relative', 'c5_start_timing_relative', 'c5_lap_time_relative', 'c5_around_time_relative', 'c5_straight_time_relative', 'c5_ex_score', 'c5_st_score', 'c5_lap_score', 'c5_mawari_score', 'c5_straight_score', 'c5_attack_potential', 'c5_stable_score', 'c5_final_2nd_score', 'c5_second_rank', 'c5_gap_to_top', 'c6_exhibition_time_relative', 'c6_start_timing_relative', 'c6_lap_time_relative', 'c6_around_time_relative', 'c6_straight_time_relative', 'c6_ex_score', 'c6_st_score', 'c6_lap_score', 'c6_mawari_score', 'c6_straight_score', 'c6_attack_potential', 'c6_stable_score', 'c6_final_2nd_score', 'c6_second_rank', 'c6_gap_to_top']",,,,,[],['WeightedEnsemble_L2']
ASY,6,top3,1,WeightedEnsemble_L2,-0.4664451652664147,log_loss,0.13851141929626465,11.923270225524902,0.0007140636444091797,0.021526813507080078,2,True,6,3,1,4,3790,30012984,3790,29564082,3,0,WeightedEnsembleModel,GreedyWeightedEnsembleModel,log_loss,"{'use_orig_features': False, 'valid_stacker': True, 'max_base_models': 0, 'max_base_models_per_type': 'auto', 'save_bag_folds': True, 'stratify': 'auto', 'bin': 'auto', 'n_bins': None, 'vary_seed_across_folds': False, 'custom_splits': None, 'model_random_seed': 0}",{},"{'max_memory_usage_ratio': 1.0, 'max_gpu_memory_usage_ratio': 1.0, 'max_time_limit_ratio': 1.0, 'max_time_limit': None, 'min_time_limit': 0, 'valid_raw_types': None, 'valid_special_types': None, 'ignored_type_group_special': None, 'ignored_type_group_raw': None, 'get_features_kwargs': None, 'get_features_kwargs_extra': None, 'predict_1_batch_size': None, 'temperature_scalar': None, 'drop_unique': False}","['LightGBM', 'CatBoost', 'ExtraTrees']",,"{'ensemble_size': 25, 'subsample_size': 1000000}",{'ensemble_size': 20},"{'max_memory_usage_ratio': 1.0, 'max_gpu_memory_usage_ratio': 1.0, 'max_time_limit_ratio': 1.0, 'max_time_limit': None, 'min_time_limit': 0, 'valid_raw_types': None, 'valid_special_types': None, 'ignored_type_group_special': None, 'ignored_type_group_raw': None, 'get_features_kwargs': None, 'get_features_kwargs_extra': None, 'predict_1_batch_size': None, 'temperature_scalar': None, 'drop_unique': False}","['LightGBM', 'CatBoost', 'ExtraTrees']",[]
ASY,6,top3,2,LightGBM,-0.4689556794567016,log_loss,0.004086971282958984,2.7052547931671143,0.004086971282958984,2.7052547931671143,1,True,1,161,1,1,176379,176379,176379,176379,0,1,LGBModel,,log_loss,"{'learning_rate': 0.05, 'seed': 0}",{'num_boost_round': 46},"{'max_memory_usage_ratio': 1.0, 'max_gpu_memory_usage_ratio': 1.0, 'max_time_limit_ratio': 1.0, 'max_time_limit': None, 'min_time_limit': 0, 'valid_raw_types': ['bool', 'int', 'float', 'category'], 'valid_special_types': None, 'ignored_type_group_special': None, 'ignored_type_group_raw': None, 'get_features_kwargs': None, 'get_features_kwargs_extra': None, 'predict_1_batch_size': None, 'temperature_scalar': None}","['c1_history_n', 'c1_nige', 'c1_st_rank', 'c1_national_win_rate', 'c1_national_exacta_rate', 'c1_local_win_rate', 'c1_local_exacta_rate', 'c1_motor_exacta_rate', 'c1_boat_exacta_rate', 'c1_average_start', 'c2_history_n', 'c2_nige', 'c2_sashi', 'c2_makuri', 'c2_st_rank', 'c2_national_win_rate', 'c2_national_exacta_rate', 'c2_local_win_rate', 'c2_local_exacta_rate', 'c2_motor_exacta_rate', 'c2_boat_exacta_rate', 'c2_average_start', 'c3_history_n', 'c3_sashi', 'c3_makuri', 'c3_attack', 'c3_st_rank', 'c3_national_win_rate', 'c3_national_exacta_rate', 'c3_local_win_rate', 'c3_local_exacta_rate', 'c3_motor_exacta_rate', 'c3_boat_exacta_rate', 'c3_average_start', 'c4_history_n', 'c4_sashi', 'c4_makuri', 'c4_attack', 'c4_st_rank', 'c4_national_win_rate', 'c4_national_exacta_rate', 'c4_local_win_rate', 'c4_local_exacta_rate', 'c4_motor_exacta_rate', 'c4_boat_exacta_rate', 'c4_average_start', 'c5_history_n', 'c5_sashi', 'c5_makuri', 'c5_attack', 'c5_st_rank', 'c5_national_win_rate', 'c5_national_exacta_rate', 'c5_local_win_rate', 'c5_local_exacta_rate', 'c5_motor_exacta_rate', 'c5_boat_exacta_rate', 'c5_average_start', 'c6_history_n', 'c6_sashi', 'c6_makuri', 'c6_attack', 'c6_st_rank', 'c6_national_win_rate', 'c6_national_exacta_rate', 'c6_local_win_rate', 'c6_local_exacta_rate', 'c6_motor_exacta_rate', 'c6_boat_exacta_rate', 'c6_average_start', 'lane1_vulnerability_rate', 'c1_exhibition_time_relative', 'c1_start_timing_relative', 'c1_lap_time_relative', 'c1_around_time_relative', 'c1_straight_time_relative', 'c1_ex_score', 'c1_st_score', 'c1_lap_score', 'c1_mawari_score', 'c1_straight_score', 'c1_attack_potential', 'c1_stable_score', 'c1_final_2nd_score', 'c1_second_rank', 'c1_gap_to_top', 'c2_exhibition_time_relative', 'c2_start_timing_relative', 'c2_lap_time_relative', 'c2_around_time_relative', 'c2_straight_time_relative', 'c2_ex_score', 'c2_st_score', 'c2_lap_score', 'c2_mawari_score', 'c2_straight_score', 'c2_attack_potential', 'c2_stable_score', 'c2_final_2nd_score', 'c2_second_rank', 'c2_gap_to_top', 'c3_exhibition_time_relative', 'c3_start_timing_relative', 'c3_lap_time_relative', 'c3_around_time_relative', 'c3_straight_time_relative', 'c3_ex_score', 'c3_st_score', 'c3_lap_score', 'c3_mawari_score', 'c3_straight_score', 'c3_attack_potential', 'c3_stable_score', 'c3_final_2nd_score', 'c3_second_rank', 'c3_gap_to_top', 'c4_exhibition_time_relative', 'c4_start_timing_relative', 'c4_lap_time_relative', 'c4_around_time_relative', 'c4_straight_time_relative', 'c4_ex_score', 'c4_st_score', 'c4_lap_score', 'c4_mawari_score', 'c4_straight_score', 'c4_attack_potential', 'c4_stable_score', 'c4_final_2nd_score', 'c4_second_rank', 'c4_gap_to_top', 'c5_exhibition_time_relative', 'c5_start_timing_relative', 'c5_lap_time_relative', 'c5_around_time_relative', 'c5_straight_time_relative', 'c5_ex_score', 'c5_st_score', 'c5_lap_score', 'c5_mawari_score', 'c5_straight_score', 'c5_attack_potential', 'c5_stable_score', 'c5_final_2nd_score', 'c5_second_rank', 'c5_gap_to_top', 'c6_exhibition_time_relative', 'c6_start_timing_relative', 'c6_lap_time_relative', 'c6_around_time_relative', 'c6_straight_time_relative', 'c6_ex_score', 'c6_st_score', 'c6_lap_score', 'c6_mawari_score', 'c6_straight_score', 'c6_attack_potential', 'c6_stable_score', 'c6_final_2nd_score', 'c6_second_rank', 'c6_gap_to_top']",,,,,[],['WeightedEnsemble_L2']
ASY,6,top3,3,CatBoost,-0.4714842615514433,log_loss,0.010919332504272461,7.702225208282471,0.010919332504272461,7.702225208282471,1,True,3,161,1,1,268733,268733,268733,268733,0,1,CatBoostModel,,log_loss,"{'iterations': 10000, 'learning_rate': 0.05, 'allow_writing_files': False, 'eval_metric': 'Logloss', 'random_seed': 0}",{'iterations': 192},"{'max_memory_usage_ratio': 1.0, 'max_gpu_memory_usage_ratio': 1.0, 'max_time_limit_ratio': 1.0, 'max_time_limit': None, 'min_time_limit': 0, 'valid_raw_types': ['bool', 'int', 'float', 'category'], 'valid_special_types': None, 'ignored_type_group_special': None, 'ignored_type_group_raw': None, 'get_features_kwargs': None, 'get_features_kwargs_extra': None, 'predict_1_batch_size': None, 'temperature_scalar': None}","['c1_history_n', 'c1_nige', 'c1_st_rank', 'c1_national_win_rate', 'c1_national_exacta_rate', 'c1_local_win_rate', 'c1_local_exacta_rate', 'c1_motor_exacta_rate', 'c1_boat_exacta_rate', 'c1_average_start', 'c2_history_n', 'c2_nige', 'c2_sashi', 'c2_makuri', 'c2_st_rank', 'c2_national_win_rate', 'c2_national_exacta_rate', 'c2_local_win_rate', 'c2_local_exacta_rate', 'c2_motor_exacta_rate', 'c2_boat_exacta_rate', 'c2_average_start', 'c3_history_n', 'c3_sashi', 'c3_makuri', 'c3_attack', 'c3_st_rank', 'c3_national_win_rate', 'c3_national_exacta_rate', 'c3_local_win_rate', 'c3_local_exacta_rate', 'c3_motor_exacta_rate', 'c3_boat_exacta_rate', 'c3_average_start', 'c4_history_n', 'c4_sashi', 'c4_makuri', 'c4_attack', 'c4_st_rank', 'c4_national_win_rate', 'c4_national_exacta_rate', 'c4_local_win_rate', 'c4_local_exacta_rate', 'c4_motor_exacta_rate', 'c4_boat_exacta_rate', 'c4_average_start', 'c5_history_n', 'c5_sashi', 'c5_makuri', 'c5_attack', 'c5_st_rank', 'c5_national_win_rate', 'c5_national_exacta_rate', 'c5_local_win_rate', 'c5_local_exacta_rate', 'c5_motor_exacta_rate', 'c5_boat_exacta_rate', 'c5_average_start', 'c6_history_n', 'c6_sashi', 'c6_makuri', 'c6_attack', 'c6_st_rank', 'c6_national_win_rate', 'c6_national_exacta_rate', 'c6_local_win_rate', 'c6_local_exacta_rate', 'c6_motor_exacta_rate', 'c6_boat_exacta_rate', 'c6_average_start', 'lane1_vulnerability_rate', 'c1_exhibition_time_relative', 'c1_start_timing_relative', 'c1_lap_time_relative', 'c1_around_time_relative', 'c1_straight_time_relative', 'c1_ex_score', 'c1_st_score', 'c1_lap_score', 'c1_mawari_score', 'c1_straight_score', 'c1_attack_potential', 'c1_stable_score', 'c1_final_2nd_score', 'c1_second_rank', 'c1_gap_to_top', 'c2_exhibition_time_relative', 'c2_start_timing_relative', 'c2_lap_time_relative', 'c2_around_time_relative', 'c2_straight_time_relative', 'c2_ex_score', 'c2_st_score', 'c2_lap_score', 'c2_mawari_score', 'c2_straight_score', 'c2_attack_potential', 'c2_stable_score', 'c2_final_2nd_score', 'c2_second_rank', 'c2_gap_to_top', 'c3_exhibition_time_relative', 'c3_start_timing_relative', 'c3_lap_time_relative', 'c3_around_time_relative', 'c3_straight_time_relative', 'c3_ex_score', 'c3_st_score', 'c3_lap_score', 'c3_mawari_score', 'c3_straight_score', 'c3_attack_potential', 'c3_stable_score', 'c3_final_2nd_score', 'c3_second_rank', 'c3_gap_to_top', 'c4_exhibition_time_relative', 'c4_start_timing_relative', 'c4_lap_time_relative', 'c4_around_time_relative', 'c4_straight_time_relative', 'c4_ex_score', 'c4_st_score', 'c4_lap_score', 'c4_mawari_score', 'c4_straight_score', 'c4_attack_potential', 'c4_stable_score', 'c4_final_2nd_score', 'c4_second_rank', 'c4_gap_to_top', 'c5_exhibition_time_relative', 'c5_start_timing_relative', 'c5_lap_time_relative', 'c5_around_time_relative', 'c5_straight_time_relative', 'c5_ex_score', 'c5_st_score', 'c5_lap_score', 'c5_mawari_score', 'c5_straight_score', 'c5_attack_potential', 'c5_stable_score', 'c5_final_2nd_score', 'c5_second_rank', 'c5_gap_to_top', 'c6_exhibition_time_relative', 'c6_start_timing_relative', 'c6_lap_time_relative', 'c6_around_time_relative', 'c6_straight_time_relative', 'c6_ex_score', 'c6_st_score', 'c6_lap_score', 'c6_mawari_score', 'c6_straight_score', 'c6_attack_potential', 'c6_stable_score', 'c6_final_2nd_score', 'c6_second_rank', 'c6_gap_to_top']",,,,,[],['WeightedEnsemble_L2']
ASY,6,top3,4,ExtraTrees,-0.4772838654180778,log_loss,0.12279105186462402,1.4942634105682373,0.12279105186462402,1.4942634105682373,1,True,4,161,1,1,29564082,29564082,29564082,29564082,0,1,XTModel,,log_loss,"{'n_estimators': 300, 'max_leaf_nodes': 15000, 'n_jobs': -1, 'bootstrap': True, 'random_state': 0}",{'n_estimators': 300},"{'max_memory_usage_ratio': 1.0, 'max_gpu_memory_usage_ratio': 1.0, 'max_time_limit_ratio': 1.0, 'max_time_limit': None, 'min_time_limit': 0, 'valid_raw_types': ['bool', 'int', 'float', 'category'], 'valid_special_types': None, 'ignored_type_group_special': None, 'ignored_type_group_raw': None, 'get_features_kwargs': None, 'get_features_kwargs_extra': None, 'predict_1_batch_size': None, 'temperature_scalar': None}","['c1_history_n', 'c1_nige', 'c1_st_rank', 'c1_national_win_rate', 'c1_national_exacta_rate', 'c1_local_win_rate', 'c1_local_exacta_rate', 'c1_motor_exacta_rate', 'c1_boat_exacta_rate', 'c1_average_start', 'c2_history_n', 'c2_nige', 'c2_sashi', 'c2_makuri', 'c2_st_rank', 'c2_national_win_rate', 'c2_national_exacta_rate', 'c2_local_win_rate', 'c2_local_exacta_rate', 'c2_motor_exacta_rate', 'c2_boat_exacta_rate', 'c2_average_start', 'c3_history_n', 'c3_sashi', 'c3_makuri', 'c3_attack', 'c3_st_rank', 'c3_national_win_rate', 'c3_national_exacta_rate', 'c3_local_win_rate', 'c3_local_exacta_rate', 'c3_motor_exacta_rate', 'c3_boat_exacta_rate', 'c3_average_start', 'c4_history_n', 'c4_sashi', 'c4_makuri', 'c4_attack', 'c4_st_rank', 'c4_national_win_rate', 'c4_national_exacta_rate', 'c4_local_win_rate', 'c4_local_exacta_rate', 'c4_motor_exacta_rate', 'c4_boat_exacta_rate', 'c4_average_start', 'c5_history_n', 'c5_sashi', 'c5_makuri', 'c5_attack', 'c5_st_rank', 'c5_national_win_rate', 'c5_national_exacta_rate', 'c5_local_win_rate', 'c5_local_exacta_rate', 'c5_motor_exacta_rate', 'c5_boat_exacta_rate', 'c5_average_start', 'c6_history_n', 'c6_sashi', 'c6_makuri', 'c6_attack', 'c6_st_rank', 'c6_national_win_rate', 'c6_national_exacta_rate', 'c6_local_win_rate', 'c6_local_exacta_rate', 'c6_motor_exacta_rate', 'c6_boat_exacta_rate', 'c6_average_start', 'lane1_vulnerability_rate', 'c1_exhibition_time_relative', 'c1_start_timing_relative', 'c1_lap_time_relative', 'c1_around_time_relative', 'c1_straight_time_relative', 'c1_ex_score', 'c1_st_score', 'c1_lap_score', 'c1_mawari_score', 'c1_straight_score', 'c1_attack_potential', 'c1_stable_score', 'c1_final_2nd_score', 'c1_second_rank', 'c1_gap_to_top', 'c2_exhibition_time_relative', 'c2_start_timing_relative', 'c2_lap_time_relative', 'c2_around_time_relative', 'c2_straight_time_relative', 'c2_ex_score', 'c2_st_score', 'c2_lap_score', 'c2_mawari_score', 'c2_straight_score', 'c2_attack_potential', 'c2_stable_score', 'c2_final_2nd_score', 'c2_second_rank', 'c2_gap_to_top', 'c3_exhibition_time_relative', 'c3_start_timing_relative', 'c3_lap_time_relative', 'c3_around_time_relative', 'c3_straight_time_relative', 'c3_ex_score', 'c3_st_score', 'c3_lap_score', 'c3_mawari_score', 'c3_straight_score', 'c3_attack_potential', 'c3_stable_score', 'c3_final_2nd_score', 'c3_second_rank', 'c3_gap_to_top', 'c4_exhibition_time_relative', 'c4_start_timing_relative', 'c4_lap_time_relative', 'c4_around_time_relative', 'c4_straight_time_relative', 'c4_ex_score', 'c4_st_score', 'c4_lap_score', 'c4_mawari_score', 'c4_straight_score', 'c4_attack_potential', 'c4_stable_score', 'c4_final_2nd_score', 'c4_second_rank', 'c4_gap_to_top', 'c5_exhibition_time_relative', 'c5_start_timing_relative', 'c5_lap_time_relative', 'c5_around_time_relative', 'c5_straight_time_relative', 'c5_ex_score', 'c5_st_score', 'c5_lap_score', 'c5_mawari_score', 'c5_straight_score', 'c5_attack_potential', 'c5_stable_score', 'c5_final_2nd_score', 'c5_second_rank', 'c5_gap_to_top', 'c6_exhibition_time_relative', 'c6_start_timing_relative', 'c6_lap_time_relative', 'c6_around_time_relative', 'c6_straight_time_relative', 'c6_ex_score', 'c6_st_score', 'c6_lap_score', 'c6_mawari_score', 'c6_straight_score', 'c6_attack_potential', 'c6_stable_score', 'c6_final_2nd_score', 'c6_second_rank', 'c6_gap_to_top']",,,,,[],['WeightedEnsemble_L2']
ASY,6,top3,5,RandomForest,-0.47909800406335923,log_loss,0.1145014762878418,2.9863288402557373,0.1145014762878418,2.9863288402557373,1,True,2,161,1,1,18318397,18318397,18318397,18318397,0,0,RFModel,,log_loss,"{'n_estimators': 300, 'max_leaf_nodes': 15000, 'n_jobs': -1, 'bootstrap': True, 'random_state': 0}",{'n_estimators': 300},"{'max_memory_usage_ratio': 1.0, 'max_gpu_memory_usage_ratio': 1.0, 'max_time_limit_ratio': 1.0, 'max_time_limit': None, 'min_time_limit': 0, 'valid_raw_types': ['bool', 'int', 'float', 'category'], 'valid_special_types': None, 'ignored_type_group_special': None, 'ignored_type_group_raw': None, 'get_features_kwargs': None, 'get_features_kwargs_extra': None, 'predict_1_batch_size': None, 'temperature_scalar': None}","['c1_history_n', 'c1_nige', 'c1_st_rank', 'c1_national_win_rate', 'c1_national_exacta_rate', 'c1_local_win_rate', 'c1_local_exacta_rate', 'c1_motor_exacta_rate', 'c1_boat_exacta_rate', 'c1_average_start', 'c2_history_n', 'c2_nige', 'c2_sashi', 'c2_makuri', 'c2_st_rank', 'c2_national_win_rate', 'c2_national_exacta_rate', 'c2_local_win_rate', 'c2_local_exacta_rate', 'c2_motor_exacta_rate', 'c2_boat_exacta_rate', 'c2_average_start', 'c3_history_n', 'c3_sashi', 'c3_makuri', 'c3_attack', 'c3_st_rank', 'c3_national_win_rate', 'c3_national_exacta_rate', 'c3_local_win_rate', 'c3_local_exacta_rate', 'c3_motor_exacta_rate', 'c3_boat_exacta_rate', 'c3_average_start', 'c4_history_n', 'c4_sashi', 'c4_makuri', 'c4_attack', 'c4_st_rank', 'c4_national_win_rate', 'c4_national_exacta_rate', 'c4_local_win_rate', 'c4_local_exacta_rate', 'c4_motor_exacta_rate', 'c4_boat_exacta_rate', 'c4_average_start', 'c5_history_n', 'c5_sashi', 'c5_makuri', 'c5_attack', 'c5_st_rank', 'c5_national_win_rate', 'c5_national_exacta_rate', 'c5_local_win_rate', 'c5_local_exacta_rate', 'c5_motor_exacta_rate', 'c5_boat_exacta_rate', 'c5_average_start', 'c6_history_n', 'c6_sashi', 'c6_makuri', 'c6_attack', 'c6_st_rank', 'c6_national_win_rate', 'c6_national_exacta_rate', 'c6_local_win_rate', 'c6_local_exacta_rate', 'c6_motor_exacta_rate', 'c6_boat_exacta_rate', 'c6_average_start', 'lane1_vulnerability_rate', 'c1_exhibition_time_relative', 'c1_start_timing_relative', 'c1_lap_time_relative', 'c1_around_time_relative', 'c1_straight_time_relative', 'c1_ex_score', 'c1_st_score', 'c1_lap_score', 'c1_mawari_score', 'c1_straight_score', 'c1_attack_potential', 'c1_stable_score', 'c1_final_2nd_score', 'c1_second_rank', 'c1_gap_to_top', 'c2_exhibition_time_relative', 'c2_start_timing_relative', 'c2_lap_time_relative', 'c2_around_time_relative', 'c2_straight_time_relative', 'c2_ex_score', 'c2_st_score', 'c2_lap_score', 'c2_mawari_score', 'c2_straight_score', 'c2_attack_potential', 'c2_stable_score', 'c2_final_2nd_score', 'c2_second_rank', 'c2_gap_to_top', 'c3_exhibition_time_relative', 'c3_start_timing_relative', 'c3_lap_time_relative', 'c3_around_time_relative', 'c3_straight_time_relative', 'c3_ex_score', 'c3_st_score', 'c3_lap_score', 'c3_mawari_score', 'c3_straight_score', 'c3_attack_potential', 'c3_stable_score', 'c3_final_2nd_score', 'c3_second_rank', 'c3_gap_to_top', 'c4_exhibition_time_relative', 'c4_start_timing_relative', 'c4_lap_time_relative', 'c4_around_time_relative', 'c4_straight_time_relative', 'c4_ex_score', 'c4_st_score', 'c4_lap_score', 'c4_mawari_score', 'c4_straight_score', 'c4_attack_potential', 'c4_stable_score', 'c4_final_2nd_score', 'c4_second_rank', 'c4_gap_to_top', 'c5_exhibition_time_relative', 'c5_start_timing_relative', 'c5_lap_time_relative', 'c5_around_time_relative', 'c5_straight_time_relative', 'c5_ex_score', 'c5_st_score', 'c5_lap_score', 'c5_mawari_score', 'c5_straight_score', 'c5_attack_potential', 'c5_stable_score', 'c5_final_2nd_score', 'c5_second_rank', 'c5_gap_to_top', 'c6_exhibition_time_relative', 'c6_start_timing_relative', 'c6_lap_time_relative', 'c6_around_time_relative', 'c6_straight_time_relative', 'c6_ex_score', 'c6_st_score', 'c6_lap_score', 'c6_mawari_score', 'c6_straight_score', 'c6_attack_potential', 'c6_stable_score', 'c6_final_2nd_score', 'c6_second_rank', 'c6_gap_to_top']",,,,,[],[]
ASY,6,top3,6,XGBoost,-0.4803569830522329,log_loss,0.014696598052978516,6.4674036502838135,0.014696598052978516,6.4674036502838135,1,True,5,161,1,1,847563,847563,847563,847563,0,0,XGBoostModel,,log_loss,"{'n_estimators': 10000, 'learning_rate': 0.1, 'n_jobs': -1, 'proc.max_category_levels': 100, 'objective': 'binary:logistic', 'booster': 'gbtree', 'seed': 0}",{'n_estimators': 27},"{'max_memory_usage_ratio': 1.0, 'max_gpu_memory_usage_ratio': 1.0, 'max_time_limit_ratio': 1.0, 'max_time_limit': None, 'min_time_limit': 0, 'valid_raw_types': ['bool', 'int', 'float', 'category'], 'valid_special_types': None, 'ignored_type_group_special': None, 'ignored_type_group_raw': None, 'get_features_kwargs': None, 'get_features_kwargs_extra': None, 'predict_1_batch_size': None, 'temperature_scalar': None}","['c1_history_n', 'c1_nige', 'c1_st_rank', 'c1_national_win_rate', 'c1_national_exacta_rate', 'c1_local_win_rate', 'c1_local_exacta_rate', 'c1_motor_exacta_rate', 'c1_boat_exacta_rate', 'c1_average_start', 'c2_history_n', 'c2_nige', 'c2_sashi', 'c2_makuri', 'c2_st_rank', 'c2_national_win_rate', 'c2_national_exacta_rate', 'c2_local_win_rate', 'c2_local_exacta_rate', 'c2_motor_exacta_rate', 'c2_boat_exacta_rate', 'c2_average_start', 'c3_history_n', 'c3_sashi', 'c3_makuri', 'c3_attack', 'c3_st_rank', 'c3_national_win_rate', 'c3_national_exacta_rate', 'c3_local_win_rate', 'c3_local_exacta_rate', 'c3_motor_exacta_rate', 'c3_boat_exacta_rate', 'c3_average_start', 'c4_history_n', 'c4_sashi', 'c4_makuri', 'c4_attack', 'c4_st_rank', 'c4_national_win_rate', 'c4_national_exacta_rate', 'c4_local_win_rate', 'c4_local_exacta_rate', 'c4_motor_exacta_rate', 'c4_boat_exacta_rate', 'c4_average_start', 'c5_history_n', 'c5_sashi', 'c5_makuri', 'c5_attack', 'c5_st_rank', 'c5_national_win_rate', 'c5_national_exacta_rate', 'c5_local_win_rate', 'c5_local_exacta_rate', 'c5_motor_exacta_rate', 'c5_boat_exacta_rate', 'c5_average_start', 'c6_history_n', 'c6_sashi', 'c6_makuri', 'c6_attack', 'c6_st_rank', 'c6_national_win_rate', 'c6_national_exacta_rate', 'c6_local_win_rate', 'c6_local_exacta_rate', 'c6_motor_exacta_rate', 'c6_boat_exacta_rate', 'c6_average_start', 'lane1_vulnerability_rate', 'c1_exhibition_time_relative', 'c1_start_timing_relative', 'c1_lap_time_relative', 'c1_around_time_relative', 'c1_straight_time_relative', 'c1_ex_score', 'c1_st_score', 'c1_lap_score', 'c1_mawari_score', 'c1_straight_score', 'c1_attack_potential', 'c1_stable_score', 'c1_final_2nd_score', 'c1_second_rank', 'c1_gap_to_top', 'c2_exhibition_time_relative', 'c2_start_timing_relative', 'c2_lap_time_relative', 'c2_around_time_relative', 'c2_straight_time_relative', 'c2_ex_score', 'c2_st_score', 'c2_lap_score', 'c2_mawari_score', 'c2_straight_score', 'c2_attack_potential', 'c2_stable_score', 'c2_final_2nd_score', 'c2_second_rank', 'c2_gap_to_top', 'c3_exhibition_time_relative', 'c3_start_timing_relative', 'c3_lap_time_relative', 'c3_around_time_relative', 'c3_straight_time_relative', 'c3_ex_score', 'c3_st_score', 'c3_lap_score', 'c3_mawari_score', 'c3_straight_score', 'c3_attack_potential', 'c3_stable_score', 'c3_final_2nd_score', 'c3_second_rank', 'c3_gap_to_top', 'c4_exhibition_time_relative', 'c4_start_timing_relative', 'c4_lap_time_relative', 'c4_around_time_relative', 'c4_straight_time_relative', 'c4_ex_score', 'c4_st_score', 'c4_lap_score', 'c4_mawari_score', 'c4_straight_score', 'c4_attack_potential', 'c4_stable_score', 'c4_final_2nd_score', 'c4_second_rank', 'c4_gap_to_top', 'c5_exhibition_time_relative', 'c5_start_timing_relative', 'c5_lap_time_relative', 'c5_around_time_relative', 'c5_straight_time_relative', 'c5_ex_score', 'c5_st_score', 'c5_lap_score', 'c5_mawari_score', 'c5_straight_score', 'c5_attack_potential', 'c5_stable_score', 'c5_final_2nd_score', 'c5_second_rank', 'c5_gap_to_top', 'c6_exhibition_time_relative', 'c6_start_timing_relative', 'c6_lap_time_relative', 'c6_around_time_relative', 'c6_straight_time_relative', 'c6_ex_score', 'c6_st_score', 'c6_lap_score', 'c6_mawari_score', 'c6_straight_score', 'c6_attack_potential', 'c6_stable_score', 'c6_final_2nd_score', 'c6_second_rank', 'c6_gap_to_top']",,,,,[],[]
AMG,1,first,1,WeightedEnsemble_L2,-0.5835932529394234,log_loss,0.019917964935302734,12.911654472351074,0.0007023811340332031,0.019846677780151367,2,True,6,2,1,3,3784,1219683,3784,1035015,2,0,WeightedEnsembleModel,GreedyWeightedEnsembleModel,log_loss,"{'use_orig_features': False, 'valid_stacker': True, 'max_base_models': 0, 'max_base_models_per_type': 'auto', 'save_bag_folds': True, 'stratify': 'auto', 'bin': 'auto', 'n_bins': None, 'vary_seed_across_folds': False, 'custom_splits': None, 'model_random_seed': 0}",{},"{'max_memory_usage_ratio': 1.0, 'max_gpu_memory_usage_ratio': 1.0, 'max_time_limit_ratio': 1.0, 'max_time_limit': None, 'min_time_limit': 0, 'valid_raw_types': None, 'valid_special_types': None, 'ignored_type_group_special': None, 'ignored_type_group_raw': None, 'get_features_kwargs': None, 'get_features_kwargs_extra': None, 'predict_1_batch_size': None, 'temperature_scalar': None, 'drop_unique': False}","['XGBoost', 'CatBoost']",,"{'ensemble_size': 25, 'subsample_size': 1000000}",{'ensemble_size': 9},"{'max_memory_usage_ratio': 1.0, 'max_gpu_memory_usage_ratio': 1.0, 'max_time_limit_ratio': 1.0, 'max_time_limit': None, 'min_time_limit': 0, 'valid_raw_types': None, 'valid_special_types': None, 'ignored_type_group_special': None, 'ignored_type_group_raw': None, 'get_features_kwargs': None, 'get_features_kwargs_extra': None, 'predict_1_batch_size': None, 'temperature_scalar': None, 'drop_unique': False}","['XGBoost', 'CatBoost']",[]
AMG,1,first,2,CatBoost,-0.5868651662256539,log_loss,0.00974130630493164,6.285748481750488,0.00974130630493164,6.285748481750488,1,True,3,148,1,1,180884,180884,180884,180884,0,1,CatBoostModel,,log_loss,"{'iterations': 10000, 'learning_rate': 0.05, 'allow_writing_files': False, 'eval_metric': 'Logloss', 'random_seed': 0}",{'iterations': 118},"{'max_memory_usage_ratio': 1.0, 'max_gpu_memory_usage_ratio': 1.0, 'max_time_limit_ratio': 1.0, 'max_time_limit': None, 'min_time_limit': 0, 'valid_raw_types': ['bool', 'int', 'float', 'category'], 'valid_special_types': None, 'ignored_type_group_special': None, 'ignored_type_group_raw': None, 'get_features_kwargs': None, 'get_features_kwargs_extra': None, 'predict_1_batch_size': None, 'temperature_scalar': None}","['c1_history_n', 'c1_nige', 'c1_st_rank', 'c1_national_win_rate', 'c1_national_exacta_rate', 'c1_local_win_rate', 'c1_local_exacta_rate', 'c1_motor_exacta_rate', 'c1_boat_exacta_rate', 'c1_average_start', 'c2_history_n', 'c2_sashi', 'c2_makuri', 'c2_st_rank', 'c2_national_win_rate', 'c2_national_exacta_rate', 'c2_local_win_rate', 'c2_local_exacta_rate', 'c2_motor_exacta_rate', 'c2_boat_exacta_rate', 'c2_average_start', 'c3_history_n', 'c3_sashi', 'c3_makuri', 'c3_attack', 'c3_st_rank', 'c3_national_win_rate', 'c3_national_exacta_rate', 'c3_local_win_rate', 'c3_local_exacta_rate', 'c3_motor_exacta_rate', 'c3_boat_exacta_rate', 'c3_average_start', 'c4_history_n', 'c4_sashi', 'c4_makuri', 'c4_attack', 'c4_st_rank', 'c4_national_win_rate', 'c4_national_exacta_rate', 'c4_local_win_rate', 'c4_local_exacta_rate', 'c4_motor_exacta_rate', 'c4_boat_exacta_rate', 'c4_average_start', 'c5_history_n', 'c5_sashi', 'c5_makuri', 'c5_attack', 'c5_st_rank', 'c5_national_win_rate', 'c5_national_exacta_rate', 'c5_local_win_rate', 'c5_local_exacta_rate', 'c5_motor_exacta_rate', 'c5_boat_exacta_rate', 'c5_average_start', 'c6_history_n', 'c6_sashi', 'c6_makuri', 'c6_attack', 'c6_st_rank', 'c6_national_win_rate', 'c6_national_exacta_rate', 'c6_local_win_rate', 'c6_local_exacta_rate', 'c6_motor_exacta_rate', 'c6_boat_exacta_rate', 'c6_average_start', 'lane1_vulnerability_rate', 'c1_exhibition_time_relative', 'c1_start_timing_relative', 'c1_lap_time_relative', 'c1_around_time_relative', 'c1_ex_score', 'c1_st_score', 'c1_lap_score', 'c1_mawari_score', 'c1_attack_potential', 'c1_stable_score', 'c1_final_2nd_score', 'c1_second_rank', 'c1_gap_to_top', 'c2_exhibition_time_relative', 'c2_start_timing_relative', 'c2_lap_time_relative', 'c2_around_time_relative', 'c2_ex_score', 'c2_st_score', 'c2_lap_score', 'c2_mawari_score', 'c2_attack_potential', 'c2_stable_score', 'c2_final_2nd_score', 'c2_second_rank', 'c2_gap_to_top', 'c3_exhibition_time_relative', 'c3_start_timing_relative', 'c3_lap_time_relative', 'c3_around_time_relative', 'c3_ex_score', 'c3_st_score', 'c3_lap_score', 'c3_mawari_score', 'c3_attack_potential', 'c3_stable_score', 'c3_final_2nd_score', 'c3_second_rank', 'c3_gap_to_top', 'c4_exhibition_time_relative', 'c4_start_timing_relative', 'c4_lap_time_relative', 'c4_around_time_relative', 'c4_ex_score', 'c4_st_score', 'c4_lap_score', 'c4_mawari_score', 'c4_attack_potential', 'c4_stable_score', 'c4_final_2nd_score', 'c4_second_rank', 'c4_gap_to_top', 'c5_exhibition_time_relative', 'c5_start_timing_relative', 'c5_lap_time_relative', 'c5_around_time_relative', 'c5_ex_score', 'c5_st_score', 'c5_lap_score', 'c5_mawari_score', 'c5_attack_potential', 'c5_stable_score', 'c5_final_2nd_score', 'c5_second_rank', 'c5_gap_to_top', 'c6_exhibition_time_relative', 'c6_start_timing_relative', 'c6_lap_time_relative', 'c6_around_time_relative', 'c6_ex_score', 'c6_st_score', 'c6_lap_score', 'c6_mawari_score', 'c6_attack_potential', 'c6_stable_score', 'c6_final_2nd_score', 'c6_second_rank', 'c6_gap_to_top']",,,,,[],['WeightedEnsemble_L2']
AMG,1,first,3,XGBoost,-0.589352065276522,log_loss,0.00947427749633789,6.606059312820435,0.00947427749633789,6.606059312820435,1,True,5,148,1,1,1035015,1035015,1035015,1035015,0,1,XGBoostModel,,log_loss,"{'n_estimators': 10000, 'learning_rate': 0.1, 'n_jobs': -1, 'proc.max_category_levels': 100, 'objective': 'binary:logistic', 'booster': 'gbtree', 'seed': 0}",{'n_estimators': 33},"{'max_memory_usage_ratio': 1.0, 'max_gpu_memory_usage_ratio': 1.0, 'max_time_limit_ratio': 1.0, 'max_time_limit': None, 'min_time_limit': 0, 'valid_raw_types': ['bool', 'int', 'float', 'category'], 'valid_special_types': None, 'ignored_type_group_special': None, 'ignored_type_group_raw': None, 'get_features_kwargs': None, 'get_features_kwargs_extra': None, 'predict_1_batch_size': None, 'temperature_scalar': None}","['c1_history_n', 'c1_nige', 'c1_st_rank', 'c1_national_win_rate', 'c1_national_exacta_rate', 'c1_local_win_rate', 'c1_local_exacta_rate', 'c1_motor_exacta_rate', 'c1_boat_exacta_rate', 'c1_average_start', 'c2_history_n', 'c2_sashi', 'c2_makuri', 'c2_st_rank', 'c2_national_win_rate', 'c2_national_exacta_rate', 'c2_local_win_rate', 'c2_local_exacta_rate', 'c2_motor_exacta_rate', 'c2_boat_exacta_rate', 'c2_average_start', 'c3_history_n', 'c3_sashi', 'c3_makuri', 'c3_attack', 'c3_st_rank', 'c3_national_win_rate', 'c3_national_exacta_rate', 'c3_local_win_rate', 'c3_local_exacta_rate', 'c3_motor_exacta_rate', 'c3_boat_exacta_rate', 'c3_average_start', 'c4_history_n', 'c4_sashi', 'c4_makuri', 'c4_attack', 'c4_st_rank', 'c4_national_win_rate', 'c4_national_exacta_rate', 'c4_local_win_rate', 'c4_local_exacta_rate', 'c4_motor_exacta_rate', 'c4_boat_exacta_rate', 'c4_average_start', 'c5_history_n', 'c5_sashi', 'c5_makuri', 'c5_attack', 'c5_st_rank', 'c5_national_win_rate', 'c5_national_exacta_rate', 'c5_local_win_rate', 'c5_local_exacta_rate', 'c5_motor_exacta_rate', 'c5_boat_exacta_rate', 'c5_average_start', 'c6_history_n', 'c6_sashi', 'c6_makuri', 'c6_attack', 'c6_st_rank', 'c6_national_win_rate', 'c6_national_exacta_rate', 'c6_local_win_rate', 'c6_local_exacta_rate', 'c6_motor_exacta_rate', 'c6_boat_exacta_rate', 'c6_average_start', 'lane1_vulnerability_rate', 'c1_exhibition_time_relative', 'c1_start_timing_relative', 'c1_lap_time_relative', 'c1_around_time_relative', 'c1_ex_score', 'c1_st_score', 'c1_lap_score', 'c1_mawari_score', 'c1_attack_potential', 'c1_stable_score', 'c1_final_2nd_score', 'c1_second_rank', 'c1_gap_to_top', 'c2_exhibition_time_relative', 'c2_start_timing_relative', 'c2_lap_time_relative', 'c2_around_time_relative', 'c2_ex_score', 'c2_st_score', 'c2_lap_score', 'c2_mawari_score', 'c2_attack_potential', 'c2_stable_score', 'c2_final_2nd_score', 'c2_second_rank', 'c2_gap_to_top', 'c3_exhibition_time_relative', 'c3_start_timing_relative', 'c3_lap_time_relative', 'c3_around_time_relative', 'c3_ex_score', 'c3_st_score', 'c3_lap_score', 'c3_mawari_score', 'c3_attack_potential', 'c3_stable_score', 'c3_final_2nd_score', 'c3_second_rank', 'c3_gap_to_top', 'c4_exhibition_time_relative', 'c4_start_timing_relative', 'c4_lap_time_relative', 'c4_around_time_relative', 'c4_ex_score', 'c4_st_score', 'c4_lap_score', 'c4_mawari_score', 'c4_attack_potential', 'c4_stable_score', 'c4_final_2nd_score', 'c4_second_rank', 'c4_gap_to_top', 'c5_exhibition_time_relative', 'c5_start_timing_relative', 'c5_lap_time_relative', 'c5_around_time_relative', 'c5_ex_score', 'c5_st_score', 'c5_lap_score', 'c5_mawari_score', 'c5_attack_potential', 'c5_stable_score', 'c5_final_2nd_score', 'c5_second_rank', 'c5_gap_to_top', 'c6_exhibition_time_relative', 'c6_start_timing_relative', 'c6_lap_time_relative', 'c6_around_time_relative', 'c6_ex_score', 'c6_st_score', 'c6_lap_score', 'c6_mawari_score', 'c6_attack_potential', 'c6_stable_score', 'c6_final_2nd_score', 'c6_second_rank', 'c6_gap_to_top']",,,,,[],['WeightedEnsemble_L2']
AMG,1,first,4,LightGBM,-0.5936834661596716,log_loss,0.0037012100219726562,2.475592851638794,0.0037012100219726562,2.475592851638794,1,True,1,148,1,1,251597,251597,251597,251597,0,0,LGBModel,,log_loss,"{'learning_rate': 0.05, 'seed': 0}",{'num_boost_round': 68},"{'max_memory_usage_ratio': 1.0, 'max_gpu_memory_usage_ratio': 1.0, 'max_time_limit_ratio': 1.0, 'max_time_limit': None, 'min_time_limit': 0, 'valid_raw_types': ['bool', 'int', 'float', 'category'], 'valid_special_types': None, 'ignored_type_group_special': None, 'ignored_type_group_raw': None, 'get_features_kwargs': None, 'get_features_kwargs_extra': None, 'predict_1_batch_size': None, 'temperature_scalar': None}","['c1_history_n', 'c1_nige', 'c1_st_rank', 'c1_national_win_rate', 'c1_national_exacta_rate', 'c1_local_win_rate', 'c1_local_exacta_rate', 'c1_motor_exacta_rate', 'c1_boat_exacta_rate', 'c1_average_start', 'c2_history_n', 'c2_sashi', 'c2_makuri', 'c2_st_rank', 'c2_national_win_rate', 'c2_national_exacta_rate', 'c2_local_win_rate', 'c2_local_exacta_rate', 'c2_motor_exacta_rate', 'c2_boat_exacta_rate', 'c2_average_start', 'c3_history_n', 'c3_sashi', 'c3_makuri', 'c3_attack', 'c3_st_rank', 'c3_national_win_rate', 'c3_national_exacta_rate', 'c3_local_win_rate', 'c3_local_exacta_rate', 'c3_motor_exacta_rate', 'c3_boat_exacta_rate', 'c3_average_start', 'c4_history_n', 'c4_sashi', 'c4_makuri', 'c4_attack', 'c4_st_rank', 'c4_national_win_rate', 'c4_national_exacta_rate', 'c4_local_win_rate', 'c4_local_exacta_rate', 'c4_motor_exacta_rate', 'c4_boat_exacta_rate', 'c4_average_start', 'c5_history_n', 'c5_sashi', 'c5_makuri', 'c5_attack', 'c5_st_rank', 'c5_national_win_rate', 'c5_national_exacta_rate', 'c5_local_win_rate', 'c5_local_exacta_rate', 'c5_motor_exacta_rate', 'c5_boat_exacta_rate', 'c5_average_start', 'c6_history_n', 'c6_sashi', 'c6_makuri', 'c6_attack', 'c6_st_rank', 'c6_national_win_rate', 'c6_national_exacta_rate', 'c6_local_win_rate', 'c6_local_exacta_rate', 'c6_motor_exacta_rate', 'c6_boat_exacta_rate', 'c6_average_start', 'lane1_vulnerability_rate', 'c1_exhibition_time_relative', 'c1_start_timing_relative', 'c1_lap_time_relative', 'c1_around_time_relative', 'c1_ex_score', 'c1_st_score', 'c1_lap_score', 'c1_mawari_score', 'c1_attack_potential', 'c1_stable_score', 'c1_final_2nd_score', 'c1_second_rank', 'c1_gap_to_top', 'c2_exhibition_time_relative', 'c2_start_timing_relative', 'c2_lap_time_relative', 'c2_around_time_relative', 'c2_ex_score', 'c2_st_score', 'c2_lap_score', 'c2_mawari_score', 'c2_attack_potential', 'c2_stable_score', 'c2_final_2nd_score', 'c2_second_rank', 'c2_gap_to_top', 'c3_exhibition_time_relative', 'c3_start_timing_relative', 'c3_lap_time_relative', 'c3_around_time_relative', 'c3_ex_score', 'c3_st_score', 'c3_lap_score', 'c3_mawari_score', 'c3_attack_potential', 'c3_stable_score', 'c3_final_2nd_score', 'c3_second_rank', 'c3_gap_to_top', 'c4_exhibition_time_relative', 'c4_start_timing_relative', 'c4_lap_time_relative', 'c4_around_time_relative', 'c4_ex_score', 'c4_st_score', 'c4_lap_score', 'c4_mawari_score', 'c4_attack_potential', 'c4_stable_score', 'c4_final_2nd_score', 'c4_second_rank', 'c4_gap_to_top', 'c5_exhibition_time_relative', 'c5_start_timing_relative', 'c5_lap_time_relative', 'c5_around_time_relative', 'c5_ex_score', 'c5_st_score', 'c5_lap_score', 'c5_mawari_score', 'c5_attack_potential', 'c5_stable_score', 'c5_final_2nd_score', 'c5_second_rank', 'c5_gap_to_top', 'c6_exhibition_time_relative', 'c6_start_timing_relative', 'c6_lap_time_relative', 'c6_around_time_relative', 'c6_ex_score', 'c6_st_score', 'c6_lap_score', 'c6_mawari_score', 'c6_attack_potential', 'c6_stable_score', 'c6_final_2nd_score', 'c6_second_rank', 'c6_gap_to_top']",,,,,[],[]
AMG,1,first,5,RandomForest,-0.5994408543834486,log_loss,0.11107516288757324,3.1658504009246826,0.11107516288757324,3.1658504009246826,1,True,2,148,1,1,25235662,25235662,25235662,25235662,0,0,RFModel,,log_loss,"{'n_estimators': 300, 'max_leaf_nodes': 15000, 'n_jobs': -1, 'bootstrap': True, 'random_state': 0}",{'n_estimators': 300},"{'max_memory_usage_ratio': 1.0, 'max_gpu_memory_usage_ratio': 1.0, 'max_time_limit_ratio': 1.0, 'max_time_limit': None, 'min_time_limit': 0, 'valid_raw_types': ['bool', 'int', 'float', 'category'], 'valid_special_types': None, 'ignored_type_group_special': None, 'ignored_type_group_raw': None, 'get_features_kwargs': None, 'get_features_kwargs_extra': None, 'predict_1_batch_size': None, 'temperature_scalar': None}","['c1_history_n', 'c1_nige', 'c1_st_rank', 'c1_national_win_rate', 'c1_national_exacta_rate', 'c1_local_win_rate', 'c1_local_exacta_rate', 'c1_motor_exacta_rate', 'c1_boat_exacta_rate', 'c1_average_start', 'c2_history_n', 'c2_sashi', 'c2_makuri', 'c2_st_rank', 'c2_national_win_rate', 'c2_national_exacta_rate', 'c2_local_win_rate', 'c2_local_exacta_rate', 'c2_motor_exacta_rate', 'c2_boat_exacta_rate', 'c2_average_start', 'c3_history_n', 'c3_sashi', 'c3_makuri', 'c3_attack', 'c3_st_rank', 'c3_national_win_rate', 'c3_national_exacta_rate', 'c3_local_win_rate', 'c3_local_exacta_rate', 'c3_motor_exacta_rate', 'c3_boat_exacta_rate', 'c3_average_start', 'c4_history_n', 'c4_sashi', 'c4_makuri', 'c4_attack', 'c4_st_rank', 'c4_national_win_rate', 'c4_national_exacta_rate', 'c4_local_win_rate', 'c4_local_exacta_rate', 'c4_motor_exacta_rate', 'c4_boat_exacta_rate', 'c4_average_start', 'c5_history_n', 'c5_sashi', 'c5_makuri', 'c5_attack', 'c5_st_rank', 'c5_national_win_rate', 'c5_national_exacta_rate', 'c5_local_win_rate', 'c5_local_exacta_rate', 'c5_motor_exacta_rate', 'c5_boat_exacta_rate', 'c5_average_start', 'c6_history_n', 'c6_sashi', 'c6_makuri', 'c6_attack', 'c6_st_rank', 'c6_national_win_rate', 'c6_national_exacta_rate', 'c6_local_win_rate', 'c6_local_exacta_rate', 'c6_motor_exacta_rate', 'c6_boat_exacta_rate', 'c6_average_start', 'lane1_vulnerability_rate', 'c1_exhibition_time_relative', 'c1_start_timing_relative', 'c1_lap_time_relative', 'c1_around_time_relative', 'c1_ex_score', 'c1_st_score', 'c1_lap_score', 'c1_mawari_score', 'c1_attack_potential', 'c1_stable_score', 'c1_final_2nd_score', 'c1_second_rank', 'c1_gap_to_top', 'c2_exhibition_time_relative', 'c2_start_timing_relative', 'c2_lap_time_relative', 'c2_around_time_relative', 'c2_ex_score', 'c2_st_score', 'c2_lap_score', 'c2_mawari_score', 'c2_attack_potential', 'c2_stable_score', 'c2_final_2nd_score', 'c2_second_rank', 'c2_gap_to_top', 'c3_exhibition_time_relative', 'c3_start_timing_relative', 'c3_lap_time_relative', 'c3_around_time_relative', 'c3_ex_score', 'c3_st_score', 'c3_lap_score', 'c3_mawari_score', 'c3_attack_potential', 'c3_stable_score', 'c3_final_2nd_score', 'c3_second_rank', 'c3_gap_to_top', 'c4_exhibition_time_relative', 'c4_start_timing_relative', 'c4_lap_time_relative', 'c4_around_time_relative', 'c4_ex_score', 'c4_st_score', 'c4_lap_score', 'c4_mawari_score', 'c4_attack_potential', 'c4_stable_score', 'c4_final_2nd_score', 'c4_second_rank', 'c4_gap_to_top', 'c5_exhibition_time_relative', 'c5_start_timing_relative', 'c5_lap_time_relative', 'c5_around_time_relative', 'c5_ex_score', 'c5_st_score', 'c5_lap_score', 'c5_mawari_score', 'c5_attack_potential', 'c5_stable_score', 'c5_final_2nd_score', 'c5_second_rank', 'c5_gap_to_top', 'c6_exhibition_time_relative', 'c6_start_timing_relative', 'c6_lap_time_relative', 'c6_around_time_relative', 'c6_ex_score', 'c6_st_score', 'c6_lap_score', 'c6_mawari_score', 'c6_attack_potential', 'c6_stable_score', 'c6_final_2nd_score', 'c6_second_rank', 'c6_gap_to_top']",,,,,[],[]
AMG,1,first,6,ExtraTrees,-0.6102669472966101,log_loss,0.1109473705291748,1.6430301666259766,0.1109473705291748,1.6430301666259766,1,True,4,148,1,1,40973256,40973256,40973256,40973256,0,0,XTModel,,log_loss,"{'n_estimators': 300, 'max_leaf_nodes': 15000, 'n_jobs': -1, 'bootstrap': True, 'random_state': 0}",{'n_estimators': 300},"{'max_memory_usage_ratio': 1.0, 'max_gpu_memory_usage_ratio': 1.0, 'max_time_limit_ratio': 1.0, 'max_time_limit': None, 'min_time_limit': 0, 'valid_raw_types': ['bool', 'int', 'float', 'category'], 'valid_special_types': None, 'ignored_type_group_special': None, 'ignored_type_group_raw': None, 'get_features_kwargs': None, 'get_features_kwargs_extra': None, 'predict_1_batch_size': None, 'temperature_scalar': None}","['c1_history_n', 'c1_nige', 'c1_st_rank', 'c1_national_win_rate', 'c1_national_exacta_rate', 'c1_local_win_rate', 'c1_local_exacta_rate', 'c1_motor_exacta_rate', 'c1_boat_exacta_rate', 'c1_average_start', 'c2_history_n', 'c2_sashi', 'c2_makuri', 'c2_st_rank', 'c2_national_win_rate', 'c2_national_exacta_rate', 'c2_local_win_rate', 'c2_local_exacta_rate', 'c2_motor_exacta_rate', 'c2_boat_exacta_rate', 'c2_average_start', 'c3_history_n', 'c3_sashi', 'c3_makuri', 'c3_attack', 'c3_st_rank', 'c3_national_win_rate', 'c3_national_exacta_rate', 'c3_local_win_rate', 'c3_local_exacta_rate', 'c3_motor_exacta_rate', 'c3_boat_exacta_rate', 'c3_average_start', 'c4_history_n', 'c4_sashi', 'c4_makuri', 'c4_attack', 'c4_st_rank', 'c4_national_win_rate', 'c4_national_exacta_rate', 'c4_local_win_rate', 'c4_local_exacta_rate', 'c4_motor_exacta_rate', 'c4_boat_exacta_rate', 'c4_average_start', 'c5_history_n', 'c5_sashi', 'c5_makuri', 'c5_attack', 'c5_st_rank', 'c5_national_win_rate', 'c5_national_exacta_rate', 'c5_local_win_rate', 'c5_local_exacta_rate', 'c5_motor_exacta_rate', 'c5_boat_exacta_rate', 'c5_average_start', 'c6_history_n', 'c6_sashi', 'c6_makuri', 'c6_attack', 'c6_st_rank', 'c6_national_win_rate', 'c6_national_exacta_rate', 'c6_local_win_rate', 'c6_local_exacta_rate', 'c6_motor_exacta_rate', 'c6_boat_exacta_rate', 'c6_average_start', 'lane1_vulnerability_rate', 'c1_exhibition_time_relative', 'c1_start_timing_relative', 'c1_lap_time_relative', 'c1_around_time_relative', 'c1_ex_score', 'c1_st_score', 'c1_lap_score', 'c1_mawari_score', 'c1_attack_potential', 'c1_stable_score', 'c1_final_2nd_score', 'c1_second_rank', 'c1_gap_to_top', 'c2_exhibition_time_relative', 'c2_start_timing_relative', 'c2_lap_time_relative', 'c2_around_time_relative', 'c2_ex_score', 'c2_st_score', 'c2_lap_score', 'c2_mawari_score', 'c2_attack_potential', 'c2_stable_score', 'c2_final_2nd_score', 'c2_second_rank', 'c2_gap_to_top', 'c3_exhibition_time_relative', 'c3_start_timing_relative', 'c3_lap_time_relative', 'c3_around_time_relative', 'c3_ex_score', 'c3_st_score', 'c3_lap_score', 'c3_mawari_score', 'c3_attack_potential', 'c3_stable_score', 'c3_final_2nd_score', 'c3_second_rank', 'c3_gap_to_top', 'c4_exhibition_time_relative', 'c4_start_timing_relative', 'c4_lap_time_relative', 'c4_around_time_relative', 'c4_ex_score', 'c4_st_score', 'c4_lap_score', 'c4_mawari_score', 'c4_attack_potential', 'c4_stable_score', 'c4_final_2nd_score', 'c4_second_rank', 'c4_gap_to_top', 'c5_exhibition_time_relative', 'c5_start_timing_relative', 'c5_lap_time_relative', 'c5_around_time_relative', 'c5_ex_score', 'c5_st_score', 'c5_lap_score', 'c5_mawari_score', 'c5_attack_potential', 'c5_stable_score', 'c5_final_2nd_score', 'c5_second_rank', 'c5_gap_to_top', 'c6_exhibition_time_relative', 'c6_start_timing_relative', 'c6_lap_time_relative', 'c6_around_time_relative', 'c6_ex_score', 'c6_st_score', 'c6_lap_score', 'c6_mawari_score', 'c6_attack_potential', 'c6_stable_score', 'c6_final_2nd_score', 'c6_second_rank', 'c6_gap_to_top']",,,,,[],[]
AMG,1,top2,1,WeightedEnsemble_L2,-0.5037725384586573,log_loss,0.13534092903137207,20.645676136016846,0.0006923675537109375,0.019425392150878906,2,True,6,4,1,5,3798,36118495,3798,34345094,4,0,WeightedEnsembleModel,GreedyWeightedEnsembleModel,log_loss,"{'use_orig_features': False, 'valid_stacker': True, 'max_base_models': 0, 'max_base_models_per_type': 'auto', 'save_bag_folds': True, 'stratify': 'auto', 'bin': 'auto', 'n_bins': None, 'vary_seed_across_folds': False, 'custom_splits': None, 'model_random_seed': 0}",{},"{'max_memory_usage_ratio': 1.0, 'max_gpu_memory_usage_ratio': 1.0, 'max_time_limit_ratio': 1.0, 'max_time_limit': None, 'min_time_limit': 0, 'valid_raw_types': None, 'valid_special_types': None, 'ignored_type_group_special': None, 'ignored_type_group_raw': None, 'get_features_kwargs': None, 'get_features_kwargs_extra': None, 'predict_1_batch_size': None, 'temperature_scalar': None, 'drop_unique': False}","['LightGBM', 'XGBoost', 'CatBoost', 'ExtraTrees']",,"{'ensemble_size': 25, 'subsample_size': 1000000}",{'ensemble_size': 23},"{'max_memory_usage_ratio': 1.0, 'max_gpu_memory_usage_ratio': 1.0, 'max_time_limit_ratio': 1.0, 'max_time_limit': None, 'min_time_limit': 0, 'valid_raw_types': None, 'valid_special_types': None, 'ignored_type_group_special': None, 'ignored_type_group_raw': None, 'get_features_kwargs': None, 'get_features_kwargs_extra': None, 'predict_1_batch_size': None, 'temperature_scalar': None, 'drop_unique': False}","['LightGBM', 'XGBoost', 'CatBoost', 'ExtraTrees']",[]
AMG,1,top2,2,CatBoost,-0.5066973725169673,log_loss,0.010137319564819336,10.058985233306885,0.010137319564819336,10.058985233306885,1,True,3,148,1,1,446843,446843,446843,446843,0,1,CatBoostModel,,log_loss,"{'iterations': 10000, 'learning_rate': 0.05, 'allow_writing_files': False, 'eval_metric': 'Logloss', 'random_seed': 0}",{'iterations': 347},"{'max_memory_usage_ratio': 1.0, 'max_gpu_memory_usage_ratio': 1.0, 'max_time_limit_ratio': 1.0, 'max_time_limit': None, 'min_time_limit': 0, 'valid_raw_types': ['bool', 'int', 'float', 'category'], 'valid_special_types': None, 'ignored_type_group_special': None, 'ignored_type_group_raw': None, 'get_features_kwargs': None, 'get_features_kwargs_extra': None, 'predict_1_batch_size': None, 'temperature_scalar': None}","['c1_history_n', 'c1_nige', 'c1_st_rank', 'c1_national_win_rate', 'c1_national_exacta_rate', 'c1_local_win_rate', 'c1_local_exacta_rate', 'c1_motor_exacta_rate', 'c1_boat_exacta_rate', 'c1_average_start', 'c2_history_n', 'c2_sashi', 'c2_makuri', 'c2_st_rank', 'c2_national_win_rate', 'c2_national_exacta_rate', 'c2_local_win_rate', 'c2_local_exacta_rate', 'c2_motor_exacta_rate', 'c2_boat_exacta_rate', 'c2_average_start', 'c3_history_n', 'c3_sashi', 'c3_makuri', 'c3_attack', 'c3_st_rank', 'c3_national_win_rate', 'c3_national_exacta_rate', 'c3_local_win_rate', 'c3_local_exacta_rate', 'c3_motor_exacta_rate', 'c3_boat_exacta_rate', 'c3_average_start', 'c4_history_n', 'c4_sashi', 'c4_makuri', 'c4_attack', 'c4_st_rank', 'c4_national_win_rate', 'c4_national_exacta_rate', 'c4_local_win_rate', 'c4_local_exacta_rate', 'c4_motor_exacta_rate', 'c4_boat_exacta_rate', 'c4_average_start', 'c5_history_n', 'c5_sashi', 'c5_makuri', 'c5_attack', 'c5_st_rank', 'c5_national_win_rate', 'c5_national_exacta_rate', 'c5_local_win_rate', 'c5_local_exacta_rate', 'c5_motor_exacta_rate', 'c5_boat_exacta_rate', 'c5_average_start', 'c6_history_n', 'c6_sashi', 'c6_makuri', 'c6_attack', 'c6_st_rank', 'c6_national_win_rate', 'c6_national_exacta_rate', 'c6_local_win_rate', 'c6_local_exacta_rate', 'c6_motor_exacta_rate', 'c6_boat_exacta_rate', 'c6_average_start', 'lane1_vulnerability_rate', 'c1_exhibition_time_relative', 'c1_start_timing_relative', 'c1_lap_time_relative', 'c1_around_time_relative', 'c1_ex_score', 'c1_st_score', 'c1_lap_score', 'c1_mawari_score', 'c1_attack_potential', 'c1_stable_score', 'c1_final_2nd_score', 'c1_second_rank', 'c1_gap_to_top', 'c2_exhibition_time_relative', 'c2_start_timing_relative', 'c2_lap_time_relative', 'c2_around_time_relative', 'c2_ex_score', 'c2_st_score', 'c2_lap_score', 'c2_mawari_score', 'c2_attack_potential', 'c2_stable_score', 'c2_final_2nd_score', 'c2_second_rank', 'c2_gap_to_top', 'c3_exhibition_time_relative', 'c3_start_timing_relative', 'c3_lap_time_relative', 'c3_around_time_relative', 'c3_ex_score', 'c3_st_score', 'c3_lap_score', 'c3_mawari_score', 'c3_attack_potential', 'c3_stable_score', 'c3_final_2nd_score', 'c3_second_rank', 'c3_gap_to_top', 'c4_exhibition_time_relative', 'c4_start_timing_relative', 'c4_lap_time_relative', 'c4_around_time_relative', 'c4_ex_score', 'c4_st_score', 'c4_lap_score', 'c4_mawari_score', 'c4_attack_potential', 'c4_stable_score', 'c4_final_2nd_score', 'c4_second_rank', 'c4_gap_to_top', 'c5_exhibition_time_relative', 'c5_start_timing_relative', 'c5_lap_time_relative', 'c5_around_time_relative', 'c5_ex_score', 'c5_st_score', 'c5_lap_score', 'c5_mawari_score', 'c5_attack_potential', 'c5_stable_score', 'c5_final_2nd_score', 'c5_second_rank', 'c5_gap_to_top', 'c6_exhibition_time_relative', 'c6_start_timing_relative', 'c6_lap_time_relative', 'c6_around_time_relative', 'c6_ex_score', 'c6_st_score', 'c6_lap_score', 'c6_mawari_score', 'c6_attack_potential', 'c6_stable_score', 'c6_final_2nd_score', 'c6_second_rank', 'c6_gap_to_top']",,,,,[],['WeightedEnsemble_L2']
AMG,1,top2,3,LightGBM,-0.5096254958292772,log_loss,0.004202604293823242,2.6380794048309326,0.004202604293823242,2.6380794048309326,1,True,1,148,1,1,333940,333940,333940,333940,0,1,LGBModel,,log_loss,"{'learning_rate': 0.05, 'seed': 0}",{'num_boost_round': 92},"{'max_memory_usage_ratio': 1.0, 'max_gpu_memory_usage_ratio': 1.0, 'max_time_limit_ratio': 1.0, 'max_time_limit': None, 'min_time_limit': 0, 'valid_raw_types': ['bool', 'int', 'float', 'category'], 'valid_special_types': None, 'ignored_type_group_special': None, 'ignored_type_group_raw': None, 'get_features_kwargs': None, 'get_features_kwargs_extra': None, 'predict_1_batch_size': None, 'temperature_scalar': None}","['c1_history_n', 'c1_nige', 'c1_st_rank', 'c1_national_win_rate', 'c1_national_exacta_rate', 'c1_local_win_rate', 'c1_local_exacta_rate', 'c1_motor_exacta_rate', 'c1_boat_exacta_rate', 'c1_average_start', 'c2_history_n', 'c2_sashi', 'c2_makuri', 'c2_st_rank', 'c2_national_win_rate', 'c2_national_exacta_rate', 'c2_local_win_rate', 'c2_local_exacta_rate', 'c2_motor_exacta_rate', 'c2_boat_exacta_rate', 'c2_average_start', 'c3_history_n', 'c3_sashi', 'c3_makuri', 'c3_attack', 'c3_st_rank', 'c3_national_win_rate', 'c3_national_exacta_rate', 'c3_local_win_rate', 'c3_local_exacta_rate', 'c3_motor_exacta_rate', 'c3_boat_exacta_rate', 'c3_average_start', 'c4_history_n', 'c4_sashi', 'c4_makuri', 'c4_attack', 'c4_st_rank', 'c4_national_win_rate', 'c4_national_exacta_rate', 'c4_local_win_rate', 'c4_local_exacta_rate', 'c4_motor_exacta_rate', 'c4_boat_exacta_rate', 'c4_average_start', 'c5_history_n', 'c5_sashi', 'c5_makuri', 'c5_attack', 'c5_st_rank', 'c5_national_win_rate', 'c5_national_exacta_rate', 'c5_local_win_rate', 'c5_local_exacta_rate', 'c5_motor_exacta_rate', 'c5_boat_exacta_rate', 'c5_average_start', 'c6_history_n', 'c6_sashi', 'c6_makuri', 'c6_attack', 'c6_st_rank', 'c6_national_win_rate', 'c6_national_exacta_rate', 'c6_local_win_rate', 'c6_local_exacta_rate', 'c6_motor_exacta_rate', 'c6_boat_exacta_rate', 'c6_average_start', 'lane1_vulnerability_rate', 'c1_exhibition_time_relative', 'c1_start_timing_relative', 'c1_lap_time_relative', 'c1_around_time_relative', 'c1_ex_score', 'c1_st_score', 'c1_lap_score', 'c1_mawari_score', 'c1_attack_potential', 'c1_stable_score', 'c1_final_2nd_score', 'c1_second_rank', 'c1_gap_to_top', 'c2_exhibition_time_relative', 'c2_start_timing_relative', 'c2_lap_time_relative', 'c2_around_time_relative', 'c2_ex_score', 'c2_st_score', 'c2_lap_score', 'c2_mawari_score', 'c2_attack_potential', 'c2_stable_score', 'c2_final_2nd_score', 'c2_second_rank', 'c2_gap_to_top', 'c3_exhibition_time_relative', 'c3_start_timing_relative', 'c3_lap_time_relative', 'c3_around_time_relative', 'c3_ex_score', 'c3_st_score', 'c3_lap_score', 'c3_mawari_score', 'c3_attack_potential', 'c3_stable_score', 'c3_final_2nd_score', 'c3_second_rank', 'c3_gap_to_top', 'c4_exhibition_time_relative', 'c4_start_timing_relative', 'c4_lap_time_relative', 'c4_around_time_relative', 'c4_ex_score', 'c4_st_score', 'c4_lap_score', 'c4_mawari_score', 'c4_attack_potential', 'c4_stable_score', 'c4_final_2nd_score', 'c4_second_rank', 'c4_gap_to_top', 'c5_exhibition_time_relative', 'c5_start_timing_relative', 'c5_lap_time_relative', 'c5_around_time_relative', 'c5_ex_score', 'c5_st_score', 'c5_lap_score', 'c5_mawari_score', 'c5_attack_potential', 'c5_stable_score', 'c5_final_2nd_score', 'c5_second_rank', 'c5_gap_to_top', 'c6_exhibition_time_relative', 'c6_start_timing_relative', 'c6_lap_time_relative', 'c6_around_time_relative', 'c6_ex_score', 'c6_st_score', 'c6_lap_score', 'c6_mawari_score', 'c6_attack_potential', 'c6_stable_score', 'c6_final_2nd_score', 'c6_second_rank', 'c6_gap_to_top']",,,,,[],['WeightedEnsemble_L2']
AMG,1,top2,4,XGBoost,-0.5151418114241914,log_loss,0.009756326675415039,6.291632175445557,0.009756326675415039,6.291632175445557,1,True,5,148,1,1,988820,988820,988820,988820,0,1,XGBoostModel,,log_loss,"{'n_estimators': 10000, 'learning_rate': 0.1, 'n_jobs': -1, 'proc.max_category_levels': 100, 'objective': 'binary:logistic', 'booster': 'gbtree', 'seed': 0}",{'n_estimators': 51},"{'max_memory_usage_ratio': 1.0, 'max_gpu_memory_usage_ratio': 1.0, 'max_time_limit_ratio': 1.0, 'max_time_limit': None, 'min_time_limit': 0, 'valid_raw_types': ['bool', 'int', 'float', 'category'], 'valid_special_types': None, 'ignored_type_group_special': None, 'ignored_type_group_raw': None, 'get_features_kwargs': None, 'get_features_kwargs_extra': None, 'predict_1_batch_size': None, 'temperature_scalar': None}","['c1_history_n', 'c1_nige', 'c1_st_rank', 'c1_national_win_rate', 'c1_national_exacta_rate', 'c1_local_win_rate', 'c1_local_exacta_rate', 'c1_motor_exacta_rate', 'c1_boat_exacta_rate', 'c1_average_start', 'c2_history_n', 'c2_sashi', 'c2_makuri', 'c2_st_rank', 'c2_national_win_rate', 'c2_national_exacta_rate', 'c2_local_win_rate', 'c2_local_exacta_rate', 'c2_motor_exacta_rate', 'c2_boat_exacta_rate', 'c2_average_start', 'c3_history_n', 'c3_sashi', 'c3_makuri', 'c3_attack', 'c3_st_rank', 'c3_national_win_rate', 'c3_national_exacta_rate', 'c3_local_win_rate', 'c3_local_exacta_rate', 'c3_motor_exacta_rate', 'c3_boat_exacta_rate', 'c3_average_start', 'c4_history_n', 'c4_sashi', 'c4_makuri', 'c4_attack', 'c4_st_rank', 'c4_national_win_rate', 'c4_national_exacta_rate', 'c4_local_win_rate', 'c4_local_exacta_rate', 'c4_motor_exacta_rate', 'c4_boat_exacta_rate', 'c4_average_start', 'c5_history_n', 'c5_sashi', 'c5_makuri', 'c5_attack', 'c5_st_rank', 'c5_national_win_rate', 'c5_national_exacta_rate', 'c5_local_win_rate', 'c5_local_exacta_rate', 'c5_motor_exacta_rate', 'c5_boat_exacta_rate', 'c5_average_start', 'c6_history_n', 'c6_sashi', 'c6_makuri', 'c6_attack', 'c6_st_rank', 'c6_national_win_rate', 'c6_national_exacta_rate', 'c6_local_win_rate', 'c6_local_exacta_rate', 'c6_motor_exacta_rate', 'c6_boat_exacta_rate', 'c6_average_start', 'lane1_vulnerability_rate', 'c1_exhibition_time_relative', 'c1_start_timing_relative', 'c1_lap_time_relative', 'c1_around_time_relative', 'c1_ex_score', 'c1_st_score', 'c1_lap_score', 'c1_mawari_score', 'c1_attack_potential', 'c1_stable_score', 'c1_final_2nd_score', 'c1_second_rank', 'c1_gap_to_top', 'c2_exhibition_time_relative', 'c2_start_timing_relative', 'c2_lap_time_relative', 'c2_around_time_relative', 'c2_ex_score', 'c2_st_score', 'c2_lap_score', 'c2_mawari_score', 'c2_attack_potential', 'c2_stable_score', 'c2_final_2nd_score', 'c2_second_rank', 'c2_gap_to_top', 'c3_exhibition_time_relative', 'c3_start_timing_relative', 'c3_lap_time_relative', 'c3_around_time_relative', 'c3_ex_score', 'c3_st_score', 'c3_lap_score', 'c3_mawari_score', 'c3_attack_potential', 'c3_stable_score', 'c3_final_2nd_score', 'c3_second_rank', 'c3_gap_to_top', 'c4_exhibition_time_relative', 'c4_start_timing_relative', 'c4_lap_time_relative', 'c4_around_time_relative', 'c4_ex_score', 'c4_st_score', 'c4_lap_score', 'c4_mawari_score', 'c4_attack_potential', 'c4_stable_score', 'c4_final_2nd_score', 'c4_second_rank', 'c4_gap_to_top', 'c5_exhibition_time_relative', 'c5_start_timing_relative', 'c5_lap_time_relative', 'c5_around_time_relative', 'c5_ex_score', 'c5_st_score', 'c5_lap_score', 'c5_mawari_score', 'c5_attack_potential', 'c5_stable_score', 'c5_final_2nd_score', 'c5_second_rank', 'c5_gap_to_top', 'c6_exhibition_time_relative', 'c6_start_timing_relative', 'c6_lap_time_relative', 'c6_around_time_relative', 'c6_ex_score', 'c6_st_score', 'c6_lap_score', 'c6_mawari_score', 'c6_attack_potential', 'c6_stable_score', 'c6_final_2nd_score', 'c6_second_rank', 'c6_gap_to_top']",,,,,[],['WeightedEnsemble_L2']
AMG,1,top2,5,ExtraTrees,-0.5184159276672886,log_loss,0.11055231094360352,1.6375539302825928,0.11055231094360352,1.6375539302825928,1,True,4,148,1,1,34345094,34345094,34345094,34345094,0,1,XTModel,,log_loss,"{'n_estimators': 300, 'max_leaf_nodes': 15000, 'n_jobs': -1, 'bootstrap': True, 'random_state': 0}",{'n_estimators': 300},"{'max_memory_usage_ratio': 1.0, 'max_gpu_memory_usage_ratio': 1.0, 'max_time_limit_ratio': 1.0, 'max_time_limit': None, 'min_time_limit': 0, 'valid_raw_types': ['bool', 'int', 'float', 'category'], 'valid_special_types': None, 'ignored_type_group_special': None, 'ignored_type_group_raw': None, 'get_features_kwargs': None, 'get_features_kwargs_extra': None, 'predict_1_batch_size': None, 'temperature_scalar': None}","['c1_history_n', 'c1_nige', 'c1_st_rank', 'c1_national_win_rate', 'c1_national_exacta_rate', 'c1_local_win_rate', 'c1_local_exacta_rate', 'c1_motor_exacta_rate', 'c1_boat_exacta_rate', 'c1_average_start', 'c2_history_n', 'c2_sashi', 'c2_makuri', 'c2_st_rank', 'c2_national_win_rate', 'c2_national_exacta_rate', 'c2_local_win_rate', 'c2_local_exacta_rate', 'c2_motor_exacta_rate', 'c2_boat_exacta_rate', 'c2_average_start', 'c3_history_n', 'c3_sashi', 'c3_makuri', 'c3_attack', 'c3_st_rank', 'c3_national_win_rate', 'c3_national_exacta_rate', 'c3_local_win_rate', 'c3_local_exacta_rate', 'c3_motor_exacta_rate', 'c3_boat_exacta_rate', 'c3_average_start', 'c4_history_n', 'c4_sashi', 'c4_makuri', 'c4_attack', 'c4_st_rank', 'c4_national_win_rate', 'c4_national_exacta_rate', 'c4_local_win_rate', 'c4_local_exacta_rate', 'c4_motor_exacta_rate', 'c4_boat_exacta_rate', 'c4_average_start', 'c5_history_n', 'c5_sashi', 'c5_makuri', 'c5_attack', 'c5_st_rank', 'c5_national_win_rate', 'c5_national_exacta_rate', 'c5_local_win_rate', 'c5_local_exacta_rate', 'c5_motor_exacta_rate', 'c5_boat_exacta_rate', 'c5_average_start', 'c6_history_n', 'c6_sashi', 'c6_makuri', 'c6_attack', 'c6_st_rank', 'c6_national_win_rate', 'c6_national_exacta_rate', 'c6_local_win_rate', 'c6_local_exacta_rate', 'c6_motor_exacta_rate', 'c6_boat_exacta_rate', 'c6_average_start', 'lane1_vulnerability_rate', 'c1_exhibition_time_relative', 'c1_start_timing_relative', 'c1_lap_time_relative', 'c1_around_time_relative', 'c1_ex_score', 'c1_st_score', 'c1_lap_score', 'c1_mawari_score', 'c1_attack_potential', 'c1_stable_score', 'c1_final_2nd_score', 'c1_second_rank', 'c1_gap_to_top', 'c2_exhibition_time_relative', 'c2_start_timing_relative', 'c2_lap_time_relative', 'c2_around_time_relative', 'c2_ex_score', 'c2_st_score', 'c2_lap_score', 'c2_mawari_score', 'c2_attack_potential', 'c2_stable_score', 'c2_final_2nd_score', 'c2_second_rank', 'c2_gap_to_top', 'c3_exhibition_time_relative', 'c3_start_timing_relative', 'c3_lap_time_relative', 'c3_around_time_relative', 'c3_ex_score', 'c3_st_score', 'c3_lap_score', 'c3_mawari_score', 'c3_attack_potential', 'c3_stable_score', 'c3_final_2nd_score', 'c3_second_rank', 'c3_gap_to_top', 'c4_exhibition_time_relative', 'c4_start_timing_relative', 'c4_lap_time_relative', 'c4_around_time_relative', 'c4_ex_score', 'c4_st_score', 'c4_lap_score', 'c4_mawari_score', 'c4_attack_potential', 'c4_stable_score', 'c4_final_2nd_score', 'c4_second_rank', 'c4_gap_to_top', 'c5_exhibition_time_relative', 'c5_start_timing_relative', 'c5_lap_time_relative', 'c5_around_time_relative', 'c5_ex_score', 'c5_st_score', 'c5_lap_score', 'c5_mawari_score', 'c5_attack_potential', 'c5_stable_score', 'c5_final_2nd_score', 'c5_second_rank', 'c5_gap_to_top', 'c6_exhibition_time_relative', 'c6_start_timing_relative', 'c6_lap_time_relative', 'c6_around_time_relative', 'c6_ex_score', 'c6_st_score', 'c6_lap_score', 'c6_mawari_score', 'c6_attack_potential', 'c6_stable_score', 'c6_final_2nd_score', 'c6_second_rank', 'c6_gap_to_top']",,,,,[],['WeightedEnsemble_L2']
AMG,1,top2,6,RandomForest,-0.5237856961145305,log_loss,0.11080622673034668,3.321897506713867,0.11080622673034668,3.321897506713867,1,True,2,148,1,1,21368780,21368780,21368780,21368780,0,0,RFModel,,log_loss,"{'n_estimators': 300, 'max_leaf_nodes': 15000, 'n_jobs': -1, 'bootstrap': True, 'random_state': 0}",{'n_estimators': 300},"{'max_memory_usage_ratio': 1.0, 'max_gpu_memory_usage_ratio': 1.0, 'max_time_limit_ratio': 1.0, 'max_time_limit': None, 'min_time_limit': 0, 'valid_raw_types': ['bool', 'int', 'float', 'category'], 'valid_special_types': None, 'ignored_type_group_special': None, 'ignored_type_group_raw': None, 'get_features_kwargs': None, 'get_features_kwargs_extra': None, 'predict_1_batch_size': None, 'temperature_scalar': None}","['c1_history_n', 'c1_nige', 'c1_st_rank', 'c1_national_win_rate', 'c1_national_exacta_rate', 'c1_local_win_rate', 'c1_local_exacta_rate', 'c1_motor_exacta_rate', 'c1_boat_exacta_rate', 'c1_average_start', 'c2_history_n', 'c2_sashi', 'c2_makuri', 'c2_st_rank', 'c2_national_win_rate', 'c2_national_exacta_rate', 'c2_local_win_rate', 'c2_local_exacta_rate', 'c2_motor_exacta_rate', 'c2_boat_exacta_rate', 'c2_average_start', 'c3_history_n', 'c3_sashi', 'c3_makuri', 'c3_attack', 'c3_st_rank', 'c3_national_win_rate', 'c3_national_exacta_rate', 'c3_local_win_rate', 'c3_local_exacta_rate', 'c3_motor_exacta_rate', 'c3_boat_exacta_rate', 'c3_average_start', 'c4_history_n', 'c4_sashi', 'c4_makuri', 'c4_attack', 'c4_st_rank', 'c4_national_win_rate', 'c4_national_exacta_rate', 'c4_local_win_rate', 'c4_local_exacta_rate', 'c4_motor_exacta_rate', 'c4_boat_exacta_rate', 'c4_average_start', 'c5_history_n', 'c5_sashi', 'c5_makuri', 'c5_attack', 'c5_st_rank', 'c5_national_win_rate', 'c5_national_exacta_rate', 'c5_local_win_rate', 'c5_local_exacta_rate', 'c5_motor_exacta_rate', 'c5_boat_exacta_rate', 'c5_average_start', 'c6_history_n', 'c6_sashi', 'c6_makuri', 'c6_attack', 'c6_st_rank', 'c6_national_win_rate', 'c6_national_exacta_rate', 'c6_local_win_rate', 'c6_local_exacta_rate', 'c6_motor_exacta_rate', 'c6_boat_exacta_rate', 'c6_average_start', 'lane1_vulnerability_rate', 'c1_exhibition_time_relative', 'c1_start_timing_relative', 'c1_lap_time_relative', 'c1_around_time_relative', 'c1_ex_score', 'c1_st_score', 'c1_lap_score', 'c1_mawari_score', 'c1_attack_potential', 'c1_stable_score', 'c1_final_2nd_score', 'c1_second_rank', 'c1_gap_to_top', 'c2_exhibition_time_relative', 'c2_start_timing_relative', 'c2_lap_time_relative', 'c2_around_time_relative', 'c2_ex_score', 'c2_st_score', 'c2_lap_score', 'c2_mawari_score', 'c2_attack_potential', 'c2_stable_score', 'c2_final_2nd_score', 'c2_second_rank', 'c2_gap_to_top', 'c3_exhibition_time_relative', 'c3_start_timing_relative', 'c3_lap_time_relative', 'c3_around_time_relative', 'c3_ex_score', 'c3_st_score', 'c3_lap_score', 'c3_mawari_score', 'c3_attack_potential', 'c3_stable_score', 'c3_final_2nd_score', 'c3_second_rank', 'c3_gap_to_top', 'c4_exhibition_time_relative', 'c4_start_timing_relative', 'c4_lap_time_relative', 'c4_around_time_relative', 'c4_ex_score', 'c4_st_score', 'c4_lap_score', 'c4_mawari_score', 'c4_attack_potential', 'c4_stable_score', 'c4_final_2nd_score', 'c4_second_rank', 'c4_gap_to_top', 'c5_exhibition_time_relative', 'c5_start_timing_relative', 'c5_lap_time_relative', 'c5_around_time_relative', 'c5_ex_score', 'c5_st_score', 'c5_lap_score', 'c5_mawari_score', 'c5_attack_potential', 'c5_stable_score', 'c5_final_2nd_score', 'c5_second_rank', 'c5_gap_to_top', 'c6_exhibition_time_relative', 'c6_start_timing_relative', 'c6_lap_time_relative', 'c6_around_time_relative', 'c6_ex_score', 'c6_st_score', 'c6_lap_score', 'c6_mawari_score', 'c6_attack_potential', 'c6_stable_score', 'c6_final_2nd_score', 'c6_second_rank', 'c6_gap_to_top']",,,,,[],[]
AMG,1,top3,1,WeightedEnsemble_L2,-0.38383457726341796,log_loss,0.025145530700683594,18.180720567703247,0.0006918907165527344,0.019472837448120117,2,True,6,3,1,4,3790,1685783,3790,936613,3,0,WeightedEnsembleModel,GreedyWeightedEnsembleModel,log_loss,"{'use_orig_features': False, 'valid_stacker': True, 'max_base_models': 0, 'max_base_models_per_type': 'auto', 'save_bag_folds': True, 'stratify': 'auto', 'bin': 'auto', 'n_bins': None, 'vary_seed_across_folds': False, 'custom_splits': None, 'model_random_seed': 0}",{},"{'max_memory_usage_ratio': 1.0, 'max_gpu_memory_usage_ratio': 1.0, 'max_time_limit_ratio': 1.0, 'max_time_limit': None, 'min_time_limit': 0, 'valid_raw_types': None, 'valid_special_types': None, 'ignored_type_group_special': None, 'ignored_type_group_raw': None, 'get_features_kwargs': None, 'get_features_kwargs_extra': None, 'predict_1_batch_size': None, 'temperature_scalar': None, 'drop_unique': False}","['LightGBM', 'XGBoost', 'CatBoost']",,"{'ensemble_size': 25, 'subsample_size': 1000000}",{'ensemble_size': 23},"{'max_memory_usage_ratio': 1.0, 'max_gpu_memory_usage_ratio': 1.0, 'max_time_limit_ratio': 1.0, 'max_time_limit': None, 'min_time_limit': 0, 'valid_raw_types': None, 'valid_special_types': None, 'ignored_type_group_special': None, 'ignored_type_group_raw': None, 'get_features_kwargs': None, 'get_features_kwargs_extra': None, 'predict_1_batch_size': None, 'temperature_scalar': None, 'drop_unique': False}","['LightGBM', 'XGBoost', 'CatBoost']",[]
AMG,1,top3,2,CatBoost,-0.38457235432908377,log_loss,0.010288238525390625,9.279116153717041,0.010288238525390625,9.279116153717041,1,True,3,148,1,1,408003,408003,408003,408003,0,1,CatBoostModel,,log_loss,"{'iterations': 10000, 'learning_rate': 0.05, 'allow_writing_files': False, 'eval_metric': 'Logloss', 'random_seed': 0}",{'iterations': 314},"{'max_memory_usage_ratio': 1.0, 'max_gpu_memory_usage_ratio': 1.0, 'max_time_limit_ratio': 1.0, 'max_time_limit': None, 'min_time_limit': 0, 'valid_raw_types': ['bool', 'int', 'float', 'category'], 'valid_special_types': None, 'ignored_type_group_special': None, 'ignored_type_group_raw': None, 'get_features_kwargs': None, 'get_features_kwargs_extra': None, 'predict_1_batch_size': None, 'temperature_scalar': None}","['c1_history_n', 'c1_nige', 'c1_st_rank', 'c1_national_win_rate', 'c1_national_exacta_rate', 'c1_local_win_rate', 'c1_local_exacta_rate', 'c1_motor_exacta_rate', 'c1_boat_exacta_rate', 'c1_average_start', 'c2_history_n', 'c2_sashi', 'c2_makuri', 'c2_st_rank', 'c2_national_win_rate', 'c2_national_exacta_rate', 'c2_local_win_rate', 'c2_local_exacta_rate', 'c2_motor_exacta_rate', 'c2_boat_exacta_rate', 'c2_average_start', 'c3_history_n', 'c3_sashi', 'c3_makuri', 'c3_attack', 'c3_st_rank', 'c3_national_win_rate', 'c3_national_exacta_rate', 'c3_local_win_rate', 'c3_local_exacta_rate', 'c3_motor_exacta_rate', 'c3_boat_exacta_rate', 'c3_average_start', 'c4_history_n', 'c4_sashi', 'c4_makuri', 'c4_attack', 'c4_st_rank', 'c4_national_win_rate', 'c4_national_exacta_rate', 'c4_local_win_rate', 'c4_local_exacta_rate', 'c4_motor_exacta_rate', 'c4_boat_exacta_rate', 'c4_average_start', 'c5_history_n', 'c5_sashi', 'c5_makuri', 'c5_attack', 'c5_st_rank', 'c5_national_win_rate', 'c5_national_exacta_rate', 'c5_local_win_rate', 'c5_local_exacta_rate', 'c5_motor_exacta_rate', 'c5_boat_exacta_rate', 'c5_average_start', 'c6_history_n', 'c6_sashi', 'c6_makuri', 'c6_attack', 'c6_st_rank', 'c6_national_win_rate', 'c6_national_exacta_rate', 'c6_local_win_rate', 'c6_local_exacta_rate', 'c6_motor_exacta_rate', 'c6_boat_exacta_rate', 'c6_average_start', 'lane1_vulnerability_rate', 'c1_exhibition_time_relative', 'c1_start_timing_relative', 'c1_lap_time_relative', 'c1_around_time_relative', 'c1_ex_score', 'c1_st_score', 'c1_lap_score', 'c1_mawari_score', 'c1_attack_potential', 'c1_stable_score', 'c1_final_2nd_score', 'c1_second_rank', 'c1_gap_to_top', 'c2_exhibition_time_relative', 'c2_start_timing_relative', 'c2_lap_time_relative', 'c2_around_time_relative', 'c2_ex_score', 'c2_st_score', 'c2_lap_score', 'c2_mawari_score', 'c2_attack_potential', 'c2_stable_score', 'c2_final_2nd_score', 'c2_second_rank', 'c2_gap_to_top', 'c3_exhibition_time_relative', 'c3_start_timing_relative', 'c3_lap_time_relative', 'c3_around_time_relative', 'c3_ex_score', 'c3_st_score', 'c3_lap_score', 'c3_mawari_score', 'c3_attack_potential', 'c3_stable_score', 'c3_final_2nd_score', 'c3_second_rank', 'c3_gap_to_top', 'c4_exhibition_time_relative', 'c4_start_timing_relative', 'c4_lap_time_relative', 'c4_around_time_relative', 'c4_ex_score', 'c4_st_score', 'c4_lap_score', 'c4_mawari_score', 'c4_attack_potential', 'c4_stable_score', 'c4_final_2nd_score', 'c4_second_rank', 'c4_gap_to_top', 'c5_exhibition_time_relative', 'c5_start_timing_relative', 'c5_lap_time_relative', 'c5_around_time_relative', 'c5_ex_score', 'c5_st_score', 'c5_lap_score', 'c5_mawari_score', 'c5_attack_potential', 'c5_stable_score', 'c5_final_2nd_score', 'c5_second_rank', 'c5_gap_to_top', 'c6_exhibition_time_relative', 'c6_start_timing_relative', 'c6_lap_time_relative', 'c6_around_time_relative', 'c6_ex_score', 'c6_st_score', 'c6_lap_score', 'c6_mawari_score', 'c6_attack_potential', 'c6_stable_score', 'c6_final_2nd_score', 'c6_second_rank', 'c6_gap_to_top']",,,,,[],['WeightedEnsemble_L2']
AMG,1,top3,3,LightGBM,-0.39595099873170264,log_loss,0.004253387451171875,2.6723015308380127,0.004253387451171875,2.6723015308380127,1,True,1,148,1,1,337377,337377,337377,337377,0,1,LGBModel,,log_loss,"{'learning_rate': 0.05, 'seed': 0}",{'num_boost_round': 93},"{'max_memory_usage_ratio': 1.0, 'max_gpu_memory_usage_ratio': 1.0, 'max_time_limit_ratio': 1.0, 'max_time_limit': None, 'min_time_limit': 0, 'valid_raw_types': ['bool', 'int', 'float', 'category'], 'valid_special_types': None, 'ignored_type_group_special': None, 'ignored_type_group_raw': None, 'get_features_kwargs': None, 'get_features_kwargs_extra': None, 'predict_1_batch_size': None, 'temperature_scalar': None}","['c1_history_n', 'c1_nige', 'c1_st_rank', 'c1_national_win_rate', 'c1_national_exacta_rate', 'c1_local_win_rate', 'c1_local_exacta_rate', 'c1_motor_exacta_rate', 'c1_boat_exacta_rate', 'c1_average_start', 'c2_history_n', 'c2_sashi', 'c2_makuri', 'c2_st_rank', 'c2_national_win_rate', 'c2_national_exacta_rate', 'c2_local_win_rate', 'c2_local_exacta_rate', 'c2_motor_exacta_rate', 'c2_boat_exacta_rate', 'c2_average_start', 'c3_history_n', 'c3_sashi', 'c3_makuri', 'c3_attack', 'c3_st_rank', 'c3_national_win_rate', 'c3_national_exacta_rate', 'c3_local_win_rate', 'c3_local_exacta_rate', 'c3_motor_exacta_rate', 'c3_boat_exacta_rate', 'c3_average_start', 'c4_history_n', 'c4_sashi', 'c4_makuri', 'c4_attack', 'c4_st_rank', 'c4_national_win_rate', 'c4_national_exacta_rate', 'c4_local_win_rate', 'c4_local_exacta_rate', 'c4_motor_exacta_rate', 'c4_boat_exacta_rate', 'c4_average_start', 'c5_history_n', 'c5_sashi', 'c5_makuri', 'c5_attack', 'c5_st_rank', 'c5_national_win_rate', 'c5_national_exacta_rate', 'c5_local_win_rate', 'c5_local_exacta_rate', 'c5_motor_exacta_rate', 'c5_boat_exacta_rate', 'c5_average_start', 'c6_history_n', 'c6_sashi', 'c6_makuri', 'c6_attack', 'c6_st_rank', 'c6_national_win_rate', 'c6_national_exacta_rate', 'c6_local_win_rate', 'c6_local_exacta_rate', 'c6_motor_exacta_rate', 'c6_boat_exacta_rate', 'c6_average_start', 'lane1_vulnerability_rate', 'c1_exhibition_time_relative', 'c1_start_timing_relative', 'c1_lap_time_relative', 'c1_around_time_relative', 'c1_ex_score', 'c1_st_score', 'c1_lap_score', 'c1_mawari_score', 'c1_attack_potential', 'c1_stable_score', 'c1_final_2nd_score', 'c1_second_rank', 'c1_gap_to_top', 'c2_exhibition_time_relative', 'c2_start_timing_relative', 'c2_lap_time_relative', 'c2_around_time_relative', 'c2_ex_score', 'c2_st_score', 'c2_lap_score', 'c2_mawari_score', 'c2_attack_potential', 'c2_stable_score', 'c2_final_2nd_score', 'c2_second_rank', 'c2_gap_to_top', 'c3_exhibition_time_relative', 'c3_start_timing_relative', 'c3_lap_time_relative', 'c3_around_time_relative', 'c3_ex_score', 'c3_st_score', 'c3_lap_score', 'c3_mawari_score', 'c3_attack_potential', 'c3_stable_score', 'c3_final_2nd_score', 'c3_second_rank', 'c3_gap_to_top', 'c4_exhibition_time_relative', 'c4_start_timing_relative', 'c4_lap_time_relative', 'c4_around_time_relative', 'c4_ex_score', 'c4_st_score', 'c4_lap_score', 'c4_mawari_score', 'c4_attack_potential', 'c4_stable_score', 'c4_final_2nd_score', 'c4_second_rank', 'c4_gap_to_top', 'c5_exhibition_time_relative', 'c5_start_timing_relative', 'c5_lap_time_relative', 'c5_around_time_relative', 'c5_ex_score', 'c5_st_score', 'c5_lap_score', 'c5_mawari_score', 'c5_attack_potential', 'c5_stable_score', 'c5_final_2nd_score', 'c5_second_rank', 'c5_gap_to_top', 'c6_exhibition_time_relative', 'c6_start_timing_relative', 'c6_lap_time_relative', 'c6_around_time_relative', 'c6_ex_score', 'c6_st_score', 'c6_lap_score', 'c6_mawari_score', 'c6_attack_potential', 'c6_stable_score', 'c6_final_2nd_score', 'c6_second_rank', 'c6_gap_to_top']",,,,,[],['WeightedEnsemble_L2']
AMG,1,top3,4,XGBoost,-0.39837782681133416,log_loss,0.00991201400756836,6.209830045700073,0.00991201400756836,6.209830045700073,1,True,5,148,1,1,936613,936613,936613,936613,0,1,XGBoostModel,,log_loss,"{'n_estimators': 10000, 'learning_rate': 0.1, 'n_jobs': -1, 'proc.max_category_levels': 100, 'objective': 'binary:logistic', 'booster': 'gbtree', 'seed': 0}",{'n_estimators': 57},"{'max_memory_usage_ratio': 1.0, 'max_gpu_memory_usage_ratio': 1.0, 'max_time_limit_ratio': 1.0, 'max_time_limit': None, 'min_time_limit': 0, 'valid_raw_types': ['bool', 'int', 'float', 'category'], 'valid_special_types': None, 'ignored_type_group_special': None, 'ignored_type_group_raw': None, 'get_features_kwargs': None, 'get_features_kwargs_extra': None, 'predict_1_batch_size': None, 'temperature_scalar': None}","['c1_history_n', 'c1_nige', 'c1_st_rank', 'c1_national_win_rate', 'c1_national_exacta_rate', 'c1_local_win_rate', 'c1_local_exacta_rate', 'c1_motor_exacta_rate', 'c1_boat_exacta_rate', 'c1_average_start', 'c2_history_n', 'c2_sashi', 'c2_makuri', 'c2_st_rank', 'c2_national_win_rate', 'c2_national_exacta_rate', 'c2_local_win_rate', 'c2_local_exacta_rate', 'c2_motor_exacta_rate', 'c2_boat_exacta_rate', 'c2_average_start', 'c3_history_n', 'c3_sashi', 'c3_makuri', 'c3_attack', 'c3_st_rank', 'c3_national_win_rate', 'c3_national_exacta_rate', 'c3_local_win_rate', 'c3_local_exacta_rate', 'c3_motor_exacta_rate', 'c3_boat_exacta_rate', 'c3_average_start', 'c4_history_n', 'c4_sashi', 'c4_makuri', 'c4_attack', 'c4_st_rank', 'c4_national_win_rate', 'c4_national_exacta_rate', 'c4_local_win_rate', 'c4_local_exacta_rate', 'c4_motor_exacta_rate', 'c4_boat_exacta_rate', 'c4_average_start', 'c5_history_n', 'c5_sashi', 'c5_makuri', 'c5_attack', 'c5_st_rank', 'c5_national_win_rate', 'c5_national_exacta_rate', 'c5_local_win_rate', 'c5_local_exacta_rate', 'c5_motor_exacta_rate', 'c5_boat_exacta_rate', 'c5_average_start', 'c6_history_n', 'c6_sashi', 'c6_makuri', 'c6_attack', 'c6_st_rank', 'c6_national_win_rate', 'c6_national_exacta_rate', 'c6_local_win_rate', 'c6_local_exacta_rate', 'c6_motor_exacta_rate', 'c6_boat_exacta_rate', 'c6_average_start', 'lane1_vulnerability_rate', 'c1_exhibition_time_relative', 'c1_start_timing_relative', 'c1_lap_time_relative', 'c1_around_time_relative', 'c1_ex_score', 'c1_st_score', 'c1_lap_score', 'c1_mawari_score', 'c1_attack_potential', 'c1_stable_score', 'c1_final_2nd_score', 'c1_second_rank', 'c1_gap_to_top', 'c2_exhibition_time_relative', 'c2_start_timing_relative', 'c2_lap_time_relative', 'c2_around_time_relative', 'c2_ex_score', 'c2_st_score', 'c2_lap_score', 'c2_mawari_score', 'c2_attack_potential', 'c2_stable_score', 'c2_final_2nd_score', 'c2_second_rank', 'c2_gap_to_top', 'c3_exhibition_time_relative', 'c3_start_timing_relative', 'c3_lap_time_relative', 'c3_around_time_relative', 'c3_ex_score', 'c3_st_score', 'c3_lap_score', 'c3_mawari_score', 'c3_attack_potential', 'c3_stable_score', 'c3_final_2nd_score', 'c3_second_rank', 'c3_gap_to_top', 'c4_exhibition_time_relative', 'c4_start_timing_relative', 'c4_lap_time_relative', 'c4_around_time_relative', 'c4_ex_score', 'c4_st_score', 'c4_lap_score', 'c4_mawari_score', 'c4_attack_potential', 'c4_stable_score', 'c4_final_2nd_score', 'c4_second_rank', 'c4_gap_to_top', 'c5_exhibition_time_relative', 'c5_start_timing_relative', 'c5_lap_time_relative', 'c5_around_time_relative', 'c5_ex_score', 'c5_st_score', 'c5_lap_score', 'c5_mawari_score', 'c5_attack_potential', 'c5_stable_score', 'c5_final_2nd_score', 'c5_second_rank', 'c5_gap_to_top', 'c6_exhibition_time_relative', 'c6_start_timing_relative', 'c6_lap_time_relative', 'c6_around_time_relative', 'c6_ex_score', 'c6_st_score', 'c6_lap_score', 'c6_mawari_score', 'c6_attack_potential', 'c6_stable_score', 'c6_final_2nd_score', 'c6_second_rank', 'c6_gap_to_top']",,,,,[],['WeightedEnsemble_L2']
AMG,1,top3,5,ExtraTrees,-0.4043761589532665,log_loss,0.11283159255981445,1.530954360961914,0.11283159255981445,1.530954360961914,1,True,4,148,1,1,28195814,28195814,28195814,28195814,0,0,XTModel,,log_loss,"{'n_estimators': 300, 'max_leaf_nodes': 15000, 'n_jobs': -1, 'bootstrap': True, 'random_state': 0}",{'n_estimators': 300},"{'max_memory_usage_ratio': 1.0, 'max_gpu_memory_usage_ratio': 1.0, 'max_time_limit_ratio': 1.0, 'max_time_limit': None, 'min_time_limit': 0, 'valid_raw_types': ['bool', 'int', 'float', 'category'], 'valid_special_types': None, 'ignored_type_group_special': None, 'ignored_type_group_raw': None, 'get_features_kwargs': None, 'get_features_kwargs_extra': None, 'predict_1_batch_size': None, 'temperature_scalar': None}","['c1_history_n', 'c1_nige', 'c1_st_rank', 'c1_national_win_rate', 'c1_national_exacta_rate', 'c1_local_win_rate', 'c1_local_exacta_rate', 'c1_motor_exacta_rate', 'c1_boat_exacta_rate', 'c1_average_start', 'c2_history_n', 'c2_sashi', 'c2_makuri', 'c2_st_rank', 'c2_national_win_rate', 'c2_national_exacta_rate', 'c2_local_win_rate', 'c2_local_exacta_rate', 'c2_motor_exacta_rate', 'c2_boat_exacta_rate', 'c2_average_start', 'c3_history_n', 'c3_sashi', 'c3_makuri', 'c3_attack', 'c3_st_rank', 'c3_national_win_rate', 'c3_national_exacta_rate', 'c3_local_win_rate', 'c3_local_exacta_rate', 'c3_motor_exacta_rate', 'c3_boat_exacta_rate', 'c3_average_start', 'c4_history_n', 'c4_sashi', 'c4_makuri', 'c4_attack', 'c4_st_rank', 'c4_national_win_rate', 'c4_national_exacta_rate', 'c4_local_win_rate', 'c4_local_exacta_rate', 'c4_motor_exacta_rate', 'c4_boat_exacta_rate', 'c4_average_start', 'c5_history_n', 'c5_sashi', 'c5_makuri', 'c5_attack', 'c5_st_rank', 'c5_national_win_rate', 'c5_national_exacta_rate', 'c5_local_win_rate', 'c5_local_exacta_rate', 'c5_motor_exacta_rate', 'c5_boat_exacta_rate', 'c5_average_start', 'c6_history_n', 'c6_sashi', 'c6_makuri', 'c6_attack', 'c6_st_rank', 'c6_national_win_rate', 'c6_national_exacta_rate', 'c6_local_win_rate', 'c6_local_exacta_rate', 'c6_motor_exacta_rate', 'c6_boat_exacta_rate', 'c6_average_start', 'lane1_vulnerability_rate', 'c1_exhibition_time_relative', 'c1_start_timing_relative', 'c1_lap_time_relative', 'c1_around_time_relative', 'c1_ex_score', 'c1_st_score', 'c1_lap_score', 'c1_mawari_score', 'c1_attack_potential', 'c1_stable_score', 'c1_final_2nd_score', 'c1_second_rank', 'c1_gap_to_top', 'c2_exhibition_time_relative', 'c2_start_timing_relative', 'c2_lap_time_relative', 'c2_around_time_relative', 'c2_ex_score', 'c2_st_score', 'c2_lap_score', 'c2_mawari_score', 'c2_attack_potential', 'c2_stable_score', 'c2_final_2nd_score', 'c2_second_rank', 'c2_gap_to_top', 'c3_exhibition_time_relative', 'c3_start_timing_relative', 'c3_lap_time_relative', 'c3_around_time_relative', 'c3_ex_score', 'c3_st_score', 'c3_lap_score', 'c3_mawari_score', 'c3_attack_potential', 'c3_stable_score', 'c3_final_2nd_score', 'c3_second_rank', 'c3_gap_to_top', 'c4_exhibition_time_relative', 'c4_start_timing_relative', 'c4_lap_time_relative', 'c4_around_time_relative', 'c4_ex_score', 'c4_st_score', 'c4_lap_score', 'c4_mawari_score', 'c4_attack_potential', 'c4_stable_score', 'c4_final_2nd_score', 'c4_second_rank', 'c4_gap_to_top', 'c5_exhibition_time_relative', 'c5_start_timing_relative', 'c5_lap_time_relative', 'c5_around_time_relative', 'c5_ex_score', 'c5_st_score', 'c5_lap_score', 'c5_mawari_score', 'c5_attack_potential', 'c5_stable_score', 'c5_final_2nd_score', 'c5_second_rank', 'c5_gap_to_top', 'c6_exhibition_time_relative', 'c6_start_timing_relative', 'c6_lap_time_relative', 'c6_around_time_relative', 'c6_ex_score', 'c6_st_score', 'c6_lap_score', 'c6_mawari_score', 'c6_attack_potential', 'c6_stable_score', 'c6_final_2nd_score', 'c6_second_rank', 'c6_gap_to_top']",,,,,[],[]
AMG,1,top3,6,RandomForest,-0.40555864695193644,log_loss,0.11086082458496094,3.445427179336548,0.11086082458496094,3.445427179336548,1,True,2,148,1,1,17633320,17633320,17633320,17633320,0,0,RFModel,,log_loss,"{'n_estimators': 300, 'max_leaf_nodes': 15000, 'n_jobs': -1, 'bootstrap': True, 'random_state': 0}",{'n_estimators': 300},"{'max_memory_usage_ratio': 1.0, 'max_gpu_memory_usage_ratio': 1.0, 'max_time_limit_ratio': 1.0, 'max_time_limit': None, 'min_time_limit': 0, 'valid_raw_types': ['bool', 'int', 'float', 'category'], 'valid_special_types': None, 'ignored_type_group_special': None, 'ignored_type_group_raw': None, 'get_features_kwargs': None, 'get_features_kwargs_extra': None, 'predict_1_batch_size': None, 'temperature_scalar': None}","['c1_history_n', 'c1_nige', 'c1_st_rank', 'c1_national_win_rate', 'c1_national_exacta_rate', 'c1_local_win_rate', 'c1_local_exacta_rate', 'c1_motor_exacta_rate', 'c1_boat_exacta_rate', 'c1_average_start', 'c2_history_n', 'c2_sashi', 'c2_makuri', 'c2_st_rank', 'c2_national_win_rate', 'c2_national_exacta_rate', 'c2_local_win_rate', 'c2_local_exacta_rate', 'c2_motor_exacta_rate', 'c2_boat_exacta_rate', 'c2_average_start', 'c3_history_n', 'c3_sashi', 'c3_makuri', 'c3_attack', 'c3_st_rank', 'c3_national_win_rate', 'c3_national_exacta_rate', 'c3_local_win_rate', 'c3_local_exacta_rate', 'c3_motor_exacta_rate', 'c3_boat_exacta_rate', 'c3_average_start', 'c4_history_n', 'c4_sashi', 'c4_makuri', 'c4_attack', 'c4_st_rank', 'c4_national_win_rate', 'c4_national_exacta_rate', 'c4_local_win_rate', 'c4_local_exacta_rate', 'c4_motor_exacta_rate', 'c4_boat_exacta_rate', 'c4_average_start', 'c5_history_n', 'c5_sashi', 'c5_makuri', 'c5_attack', 'c5_st_rank', 'c5_national_win_rate', 'c5_national_exacta_rate', 'c5_local_win_rate', 'c5_local_exacta_rate', 'c5_motor_exacta_rate', 'c5_boat_exacta_rate', 'c5_average_start', 'c6_history_n', 'c6_sashi', 'c6_makuri', 'c6_attack', 'c6_st_rank', 'c6_national_win_rate', 'c6_national_exacta_rate', 'c6_local_win_rate', 'c6_local_exacta_rate', 'c6_motor_exacta_rate', 'c6_boat_exacta_rate', 'c6_average_start', 'lane1_vulnerability_rate', 'c1_exhibition_time_relative', 'c1_start_timing_relative', 'c1_lap_time_relative', 'c1_around_time_relative', 'c1_ex_score', 'c1_st_score', 'c1_lap_score', 'c1_mawari_score', 'c1_attack_potential', 'c1_stable_score', 'c1_final_2nd_score', 'c1_second_rank', 'c1_gap_to_top', 'c2_exhibition_time_relative', 'c2_start_timing_relative', 'c2_lap_time_relative', 'c2_around_time_relative', 'c2_ex_score', 'c2_st_score', 'c2_lap_score', 'c2_mawari_score', 'c2_attack_potential', 'c2_stable_score', 'c2_final_2nd_score', 'c2_second_rank', 'c2_gap_to_top', 'c3_exhibition_time_relative', 'c3_start_timing_relative', 'c3_lap_time_relative', 'c3_around_time_relative', 'c3_ex_score', 'c3_st_score', 'c3_lap_score', 'c3_mawari_score', 'c3_attack_potential', 'c3_stable_score', 'c3_final_2nd_score', 'c3_second_rank', 'c3_gap_to_top', 'c4_exhibition_time_relative', 'c4_start_timing_relative', 'c4_lap_time_relative', 'c4_around_time_relative', 'c4_ex_score', 'c4_st_score', 'c4_lap_score', 'c4_mawari_score', 'c4_attack_potential', 'c4_stable_score', 'c4_final_2nd_score', 'c4_second_rank', 'c4_gap_to_top', 'c5_exhibition_time_relative', 'c5_start_timing_relative', 'c5_lap_time_relative', 'c5_around_time_relative', 'c5_ex_score', 'c5_st_score', 'c5_lap_score', 'c5_mawari_score', 'c5_attack_potential', 'c5_stable_score', 'c5_final_2nd_score', 'c5_second_rank', 'c5_gap_to_top', 'c6_exhibition_time_relative', 'c6_start_timing_relative', 'c6_lap_time_relative', 'c6_around_time_relative', 'c6_ex_score', 'c6_st_score', 'c6_lap_score', 'c6_mawari_score', 'c6_attack_potential', 'c6_stable_score', 'c6_final_2nd_score', 'c6_second_rank', 'c6_gap_to_top']",,,,,[],[]
AMG,2,first,1,WeightedEnsemble_L2,-0.2602744597904188,log_loss,0.026667118072509766,14.575191259384155,0.0006928443908691406,0.02019476890563965,2,True,6,3,1,4,3792,1248412,3792,789324,3,0,WeightedEnsembleModel,GreedyWeightedEnsembleModel,log_loss,"{'use_orig_features': False, 'valid_stacker': True, 'max_base_models': 0, 'max_base_models_per_type': 'auto', 'save_bag_folds': True, 'stratify': 'auto', 'bin': 'auto', 'n_bins': None, 'vary_seed_across_folds': False, 'custom_splits': None, 'model_random_seed': 0}",{},"{'max_memory_usage_ratio': 1.0, 'max_gpu_memory_usage_ratio': 1.0, 'max_time_limit_ratio': 1.0, 'max_time_limit': None, 'min_time_limit': 0, 'valid_raw_types': None, 'valid_special_types': None, 'ignored_type_group_special': None, 'ignored_type_group_raw': None, 'get_features_kwargs': None, 'get_features_kwargs_extra': None, 'predict_1_batch_size': None, 'temperature_scalar': None, 'drop_unique': False}","['LightGBM', 'XGBoost', 'CatBoost']",,"{'ensemble_size': 25, 'subsample_size': 1000000}",{'ensemble_size': 8},"{'max_memory_usage_ratio': 1.0, 'max_gpu_memory_usage_ratio': 1.0, 'max_time_limit_ratio': 1.0, 'max_time_limit': None, 'min_time_limit': 0, 'valid_raw_types': None, 'valid_special_types': None, 'ignored_type_group_special': None, 'ignored_type_group_raw': None, 'get_features_kwargs': None, 'get_features_kwargs_extra': None, 'predict_1_batch_size': None, 'temperature_scalar': None, 'drop_unique': False}","['LightGBM', 'XGBoost', 'CatBoost']",[]
AMG,2,first,2,LightGBM,-0.2614961452209742,log_loss,0.006714582443237305,2.740963935852051,0.006714582443237305,2.740963935852051,1,True,1,148,1,1,246908,246908,246908,246908,0,1,LGBModel,,log_loss,"{'learning_rate': 0.05, 'seed': 0}",{'num_boost_round': 67},"{'max_memory_usage_ratio': 1.0, 'max_gpu_memory_usage_ratio': 1.0, 'max_time_limit_ratio': 1.0, 'max_time_limit': None, 'min_time_limit': 0, 'valid_raw_types': ['bool', 'int', 'float', 'category'], 'valid_special_types': None, 'ignored_type_group_special': None, 'ignored_type_group_raw': None, 'get_features_kwargs': None, 'get_features_kwargs_extra': None, 'predict_1_batch_size': None, 'temperature_scalar': None}","['c1_history_n', 'c1_nige', 'c1_st_rank', 'c1_national_win_rate', 'c1_national_exacta_rate', 'c1_local_win_rate', 'c1_local_exacta_rate', 'c1_motor_exacta_rate', 'c1_boat_exacta_rate', 'c1_average_start', 'c2_history_n', 'c2_sashi', 'c2_makuri', 'c2_st_rank', 'c2_national_win_rate', 'c2_national_exacta_rate', 'c2_local_win_rate', 'c2_local_exacta_rate', 'c2_motor_exacta_rate', 'c2_boat_exacta_rate', 'c2_average_start', 'c3_history_n', 'c3_sashi', 'c3_makuri', 'c3_attack', 'c3_st_rank', 'c3_national_win_rate', 'c3_national_exacta_rate', 'c3_local_win_rate', 'c3_local_exacta_rate', 'c3_motor_exacta_rate', 'c3_boat_exacta_rate', 'c3_average_start', 'c4_history_n', 'c4_sashi', 'c4_makuri', 'c4_attack', 'c4_st_rank', 'c4_national_win_rate', 'c4_national_exacta_rate', 'c4_local_win_rate', 'c4_local_exacta_rate', 'c4_motor_exacta_rate', 'c4_boat_exacta_rate', 'c4_average_start', 'c5_history_n', 'c5_sashi', 'c5_makuri', 'c5_attack', 'c5_st_rank', 'c5_national_win_rate', 'c5_national_exacta_rate', 'c5_local_win_rate', 'c5_local_exacta_rate', 'c5_motor_exacta_rate', 'c5_boat_exacta_rate', 'c5_average_start', 'c6_history_n', 'c6_sashi', 'c6_makuri', 'c6_attack', 'c6_st_rank', 'c6_national_win_rate', 'c6_national_exacta_rate', 'c6_local_win_rate', 'c6_local_exacta_rate', 'c6_motor_exacta_rate', 'c6_boat_exacta_rate', 'c6_average_start', 'lane1_vulnerability_rate', 'c1_exhibition_time_relative', 'c1_start_timing_relative', 'c1_lap_time_relative', 'c1_around_time_relative', 'c1_ex_score', 'c1_st_score', 'c1_lap_score', 'c1_mawari_score', 'c1_attack_potential', 'c1_stable_score', 'c1_final_2nd_score', 'c1_second_rank', 'c1_gap_to_top', 'c2_exhibition_time_relative', 'c2_start_timing_relative', 'c2_lap_time_relative', 'c2_around_time_relative', 'c2_ex_score', 'c2_st_score', 'c2_lap_score', 'c2_mawari_score', 'c2_attack_potential', 'c2_stable_score', 'c2_final_2nd_score', 'c2_second_rank', 'c2_gap_to_top', 'c3_exhibition_time_relative', 'c3_start_timing_relative', 'c3_lap_time_relative', 'c3_around_time_relative', 'c3_ex_score', 'c3_st_score', 'c3_lap_score', 'c3_mawari_score', 'c3_attack_potential', 'c3_stable_score', 'c3_final_2nd_score', 'c3_second_rank', 'c3_gap_to_top', 'c4_exhibition_time_relative', 'c4_start_timing_relative', 'c4_lap_time_relative', 'c4_around_time_relative', 'c4_ex_score', 'c4_st_score', 'c4_lap_score', 'c4_mawari_score', 'c4_attack_potential', 'c4_stable_score', 'c4_final_2nd_score', 'c4_second_rank', 'c4_gap_to_top', 'c5_exhibition_time_relative', 'c5_start_timing_relative', 'c5_lap_time_relative', 'c5_around_time_relative', 'c5_ex_score', 'c5_st_score', 'c5_lap_score', 'c5_mawari_score', 'c5_attack_potential', 'c5_stable_score', 'c5_final_2nd_score', 'c5_second_rank', 'c5_gap_to_top', 'c6_exhibition_time_relative', 'c6_start_timing_relative', 'c6_lap_time_relative', 'c6_around_time_relative', 'c6_ex_score', 'c6_st_score', 'c6_lap_score', 'c6_mawari_score', 'c6_attack_potential', 'c6_stable_score', 'c6_final_2nd_score', 'c6_second_rank', 'c6_gap_to_top']",,,,,[],['WeightedEnsemble_L2']
AMG,2,first,3,XGBoost,-0.2652400188688671,log_loss,0.009356260299682617,5.193809270858765,0.009356260299682617,5.193809270858765,1,True,5,148,1,1,789324,789324,789324,789324,0,1,XGBoostModel,,log_loss,"{'n_estimators': 10000, 'learning_rate': 0.1, 'n_jobs': -1, 'proc.max_category_levels': 100, 'objective': 'binary:logistic', 'booster': 'gbtree', 'seed': 0}",{'n_estimators': 25},"{'max_memory_usage_ratio': 1.0, 'max_gpu_memory_usage_ratio': 1.0, 'max_time_limit_ratio': 1.0, 'max_time_limit': None, 'min_time_limit': 0, 'valid_raw_types': ['bool', 'int', 'float', 'category'], 'valid_special_types': None, 'ignored_type_group_special': None, 'ignored_type_group_raw': None, 'get_features_kwargs': None, 'get_features_kwargs_extra': None, 'predict_1_batch_size': None, 'temperature_scalar': None}","['c1_history_n', 'c1_nige', 'c1_st_rank', 'c1_national_win_rate', 'c1_national_exacta_rate', 'c1_local_win_rate', 'c1_local_exacta_rate', 'c1_motor_exacta_rate', 'c1_boat_exacta_rate', 'c1_average_start', 'c2_history_n', 'c2_sashi', 'c2_makuri', 'c2_st_rank', 'c2_national_win_rate', 'c2_national_exacta_rate', 'c2_local_win_rate', 'c2_local_exacta_rate', 'c2_motor_exacta_rate', 'c2_boat_exacta_rate', 'c2_average_start', 'c3_history_n', 'c3_sashi', 'c3_makuri', 'c3_attack', 'c3_st_rank', 'c3_national_win_rate', 'c3_national_exacta_rate', 'c3_local_win_rate', 'c3_local_exacta_rate', 'c3_motor_exacta_rate', 'c3_boat_exacta_rate', 'c3_average_start', 'c4_history_n', 'c4_sashi', 'c4_makuri', 'c4_attack', 'c4_st_rank', 'c4_national_win_rate', 'c4_national_exacta_rate', 'c4_local_win_rate', 'c4_local_exacta_rate', 'c4_motor_exacta_rate', 'c4_boat_exacta_rate', 'c4_average_start', 'c5_history_n', 'c5_sashi', 'c5_makuri', 'c5_attack', 'c5_st_rank', 'c5_national_win_rate', 'c5_national_exacta_rate', 'c5_local_win_rate', 'c5_local_exacta_rate', 'c5_motor_exacta_rate', 'c5_boat_exacta_rate', 'c5_average_start', 'c6_history_n', 'c6_sashi', 'c6_makuri', 'c6_attack', 'c6_st_rank', 'c6_national_win_rate', 'c6_national_exacta_rate', 'c6_local_win_rate', 'c6_local_exacta_rate', 'c6_motor_exacta_rate', 'c6_boat_exacta_rate', 'c6_average_start', 'lane1_vulnerability_rate', 'c1_exhibition_time_relative', 'c1_start_timing_relative', 'c1_lap_time_relative', 'c1_around_time_relative', 'c1_ex_score', 'c1_st_score', 'c1_lap_score', 'c1_mawari_score', 'c1_attack_potential', 'c1_stable_score', 'c1_final_2nd_score', 'c1_second_rank', 'c1_gap_to_top', 'c2_exhibition_time_relative', 'c2_start_timing_relative', 'c2_lap_time_relative', 'c2_around_time_relative', 'c2_ex_score', 'c2_st_score', 'c2_lap_score', 'c2_mawari_score', 'c2_attack_potential', 'c2_stable_score', 'c2_final_2nd_score', 'c2_second_rank', 'c2_gap_to_top', 'c3_exhibition_time_relative', 'c3_start_timing_relative', 'c3_lap_time_relative', 'c3_around_time_relative', 'c3_ex_score', 'c3_st_score', 'c3_lap_score', 'c3_mawari_score', 'c3_attack_potential', 'c3_stable_score', 'c3_final_2nd_score', 'c3_second_rank', 'c3_gap_to_top', 'c4_exhibition_time_relative', 'c4_start_timing_relative', 'c4_lap_time_relative', 'c4_around_time_relative', 'c4_ex_score', 'c4_st_score', 'c4_lap_score', 'c4_mawari_score', 'c4_attack_potential', 'c4_stable_score', 'c4_final_2nd_score', 'c4_second_rank', 'c4_gap_to_top', 'c5_exhibition_time_relative', 'c5_start_timing_relative', 'c5_lap_time_relative', 'c5_around_time_relative', 'c5_ex_score', 'c5_st_score', 'c5_lap_score', 'c5_mawari_score', 'c5_attack_potential', 'c5_stable_score', 'c5_final_2nd_score', 'c5_second_rank', 'c5_gap_to_top', 'c6_exhibition_time_relative', 'c6_start_timing_relative', 'c6_lap_time_relative', 'c6_around_time_relative', 'c6_ex_score', 'c6_st_score', 'c6_lap_score', 'c6_mawari_score', 'c6_attack_potential', 'c6_stable_score', 'c6_final_2nd_score', 'c6_second_rank', 'c6_gap_to_top']",,,,,[],['WeightedEnsemble_L2']
AMG,2,first,4,CatBoost,-0.26841874682340655,log_loss,0.009903430938720703,6.6202232837677,0.009903430938720703,6.6202232837677,1,True,3,148,1,1,208388,208388,208388,208388,0,1,CatBoostModel,,log_loss,"{'iterations': 10000, 'learning_rate': 0.05, 'allow_writing_files': False, 'eval_metric': 'Logloss', 'random_seed': 0}",{'iterations': 142},"{'max_memory_usage_ratio': 1.0, 'max_gpu_memory_usage_ratio': 1.0, 'max_time_limit_ratio': 1.0, 'max_time_limit': None, 'min_time_limit': 0, 'valid_raw_types': ['bool', 'int', 'float', 'category'], 'valid_special_types': None, 'ignored_type_group_special': None, 'ignored_type_group_raw': None, 'get_features_kwargs': None, 'get_features_kwargs_extra': None, 'predict_1_batch_size': None, 'temperature_scalar': None}","['c1_history_n', 'c1_nige', 'c1_st_rank', 'c1_national_win_rate', 'c1_national_exacta_rate', 'c1_local_win_rate', 'c1_local_exacta_rate', 'c1_motor_exacta_rate', 'c1_boat_exacta_rate', 'c1_average_start', 'c2_history_n', 'c2_sashi', 'c2_makuri', 'c2_st_rank', 'c2_national_win_rate', 'c2_national_exacta_rate', 'c2_local_win_rate', 'c2_local_exacta_rate', 'c2_motor_exacta_rate', 'c2_boat_exacta_rate', 'c2_average_start', 'c3_history_n', 'c3_sashi', 'c3_makuri', 'c3_attack', 'c3_st_rank', 'c3_national_win_rate', 'c3_national_exacta_rate', 'c3_local_win_rate', 'c3_local_exacta_rate', 'c3_motor_exacta_rate', 'c3_boat_exacta_rate', 'c3_average_start', 'c4_history_n', 'c4_sashi', 'c4_makuri', 'c4_attack', 'c4_st_rank', 'c4_national_win_rate', 'c4_national_exacta_rate', 'c4_local_win_rate', 'c4_local_exacta_rate', 'c4_motor_exacta_rate', 'c4_boat_exacta_rate', 'c4_average_start', 'c5_history_n', 'c5_sashi', 'c5_makuri', 'c5_attack', 'c5_st_rank', 'c5_national_win_rate', 'c5_national_exacta_rate', 'c5_local_win_rate', 'c5_local_exacta_rate', 'c5_motor_exacta_rate', 'c5_boat_exacta_rate', 'c5_average_start', 'c6_history_n', 'c6_sashi', 'c6_makuri', 'c6_attack', 'c6_st_rank', 'c6_national_win_rate', 'c6_national_exacta_rate', 'c6_local_win_rate', 'c6_local_exacta_rate', 'c6_motor_exacta_rate', 'c6_boat_exacta_rate', 'c6_average_start', 'lane1_vulnerability_rate', 'c1_exhibition_time_relative', 'c1_start_timing_relative', 'c1_lap_time_relative', 'c1_around_time_relative', 'c1_ex_score', 'c1_st_score', 'c1_lap_score', 'c1_mawari_score', 'c1_attack_potential', 'c1_stable_score', 'c1_final_2nd_score', 'c1_second_rank', 'c1_gap_to_top', 'c2_exhibition_time_relative', 'c2_start_timing_relative', 'c2_lap_time_relative', 'c2_around_time_relative', 'c2_ex_score', 'c2_st_score', 'c2_lap_score', 'c2_mawari_score', 'c2_attack_potential', 'c2_stable_score', 'c2_final_2nd_score', 'c2_second_rank', 'c2_gap_to_top', 'c3_exhibition_time_relative', 'c3_start_timing_relative', 'c3_lap_time_relative', 'c3_around_time_relative', 'c3_ex_score', 'c3_st_score', 'c3_lap_score', 'c3_mawari_score', 'c3_attack_potential', 'c3_stable_score', 'c3_final_2nd_score', 'c3_second_rank', 'c3_gap_to_top', 'c4_exhibition_time_relative', 'c4_start_timing_relative', 'c4_lap_time_relative', 'c4_around_time_relative', 'c4_ex_score', 'c4_st_score', 'c4_lap_score', 'c4_mawari_score', 'c4_attack_potential', 'c4_stable_score', 'c4_final_2nd_score', 'c4_second_rank', 'c4_gap_to_top', 'c5_exhibition_time_relative', 'c5_start_timing_relative', 'c5_lap_time_relative', 'c5_around_time_relative', 'c5_ex_score', 'c5_st_score', 'c5_lap_score', 'c5_mawari_score', 'c5_attack_potential', 'c5_stable_score', 'c5_final_2nd_score', 'c5_second_rank', 'c5_gap_to_top', 'c6_exhibition_time_relative', 'c6_start_timing_relative', 'c6_lap_time_relative', 'c6_around_time_relative', 'c6_ex_score', 'c6_st_score', 'c6_lap_score', 'c6_mawari_score', 'c6_attack_potential', 'c6_stable_score', 'c6_final_2nd_score', 'c6_second_rank', 'c6_gap_to_top']",,,,,[],['WeightedEnsemble_L2']
AMG,2,first,5,RandomForest,-0.275504609086757,log_loss,0.10263490676879883,3.067399024963379,0.10263490676879883,3.067399024963379,1,True,2,148,1,1,13778952,13778952,13778952,13778952,0,0,RFModel,,log_loss,"{'n_estimators': 300, 'max_leaf_nodes': 15000, 'n_jobs': -1, 'bootstrap': True, 'random_state': 0}",{'n_estimators': 300},"{'max_memory_usage_ratio': 1.0, 'max_gpu_memory_usage_ratio': 1.0, 'max_time_limit_ratio': 1.0, 'max_time_limit': None, 'min_time_limit': 0, 'valid_raw_types': ['bool', 'int', 'float', 'category'], 'valid_special_types': None, 'ignored_type_group_special': None, 'ignored_type_group_raw': None, 'get_features_kwargs': None, 'get_features_kwargs_extra': None, 'predict_1_batch_size': None, 'temperature_scalar': None}","['c1_history_n', 'c1_nige', 'c1_st_rank', 'c1_national_win_rate', 'c1_national_exacta_rate', 'c1_local_win_rate', 'c1_local_exacta_rate', 'c1_motor_exacta_rate', 'c1_boat_exacta_rate', 'c1_average_start', 'c2_history_n', 'c2_sashi', 'c2_makuri', 'c2_st_rank', 'c2_national_win_rate', 'c2_national_exacta_rate', 'c2_local_win_rate', 'c2_local_exacta_rate', 'c2_motor_exacta_rate', 'c2_boat_exacta_rate', 'c2_average_start', 'c3_history_n', 'c3_sashi', 'c3_makuri', 'c3_attack', 'c3_st_rank', 'c3_national_win_rate', 'c3_national_exacta_rate', 'c3_local_win_rate', 'c3_local_exacta_rate', 'c3_motor_exacta_rate', 'c3_boat_exacta_rate', 'c3_average_start', 'c4_history_n', 'c4_sashi', 'c4_makuri', 'c4_attack', 'c4_st_rank', 'c4_national_win_rate', 'c4_national_exacta_rate', 'c4_local_win_rate', 'c4_local_exacta_rate', 'c4_motor_exacta_rate', 'c4_boat_exacta_rate', 'c4_average_start', 'c5_history_n', 'c5_sashi', 'c5_makuri', 'c5_attack', 'c5_st_rank', 'c5_national_win_rate', 'c5_national_exacta_rate', 'c5_local_win_rate', 'c5_local_exacta_rate', 'c5_motor_exacta_rate', 'c5_boat_exacta_rate', 'c5_average_start', 'c6_history_n', 'c6_sashi', 'c6_makuri', 'c6_attack', 'c6_st_rank', 'c6_national_win_rate', 'c6_national_exacta_rate', 'c6_local_win_rate', 'c6_local_exacta_rate', 'c6_motor_exacta_rate', 'c6_boat_exacta_rate', 'c6_average_start', 'lane1_vulnerability_rate', 'c1_exhibition_time_relative', 'c1_start_timing_relative', 'c1_lap_time_relative', 'c1_around_time_relative', 'c1_ex_score', 'c1_st_score', 'c1_lap_score', 'c1_mawari_score', 'c1_attack_potential', 'c1_stable_score', 'c1_final_2nd_score', 'c1_second_rank', 'c1_gap_to_top', 'c2_exhibition_time_relative', 'c2_start_timing_relative', 'c2_lap_time_relative', 'c2_around_time_relative', 'c2_ex_score', 'c2_st_score', 'c2_lap_score', 'c2_mawari_score', 'c2_attack_potential', 'c2_stable_score', 'c2_final_2nd_score', 'c2_second_rank', 'c2_gap_to_top', 'c3_exhibition_time_relative', 'c3_start_timing_relative', 'c3_lap_time_relative', 'c3_around_time_relative', 'c3_ex_score', 'c3_st_score', 'c3_lap_score', 'c3_mawari_score', 'c3_attack_potential', 'c3_stable_score', 'c3_final_2nd_score', 'c3_second_rank', 'c3_gap_to_top', 'c4_exhibition_time_relative', 'c4_start_timing_relative', 'c4_lap_time_relative', 'c4_around_time_relative', 'c4_ex_score', 'c4_st_score', 'c4_lap_score', 'c4_mawari_score', 'c4_attack_potential', 'c4_stable_score', 'c4_final_2nd_score', 'c4_second_rank', 'c4_gap_to_top', 'c5_exhibition_time_relative', 'c5_start_timing_relative', 'c5_lap_time_relative', 'c5_around_time_relative', 'c5_ex_score', 'c5_st_score', 'c5_lap_score', 'c5_mawari_score', 'c5_attack_potential', 'c5_stable_score', 'c5_final_2nd_score', 'c5_second_rank', 'c5_gap_to_top', 'c6_exhibition_time_relative', 'c6_start_timing_relative', 'c6_lap_time_relative', 'c6_around_time_relative', 'c6_ex_score', 'c6_st_score', 'c6_lap_score', 'c6_mawari_score', 'c6_attack_potential', 'c6_stable_score', 'c6_final_2nd_score', 'c6_second_rank', 'c6_gap_to_top']",,,,,[],[]
AMG,2,first,6,ExtraTrees,-0.2817136258163676,log_loss,0.10966992378234863,1.43753981590271,0.10966992378234863,1.43753981590271,1,True,4,148,1,1,22069736,22069736,22069736,22069736,0,0,XTModel,,log_loss,"{'n_estimators': 300, 'max_leaf_nodes': 15000, 'n_jobs': -1, 'bootstrap': True, 'random_state': 0}",{'n_estimators': 300},"{'max_memory_usage_ratio': 1.0, 'max_gpu_memory_usage_ratio': 1.0, 'max_time_limit_ratio': 1.0, 'max_time_limit': None, 'min_time_limit': 0, 'valid_raw_types': ['bool', 'int', 'float', 'category'], 'valid_special_types': None, 'ignored_type_group_special': None, 'ignored_type_group_raw': None, 'get_features_kwargs': None, 'get_features_kwargs_extra': None, 'predict_1_batch_size': None, 'temperature_scalar': None}","['c1_history_n', 'c1_nige', 'c1_st_rank', 'c1_national_win_rate', 'c1_national_exacta_rate', 'c1_local_win_rate', 'c1_local_exacta_rate', 'c1_motor_exacta_rate', 'c1_boat_exacta_rate', 'c1_average_start', 'c2_history_n', 'c2_sashi', 'c2_makuri', 'c2_st_rank', 'c2_national_win_rate', 'c2_national_exacta_rate', 'c2_local_win_rate', 'c2_local_exacta_rate', 'c2_motor_exacta_rate', 'c2_boat_exacta_rate', 'c2_average_start', 'c3_history_n', 'c3_sashi', 'c3_makuri', 'c3_attack', 'c3_st_rank', 'c3_national_win_rate', 'c3_national_exacta_rate', 'c3_local_win_rate', 'c3_local_exacta_rate', 'c3_motor_exacta_rate', 'c3_boat_exacta_rate', 'c3_average_start', 'c4_history_n', 'c4_sashi', 'c4_makuri', 'c4_attack', 'c4_st_rank', 'c4_national_win_rate', 'c4_national_exacta_rate', 'c4_local_win_rate', 'c4_local_exacta_rate', 'c4_motor_exacta_rate', 'c4_boat_exacta_rate', 'c4_average_start', 'c5_history_n', 'c5_sashi', 'c5_makuri', 'c5_attack', 'c5_st_rank', 'c5_national_win_rate', 'c5_national_exacta_rate', 'c5_local_win_rate', 'c5_local_exacta_rate', 'c5_motor_exacta_rate', 'c5_boat_exacta_rate', 'c5_average_start', 'c6_history_n', 'c6_sashi', 'c6_makuri', 'c6_attack', 'c6_st_rank', 'c6_national_win_rate', 'c6_national_exacta_rate', 'c6_local_win_rate', 'c6_local_exacta_rate', 'c6_motor_exacta_rate', 'c6_boat_exacta_rate', 'c6_average_start', 'lane1_vulnerability_rate', 'c1_exhibition_time_relative', 'c1_start_timing_relative', 'c1_lap_time_relative', 'c1_around_time_relative', 'c1_ex_score', 'c1_st_score', 'c1_lap_score', 'c1_mawari_score', 'c1_attack_potential', 'c1_stable_score', 'c1_final_2nd_score', 'c1_second_rank', 'c1_gap_to_top', 'c2_exhibition_time_relative', 'c2_start_timing_relative', 'c2_lap_time_relative', 'c2_around_time_relative', 'c2_ex_score', 'c2_st_score', 'c2_lap_score', 'c2_mawari_score', 'c2_attack_potential', 'c2_stable_score', 'c2_final_2nd_score', 'c2_second_rank', 'c2_gap_to_top', 'c3_exhibition_time_relative', 'c3_start_timing_relative', 'c3_lap_time_relative', 'c3_around_time_relative', 'c3_ex_score', 'c3_st_score', 'c3_lap_score', 'c3_mawari_score', 'c3_attack_potential', 'c3_stable_score', 'c3_final_2nd_score', 'c3_second_rank', 'c3_gap_to_top', 'c4_exhibition_time_relative', 'c4_start_timing_relative', 'c4_lap_time_relative', 'c4_around_time_relative', 'c4_ex_score', 'c4_st_score', 'c4_lap_score', 'c4_mawari_score', 'c4_attack_potential', 'c4_stable_score', 'c4_final_2nd_score', 'c4_second_rank', 'c4_gap_to_top', 'c5_exhibition_time_relative', 'c5_start_timing_relative', 'c5_lap_time_relative', 'c5_around_time_relative', 'c5_ex_score', 'c5_st_score', 'c5_lap_score', 'c5_mawari_score', 'c5_attack_potential', 'c5_stable_score', 'c5_final_2nd_score', 'c5_second_rank', 'c5_gap_to_top', 'c6_exhibition_time_relative', 'c6_start_timing_relative', 'c6_lap_time_relative', 'c6_around_time_relative', 'c6_ex_score', 'c6_st_score', 'c6_lap_score', 'c6_mawari_score', 'c6_attack_potential', 'c6_stable_score', 'c6_final_2nd_score', 'c6_second_rank', 'c6_gap_to_top']",,,,,[],[]
AMG,2,top2,1,CatBoost,-0.6090022386913141,log_loss,0.009739398956298828,6.124957323074341,0.009739398956298828,6.124957323074341,1,True,3,148,1,1,171634,171634,171634,171634,0,1,CatBoostModel,,log_loss,"{'iterations': 10000, 'learning_rate': 0.05, 'allow_writing_files': False, 'eval_metric': 'Logloss', 'random_seed': 0}",{'iterations': 110},"{'max_memory_usage_ratio': 1.0, 'max_gpu_memory_usage_ratio': 1.0, 'max_time_limit_ratio': 1.0, 'max_time_limit': None, 'min_time_limit': 0, 'valid_raw_types': ['bool', 'int', 'float', 'category'], 'valid_special_types': None, 'ignored_type_group_special': None, 'ignored_type_group_raw': None, 'get_features_kwargs': None, 'get_features_kwargs_extra': None, 'predict_1_batch_size': None, 'temperature_scalar': None}","['c1_history_n', 'c1_nige', 'c1_st_rank', 'c1_national_win_rate', 'c1_national_exacta_rate', 'c1_local_win_rate', 'c1_local_exacta_rate', 'c1_motor_exacta_rate', 'c1_boat_exacta_rate', 'c1_average_start', 'c2_history_n', 'c2_sashi', 'c2_makuri', 'c2_st_rank', 'c2_national_win_rate', 'c2_national_exacta_rate', 'c2_local_win_rate', 'c2_local_exacta_rate', 'c2_motor_exacta_rate', 'c2_boat_exacta_rate', 'c2_average_start', 'c3_history_n', 'c3_sashi', 'c3_makuri', 'c3_attack', 'c3_st_rank', 'c3_national_win_rate', 'c3_national_exacta_rate', 'c3_local_win_rate', 'c3_local_exacta_rate', 'c3_motor_exacta_rate', 'c3_boat_exacta_rate', 'c3_average_start', 'c4_history_n', 'c4_sashi', 'c4_makuri', 'c4_attack', 'c4_st_rank', 'c4_national_win_rate', 'c4_national_exacta_rate', 'c4_local_win_rate', 'c4_local_exacta_rate', 'c4_motor_exacta_rate', 'c4_boat_exacta_rate', 'c4_average_start', 'c5_history_n', 'c5_sashi', 'c5_makuri', 'c5_attack', 'c5_st_rank', 'c5_national_win_rate', 'c5_national_exacta_rate', 'c5_local_win_rate', 'c5_local_exacta_rate', 'c5_motor_exacta_rate', 'c5_boat_exacta_rate', 'c5_average_start', 'c6_history_n', 'c6_sashi', 'c6_makuri', 'c6_attack', 'c6_st_rank', 'c6_national_win_rate', 'c6_national_exacta_rate', 'c6_local_win_rate', 'c6_local_exacta_rate', 'c6_motor_exacta_rate', 'c6_boat_exacta_rate', 'c6_average_start', 'lane1_vulnerability_rate', 'c1_exhibition_time_relative', 'c1_start_timing_relative', 'c1_lap_time_relative', 'c1_around_time_relative', 'c1_ex_score', 'c1_st_score', 'c1_lap_score', 'c1_mawari_score', 'c1_attack_potential', 'c1_stable_score', 'c1_final_2nd_score', 'c1_second_rank', 'c1_gap_to_top', 'c2_exhibition_time_relative', 'c2_start_timing_relative', 'c2_lap_time_relative', 'c2_around_time_relative', 'c2_ex_score', 'c2_st_score', 'c2_lap_score', 'c2_mawari_score', 'c2_attack_potential', 'c2_stable_score', 'c2_final_2nd_score', 'c2_second_rank', 'c2_gap_to_top', 'c3_exhibition_time_relative', 'c3_start_timing_relative', 'c3_lap_time_relative', 'c3_around_time_relative', 'c3_ex_score', 'c3_st_score', 'c3_lap_score', 'c3_mawari_score', 'c3_attack_potential', 'c3_stable_score', 'c3_final_2nd_score', 'c3_second_rank', 'c3_gap_to_top', 'c4_exhibition_time_relative', 'c4_start_timing_relative', 'c4_lap_time_relative', 'c4_around_time_relative', 'c4_ex_score', 'c4_st_score', 'c4_lap_score', 'c4_mawari_score', 'c4_attack_potential', 'c4_stable_score', 'c4_final_2nd_score', 'c4_second_rank', 'c4_gap_to_top', 'c5_exhibition_time_relative', 'c5_start_timing_relative', 'c5_lap_time_relative', 'c5_around_time_relative', 'c5_ex_score', 'c5_st_score', 'c5_lap_score', 'c5_mawari_score', 'c5_attack_potential', 'c5_stable_score', 'c5_final_2nd_score', 'c5_second_rank', 'c5_gap_to_top', 'c6_exhibition_time_relative', 'c6_start_timing_relative', 'c6_lap_time_relative', 'c6_around_time_relative', 'c6_ex_score', 'c6_st_score', 'c6_lap_score', 'c6_mawari_score', 'c6_attack_potential', 'c6_stable_score', 'c6_final_2nd_score', 'c6_second_rank', 'c6_gap_to_top']",,,,,[],['WeightedEnsemble_L2']
AMG,2,top2,2,WeightedEnsemble_L2,-0.6090022386913141,log_loss,0.010420560836791992,6.144135236740112,0.0006811618804931641,0.019177913665771484,2,True,6,1,1,2,3771,175405,3771,171634,1,0,WeightedEnsembleModel,GreedyWeightedEnsembleModel,log_loss,"{'use_orig_features': False, 'valid_stacker': True, 'max_base_models': 0, 'max_base_models_per_type': 'auto', 'save_bag_folds': True, 'stratify': 'auto', 'bin': 'auto', 'n_bins': None, 'vary_seed_across_folds': False, 'custom_splits': None, 'model_random_seed': 0}",{},"{'max_memory_usage_ratio': 1.0, 'max_gpu_memory_usage_ratio': 1.0, 'max_time_limit_ratio': 1.0, 'max_time_limit': None, 'min_time_limit': 0, 'valid_raw_types': None, 'valid_special_types': None, 'ignored_type_group_special': None, 'ignored_type_group_raw': None, 'get_features_kwargs': None, 'get_features_kwargs_extra': None, 'predict_1_batch_size': None, 'temperature_scalar': None, 'drop_unique': False}",['CatBoost'],,"{'ensemble_size': 25, 'subsample_size': 1000000}",{'ensemble_size': 1},"{'max_memory_usage_ratio': 1.0, 'max_gpu_memory_usage_ratio': 1.0, 'max_time_limit_ratio': 1.0, 'max_time_limit': None, 'min_time_limit': 0, 'valid_raw_types': None, 'valid_special_types': None, 'ignored_type_group_special': None, 'ignored_type_group_raw': None, 'get_features_kwargs': None, 'get_features_kwargs_extra': None, 'predict_1_batch_size': None, 'temperature_scalar': None, 'drop_unique': False}",['CatBoost'],[]
AMG,2,top2,3,LightGBM,-0.6191373852070369,log_loss,0.0035507678985595703,2.4321322441101074,0.0035507678985595703,2.4321322441101074,1,True,1,148,1,1,227089,227089,227089,227089,0,0,LGBModel,,log_loss,"{'learning_rate': 0.05, 'seed': 0}",{'num_boost_round': 61},"{'max_memory_usage_ratio': 1.0, 'max_gpu_memory_usage_ratio': 1.0, 'max_time_limit_ratio': 1.0, 'max_time_limit': None, 'min_time_limit': 0, 'valid_raw_types': ['bool', 'int', 'float', 'category'], 'valid_special_types': None, 'ignored_type_group_special': None, 'ignored_type_group_raw': None, 'get_features_kwargs': None, 'get_features_kwargs_extra': None, 'predict_1_batch_size': None, 'temperature_scalar': None}","['c1_history_n', 'c1_nige', 'c1_st_rank', 'c1_national_win_rate', 'c1_national_exacta_rate', 'c1_local_win_rate', 'c1_local_exacta_rate', 'c1_motor_exacta_rate', 'c1_boat_exacta_rate', 'c1_average_start', 'c2_history_n', 'c2_sashi', 'c2_makuri', 'c2_st_rank', 'c2_national_win_rate', 'c2_national_exacta_rate', 'c2_local_win_rate', 'c2_local_exacta_rate', 'c2_motor_exacta_rate', 'c2_boat_exacta_rate', 'c2_average_start', 'c3_history_n', 'c3_sashi', 'c3_makuri', 'c3_attack', 'c3_st_rank', 'c3_national_win_rate', 'c3_national_exacta_rate', 'c3_local_win_rate', 'c3_local_exacta_rate', 'c3_motor_exacta_rate', 'c3_boat_exacta_rate', 'c3_average_start', 'c4_history_n', 'c4_sashi', 'c4_makuri', 'c4_attack', 'c4_st_rank', 'c4_national_win_rate', 'c4_national_exacta_rate', 'c4_local_win_rate', 'c4_local_exacta_rate', 'c4_motor_exacta_rate', 'c4_boat_exacta_rate', 'c4_average_start', 'c5_history_n', 'c5_sashi', 'c5_makuri', 'c5_attack', 'c5_st_rank', 'c5_national_win_rate', 'c5_national_exacta_rate', 'c5_local_win_rate', 'c5_local_exacta_rate', 'c5_motor_exacta_rate', 'c5_boat_exacta_rate', 'c5_average_start', 'c6_history_n', 'c6_sashi', 'c6_makuri', 'c6_attack', 'c6_st_rank', 'c6_national_win_rate', 'c6_national_exacta_rate', 'c6_local_win_rate', 'c6_local_exacta_rate', 'c6_motor_exacta_rate', 'c6_boat_exacta_rate', 'c6_average_start', 'lane1_vulnerability_rate', 'c1_exhibition_time_relative', 'c1_start_timing_relative', 'c1_lap_time_relative', 'c1_around_time_relative', 'c1_ex_score', 'c1_st_score', 'c1_lap_score', 'c1_mawari_score', 'c1_attack_potential', 'c1_stable_score', 'c1_final_2nd_score', 'c1_second_rank', 'c1_gap_to_top', 'c2_exhibition_time_relative', 'c2_start_timing_relative', 'c2_lap_time_relative', 'c2_around_time_relative', 'c2_ex_score', 'c2_st_score', 'c2_lap_score', 'c2_mawari_score', 'c2_attack_potential', 'c2_stable_score', 'c2_final_2nd_score', 'c2_second_rank', 'c2_gap_to_top', 'c3_exhibition_time_relative', 'c3_start_timing_relative', 'c3_lap_time_relative', 'c3_around_time_relative', 'c3_ex_score', 'c3_st_score', 'c3_lap_score', 'c3_mawari_score', 'c3_attack_potential', 'c3_stable_score', 'c3_final_2nd_score', 'c3_second_rank', 'c3_gap_to_top', 'c4_exhibition_time_relative', 'c4_start_timing_relative', 'c4_lap_time_relative', 'c4_around_time_relative', 'c4_ex_score', 'c4_st_score', 'c4_lap_score', 'c4_mawari_score', 'c4_attack_potential', 'c4_stable_score', 'c4_final_2nd_score', 'c4_second_rank', 'c4_gap_to_top', 'c5_exhibition_time_relative', 'c5_start_timing_relative', 'c5_lap_time_relative', 'c5_around_time_relative', 'c5_ex_score', 'c5_st_score', 'c5_lap_score', 'c5_mawari_score', 'c5_attack_potential', 'c5_stable_score', 'c5_final_2nd_score', 'c5_second_rank', 'c5_gap_to_top', 'c6_exhibition_time_relative', 'c6_start_timing_relative', 'c6_lap_time_relative', 'c6_around_time_relative', 'c6_ex_score', 'c6_st_score', 'c6_lap_score', 'c6_mawari_score', 'c6_attack_potential', 'c6_stable_score', 'c6_final_2nd_score', 'c6_second_rank', 'c6_gap_to_top']",,,,,[],[]
AMG,2,top2,4,XGBoost,-0.6251682818964555,log_loss,0.009329557418823242,6.252720594406128,0.009329557418823242,6.252720594406128,1,True,5,148,1,1,998625,998625,998625,998625,0,0,XGBoostModel,,log_loss,"{'n_estimators': 10000, 'learning_rate': 0.1, 'n_jobs': -1, 'proc.max_category_levels': 100, 'objective': 'binary:logistic', 'booster': 'gbtree', 'seed': 0}",{'n_estimators': 24},"{'max_memory_usage_ratio': 1.0, 'max_gpu_memory_usage_ratio': 1.0, 'max_time_limit_ratio': 1.0, 'max_time_limit': None, 'min_time_limit': 0, 'valid_raw_types': ['bool', 'int', 'float', 'category'], 'valid_special_types': None, 'ignored_type_group_special': None, 'ignored_type_group_raw': None, 'get_features_kwargs': None, 'get_features_kwargs_extra': None, 'predict_1_batch_size': None, 'temperature_scalar': None}","['c1_history_n', 'c1_nige', 'c1_st_rank', 'c1_national_win_rate', 'c1_national_exacta_rate', 'c1_local_win_rate', 'c1_local_exacta_rate', 'c1_motor_exacta_rate', 'c1_boat_exacta_rate', 'c1_average_start', 'c2_history_n', 'c2_sashi', 'c2_makuri', 'c2_st_rank', 'c2_national_win_rate', 'c2_national_exacta_rate', 'c2_local_win_rate', 'c2_local_exacta_rate', 'c2_motor_exacta_rate', 'c2_boat_exacta_rate', 'c2_average_start', 'c3_history_n', 'c3_sashi', 'c3_makuri', 'c3_attack', 'c3_st_rank', 'c3_national_win_rate', 'c3_national_exacta_rate', 'c3_local_win_rate', 'c3_local_exacta_rate', 'c3_motor_exacta_rate', 'c3_boat_exacta_rate', 'c3_average_start', 'c4_history_n', 'c4_sashi', 'c4_makuri', 'c4_attack', 'c4_st_rank', 'c4_national_win_rate', 'c4_national_exacta_rate', 'c4_local_win_rate', 'c4_local_exacta_rate', 'c4_motor_exacta_rate', 'c4_boat_exacta_rate', 'c4_average_start', 'c5_history_n', 'c5_sashi', 'c5_makuri', 'c5_attack', 'c5_st_rank', 'c5_national_win_rate', 'c5_national_exacta_rate', 'c5_local_win_rate', 'c5_local_exacta_rate', 'c5_motor_exacta_rate', 'c5_boat_exacta_rate', 'c5_average_start', 'c6_history_n', 'c6_sashi', 'c6_makuri', 'c6_attack', 'c6_st_rank', 'c6_national_win_rate', 'c6_national_exacta_rate', 'c6_local_win_rate', 'c6_local_exacta_rate', 'c6_motor_exacta_rate', 'c6_boat_exacta_rate', 'c6_average_start', 'lane1_vulnerability_rate', 'c1_exhibition_time_relative', 'c1_start_timing_relative', 'c1_lap_time_relative', 'c1_around_time_relative', 'c1_ex_score', 'c1_st_score', 'c1_lap_score', 'c1_mawari_score', 'c1_attack_potential', 'c1_stable_score', 'c1_final_2nd_score', 'c1_second_rank', 'c1_gap_to_top', 'c2_exhibition_time_relative', 'c2_start_timing_relative', 'c2_lap_time_relative', 'c2_around_time_relative', 'c2_ex_score', 'c2_st_score', 'c2_lap_score', 'c2_mawari_score', 'c2_attack_potential', 'c2_stable_score', 'c2_final_2nd_score', 'c2_second_rank', 'c2_gap_to_top', 'c3_exhibition_time_relative', 'c3_start_timing_relative', 'c3_lap_time_relative', 'c3_around_time_relative', 'c3_ex_score', 'c3_st_score', 'c3_lap_score', 'c3_mawari_score', 'c3_attack_potential', 'c3_stable_score', 'c3_final_2nd_score', 'c3_second_rank', 'c3_gap_to_top', 'c4_exhibition_time_relative', 'c4_start_timing_relative', 'c4_lap_time_relative', 'c4_around_time_relative', 'c4_ex_score', 'c4_st_score', 'c4_lap_score', 'c4_mawari_score', 'c4_attack_potential', 'c4_stable_score', 'c4_final_2nd_score', 'c4_second_rank', 'c4_gap_to_top', 'c5_exhibition_time_relative', 'c5_start_timing_relative', 'c5_lap_time_relative', 'c5_around_time_relative', 'c5_ex_score', 'c5_st_score', 'c5_lap_score', 'c5_mawari_score', 'c5_attack_potential', 'c5_stable_score', 'c5_final_2nd_score', 'c5_second_rank', 'c5_gap_to_top', 'c6_exhibition_time_relative', 'c6_start_timing_relative', 'c6_lap_time_relative', 'c6_around_time_relative', 'c6_ex_score', 'c6_st_score', 'c6_lap_score', 'c6_mawari_score', 'c6_attack_potential', 'c6_stable_score', 'c6_final_2nd_score', 'c6_second_rank', 'c6_gap_to_top']",,,,,[],[]
AMG,2,top2,5,RandomForest,-0.625451533256993,log_loss,0.12191104888916016,3.147799015045166,0.12191104888916016,3.147799015045166,1,True,2,148,1,1,24742380,24742380,24742380,24742380,0,0,RFModel,,log_loss,"{'n_estimators': 300, 'max_leaf_nodes': 15000, 'n_jobs': -1, 'bootstrap': True, 'random_state': 0}",{'n_estimators': 300},"{'max_memory_usage_ratio': 1.0, 'max_gpu_memory_usage_ratio': 1.0, 'max_time_limit_ratio': 1.0, 'max_time_limit': None, 'min_time_limit': 0, 'valid_raw_types': ['bool', 'int', 'float', 'category'], 'valid_special_types': None, 'ignored_type_group_special': None, 'ignored_type_group_raw': None, 'get_features_kwargs': None, 'get_features_kwargs_extra': None, 'predict_1_batch_size': None, 'temperature_scalar': None}","['c1_history_n', 'c1_nige', 'c1_st_rank', 'c1_national_win_rate', 'c1_national_exacta_rate', 'c1_local_win_rate', 'c1_local_exacta_rate', 'c1_motor_exacta_rate', 'c1_boat_exacta_rate', 'c1_average_start', 'c2_history_n', 'c2_sashi', 'c2_makuri', 'c2_st_rank', 'c2_national_win_rate', 'c2_national_exacta_rate', 'c2_local_win_rate', 'c2_local_exacta_rate', 'c2_motor_exacta_rate', 'c2_boat_exacta_rate', 'c2_average_start', 'c3_history_n', 'c3_sashi', 'c3_makuri', 'c3_attack', 'c3_st_rank', 'c3_national_win_rate', 'c3_national_exacta_rate', 'c3_local_win_rate', 'c3_local_exacta_rate', 'c3_motor_exacta_rate', 'c3_boat_exacta_rate', 'c3_average_start', 'c4_history_n', 'c4_sashi', 'c4_makuri', 'c4_attack', 'c4_st_rank', 'c4_national_win_rate', 'c4_national_exacta_rate', 'c4_local_win_rate', 'c4_local_exacta_rate', 'c4_motor_exacta_rate', 'c4_boat_exacta_rate', 'c4_average_start', 'c5_history_n', 'c5_sashi', 'c5_makuri', 'c5_attack', 'c5_st_rank', 'c5_national_win_rate', 'c5_national_exacta_rate', 'c5_local_win_rate', 'c5_local_exacta_rate', 'c5_motor_exacta_rate', 'c5_boat_exacta_rate', 'c5_average_start', 'c6_history_n', 'c6_sashi', 'c6_makuri', 'c6_attack', 'c6_st_rank', 'c6_national_win_rate', 'c6_national_exacta_rate', 'c6_local_win_rate', 'c6_local_exacta_rate', 'c6_motor_exacta_rate', 'c6_boat_exacta_rate', 'c6_average_start', 'lane1_vulnerability_rate', 'c1_exhibition_time_relative', 'c1_start_timing_relative', 'c1_lap_time_relative', 'c1_around_time_relative', 'c1_ex_score', 'c1_st_score', 'c1_lap_score', 'c1_mawari_score', 'c1_attack_potential', 'c1_stable_score', 'c1_final_2nd_score', 'c1_second_rank', 'c1_gap_to_top', 'c2_exhibition_time_relative', 'c2_start_timing_relative', 'c2_lap_time_relative', 'c2_around_time_relative', 'c2_ex_score', 'c2_st_score', 'c2_lap_score', 'c2_mawari_score', 'c2_attack_potential', 'c2_stable_score', 'c2_final_2nd_score', 'c2_second_rank', 'c2_gap_to_top', 'c3_exhibition_time_relative', 'c3_start_timing_relative', 'c3_lap_time_relative', 'c3_around_time_relative', 'c3_ex_score', 'c3_st_score', 'c3_lap_score', 'c3_mawari_score', 'c3_attack_potential', 'c3_stable_score', 'c3_final_2nd_score', 'c3_second_rank', 'c3_gap_to_top', 'c4_exhibition_time_relative', 'c4_start_timing_relative', 'c4_lap_time_relative', 'c4_around_time_relative', 'c4_ex_score', 'c4_st_score', 'c4_lap_score', 'c4_mawari_score', 'c4_attack_potential', 'c4_stable_score', 'c4_final_2nd_score', 'c4_second_rank', 'c4_gap_to_top', 'c5_exhibition_time_relative', 'c5_start_timing_relative', 'c5_lap_time_relative', 'c5_around_time_relative', 'c5_ex_score', 'c5_st_score', 'c5_lap_score', 'c5_mawari_score', 'c5_attack_potential', 'c5_stable_score', 'c5_final_2nd_score', 'c5_second_rank', 'c5_gap_to_top', 'c6_exhibition_time_relative', 'c6_start_timing_relative', 'c6_lap_time_relative', 'c6_around_time_relative', 'c6_ex_score', 'c6_st_score', 'c6_lap_score', 'c6_mawari_score', 'c6_attack_potential', 'c6_stable_score', 'c6_final_2nd_score', 'c6_second_rank', 'c6_gap_to_top']",,,,,[],[]
AMG,2,top2,6,ExtraTrees,-0.6263138291472677,log_loss,0.11234045028686523,1.6154556274414062,0.11234045028686523,1.6154556274414062,1,True,4,148,1,1,40186214,40186214,40186214,40186214,0,0,XTModel,,log_loss,"{'n_estimators': 300, 'max_leaf_nodes': 15000, 'n_jobs': -1, 'bootstrap': True, 'random_state': 0}",{'n_estimators': 300},"{'max_memory_usage_ratio': 1.0, 'max_gpu_memory_usage_ratio': 1.0, 'max_time_limit_ratio': 1.0, 'max_time_limit': None, 'min_time_limit': 0, 'valid_raw_types': ['bool', 'int', 'float', 'category'], 'valid_special_types': None, 'ignored_type_group_special': None, 'ignored_type_group_raw': None, 'get_features_kwargs': None, 'get_features_kwargs_extra': None, 'predict_1_batch_size': None, 'temperature_scalar': None}","['c1_history_n', 'c1_nige', 'c1_st_rank', 'c1_national_win_rate', 'c1_national_exacta_rate', 'c1_local_win_rate', 'c1_local_exacta_rate', 'c1_motor_exacta_rate', 'c1_boat_exacta_rate', 'c1_average_start', 'c2_history_n', 'c2_sashi', 'c2_makuri', 'c2_st_rank', 'c2_national_win_rate', 'c2_national_exacta_rate', 'c2_local_win_rate', 'c2_local_exacta_rate', 'c2_motor_exacta_rate', 'c2_boat_exacta_rate', 'c2_average_start', 'c3_history_n', 'c3_sashi', 'c3_makuri', 'c3_attack', 'c3_st_rank', 'c3_national_win_rate', 'c3_national_exacta_rate', 'c3_local_win_rate', 'c3_local_exacta_rate', 'c3_motor_exacta_rate', 'c3_boat_exacta_rate', 'c3_average_start', 'c4_history_n', 'c4_sashi', 'c4_makuri', 'c4_attack', 'c4_st_rank', 'c4_national_win_rate', 'c4_national_exacta_rate', 'c4_local_win_rate', 'c4_local_exacta_rate', 'c4_motor_exacta_rate', 'c4_boat_exacta_rate', 'c4_average_start', 'c5_history_n', 'c5_sashi', 'c5_makuri', 'c5_attack', 'c5_st_rank', 'c5_national_win_rate', 'c5_national_exacta_rate', 'c5_local_win_rate', 'c5_local_exacta_rate', 'c5_motor_exacta_rate', 'c5_boat_exacta_rate', 'c5_average_start', 'c6_history_n', 'c6_sashi', 'c6_makuri', 'c6_attack', 'c6_st_rank', 'c6_national_win_rate', 'c6_national_exacta_rate', 'c6_local_win_rate', 'c6_local_exacta_rate', 'c6_motor_exacta_rate', 'c6_boat_exacta_rate', 'c6_average_start', 'lane1_vulnerability_rate', 'c1_exhibition_time_relative', 'c1_start_timing_relative', 'c1_lap_time_relative', 'c1_around_time_relative', 'c1_ex_score', 'c1_st_score', 'c1_lap_score', 'c1_mawari_score', 'c1_attack_potential', 'c1_stable_score', 'c1_final_2nd_score', 'c1_second_rank', 'c1_gap_to_top', 'c2_exhibition_time_relative', 'c2_start_timing_relative', 'c2_lap_time_relative', 'c2_around_time_relative', 'c2_ex_score', 'c2_st_score', 'c2_lap_score', 'c2_mawari_score', 'c2_attack_potential', 'c2_stable_score', 'c2_final_2nd_score', 'c2_second_rank', 'c2_gap_to_top', 'c3_exhibition_time_relative', 'c3_start_timing_relative', 'c3_lap_time_relative', 'c3_around_time_relative', 'c3_ex_score', 'c3_st_score', 'c3_lap_score', 'c3_mawari_score', 'c3_attack_potential', 'c3_stable_score', 'c3_final_2nd_score', 'c3_second_rank', 'c3_gap_to_top', 'c4_exhibition_time_relative', 'c4_start_timing_relative', 'c4_lap_time_relative', 'c4_around_time_relative', 'c4_ex_score', 'c4_st_score', 'c4_lap_score', 'c4_mawari_score', 'c4_attack_potential', 'c4_stable_score', 'c4_final_2nd_score', 'c4_second_rank', 'c4_gap_to_top', 'c5_exhibition_time_relative', 'c5_start_timing_relative', 'c5_lap_time_relative', 'c5_around_time_relative', 'c5_ex_score', 'c5_st_score', 'c5_lap_score', 'c5_mawari_score', 'c5_attack_potential', 'c5_stable_score', 'c5_final_2nd_score', 'c5_second_rank', 'c5_gap_to_top', 'c6_exhibition_time_relative', 'c6_start_timing_relative', 'c6_lap_time_relative', 'c6_around_time_relative', 'c6_ex_score', 'c6_st_score', 'c6_lap_score', 'c6_mawari_score', 'c6_attack_potential', 'c6_stable_score', 'c6_final_2nd_score', 'c6_second_rank', 'c6_gap_to_top']",,,,,[],[]
AMG,2,top3,1,WeightedEnsemble_L2,-0.6271144609774495,log_loss,0.024276018142700195,16.737709999084473,0.0006833076477050781,0.0193483829498291,2,True,6,3,1,4,3790,1649461,3790,1069041,3,0,WeightedEnsembleModel,GreedyWeightedEnsembleModel,log_loss,"{'use_orig_features': False, 'valid_stacker': True, 'max_base_models': 0, 'max_base_models_per_type': 'auto', 'save_bag_folds': True, 'stratify': 'auto', 'bin': 'auto', 'n_bins': None, 'vary_seed_across_folds': False, 'custom_splits': None, 'model_random_seed': 0}",{},"{'max_memory_usage_ratio': 1.0, 'max_gpu_memory_usage_ratio': 1.0, 'max_time_limit_ratio': 1.0, 'max_time_limit': None, 'min_time_limit': 0, 'valid_raw_types': None, 'valid_special_types': None, 'ignored_type_group_special': None, 'ignored_type_group_raw': None, 'get_features_kwargs': None, 'get_features_kwargs_extra': None, 'predict_1_batch_size': None, 'temperature_scalar': None, 'drop_unique': False}","['LightGBM', 'XGBoost', 'CatBoost']",,"{'ensemble_size': 25, 'subsample_size': 1000000}",{'ensemble_size': 23},"{'max_memory_usage_ratio': 1.0, 'max_gpu_memory_usage_ratio': 1.0, 'max_time_limit_ratio': 1.0, 'max_time_limit': None, 'min_time_limit': 0, 'valid_raw_types': None, 'valid_special_types': None, 'ignored_type_group_special': None, 'ignored_type_group_raw': None, 'get_features_kwargs': None, 'get_features_kwargs_extra': None, 'predict_1_batch_size': None, 'temperature_scalar': None, 'drop_unique': False}","['LightGBM', 'XGBoost', 'CatBoost']",[]
AMG,2,top3,2,LightGBM,-0.6284540111350198,log_loss,0.004163503646850586,2.61824107170105,0.004163503646850586,2.61824107170105,1,True,1,148,1,1,320116,320116,320116,320116,0,1,LGBModel,,log_loss,"{'learning_rate': 0.05, 'seed': 0}",{'num_boost_round': 88},"{'max_memory_usage_ratio': 1.0, 'max_gpu_memory_usage_ratio': 1.0, 'max_time_limit_ratio': 1.0, 'max_time_limit': None, 'min_time_limit': 0, 'valid_raw_types': ['bool', 'int', 'float', 'category'], 'valid_special_types': None, 'ignored_type_group_special': None, 'ignored_type_group_raw': None, 'get_features_kwargs': None, 'get_features_kwargs_extra': None, 'predict_1_batch_size': None, 'temperature_scalar': None}","['c1_history_n', 'c1_nige', 'c1_st_rank', 'c1_national_win_rate', 'c1_national_exacta_rate', 'c1_local_win_rate', 'c1_local_exacta_rate', 'c1_motor_exacta_rate', 'c1_boat_exacta_rate', 'c1_average_start', 'c2_history_n', 'c2_sashi', 'c2_makuri', 'c2_st_rank', 'c2_national_win_rate', 'c2_national_exacta_rate', 'c2_local_win_rate', 'c2_local_exacta_rate', 'c2_motor_exacta_rate', 'c2_boat_exacta_rate', 'c2_average_start', 'c3_history_n', 'c3_sashi', 'c3_makuri', 'c3_attack', 'c3_st_rank', 'c3_national_win_rate', 'c3_national_exacta_rate', 'c3_local_win_rate', 'c3_local_exacta_rate', 'c3_motor_exacta_rate', 'c3_boat_exacta_rate', 'c3_average_start', 'c4_history_n', 'c4_sashi', 'c4_makuri', 'c4_attack', 'c4_st_rank', 'c4_national_win_rate', 'c4_national_exacta_rate', 'c4_local_win_rate', 'c4_local_exacta_rate', 'c4_motor_exacta_rate', 'c4_boat_exacta_rate', 'c4_average_start', 'c5_history_n', 'c5_sashi', 'c5_makuri', 'c5_attack', 'c5_st_rank', 'c5_national_win_rate', 'c5_national_exacta_rate', 'c5_local_win_rate', 'c5_local_exacta_rate', 'c5_motor_exacta_rate', 'c5_boat_exacta_rate', 'c5_average_start', 'c6_history_n', 'c6_sashi', 'c6_makuri', 'c6_attack', 'c6_st_rank', 'c6_national_win_rate', 'c6_national_exacta_rate', 'c6_local_win_rate', 'c6_local_exacta_rate', 'c6_motor_exacta_rate', 'c6_boat_exacta_rate', 'c6_average_start', 'lane1_vulnerability_rate', 'c1_exhibition_time_relative', 'c1_start_timing_relative', 'c1_lap_time_relative', 'c1_around_time_relative', 'c1_ex_score', 'c1_st_score', 'c1_lap_score', 'c1_mawari_score', 'c1_attack_potential', 'c1_stable_score', 'c1_final_2nd_score', 'c1_second_rank', 'c1_gap_to_top', 'c2_exhibition_time_relative', 'c2_start_timing_relative', 'c2_lap_time_relative', 'c2_around_time_relative', 'c2_ex_score', 'c2_st_score', 'c2_lap_score', 'c2_mawari_score', 'c2_attack_potential', 'c2_stable_score', 'c2_final_2nd_score', 'c2_second_rank', 'c2_gap_to_top', 'c3_exhibition_time_relative', 'c3_start_timing_relative', 'c3_lap_time_relative', 'c3_around_time_relative', 'c3_ex_score', 'c3_st_score', 'c3_lap_score', 'c3_mawari_score', 'c3_attack_potential', 'c3_stable_score', 'c3_final_2nd_score', 'c3_second_rank', 'c3_gap_to_top', 'c4_exhibition_time_relative', 'c4_start_timing_relative', 'c4_lap_time_relative', 'c4_around_time_relative', 'c4_ex_score', 'c4_st_score', 'c4_lap_score', 'c4_mawari_score', 'c4_attack_potential', 'c4_stable_score', 'c4_final_2nd_score', 'c4_second_rank', 'c4_gap_to_top', 'c5_exhibition_time_relative', 'c5_start_timing_relative', 'c5_lap_time_relative', 'c5_around_time_relative', 'c5_ex_score', 'c5_st_score', 'c5_lap_score', 'c5_mawari_score', 'c5_attack_potential', 'c5_stable_score', 'c5_final_2nd_score', 'c5_second_rank', 'c5_gap_to_top', 'c6_exhibition_time_relative', 'c6_start_timing_relative', 'c6_lap_time_relative', 'c6_around_time_relative', 'c6_ex_score', 'c6_st_score', 'c6_lap_score', 'c6_mawari_score', 'c6_attack_potential', 'c6_stable_score', 'c6_final_2nd_score', 'c6_second_rank', 'c6_gap_to_top']",,,,,[],['WeightedEnsemble_L2']
AMG,2,top3,3,XGBoost,-0.6372089872982646,log_loss,0.009600639343261719,6.852162837982178,0.009600639343261719,6.852162837982178,1,True,5,148,1,1,1069041,1069041,1069041,1069041,0,1,XGBoostModel,,log_loss,"{'n_estimators': 10000, 'learning_rate': 0.1, 'n_jobs': -1, 'proc.max_category_levels': 100, 'objective': 'binary:logistic', 'booster': 'gbtree', 'seed': 0}",{'n_estimators': 44},"{'max_memory_usage_ratio': 1.0, 'max_gpu_memory_usage_ratio': 1.0, 'max_time_limit_ratio': 1.0, 'max_time_limit': None, 'min_time_limit': 0, 'valid_raw_types': ['bool', 'int', 'float', 'category'], 'valid_special_types': None, 'ignored_type_group_special': None, 'ignored_type_group_raw': None, 'get_features_kwargs': None, 'get_features_kwargs_extra': None, 'predict_1_batch_size': None, 'temperature_scalar': None}","['c1_history_n', 'c1_nige', 'c1_st_rank', 'c1_national_win_rate', 'c1_national_exacta_rate', 'c1_local_win_rate', 'c1_local_exacta_rate', 'c1_motor_exacta_rate', 'c1_boat_exacta_rate', 'c1_average_start', 'c2_history_n', 'c2_sashi', 'c2_makuri', 'c2_st_rank', 'c2_national_win_rate', 'c2_national_exacta_rate', 'c2_local_win_rate', 'c2_local_exacta_rate', 'c2_motor_exacta_rate', 'c2_boat_exacta_rate', 'c2_average_start', 'c3_history_n', 'c3_sashi', 'c3_makuri', 'c3_attack', 'c3_st_rank', 'c3_national_win_rate', 'c3_national_exacta_rate', 'c3_local_win_rate', 'c3_local_exacta_rate', 'c3_motor_exacta_rate', 'c3_boat_exacta_rate', 'c3_average_start', 'c4_history_n', 'c4_sashi', 'c4_makuri', 'c4_attack', 'c4_st_rank', 'c4_national_win_rate', 'c4_national_exacta_rate', 'c4_local_win_rate', 'c4_local_exacta_rate', 'c4_motor_exacta_rate', 'c4_boat_exacta_rate', 'c4_average_start', 'c5_history_n', 'c5_sashi', 'c5_makuri', 'c5_attack', 'c5_st_rank', 'c5_national_win_rate', 'c5_national_exacta_rate', 'c5_local_win_rate', 'c5_local_exacta_rate', 'c5_motor_exacta_rate', 'c5_boat_exacta_rate', 'c5_average_start', 'c6_history_n', 'c6_sashi', 'c6_makuri', 'c6_attack', 'c6_st_rank', 'c6_national_win_rate', 'c6_national_exacta_rate', 'c6_local_win_rate', 'c6_local_exacta_rate', 'c6_motor_exacta_rate', 'c6_boat_exacta_rate', 'c6_average_start', 'lane1_vulnerability_rate', 'c1_exhibition_time_relative', 'c1_start_timing_relative', 'c1_lap_time_relative', 'c1_around_time_relative', 'c1_ex_score', 'c1_st_score', 'c1_lap_score', 'c1_mawari_score', 'c1_attack_potential', 'c1_stable_score', 'c1_final_2nd_score', 'c1_second_rank', 'c1_gap_to_top', 'c2_exhibition_time_relative', 'c2_start_timing_relative', 'c2_lap_time_relative', 'c2_around_time_relative', 'c2_ex_score', 'c2_st_score', 'c2_lap_score', 'c2_mawari_score', 'c2_attack_potential', 'c2_stable_score', 'c2_final_2nd_score', 'c2_second_rank', 'c2_gap_to_top', 'c3_exhibition_time_relative', 'c3_start_timing_relative', 'c3_lap_time_relative', 'c3_around_time_relative', 'c3_ex_score', 'c3_st_score', 'c3_lap_score', 'c3_mawari_score', 'c3_attack_potential', 'c3_stable_score', 'c3_final_2nd_score', 'c3_second_rank', 'c3_gap_to_top', 'c4_exhibition_time_relative', 'c4_start_timing_relative', 'c4_lap_time_relative', 'c4_around_time_relative', 'c4_ex_score', 'c4_st_score', 'c4_lap_score', 'c4_mawari_score', 'c4_attack_potential', 'c4_stable_score', 'c4_final_2nd_score', 'c4_second_rank', 'c4_gap_to_top', 'c5_exhibition_time_relative', 'c5_start_timing_relative', 'c5_lap_time_relative', 'c5_around_time_relative', 'c5_ex_score', 'c5_st_score', 'c5_lap_score', 'c5_mawari_score', 'c5_attack_potential', 'c5_stable_score', 'c5_final_2nd_score', 'c5_second_rank', 'c5_gap_to_top', 'c6_exhibition_time_relative', 'c6_start_timing_relative', 'c6_lap_time_relative', 'c6_around_time_relative', 'c6_ex_score', 'c6_st_score', 'c6_lap_score', 'c6_mawari_score', 'c6_attack_potential', 'c6_stable_score', 'c6_final_2nd_score', 'c6_second_rank', 'c6_gap_to_top']",,,,,[],['WeightedEnsemble_L2']
AMG,2,top3,4,CatBoost,-0.6382812215586074,log_loss,0.009828567504882812,7.247957706451416,0.009828567504882812,7.247957706451416,1,True,3,148,1,1,256514,256514,256514,256514,0,1,CatBoostModel,,log_loss,"{'iterations': 10000, 'learning_rate': 0.05, 'allow_writing_files': False, 'eval_metric': 'Logloss', 'random_seed': 0}",{'iterations': 183},"{'max_memory_usage_ratio': 1.0, 'max_gpu_memory_usage_ratio': 1.0, 'max_time_limit_ratio': 1.0, 'max_time_limit': None, 'min_time_limit': 0, 'valid_raw_types': ['bool', 'int', 'float', 'category'], 'valid_special_types': None, 'ignored_type_group_special': None, 'ignored_type_group_raw': None, 'get_features_kwargs': None, 'get_features_kwargs_extra': None, 'predict_1_batch_size': None, 'temperature_scalar': None}","['c1_history_n', 'c1_nige', 'c1_st_rank', 'c1_national_win_rate', 'c1_national_exacta_rate', 'c1_local_win_rate', 'c1_local_exacta_rate', 'c1_motor_exacta_rate', 'c1_boat_exacta_rate', 'c1_average_start', 'c2_history_n', 'c2_sashi', 'c2_makuri', 'c2_st_rank', 'c2_national_win_rate', 'c2_national_exacta_rate', 'c2_local_win_rate', 'c2_local_exacta_rate', 'c2_motor_exacta_rate', 'c2_boat_exacta_rate', 'c2_average_start', 'c3_history_n', 'c3_sashi', 'c3_makuri', 'c3_attack', 'c3_st_rank', 'c3_national_win_rate', 'c3_national_exacta_rate', 'c3_local_win_rate', 'c3_local_exacta_rate', 'c3_motor_exacta_rate', 'c3_boat_exacta_rate', 'c3_average_start', 'c4_history_n', 'c4_sashi', 'c4_makuri', 'c4_attack', 'c4_st_rank', 'c4_national_win_rate', 'c4_national_exacta_rate', 'c4_local_win_rate', 'c4_local_exacta_rate', 'c4_motor_exacta_rate', 'c4_boat_exacta_rate', 'c4_average_start', 'c5_history_n', 'c5_sashi', 'c5_makuri', 'c5_attack', 'c5_st_rank', 'c5_national_win_rate', 'c5_national_exacta_rate', 'c5_local_win_rate', 'c5_local_exacta_rate', 'c5_motor_exacta_rate', 'c5_boat_exacta_rate', 'c5_average_start', 'c6_history_n', 'c6_sashi', 'c6_makuri', 'c6_attack', 'c6_st_rank', 'c6_national_win_rate', 'c6_national_exacta_rate', 'c6_local_win_rate', 'c6_local_exacta_rate', 'c6_motor_exacta_rate', 'c6_boat_exacta_rate', 'c6_average_start', 'lane1_vulnerability_rate', 'c1_exhibition_time_relative', 'c1_start_timing_relative', 'c1_lap_time_relative', 'c1_around_time_relative', 'c1_ex_score', 'c1_st_score', 'c1_lap_score', 'c1_mawari_score', 'c1_attack_potential', 'c1_stable_score', 'c1_final_2nd_score', 'c1_second_rank', 'c1_gap_to_top', 'c2_exhibition_time_relative', 'c2_start_timing_relative', 'c2_lap_time_relative', 'c2_around_time_relative', 'c2_ex_score', 'c2_st_score', 'c2_lap_score', 'c2_mawari_score', 'c2_attack_potential', 'c2_stable_score', 'c2_final_2nd_score', 'c2_second_rank', 'c2_gap_to_top', 'c3_exhibition_time_relative', 'c3_start_timing_relative', 'c3_lap_time_relative', 'c3_around_time_relative', 'c3_ex_score', 'c3_st_score', 'c3_lap_score', 'c3_mawari_score', 'c3_attack_potential', 'c3_stable_score', 'c3_final_2nd_score', 'c3_second_rank', 'c3_gap_to_top', 'c4_exhibition_time_relative', 'c4_start_timing_relative', 'c4_lap_time_relative', 'c4_around_time_relative', 'c4_ex_score', 'c4_st_score', 'c4_lap_score', 'c4_mawari_score', 'c4_attack_potential', 'c4_stable_score', 'c4_final_2nd_score', 'c4_second_rank', 'c4_gap_to_top', 'c5_exhibition_time_relative', 'c5_start_timing_relative', 'c5_lap_time_relative', 'c5_around_time_relative', 'c5_ex_score', 'c5_st_score', 'c5_lap_score', 'c5_mawari_score', 'c5_attack_potential', 'c5_stable_score', 'c5_final_2nd_score', 'c5_second_rank', 'c5_gap_to_top', 'c6_exhibition_time_relative', 'c6_start_timing_relative', 'c6_lap_time_relative', 'c6_around_time_relative', 'c6_ex_score', 'c6_st_score', 'c6_lap_score', 'c6_mawari_score', 'c6_attack_potential', 'c6_stable_score', 'c6_final_2nd_score', 'c6_second_rank', 'c6_gap_to_top']",,,,,[],['WeightedEnsemble_L2']
AMG,2,top3,5,RandomForest,-0.642108533112867,log_loss,0.11057853698730469,3.0311524868011475,0.11057853698730469,3.0311524868011475,1,True,2,148,1,1,26202540,26202540,26202540,26202540,0,0,RFModel,,log_loss,"{'n_estimators': 300, 'max_leaf_nodes': 15000, 'n_jobs': -1, 'bootstrap': True, 'random_state': 0}",{'n_estimators': 300},"{'max_memory_usage_ratio': 1.0, 'max_gpu_memory_usage_ratio': 1.0, 'max_time_limit_ratio': 1.0, 'max_time_limit': None, 'min_time_limit': 0, 'valid_raw_types': ['bool', 'int', 'float', 'category'], 'valid_special_types': None, 'ignored_type_group_special': None, 'ignored_type_group_raw': None, 'get_features_kwargs': None, 'get_features_kwargs_extra': None, 'predict_1_batch_size': None, 'temperature_scalar': None}","['c1_history_n', 'c1_nige', 'c1_st_rank', 'c1_national_win_rate', 'c1_national_exacta_rate', 'c1_local_win_rate', 'c1_local_exacta_rate', 'c1_motor_exacta_rate', 'c1_boat_exacta_rate', 'c1_average_start', 'c2_history_n', 'c2_sashi', 'c2_makuri', 'c2_st_rank', 'c2_national_win_rate', 'c2_national_exacta_rate', 'c2_local_win_rate', 'c2_local_exacta_rate', 'c2_motor_exacta_rate', 'c2_boat_exacta_rate', 'c2_average_start', 'c3_history_n', 'c3_sashi', 'c3_makuri', 'c3_attack', 'c3_st_rank', 'c3_national_win_rate', 'c3_national_exacta_rate', 'c3_local_win_rate', 'c3_local_exacta_rate', 'c3_motor_exacta_rate', 'c3_boat_exacta_rate', 'c3_average_start', 'c4_history_n', 'c4_sashi', 'c4_makuri', 'c4_attack', 'c4_st_rank', 'c4_national_win_rate', 'c4_national_exacta_rate', 'c4_local_win_rate', 'c4_local_exacta_rate', 'c4_motor_exacta_rate', 'c4_boat_exacta_rate', 'c4_average_start', 'c5_history_n', 'c5_sashi', 'c5_makuri', 'c5_attack', 'c5_st_rank', 'c5_national_win_rate', 'c5_national_exacta_rate', 'c5_local_win_rate', 'c5_local_exacta_rate', 'c5_motor_exacta_rate', 'c5_boat_exacta_rate', 'c5_average_start', 'c6_history_n', 'c6_sashi', 'c6_makuri', 'c6_attack', 'c6_st_rank', 'c6_national_win_rate', 'c6_national_exacta_rate', 'c6_local_win_rate', 'c6_local_exacta_rate', 'c6_motor_exacta_rate', 'c6_boat_exacta_rate', 'c6_average_start', 'lane1_vulnerability_rate', 'c1_exhibition_time_relative', 'c1_start_timing_relative', 'c1_lap_time_relative', 'c1_around_time_relative', 'c1_ex_score', 'c1_st_score', 'c1_lap_score', 'c1_mawari_score', 'c1_attack_potential', 'c1_stable_score', 'c1_final_2nd_score', 'c1_second_rank', 'c1_gap_to_top', 'c2_exhibition_time_relative', 'c2_start_timing_relative', 'c2_lap_time_relative', 'c2_around_time_relative', 'c2_ex_score', 'c2_st_score', 'c2_lap_score', 'c2_mawari_score', 'c2_attack_potential', 'c2_stable_score', 'c2_final_2nd_score', 'c2_second_rank', 'c2_gap_to_top', 'c3_exhibition_time_relative', 'c3_start_timing_relative', 'c3_lap_time_relative', 'c3_around_time_relative', 'c3_ex_score', 'c3_st_score', 'c3_lap_score', 'c3_mawari_score', 'c3_attack_potential', 'c3_stable_score', 'c3_final_2nd_score', 'c3_second_rank', 'c3_gap_to_top', 'c4_exhibition_time_relative', 'c4_start_timing_relative', 'c4_lap_time_relative', 'c4_around_time_relative', 'c4_ex_score', 'c4_st_score', 'c4_lap_score', 'c4_mawari_score', 'c4_attack_potential', 'c4_stable_score', 'c4_final_2nd_score', 'c4_second_rank', 'c4_gap_to_top', 'c5_exhibition_time_relative', 'c5_start_timing_relative', 'c5_lap_time_relative', 'c5_around_time_relative', 'c5_ex_score', 'c5_st_score', 'c5_lap_score', 'c5_mawari_score', 'c5_attack_potential', 'c5_stable_score', 'c5_final_2nd_score', 'c5_second_rank', 'c5_gap_to_top', 'c6_exhibition_time_relative', 'c6_start_timing_relative', 'c6_lap_time_relative', 'c6_around_time_relative', 'c6_ex_score', 'c6_st_score', 'c6_lap_score', 'c6_mawari_score', 'c6_attack_potential', 'c6_stable_score', 'c6_final_2nd_score', 'c6_second_rank', 'c6_gap_to_top']",,,,,[],[]
AMG,2,top3,6,ExtraTrees,-0.6501713888256108,log_loss,0.12040925025939941,1.6522421836853027,0.12040925025939941,1.6522421836853027,1,True,4,148,1,1,42242054,42242054,42242054,42242054,0,0,XTModel,,log_loss,"{'n_estimators': 300, 'max_leaf_nodes': 15000, 'n_jobs': -1, 'bootstrap': True, 'random_state': 0}",{'n_estimators': 300},"{'max_memory_usage_ratio': 1.0, 'max_gpu_memory_usage_ratio': 1.0, 'max_time_limit_ratio': 1.0, 'max_time_limit': None, 'min_time_limit': 0, 'valid_raw_types': ['bool', 'int', 'float', 'category'], 'valid_special_types': None, 'ignored_type_group_special': None, 'ignored_type_group_raw': None, 'get_features_kwargs': None, 'get_features_kwargs_extra': None, 'predict_1_batch_size': None, 'temperature_scalar': None}","['c1_history_n', 'c1_nige', 'c1_st_rank', 'c1_national_win_rate', 'c1_national_exacta_rate', 'c1_local_win_rate', 'c1_local_exacta_rate', 'c1_motor_exacta_rate', 'c1_boat_exacta_rate', 'c1_average_start', 'c2_history_n', 'c2_sashi', 'c2_makuri', 'c2_st_rank', 'c2_national_win_rate', 'c2_national_exacta_rate', 'c2_local_win_rate', 'c2_local_exacta_rate', 'c2_motor_exacta_rate', 'c2_boat_exacta_rate', 'c2_average_start', 'c3_history_n', 'c3_sashi', 'c3_makuri', 'c3_attack', 'c3_st_rank', 'c3_national_win_rate', 'c3_national_exacta_rate', 'c3_local_win_rate', 'c3_local_exacta_rate', 'c3_motor_exacta_rate', 'c3_boat_exacta_rate', 'c3_average_start', 'c4_history_n', 'c4_sashi', 'c4_makuri', 'c4_attack', 'c4_st_rank', 'c4_national_win_rate', 'c4_national_exacta_rate', 'c4_local_win_rate', 'c4_local_exacta_rate', 'c4_motor_exacta_rate', 'c4_boat_exacta_rate', 'c4_average_start', 'c5_history_n', 'c5_sashi', 'c5_makuri', 'c5_attack', 'c5_st_rank', 'c5_national_win_rate', 'c5_national_exacta_rate', 'c5_local_win_rate', 'c5_local_exacta_rate', 'c5_motor_exacta_rate', 'c5_boat_exacta_rate', 'c5_average_start', 'c6_history_n', 'c6_sashi', 'c6_makuri', 'c6_attack', 'c6_st_rank', 'c6_national_win_rate', 'c6_national_exacta_rate', 'c6_local_win_rate', 'c6_local_exacta_rate', 'c6_motor_exacta_rate', 'c6_boat_exacta_rate', 'c6_average_start', 'lane1_vulnerability_rate', 'c1_exhibition_time_relative', 'c1_start_timing_relative', 'c1_lap_time_relative', 'c1_around_time_relative', 'c1_ex_score', 'c1_st_score', 'c1_lap_score', 'c1_mawari_score', 'c1_attack_potential', 'c1_stable_score', 'c1_final_2nd_score', 'c1_second_rank', 'c1_gap_to_top', 'c2_exhibition_time_relative', 'c2_start_timing_relative', 'c2_lap_time_relative', 'c2_around_time_relative', 'c2_ex_score', 'c2_st_score', 'c2_lap_score', 'c2_mawari_score', 'c2_attack_potential', 'c2_stable_score', 'c2_final_2nd_score', 'c2_second_rank', 'c2_gap_to_top', 'c3_exhibition_time_relative', 'c3_start_timing_relative', 'c3_lap_time_relative', 'c3_around_time_relative', 'c3_ex_score', 'c3_st_score', 'c3_lap_score', 'c3_mawari_score', 'c3_attack_potential', 'c3_stable_score', 'c3_final_2nd_score', 'c3_second_rank', 'c3_gap_to_top', 'c4_exhibition_time_relative', 'c4_start_timing_relative', 'c4_lap_time_relative', 'c4_around_time_relative', 'c4_ex_score', 'c4_st_score', 'c4_lap_score', 'c4_mawari_score', 'c4_attack_potential', 'c4_stable_score', 'c4_final_2nd_score', 'c4_second_rank', 'c4_gap_to_top', 'c5_exhibition_time_relative', 'c5_start_timing_relative', 'c5_lap_time_relative', 'c5_around_time_relative', 'c5_ex_score', 'c5_st_score', 'c5_lap_score', 'c5_mawari_score', 'c5_attack_potential', 'c5_stable_score', 'c5_final_2nd_score', 'c5_second_rank', 'c5_gap_to_top', 'c6_exhibition_time_relative', 'c6_start_timing_relative', 'c6_lap_time_relative', 'c6_around_time_relative', 'c6_ex_score', 'c6_st_score', 'c6_lap_score', 'c6_mawari_score', 'c6_attack_potential', 'c6_stable_score', 'c6_final_2nd_score', 'c6_second_rank', 'c6_gap_to_top']",,,,,[],[]
AMG,3,first,1,WeightedEnsemble_L2,-0.28977002808566565,log_loss,0.14178252220153809,15.290912628173828,0.0007011890411376953,0.019666671752929688,2,True,6,4,1,5,3800,23904220,3800,22775496,4,0,WeightedEnsembleModel,GreedyWeightedEnsembleModel,log_loss,"{'use_orig_features': False, 'valid_stacker': True, 'max_base_models': 0, 'max_base_models_per_type': 'auto', 'save_bag_folds': True, 'stratify': 'auto', 'bin': 'auto', 'n_bins': None, 'vary_seed_across_folds': False, 'custom_splits': None, 'model_random_seed': 0}",{},"{'max_memory_usage_ratio': 1.0, 'max_gpu_memory_usage_ratio': 1.0, 'max_time_limit_ratio': 1.0, 'max_time_limit': None, 'min_time_limit': 0, 'valid_raw_types': None, 'valid_special_types': None, 'ignored_type_group_special': None, 'ignored_type_group_raw': None, 'get_features_kwargs': None, 'get_features_kwargs_extra': None, 'predict_1_batch_size': None, 'temperature_scalar': None, 'drop_unique': False}","['LightGBM', 'XGBoost', 'CatBoost', 'ExtraTrees']",,"{'ensemble_size': 25, 'subsample_size': 1000000}",{'ensemble_size': 17},"{'max_memory_usage_ratio': 1.0, 'max_gpu_memory_usage_ratio': 1.0, 'max_time_limit_ratio': 1.0, 'max_time_limit': None, 'min_time_limit': 0, 'valid_raw_types': None, 'valid_special_types': None, 'ignored_type_group_special': None, 'ignored_type_group_raw': None, 'get_features_kwargs': None, 'get_features_kwargs_extra': None, 'predict_1_batch_size': None, 'temperature_scalar': None, 'drop_unique': False}","['LightGBM', 'XGBoost', 'CatBoost', 'ExtraTrees']",[]
AMG,3,first,2,CatBoost,-0.29219090031477146,log_loss,0.009762048721313477,6.126127004623413,0.009762048721313477,6.126127004623413,1,True,3,148,1,1,173572,173572,173572,173572,0,1,CatBoostModel,,log_loss,"{'iterations': 10000, 'learning_rate': 0.05, 'allow_writing_files': False, 'eval_metric': 'Logloss', 'random_seed': 0}",{'iterations': 112},"{'max_memory_usage_ratio': 1.0, 'max_gpu_memory_usage_ratio': 1.0, 'max_time_limit_ratio': 1.0, 'max_time_limit': None, 'min_time_limit': 0, 'valid_raw_types': ['bool', 'int', 'float', 'category'], 'valid_special_types': None, 'ignored_type_group_special': None, 'ignored_type_group_raw': None, 'get_features_kwargs': None, 'get_features_kwargs_extra': None, 'predict_1_batch_size': None, 'temperature_scalar': None}","['c1_history_n', 'c1_nige', 'c1_st_rank', 'c1_national_win_rate', 'c1_national_exacta_rate', 'c1_local_win_rate', 'c1_local_exacta_rate', 'c1_motor_exacta_rate', 'c1_boat_exacta_rate', 'c1_average_start', 'c2_history_n', 'c2_sashi', 'c2_makuri', 'c2_st_rank', 'c2_national_win_rate', 'c2_national_exacta_rate', 'c2_local_win_rate', 'c2_local_exacta_rate', 'c2_motor_exacta_rate', 'c2_boat_exacta_rate', 'c2_average_start', 'c3_history_n', 'c3_sashi', 'c3_makuri', 'c3_attack', 'c3_st_rank', 'c3_national_win_rate', 'c3_national_exacta_rate', 'c3_local_win_rate', 'c3_local_exacta_rate', 'c3_motor_exacta_rate', 'c3_boat_exacta_rate', 'c3_average_start', 'c4_history_n', 'c4_sashi', 'c4_makuri', 'c4_attack', 'c4_st_rank', 'c4_national_win_rate', 'c4_national_exacta_rate', 'c4_local_win_rate', 'c4_local_exacta_rate', 'c4_motor_exacta_rate', 'c4_boat_exacta_rate', 'c4_average_start', 'c5_history_n', 'c5_sashi', 'c5_makuri', 'c5_attack', 'c5_st_rank', 'c5_national_win_rate', 'c5_national_exacta_rate', 'c5_local_win_rate', 'c5_local_exacta_rate', 'c5_motor_exacta_rate', 'c5_boat_exacta_rate', 'c5_average_start', 'c6_history_n', 'c6_sashi', 'c6_makuri', 'c6_attack', 'c6_st_rank', 'c6_national_win_rate', 'c6_national_exacta_rate', 'c6_local_win_rate', 'c6_local_exacta_rate', 'c6_motor_exacta_rate', 'c6_boat_exacta_rate', 'c6_average_start', 'lane1_vulnerability_rate', 'c1_exhibition_time_relative', 'c1_start_timing_relative', 'c1_lap_time_relative', 'c1_around_time_relative', 'c1_ex_score', 'c1_st_score', 'c1_lap_score', 'c1_mawari_score', 'c1_attack_potential', 'c1_stable_score', 'c1_final_2nd_score', 'c1_second_rank', 'c1_gap_to_top', 'c2_exhibition_time_relative', 'c2_start_timing_relative', 'c2_lap_time_relative', 'c2_around_time_relative', 'c2_ex_score', 'c2_st_score', 'c2_lap_score', 'c2_mawari_score', 'c2_attack_potential', 'c2_stable_score', 'c2_final_2nd_score', 'c2_second_rank', 'c2_gap_to_top', 'c3_exhibition_time_relative', 'c3_start_timing_relative', 'c3_lap_time_relative', 'c3_around_time_relative', 'c3_ex_score', 'c3_st_score', 'c3_lap_score', 'c3_mawari_score', 'c3_attack_potential', 'c3_stable_score', 'c3_final_2nd_score', 'c3_second_rank', 'c3_gap_to_top', 'c4_exhibition_time_relative', 'c4_start_timing_relative', 'c4_lap_time_relative', 'c4_around_time_relative', 'c4_ex_score', 'c4_st_score', 'c4_lap_score', 'c4_mawari_score', 'c4_attack_potential', 'c4_stable_score', 'c4_final_2nd_score', 'c4_second_rank', 'c4_gap_to_top', 'c5_exhibition_time_relative', 'c5_start_timing_relative', 'c5_lap_time_relative', 'c5_around_time_relative', 'c5_ex_score', 'c5_st_score', 'c5_lap_score', 'c5_mawari_score', 'c5_attack_potential', 'c5_stable_score', 'c5_final_2nd_score', 'c5_second_rank', 'c5_gap_to_top', 'c6_exhibition_time_relative', 'c6_start_timing_relative', 'c6_lap_time_relative', 'c6_around_time_relative', 'c6_ex_score', 'c6_st_score', 'c6_lap_score', 'c6_mawari_score', 'c6_attack_potential', 'c6_stable_score', 'c6_final_2nd_score', 'c6_second_rank', 'c6_gap_to_top']",,,,,[],['WeightedEnsemble_L2']
AMG,3,first,3,LightGBM,-0.29459275461362383,log_loss,0.0033740997314453125,2.5670742988586426,0.0033740997314453125,2.5670742988586426,1,True,1,148,1,1,188663,188663,188663,188663,0,1,LGBModel,,log_loss,"{'learning_rate': 0.05, 'seed': 0}",{'num_boost_round': 50},"{'max_memory_usage_ratio': 1.0, 'max_gpu_memory_usage_ratio': 1.0, 'max_time_limit_ratio': 1.0, 'max_time_limit': None, 'min_time_limit': 0, 'valid_raw_types': ['bool', 'int', 'float', 'category'], 'valid_special_types': None, 'ignored_type_group_special': None, 'ignored_type_group_raw': None, 'get_features_kwargs': None, 'get_features_kwargs_extra': None, 'predict_1_batch_size': None, 'temperature_scalar': None}","['c1_history_n', 'c1_nige', 'c1_st_rank', 'c1_national_win_rate', 'c1_national_exacta_rate', 'c1_local_win_rate', 'c1_local_exacta_rate', 'c1_motor_exacta_rate', 'c1_boat_exacta_rate', 'c1_average_start', 'c2_history_n', 'c2_sashi', 'c2_makuri', 'c2_st_rank', 'c2_national_win_rate', 'c2_national_exacta_rate', 'c2_local_win_rate', 'c2_local_exacta_rate', 'c2_motor_exacta_rate', 'c2_boat_exacta_rate', 'c2_average_start', 'c3_history_n', 'c3_sashi', 'c3_makuri', 'c3_attack', 'c3_st_rank', 'c3_national_win_rate', 'c3_national_exacta_rate', 'c3_local_win_rate', 'c3_local_exacta_rate', 'c3_motor_exacta_rate', 'c3_boat_exacta_rate', 'c3_average_start', 'c4_history_n', 'c4_sashi', 'c4_makuri', 'c4_attack', 'c4_st_rank', 'c4_national_win_rate', 'c4_national_exacta_rate', 'c4_local_win_rate', 'c4_local_exacta_rate', 'c4_motor_exacta_rate', 'c4_boat_exacta_rate', 'c4_average_start', 'c5_history_n', 'c5_sashi', 'c5_makuri', 'c5_attack', 'c5_st_rank', 'c5_national_win_rate', 'c5_national_exacta_rate', 'c5_local_win_rate', 'c5_local_exacta_rate', 'c5_motor_exacta_rate', 'c5_boat_exacta_rate', 'c5_average_start', 'c6_history_n', 'c6_sashi', 'c6_makuri', 'c6_attack', 'c6_st_rank', 'c6_national_win_rate', 'c6_national_exacta_rate', 'c6_local_win_rate', 'c6_local_exacta_rate', 'c6_motor_exacta_rate', 'c6_boat_exacta_rate', 'c6_average_start', 'lane1_vulnerability_rate', 'c1_exhibition_time_relative', 'c1_start_timing_relative', 'c1_lap_time_relative', 'c1_around_time_relative', 'c1_ex_score', 'c1_st_score', 'c1_lap_score', 'c1_mawari_score', 'c1_attack_potential', 'c1_stable_score', 'c1_final_2nd_score', 'c1_second_rank', 'c1_gap_to_top', 'c2_exhibition_time_relative', 'c2_start_timing_relative', 'c2_lap_time_relative', 'c2_around_time_relative', 'c2_ex_score', 'c2_st_score', 'c2_lap_score', 'c2_mawari_score', 'c2_attack_potential', 'c2_stable_score', 'c2_final_2nd_score', 'c2_second_rank', 'c2_gap_to_top', 'c3_exhibition_time_relative', 'c3_start_timing_relative', 'c3_lap_time_relative', 'c3_around_time_relative', 'c3_ex_score', 'c3_st_score', 'c3_lap_score', 'c3_mawari_score', 'c3_attack_potential', 'c3_stable_score', 'c3_final_2nd_score', 'c3_second_rank', 'c3_gap_to_top', 'c4_exhibition_time_relative', 'c4_start_timing_relative', 'c4_lap_time_relative', 'c4_around_time_relative', 'c4_ex_score', 'c4_st_score', 'c4_lap_score', 'c4_mawari_score', 'c4_attack_potential', 'c4_stable_score', 'c4_final_2nd_score', 'c4_second_rank', 'c4_gap_to_top', 'c5_exhibition_time_relative', 'c5_start_timing_relative', 'c5_lap_time_relative', 'c5_around_time_relative', 'c5_ex_score', 'c5_st_score', 'c5_lap_score', 'c5_mawari_score', 'c5_attack_potential', 'c5_stable_score', 'c5_final_2nd_score', 'c5_second_rank', 'c5_gap_to_top', 'c6_exhibition_time_relative', 'c6_start_timing_relative', 'c6_lap_time_relative', 'c6_around_time_relative', 'c6_ex_score', 'c6_st_score', 'c6_lap_score', 'c6_mawari_score', 'c6_attack_potential', 'c6_stable_score', 'c6_final_2nd_score', 'c6_second_rank', 'c6_gap_to_top']",,,,,[],['WeightedEnsemble_L2']
AMG,3,first,4,XGBoost,-0.29605233114240254,log_loss,0.016382455825805664,5.139517784118652,0.016382455825805664,5.139517784118652,1,True,5,148,1,1,762689,762689,762689,762689,0,1,XGBoostModel,,log_loss,"{'n_estimators': 10000, 'learning_rate': 0.1, 'n_jobs': -1, 'proc.max_category_levels': 100, 'objective': 'binary:logistic', 'booster': 'gbtree', 'seed': 0}",{'n_estimators': 27},"{'max_memory_usage_ratio': 1.0, 'max_gpu_memory_usage_ratio': 1.0, 'max_time_limit_ratio': 1.0, 'max_time_limit': None, 'min_time_limit': 0, 'valid_raw_types': ['bool', 'int', 'float', 'category'], 'valid_special_types': None, 'ignored_type_group_special': None, 'ignored_type_group_raw': None, 'get_features_kwargs': None, 'get_features_kwargs_extra': None, 'predict_1_batch_size': None, 'temperature_scalar': None}","['c1_history_n', 'c1_nige', 'c1_st_rank', 'c1_national_win_rate', 'c1_national_exacta_rate', 'c1_local_win_rate', 'c1_local_exacta_rate', 'c1_motor_exacta_rate', 'c1_boat_exacta_rate', 'c1_average_start', 'c2_history_n', 'c2_sashi', 'c2_makuri', 'c2_st_rank', 'c2_national_win_rate', 'c2_national_exacta_rate', 'c2_local_win_rate', 'c2_local_exacta_rate', 'c2_motor_exacta_rate', 'c2_boat_exacta_rate', 'c2_average_start', 'c3_history_n', 'c3_sashi', 'c3_makuri', 'c3_attack', 'c3_st_rank', 'c3_national_win_rate', 'c3_national_exacta_rate', 'c3_local_win_rate', 'c3_local_exacta_rate', 'c3_motor_exacta_rate', 'c3_boat_exacta_rate', 'c3_average_start', 'c4_history_n', 'c4_sashi', 'c4_makuri', 'c4_attack', 'c4_st_rank', 'c4_national_win_rate', 'c4_national_exacta_rate', 'c4_local_win_rate', 'c4_local_exacta_rate', 'c4_motor_exacta_rate', 'c4_boat_exacta_rate', 'c4_average_start', 'c5_history_n', 'c5_sashi', 'c5_makuri', 'c5_attack', 'c5_st_rank', 'c5_national_win_rate', 'c5_national_exacta_rate', 'c5_local_win_rate', 'c5_local_exacta_rate', 'c5_motor_exacta_rate', 'c5_boat_exacta_rate', 'c5_average_start', 'c6_history_n', 'c6_sashi', 'c6_makuri', 'c6_attack', 'c6_st_rank', 'c6_national_win_rate', 'c6_national_exacta_rate', 'c6_local_win_rate', 'c6_local_exacta_rate', 'c6_motor_exacta_rate', 'c6_boat_exacta_rate', 'c6_average_start', 'lane1_vulnerability_rate', 'c1_exhibition_time_relative', 'c1_start_timing_relative', 'c1_lap_time_relative', 'c1_around_time_relative', 'c1_ex_score', 'c1_st_score', 'c1_lap_score', 'c1_mawari_score', 'c1_attack_potential', 'c1_stable_score', 'c1_final_2nd_score', 'c1_second_rank', 'c1_gap_to_top', 'c2_exhibition_time_relative', 'c2_start_timing_relative', 'c2_lap_time_relative', 'c2_around_time_relative', 'c2_ex_score', 'c2_st_score', 'c2_lap_score', 'c2_mawari_score', 'c2_attack_potential', 'c2_stable_score', 'c2_final_2nd_score', 'c2_second_rank', 'c2_gap_to_top', 'c3_exhibition_time_relative', 'c3_start_timing_relative', 'c3_lap_time_relative', 'c3_around_time_relative', 'c3_ex_score', 'c3_st_score', 'c3_lap_score', 'c3_mawari_score', 'c3_attack_potential', 'c3_stable_score', 'c3_final_2nd_score', 'c3_second_rank', 'c3_gap_to_top', 'c4_exhibition_time_relative', 'c4_start_timing_relative', 'c4_lap_time_relative', 'c4_around_time_relative', 'c4_ex_score', 'c4_st_score', 'c4_lap_score', 'c4_mawari_score', 'c4_attack_potential', 'c4_stable_score', 'c4_final_2nd_score', 'c4_second_rank', 'c4_gap_to_top', 'c5_exhibition_time_relative', 'c5_start_timing_relative', 'c5_lap_time_relative', 'c5_around_time_relative', 'c5_ex_score', 'c5_st_score', 'c5_lap_score', 'c5_mawari_score', 'c5_attack_potential', 'c5_stable_score', 'c5_final_2nd_score', 'c5_second_rank', 'c5_gap_to_top', 'c6_exhibition_time_relative', 'c6_start_timing_relative', 'c6_lap_time_relative', 'c6_around_time_relative', 'c6_ex_score', 'c6_st_score', 'c6_lap_score', 'c6_mawari_score', 'c6_attack_potential', 'c6_stable_score', 'c6_final_2nd_score', 'c6_second_rank', 'c6_gap_to_top']",,,,,[],['WeightedEnsemble_L2']
AMG,3,first,5,ExtraTrees,-0.29819645615605445,log_loss,0.11156272888183594,1.4385268688201904,0.11156272888183594,1.4385268688201904,1,True,4,148,1,1,22775496,22775496,22775496,22775496,0,1,XTModel,,log_loss,"{'n_estimators': 300, 'max_leaf_nodes': 15000, 'n_jobs': -1, 'bootstrap': True, 'random_state': 0}",{'n_estimators': 300},"{'max_memory_usage_ratio': 1.0, 'max_gpu_memory_usage_ratio': 1.0, 'max_time_limit_ratio': 1.0, 'max_time_limit': None, 'min_time_limit': 0, 'valid_raw_types': ['bool', 'int', 'float', 'category'], 'valid_special_types': None, 'ignored_type_group_special': None, 'ignored_type_group_raw': None, 'get_features_kwargs': None, 'get_features_kwargs_extra': None, 'predict_1_batch_size': None, 'temperature_scalar': None}","['c1_history_n', 'c1_nige', 'c1_st_rank', 'c1_national_win_rate', 'c1_national_exacta_rate', 'c1_local_win_rate', 'c1_local_exacta_rate', 'c1_motor_exacta_rate', 'c1_boat_exacta_rate', 'c1_average_start', 'c2_history_n', 'c2_sashi', 'c2_makuri', 'c2_st_rank', 'c2_national_win_rate', 'c2_national_exacta_rate', 'c2_local_win_rate', 'c2_local_exacta_rate', 'c2_motor_exacta_rate', 'c2_boat_exacta_rate', 'c2_average_start', 'c3_history_n', 'c3_sashi', 'c3_makuri', 'c3_attack', 'c3_st_rank', 'c3_national_win_rate', 'c3_national_exacta_rate', 'c3_local_win_rate', 'c3_local_exacta_rate', 'c3_motor_exacta_rate', 'c3_boat_exacta_rate', 'c3_average_start', 'c4_history_n', 'c4_sashi', 'c4_makuri', 'c4_attack', 'c4_st_rank', 'c4_national_win_rate', 'c4_national_exacta_rate', 'c4_local_win_rate', 'c4_local_exacta_rate', 'c4_motor_exacta_rate', 'c4_boat_exacta_rate', 'c4_average_start', 'c5_history_n', 'c5_sashi', 'c5_makuri', 'c5_attack', 'c5_st_rank', 'c5_national_win_rate', 'c5_national_exacta_rate', 'c5_local_win_rate', 'c5_local_exacta_rate', 'c5_motor_exacta_rate', 'c5_boat_exacta_rate', 'c5_average_start', 'c6_history_n', 'c6_sashi', 'c6_makuri', 'c6_attack', 'c6_st_rank', 'c6_national_win_rate', 'c6_national_exacta_rate', 'c6_local_win_rate', 'c6_local_exacta_rate', 'c6_motor_exacta_rate', 'c6_boat_exacta_rate', 'c6_average_start', 'lane1_vulnerability_rate', 'c1_exhibition_time_relative', 'c1_start_timing_relative', 'c1_lap_time_relative', 'c1_around_time_relative', 'c1_ex_score', 'c1_st_score', 'c1_lap_score', 'c1_mawari_score', 'c1_attack_potential', 'c1_stable_score', 'c1_final_2nd_score', 'c1_second_rank', 'c1_gap_to_top', 'c2_exhibition_time_relative', 'c2_start_timing_relative', 'c2_lap_time_relative', 'c2_around_time_relative', 'c2_ex_score', 'c2_st_score', 'c2_lap_score', 'c2_mawari_score', 'c2_attack_potential', 'c2_stable_score', 'c2_final_2nd_score', 'c2_second_rank', 'c2_gap_to_top', 'c3_exhibition_time_relative', 'c3_start_timing_relative', 'c3_lap_time_relative', 'c3_around_time_relative', 'c3_ex_score', 'c3_st_score', 'c3_lap_score', 'c3_mawari_score', 'c3_attack_potential', 'c3_stable_score', 'c3_final_2nd_score', 'c3_second_rank', 'c3_gap_to_top', 'c4_exhibition_time_relative', 'c4_start_timing_relative', 'c4_lap_time_relative', 'c4_around_time_relative', 'c4_ex_score', 'c4_st_score', 'c4_lap_score', 'c4_mawari_score', 'c4_attack_potential', 'c4_stable_score', 'c4_final_2nd_score', 'c4_second_rank', 'c4_gap_to_top', 'c5_exhibition_time_relative', 'c5_start_timing_relative', 'c5_lap_time_relative', 'c5_around_time_relative', 'c5_ex_score', 'c5_st_score', 'c5_lap_score', 'c5_mawari_score', 'c5_attack_potential', 'c5_stable_score', 'c5_final_2nd_score', 'c5_second_rank', 'c5_gap_to_top', 'c6_exhibition_time_relative', 'c6_start_timing_relative', 'c6_lap_time_relative', 'c6_around_time_relative', 'c6_ex_score', 'c6_st_score', 'c6_lap_score', 'c6_mawari_score', 'c6_attack_potential', 'c6_stable_score', 'c6_final_2nd_score', 'c6_second_rank', 'c6_gap_to_top']",,,,,[],['WeightedEnsemble_L2']
AMG,3,first,6,RandomForest,-0.300554018430003,log_loss,0.11016130447387695,3.0904409885406494,0.11016130447387695,3.0904409885406494,1,True,2,148,1,1,14197672,14197672,14197672,14197672,0,0,RFModel,,log_loss,"{'n_estimators': 300, 'max_leaf_nodes': 15000, 'n_jobs': -1, 'bootstrap': True, 'random_state': 0}",{'n_estimators': 300},"{'max_memory_usage_ratio': 1.0, 'max_gpu_memory_usage_ratio': 1.0, 'max_time_limit_ratio': 1.0, 'max_time_limit': None, 'min_time_limit': 0, 'valid_raw_types': ['bool', 'int', 'float', 'category'], 'valid_special_types': None, 'ignored_type_group_special': None, 'ignored_type_group_raw': None, 'get_features_kwargs': None, 'get_features_kwargs_extra': None, 'predict_1_batch_size': None, 'temperature_scalar': None}","['c1_history_n', 'c1_nige', 'c1_st_rank', 'c1_national_win_rate', 'c1_national_exacta_rate', 'c1_local_win_rate', 'c1_local_exacta_rate', 'c1_motor_exacta_rate', 'c1_boat_exacta_rate', 'c1_average_start', 'c2_history_n', 'c2_sashi', 'c2_makuri', 'c2_st_rank', 'c2_national_win_rate', 'c2_national_exacta_rate', 'c2_local_win_rate', 'c2_local_exacta_rate', 'c2_motor_exacta_rate', 'c2_boat_exacta_rate', 'c2_average_start', 'c3_history_n', 'c3_sashi', 'c3_makuri', 'c3_attack', 'c3_st_rank', 'c3_national_win_rate', 'c3_national_exacta_rate', 'c3_local_win_rate', 'c3_local_exacta_rate', 'c3_motor_exacta_rate', 'c3_boat_exacta_rate', 'c3_average_start', 'c4_history_n', 'c4_sashi', 'c4_makuri', 'c4_attack', 'c4_st_rank', 'c4_national_win_rate', 'c4_national_exacta_rate', 'c4_local_win_rate', 'c4_local_exacta_rate', 'c4_motor_exacta_rate', 'c4_boat_exacta_rate', 'c4_average_start', 'c5_history_n', 'c5_sashi', 'c5_makuri', 'c5_attack', 'c5_st_rank', 'c5_national_win_rate', 'c5_national_exacta_rate', 'c5_local_win_rate', 'c5_local_exacta_rate', 'c5_motor_exacta_rate', 'c5_boat_exacta_rate', 'c5_average_start', 'c6_history_n', 'c6_sashi', 'c6_makuri', 'c6_attack', 'c6_st_rank', 'c6_national_win_rate', 'c6_national_exacta_rate', 'c6_local_win_rate', 'c6_local_exacta_rate', 'c6_motor_exacta_rate', 'c6_boat_exacta_rate', 'c6_average_start', 'lane1_vulnerability_rate', 'c1_exhibition_time_relative', 'c1_start_timing_relative', 'c1_lap_time_relative', 'c1_around_time_relative', 'c1_ex_score', 'c1_st_score', 'c1_lap_score', 'c1_mawari_score', 'c1_attack_potential', 'c1_stable_score', 'c1_final_2nd_score', 'c1_second_rank', 'c1_gap_to_top', 'c2_exhibition_time_relative', 'c2_start_timing_relative', 'c2_lap_time_relative', 'c2_around_time_relative', 'c2_ex_score', 'c2_st_score', 'c2_lap_score', 'c2_mawari_score', 'c2_attack_potential', 'c2_stable_score', 'c2_final_2nd_score', 'c2_second_rank', 'c2_gap_to_top', 'c3_exhibition_time_relative', 'c3_start_timing_relative', 'c3_lap_time_relative', 'c3_around_time_relative', 'c3_ex_score', 'c3_st_score', 'c3_lap_score', 'c3_mawari_score', 'c3_attack_potential', 'c3_stable_score', 'c3_final_2nd_score', 'c3_second_rank', 'c3_gap_to_top', 'c4_exhibition_time_relative', 'c4_start_timing_relative', 'c4_lap_time_relative', 'c4_around_time_relative', 'c4_ex_score', 'c4_st_score', 'c4_lap_score', 'c4_mawari_score', 'c4_attack_potential', 'c4_stable_score', 'c4_final_2nd_score', 'c4_second_rank', 'c4_gap_to_top', 'c5_exhibition_time_relative', 'c5_start_timing_relative', 'c5_lap_time_relative', 'c5_around_time_relative', 'c5_ex_score', 'c5_st_score', 'c5_lap_score', 'c5_mawari_score', 'c5_attack_potential', 'c5_stable_score', 'c5_final_2nd_score', 'c5_second_rank', 'c5_gap_to_top', 'c6_exhibition_time_relative', 'c6_start_timing_relative', 'c6_lap_time_relative', 'c6_around_time_relative', 'c6_ex_score', 'c6_st_score', 'c6_lap_score', 'c6_mawari_score', 'c6_attack_potential', 'c6_stable_score', 'c6_final_2nd_score', 'c6_second_rank', 'c6_gap_to_top']",,,,,[],[]
AMG,3,top2,1,WeightedEnsemble_L2,-0.5698088271456927,log_loss,0.13528108596801758,18.639366149902344,0.0006890296936035156,0.019480228424072266,2,True,6,4,1,5,3798,25601410,3798,24216940,4,0,WeightedEnsembleModel,GreedyWeightedEnsembleModel,log_loss,"{'use_orig_features': False, 'valid_stacker': True, 'max_base_models': 0, 'max_base_models_per_type': 'auto', 'save_bag_folds': True, 'stratify': 'auto', 'bin': 'auto', 'n_bins': None, 'vary_seed_across_folds': False, 'custom_splits': None, 'model_random_seed': 0}",{},"{'max_memory_usage_ratio': 1.0, 'max_gpu_memory_usage_ratio': 1.0, 'max_time_limit_ratio': 1.0, 'max_time_limit': None, 'min_time_limit': 0, 'valid_raw_types': None, 'valid_special_types': None, 'ignored_type_group_special': None, 'ignored_type_group_raw': None, 'get_features_kwargs': None, 'get_features_kwargs_extra': None, 'predict_1_batch_size': None, 'temperature_scalar': None, 'drop_unique': False}","['LightGBM', 'XGBoost', 'CatBoost', 'RandomForest']",,"{'ensemble_size': 25, 'subsample_size': 1000000}",{'ensemble_size': 15},"{'max_memory_usage_ratio': 1.0, 'max_gpu_memory_usage_ratio': 1.0, 'max_time_limit_ratio': 1.0, 'max_time_limit': None, 'min_time_limit': 0, 'valid_raw_types': None, 'valid_special_types': None, 'ignored_type_group_special': None, 'ignored_type_group_raw': None, 'get_features_kwargs': None, 'get_features_kwargs_extra': None, 'predict_1_batch_size': None, 'temperature_scalar': None, 'drop_unique': False}","['LightGBM', 'XGBoost', 'CatBoost', 'RandomForest']",[]
AMG,3,top2,2,RandomForest,-0.5733729803258302,log_loss,0.11201596260070801,3.085071086883545,0.11201596260070801,3.085071086883545,1,True,2,148,1,1,24216940,24216940,24216940,24216940,0,1,RFModel,,log_loss,"{'n_estimators': 300, 'max_leaf_nodes': 15000, 'n_jobs': -1, 'bootstrap': True, 'random_state': 0}",{'n_estimators': 300},"{'max_memory_usage_ratio': 1.0, 'max_gpu_memory_usage_ratio': 1.0, 'max_time_limit_ratio': 1.0, 'max_time_limit': None, 'min_time_limit': 0, 'valid_raw_types': ['bool', 'int', 'float', 'category'], 'valid_special_types': None, 'ignored_type_group_special': None, 'ignored_type_group_raw': None, 'get_features_kwargs': None, 'get_features_kwargs_extra': None, 'predict_1_batch_size': None, 'temperature_scalar': None}","['c1_history_n', 'c1_nige', 'c1_st_rank', 'c1_national_win_rate', 'c1_national_exacta_rate', 'c1_local_win_rate', 'c1_local_exacta_rate', 'c1_motor_exacta_rate', 'c1_boat_exacta_rate', 'c1_average_start', 'c2_history_n', 'c2_sashi', 'c2_makuri', 'c2_st_rank', 'c2_national_win_rate', 'c2_national_exacta_rate', 'c2_local_win_rate', 'c2_local_exacta_rate', 'c2_motor_exacta_rate', 'c2_boat_exacta_rate', 'c2_average_start', 'c3_history_n', 'c3_sashi', 'c3_makuri', 'c3_attack', 'c3_st_rank', 'c3_national_win_rate', 'c3_national_exacta_rate', 'c3_local_win_rate', 'c3_local_exacta_rate', 'c3_motor_exacta_rate', 'c3_boat_exacta_rate', 'c3_average_start', 'c4_history_n', 'c4_sashi', 'c4_makuri', 'c4_attack', 'c4_st_rank', 'c4_national_win_rate', 'c4_national_exacta_rate', 'c4_local_win_rate', 'c4_local_exacta_rate', 'c4_motor_exacta_rate', 'c4_boat_exacta_rate', 'c4_average_start', 'c5_history_n', 'c5_sashi', 'c5_makuri', 'c5_attack', 'c5_st_rank', 'c5_national_win_rate', 'c5_national_exacta_rate', 'c5_local_win_rate', 'c5_local_exacta_rate', 'c5_motor_exacta_rate', 'c5_boat_exacta_rate', 'c5_average_start', 'c6_history_n', 'c6_sashi', 'c6_makuri', 'c6_attack', 'c6_st_rank', 'c6_national_win_rate', 'c6_national_exacta_rate', 'c6_local_win_rate', 'c6_local_exacta_rate', 'c6_motor_exacta_rate', 'c6_boat_exacta_rate', 'c6_average_start', 'lane1_vulnerability_rate', 'c1_exhibition_time_relative', 'c1_start_timing_relative', 'c1_lap_time_relative', 'c1_around_time_relative', 'c1_ex_score', 'c1_st_score', 'c1_lap_score', 'c1_mawari_score', 'c1_attack_potential', 'c1_stable_score', 'c1_final_2nd_score', 'c1_second_rank', 'c1_gap_to_top', 'c2_exhibition_time_relative', 'c2_start_timing_relative', 'c2_lap_time_relative', 'c2_around_time_relative', 'c2_ex_score', 'c2_st_score', 'c2_lap_score', 'c2_mawari_score', 'c2_attack_potential', 'c2_stable_score', 'c2_final_2nd_score', 'c2_second_rank', 'c2_gap_to_top', 'c3_exhibition_time_relative', 'c3_start_timing_relative', 'c3_lap_time_relative', 'c3_around_time_relative', 'c3_ex_score', 'c3_st_score', 'c3_lap_score', 'c3_mawari_score', 'c3_attack_potential', 'c3_stable_score', 'c3_final_2nd_score', 'c3_second_rank', 'c3_gap_to_top', 'c4_exhibition_time_relative', 'c4_start_timing_relative', 'c4_lap_time_relative', 'c4_around_time_relative', 'c4_ex_score', 'c4_st_score', 'c4_lap_score', 'c4_mawari_score', 'c4_attack_potential', 'c4_stable_score', 'c4_final_2nd_score', 'c4_second_rank', 'c4_gap_to_top', 'c5_exhibition_time_relative', 'c5_start_timing_relative', 'c5_lap_time_relative', 'c5_around_time_relative', 'c5_ex_score', 'c5_st_score', 'c5_lap_score', 'c5_mawari_score', 'c5_attack_potential', 'c5_stable_score', 'c5_final_2nd_score', 'c5_second_rank', 'c5_gap_to_top', 'c6_exhibition_time_relative', 'c6_start_timing_relative', 'c6_lap_time_relative', 'c6_around_time_relative', 'c6_ex_score', 'c6_st_score', 'c6_lap_score', 'c6_mawari_score', 'c6_attack_potential', 'c6_stable_score', 'c6_final_2nd_score', 'c6_second_rank', 'c6_gap_to_top']",,,,,[],['WeightedEnsemble_L2']
AMG,3,top2,3,LightGBM,-0.5737534453493873,log_loss,0.0034308433532714844,2.356451988220215,0.0034308433532714844,2.356451988220215,1,True,1,148,1,1,213319,213319,213319,213319,0,1,LGBModel,,log_loss,"{'learning_rate': 0.05, 'seed': 0}",{'num_boost_round': 57},"{'max_memory_usage_ratio': 1.0, 'max_gpu_memory_usage_ratio': 1.0, 'max_time_limit_ratio': 1.0, 'max_time_limit': None, 'min_time_limit': 0, 'valid_raw_types': ['bool', 'int', 'float', 'category'], 'valid_special_types': None, 'ignored_type_group_special': None, 'ignored_type_group_raw': None, 'get_features_kwargs': None, 'get_features_kwargs_extra': None, 'predict_1_batch_size': None, 'temperature_scalar': None}","['c1_history_n', 'c1_nige', 'c1_st_rank', 'c1_national_win_rate', 'c1_national_exacta_rate', 'c1_local_win_rate', 'c1_local_exacta_rate', 'c1_motor_exacta_rate', 'c1_boat_exacta_rate', 'c1_average_start', 'c2_history_n', 'c2_sashi', 'c2_makuri', 'c2_st_rank', 'c2_national_win_rate', 'c2_national_exacta_rate', 'c2_local_win_rate', 'c2_local_exacta_rate', 'c2_motor_exacta_rate', 'c2_boat_exacta_rate', 'c2_average_start', 'c3_history_n', 'c3_sashi', 'c3_makuri', 'c3_attack', 'c3_st_rank', 'c3_national_win_rate', 'c3_national_exacta_rate', 'c3_local_win_rate', 'c3_local_exacta_rate', 'c3_motor_exacta_rate', 'c3_boat_exacta_rate', 'c3_average_start', 'c4_history_n', 'c4_sashi', 'c4_makuri', 'c4_attack', 'c4_st_rank', 'c4_national_win_rate', 'c4_national_exacta_rate', 'c4_local_win_rate', 'c4_local_exacta_rate', 'c4_motor_exacta_rate', 'c4_boat_exacta_rate', 'c4_average_start', 'c5_history_n', 'c5_sashi', 'c5_makuri', 'c5_attack', 'c5_st_rank', 'c5_national_win_rate', 'c5_national_exacta_rate', 'c5_local_win_rate', 'c5_local_exacta_rate', 'c5_motor_exacta_rate', 'c5_boat_exacta_rate', 'c5_average_start', 'c6_history_n', 'c6_sashi', 'c6_makuri', 'c6_attack', 'c6_st_rank', 'c6_national_win_rate', 'c6_national_exacta_rate', 'c6_local_win_rate', 'c6_local_exacta_rate', 'c6_motor_exacta_rate', 'c6_boat_exacta_rate', 'c6_average_start', 'lane1_vulnerability_rate', 'c1_exhibition_time_relative', 'c1_start_timing_relative', 'c1_lap_time_relative', 'c1_around_time_relative', 'c1_ex_score', 'c1_st_score', 'c1_lap_score', 'c1_mawari_score', 'c1_attack_potential', 'c1_stable_score', 'c1_final_2nd_score', 'c1_second_rank', 'c1_gap_to_top', 'c2_exhibition_time_relative', 'c2_start_timing_relative', 'c2_lap_time_relative', 'c2_around_time_relative', 'c2_ex_score', 'c2_st_score', 'c2_lap_score', 'c2_mawari_score', 'c2_attack_potential', 'c2_stable_score', 'c2_final_2nd_score', 'c2_second_rank', 'c2_gap_to_top', 'c3_exhibition_time_relative', 'c3_start_timing_relative', 'c3_lap_time_relative', 'c3_around_time_relative', 'c3_ex_score', 'c3_st_score', 'c3_lap_score', 'c3_mawari_score', 'c3_attack_potential', 'c3_stable_score', 'c3_final_2nd_score', 'c3_second_rank', 'c3_gap_to_top', 'c4_exhibition_time_relative', 'c4_start_timing_relative', 'c4_lap_time_relative', 'c4_around_time_relative', 'c4_ex_score', 'c4_st_score', 'c4_lap_score', 'c4_mawari_score', 'c4_attack_potential', 'c4_stable_score', 'c4_final_2nd_score', 'c4_second_rank', 'c4_gap_to_top', 'c5_exhibition_time_relative', 'c5_start_timing_relative', 'c5_lap_time_relative', 'c5_around_time_relative', 'c5_ex_score', 'c5_st_score', 'c5_lap_score', 'c5_mawari_score', 'c5_attack_potential', 'c5_stable_score', 'c5_final_2nd_score', 'c5_second_rank', 'c5_gap_to_top', 'c6_exhibition_time_relative', 'c6_start_timing_relative', 'c6_lap_time_relative', 'c6_around_time_relative', 'c6_ex_score', 'c6_st_score', 'c6_lap_score', 'c6_mawari_score', 'c6_attack_potential', 'c6_stable_score', 'c6_final_2nd_score', 'c6_second_rank', 'c6_gap_to_top']",,,,,[],['WeightedEnsemble_L2']
AMG,3,top2,4,CatBoost,-0.5746724420330471,log_loss,0.009765863418579102,7.067876577377319,0.009765863418579102,7.067876577377319,1,True,3,148,1,1,198450,198450,198450,198450,0,1,CatBoostModel,,log_loss,"{'iterations': 10000, 'learning_rate': 0.05, 'allow_writing_files': False, 'eval_metric': 'Logloss', 'random_seed': 0}",{'iterations': 133},"{'max_memory_usage_ratio': 1.0, 'max_gpu_memory_usage_ratio': 1.0, 'max_time_limit_ratio': 1.0, 'max_time_limit': None, 'min_time_limit': 0, 'valid_raw_types': ['bool', 'int', 'float', 'category'], 'valid_special_types': None, 'ignored_type_group_special': None, 'ignored_type_group_raw': None, 'get_features_kwargs': None, 'get_features_kwargs_extra': None, 'predict_1_batch_size': None, 'temperature_scalar': None}","['c1_history_n', 'c1_nige', 'c1_st_rank', 'c1_national_win_rate', 'c1_national_exacta_rate', 'c1_local_win_rate', 'c1_local_exacta_rate', 'c1_motor_exacta_rate', 'c1_boat_exacta_rate', 'c1_average_start', 'c2_history_n', 'c2_sashi', 'c2_makuri', 'c2_st_rank', 'c2_national_win_rate', 'c2_national_exacta_rate', 'c2_local_win_rate', 'c2_local_exacta_rate', 'c2_motor_exacta_rate', 'c2_boat_exacta_rate', 'c2_average_start', 'c3_history_n', 'c3_sashi', 'c3_makuri', 'c3_attack', 'c3_st_rank', 'c3_national_win_rate', 'c3_national_exacta_rate', 'c3_local_win_rate', 'c3_local_exacta_rate', 'c3_motor_exacta_rate', 'c3_boat_exacta_rate', 'c3_average_start', 'c4_history_n', 'c4_sashi', 'c4_makuri', 'c4_attack', 'c4_st_rank', 'c4_national_win_rate', 'c4_national_exacta_rate', 'c4_local_win_rate', 'c4_local_exacta_rate', 'c4_motor_exacta_rate', 'c4_boat_exacta_rate', 'c4_average_start', 'c5_history_n', 'c5_sashi', 'c5_makuri', 'c5_attack', 'c5_st_rank', 'c5_national_win_rate', 'c5_national_exacta_rate', 'c5_local_win_rate', 'c5_local_exacta_rate', 'c5_motor_exacta_rate', 'c5_boat_exacta_rate', 'c5_average_start', 'c6_history_n', 'c6_sashi', 'c6_makuri', 'c6_attack', 'c6_st_rank', 'c6_national_win_rate', 'c6_national_exacta_rate', 'c6_local_win_rate', 'c6_local_exacta_rate', 'c6_motor_exacta_rate', 'c6_boat_exacta_rate', 'c6_average_start', 'lane1_vulnerability_rate', 'c1_exhibition_time_relative', 'c1_start_timing_relative', 'c1_lap_time_relative', 'c1_around_time_relative', 'c1_ex_score', 'c1_st_score', 'c1_lap_score', 'c1_mawari_score', 'c1_attack_potential', 'c1_stable_score', 'c1_final_2nd_score', 'c1_second_rank', 'c1_gap_to_top', 'c2_exhibition_time_relative', 'c2_start_timing_relative', 'c2_lap_time_relative', 'c2_around_time_relative', 'c2_ex_score', 'c2_st_score', 'c2_lap_score', 'c2_mawari_score', 'c2_attack_potential', 'c2_stable_score', 'c2_final_2nd_score', 'c2_second_rank', 'c2_gap_to_top', 'c3_exhibition_time_relative', 'c3_start_timing_relative', 'c3_lap_time_relative', 'c3_around_time_relative', 'c3_ex_score', 'c3_st_score', 'c3_lap_score', 'c3_mawari_score', 'c3_attack_potential', 'c3_stable_score', 'c3_final_2nd_score', 'c3_second_rank', 'c3_gap_to_top', 'c4_exhibition_time_relative', 'c4_start_timing_relative', 'c4_lap_time_relative', 'c4_around_time_relative', 'c4_ex_score', 'c4_st_score', 'c4_lap_score', 'c4_mawari_score', 'c4_attack_potential', 'c4_stable_score', 'c4_final_2nd_score', 'c4_second_rank', 'c4_gap_to_top', 'c5_exhibition_time_relative', 'c5_start_timing_relative', 'c5_lap_time_relative', 'c5_around_time_relative', 'c5_ex_score', 'c5_st_score', 'c5_lap_score', 'c5_mawari_score', 'c5_attack_potential', 'c5_stable_score', 'c5_final_2nd_score', 'c5_second_rank', 'c5_gap_to_top', 'c6_exhibition_time_relative', 'c6_start_timing_relative', 'c6_lap_time_relative', 'c6_around_time_relative', 'c6_ex_score', 'c6_st_score', 'c6_lap_score', 'c6_mawari_score', 'c6_attack_potential', 'c6_stable_score', 'c6_final_2nd_score', 'c6_second_rank', 'c6_gap_to_top']",,,,,[],['WeightedEnsemble_L2']
AMG,3,top2,5,XGBoost,-0.5771513473042316,log_loss,0.009379386901855469,6.110486268997192,0.009379386901855469,6.110486268997192,1,True,5,148,1,1,968903,968903,968903,968903,0,1,XGBoostModel,,log_loss,"{'n_estimators': 10000, 'learning_rate': 0.1, 'n_jobs': -1, 'proc.max_category_levels': 100, 'objective': 'binary:logistic', 'booster': 'gbtree', 'seed': 0}",{'n_estimators': 23},"{'max_memory_usage_ratio': 1.0, 'max_gpu_memory_usage_ratio': 1.0, 'max_time_limit_ratio': 1.0, 'max_time_limit': None, 'min_time_limit': 0, 'valid_raw_types': ['bool', 'int', 'float', 'category'], 'valid_special_types': None, 'ignored_type_group_special': None, 'ignored_type_group_raw': None, 'get_features_kwargs': None, 'get_features_kwargs_extra': None, 'predict_1_batch_size': None, 'temperature_scalar': None}","['c1_history_n', 'c1_nige', 'c1_st_rank', 'c1_national_win_rate', 'c1_national_exacta_rate', 'c1_local_win_rate', 'c1_local_exacta_rate', 'c1_motor_exacta_rate', 'c1_boat_exacta_rate', 'c1_average_start', 'c2_history_n', 'c2_sashi', 'c2_makuri', 'c2_st_rank', 'c2_national_win_rate', 'c2_national_exacta_rate', 'c2_local_win_rate', 'c2_local_exacta_rate', 'c2_motor_exacta_rate', 'c2_boat_exacta_rate', 'c2_average_start', 'c3_history_n', 'c3_sashi', 'c3_makuri', 'c3_attack', 'c3_st_rank', 'c3_national_win_rate', 'c3_national_exacta_rate', 'c3_local_win_rate', 'c3_local_exacta_rate', 'c3_motor_exacta_rate', 'c3_boat_exacta_rate', 'c3_average_start', 'c4_history_n', 'c4_sashi', 'c4_makuri', 'c4_attack', 'c4_st_rank', 'c4_national_win_rate', 'c4_national_exacta_rate', 'c4_local_win_rate', 'c4_local_exacta_rate', 'c4_motor_exacta_rate', 'c4_boat_exacta_rate', 'c4_average_start', 'c5_history_n', 'c5_sashi', 'c5_makuri', 'c5_attack', 'c5_st_rank', 'c5_national_win_rate', 'c5_national_exacta_rate', 'c5_local_win_rate', 'c5_local_exacta_rate', 'c5_motor_exacta_rate', 'c5_boat_exacta_rate', 'c5_average_start', 'c6_history_n', 'c6_sashi', 'c6_makuri', 'c6_attack', 'c6_st_rank', 'c6_national_win_rate', 'c6_national_exacta_rate', 'c6_local_win_rate', 'c6_local_exacta_rate', 'c6_motor_exacta_rate', 'c6_boat_exacta_rate', 'c6_average_start', 'lane1_vulnerability_rate', 'c1_exhibition_time_relative', 'c1_start_timing_relative', 'c1_lap_time_relative', 'c1_around_time_relative', 'c1_ex_score', 'c1_st_score', 'c1_lap_score', 'c1_mawari_score', 'c1_attack_potential', 'c1_stable_score', 'c1_final_2nd_score', 'c1_second_rank', 'c1_gap_to_top', 'c2_exhibition_time_relative', 'c2_start_timing_relative', 'c2_lap_time_relative', 'c2_around_time_relative', 'c2_ex_score', 'c2_st_score', 'c2_lap_score', 'c2_mawari_score', 'c2_attack_potential', 'c2_stable_score', 'c2_final_2nd_score', 'c2_second_rank', 'c2_gap_to_top', 'c3_exhibition_time_relative', 'c3_start_timing_relative', 'c3_lap_time_relative', 'c3_around_time_relative', 'c3_ex_score', 'c3_st_score', 'c3_lap_score', 'c3_mawari_score', 'c3_attack_potential', 'c3_stable_score', 'c3_final_2nd_score', 'c3_second_rank', 'c3_gap_to_top', 'c4_exhibition_time_relative', 'c4_start_timing_relative', 'c4_lap_time_relative', 'c4_around_time_relative', 'c4_ex_score', 'c4_st_score', 'c4_lap_score', 'c4_mawari_score', 'c4_attack_potential', 'c4_stable_score', 'c4_final_2nd_score', 'c4_second_rank', 'c4_gap_to_top', 'c5_exhibition_time_relative', 'c5_start_timing_relative', 'c5_lap_time_relative', 'c5_around_time_relative', 'c5_ex_score', 'c5_st_score', 'c5_lap_score', 'c5_mawari_score', 'c5_attack_potential', 'c5_stable_score', 'c5_final_2nd_score', 'c5_second_rank', 'c5_gap_to_top', 'c6_exhibition_time_relative', 'c6_start_timing_relative', 'c6_lap_time_relative', 'c6_around_time_relative', 'c6_ex_score', 'c6_st_score', 'c6_lap_score', 'c6_mawari_score', 'c6_attack_potential', 'c6_stable_score', 'c6_final_2nd_score', 'c6_second_rank', 'c6_gap_to_top']",,,,,[],['WeightedEnsemble_L2']
AMG,3,top2,6,ExtraTrees,-0.5833940928136149,log_loss,0.1133873462677002,1.5952630043029785,0.1133873462677002,1.5952630043029785,1,True,4,148,1,1,39233894,39233894,39233894,39233894,0,0,XTModel,,log_loss,"{'n_estimators': 300, 'max_leaf_nodes': 15000, 'n_jobs': -1, 'bootstrap': True, 'random_state': 0}",{'n_estimators': 300},"{'max_memory_usage_ratio': 1.0, 'max_gpu_memory_usage_ratio': 1.0, 'max_time_limit_ratio': 1.0, 'max_time_limit': None, 'min_time_limit': 0, 'valid_raw_types': ['bool', 'int', 'float', 'category'], 'valid_special_types': None, 'ignored_type_group_special': None, 'ignored_type_group_raw': None, 'get_features_kwargs': None, 'get_features_kwargs_extra': None, 'predict_1_batch_size': None, 'temperature_scalar': None}","['c1_history_n', 'c1_nige', 'c1_st_rank', 'c1_national_win_rate', 'c1_national_exacta_rate', 'c1_local_win_rate', 'c1_local_exacta_rate', 'c1_motor_exacta_rate', 'c1_boat_exacta_rate', 'c1_average_start', 'c2_history_n', 'c2_sashi', 'c2_makuri', 'c2_st_rank', 'c2_national_win_rate', 'c2_national_exacta_rate', 'c2_local_win_rate', 'c2_local_exacta_rate', 'c2_motor_exacta_rate', 'c2_boat_exacta_rate', 'c2_average_start', 'c3_history_n', 'c3_sashi', 'c3_makuri', 'c3_attack', 'c3_st_rank', 'c3_national_win_rate', 'c3_national_exacta_rate', 'c3_local_win_rate', 'c3_local_exacta_rate', 'c3_motor_exacta_rate', 'c3_boat_exacta_rate', 'c3_average_start', 'c4_history_n', 'c4_sashi', 'c4_makuri', 'c4_attack', 'c4_st_rank', 'c4_national_win_rate', 'c4_national_exacta_rate', 'c4_local_win_rate', 'c4_local_exacta_rate', 'c4_motor_exacta_rate', 'c4_boat_exacta_rate', 'c4_average_start', 'c5_history_n', 'c5_sashi', 'c5_makuri', 'c5_attack', 'c5_st_rank', 'c5_national_win_rate', 'c5_national_exacta_rate', 'c5_local_win_rate', 'c5_local_exacta_rate', 'c5_motor_exacta_rate', 'c5_boat_exacta_rate', 'c5_average_start', 'c6_history_n', 'c6_sashi', 'c6_makuri', 'c6_attack', 'c6_st_rank', 'c6_national_win_rate', 'c6_national_exacta_rate', 'c6_local_win_rate', 'c6_local_exacta_rate', 'c6_motor_exacta_rate', 'c6_boat_exacta_rate', 'c6_average_start', 'lane1_vulnerability_rate', 'c1_exhibition_time_relative', 'c1_start_timing_relative', 'c1_lap_time_relative', 'c1_around_time_relative', 'c1_ex_score', 'c1_st_score', 'c1_lap_score', 'c1_mawari_score', 'c1_attack_potential', 'c1_stable_score', 'c1_final_2nd_score', 'c1_second_rank', 'c1_gap_to_top', 'c2_exhibition_time_relative', 'c2_start_timing_relative', 'c2_lap_time_relative', 'c2_around_time_relative', 'c2_ex_score', 'c2_st_score', 'c2_lap_score', 'c2_mawari_score', 'c2_attack_potential', 'c2_stable_score', 'c2_final_2nd_score', 'c2_second_rank', 'c2_gap_to_top', 'c3_exhibition_time_relative', 'c3_start_timing_relative', 'c3_lap_time_relative', 'c3_around_time_relative', 'c3_ex_score', 'c3_st_score', 'c3_lap_score', 'c3_mawari_score', 'c3_attack_potential', 'c3_stable_score', 'c3_final_2nd_score', 'c3_second_rank', 'c3_gap_to_top', 'c4_exhibition_time_relative', 'c4_start_timing_relative', 'c4_lap_time_relative', 'c4_around_time_relative', 'c4_ex_score', 'c4_st_score', 'c4_lap_score', 'c4_mawari_score', 'c4_attack_potential', 'c4_stable_score', 'c4_final_2nd_score', 'c4_second_rank', 'c4_gap_to_top', 'c5_exhibition_time_relative', 'c5_start_timing_relative', 'c5_lap_time_relative', 'c5_around_time_relative', 'c5_ex_score', 'c5_st_score', 'c5_lap_score', 'c5_mawari_score', 'c5_attack_potential', 'c5_stable_score', 'c5_final_2nd_score', 'c5_second_rank', 'c5_gap_to_top', 'c6_exhibition_time_relative', 'c6_start_timing_relative', 'c6_lap_time_relative', 'c6_around_time_relative', 'c6_ex_score', 'c6_st_score', 'c6_lap_score', 'c6_mawari_score', 'c6_attack_potential', 'c6_stable_score', 'c6_final_2nd_score', 'c6_second_rank', 'c6_gap_to_top']",,,,,[],[]
AMG,3,top3,1,WeightedEnsemble_L2,-0.6288192538671481,log_loss,0.13104820251464844,17.112547636032104,0.0006861686706542969,0.019300460815429688,2,True,6,3,1,4,3790,27258340,3790,25973900,3,0,WeightedEnsembleModel,GreedyWeightedEnsembleModel,log_loss,"{'use_orig_features': False, 'valid_stacker': True, 'max_base_models': 0, 'max_base_models_per_type': 'auto', 'save_bag_folds': True, 'stratify': 'auto', 'bin': 'auto', 'n_bins': None, 'vary_seed_across_folds': False, 'custom_splits': None, 'model_random_seed': 0}",{},"{'max_memory_usage_ratio': 1.0, 'max_gpu_memory_usage_ratio': 1.0, 'max_time_limit_ratio': 1.0, 'max_time_limit': None, 'min_time_limit': 0, 'valid_raw_types': None, 'valid_special_types': None, 'ignored_type_group_special': None, 'ignored_type_group_raw': None, 'get_features_kwargs': None, 'get_features_kwargs_extra': None, 'predict_1_batch_size': None, 'temperature_scalar': None, 'drop_unique': False}","['XGBoost', 'CatBoost', 'RandomForest']",,"{'ensemble_size': 25, 'subsample_size': 1000000}",{'ensemble_size': 13},"{'max_memory_usage_ratio': 1.0, 'max_gpu_memory_usage_ratio': 1.0, 'max_time_limit_ratio': 1.0, 'max_time_limit': None, 'min_time_limit': 0, 'valid_raw_types': None, 'valid_special_types': None, 'ignored_type_group_special': None, 'ignored_type_group_raw': None, 'get_features_kwargs': None, 'get_features_kwargs_extra': None, 'predict_1_batch_size': None, 'temperature_scalar': None, 'drop_unique': False}","['XGBoost', 'CatBoost', 'RandomForest']",[]
AMG,3,top3,2,CatBoost,-0.6310438070408305,log_loss,0.009963035583496094,7.890017747879028,0.009963035583496094,7.890017747879028,1,True,3,148,1,1,305418,305418,305418,305418,0,1,CatBoostModel,,log_loss,"{'iterations': 10000, 'learning_rate': 0.05, 'allow_writing_files': False, 'eval_metric': 'Logloss', 'random_seed': 0}",{'iterations': 225},"{'max_memory_usage_ratio': 1.0, 'max_gpu_memory_usage_ratio': 1.0, 'max_time_limit_ratio': 1.0, 'max_time_limit': None, 'min_time_limit': 0, 'valid_raw_types': ['bool', 'int', 'float', 'category'], 'valid_special_types': None, 'ignored_type_group_special': None, 'ignored_type_group_raw': None, 'get_features_kwargs': None, 'get_features_kwargs_extra': None, 'predict_1_batch_size': None, 'temperature_scalar': None}","['c1_history_n', 'c1_nige', 'c1_st_rank', 'c1_national_win_rate', 'c1_national_exacta_rate', 'c1_local_win_rate', 'c1_local_exacta_rate', 'c1_motor_exacta_rate', 'c1_boat_exacta_rate', 'c1_average_start', 'c2_history_n', 'c2_sashi', 'c2_makuri', 'c2_st_rank', 'c2_national_win_rate', 'c2_national_exacta_rate', 'c2_local_win_rate', 'c2_local_exacta_rate', 'c2_motor_exacta_rate', 'c2_boat_exacta_rate', 'c2_average_start', 'c3_history_n', 'c3_sashi', 'c3_makuri', 'c3_attack', 'c3_st_rank', 'c3_national_win_rate', 'c3_national_exacta_rate', 'c3_local_win_rate', 'c3_local_exacta_rate', 'c3_motor_exacta_rate', 'c3_boat_exacta_rate', 'c3_average_start', 'c4_history_n', 'c4_sashi', 'c4_makuri', 'c4_attack', 'c4_st_rank', 'c4_national_win_rate', 'c4_national_exacta_rate', 'c4_local_win_rate', 'c4_local_exacta_rate', 'c4_motor_exacta_rate', 'c4_boat_exacta_rate', 'c4_average_start', 'c5_history_n', 'c5_sashi', 'c5_makuri', 'c5_attack', 'c5_st_rank', 'c5_national_win_rate', 'c5_national_exacta_rate', 'c5_local_win_rate', 'c5_local_exacta_rate', 'c5_motor_exacta_rate', 'c5_boat_exacta_rate', 'c5_average_start', 'c6_history_n', 'c6_sashi', 'c6_makuri', 'c6_attack', 'c6_st_rank', 'c6_national_win_rate', 'c6_national_exacta_rate', 'c6_local_win_rate', 'c6_local_exacta_rate', 'c6_motor_exacta_rate', 'c6_boat_exacta_rate', 'c6_average_start', 'lane1_vulnerability_rate', 'c1_exhibition_time_relative', 'c1_start_timing_relative', 'c1_lap_time_relative', 'c1_around_time_relative', 'c1_ex_score', 'c1_st_score', 'c1_lap_score', 'c1_mawari_score', 'c1_attack_potential', 'c1_stable_score', 'c1_final_2nd_score', 'c1_second_rank', 'c1_gap_to_top', 'c2_exhibition_time_relative', 'c2_start_timing_relative', 'c2_lap_time_relative', 'c2_around_time_relative', 'c2_ex_score', 'c2_st_score', 'c2_lap_score', 'c2_mawari_score', 'c2_attack_potential', 'c2_stable_score', 'c2_final_2nd_score', 'c2_second_rank', 'c2_gap_to_top', 'c3_exhibition_time_relative', 'c3_start_timing_relative', 'c3_lap_time_relative', 'c3_around_time_relative', 'c3_ex_score', 'c3_st_score', 'c3_lap_score', 'c3_mawari_score', 'c3_attack_potential', 'c3_stable_score', 'c3_final_2nd_score', 'c3_second_rank', 'c3_gap_to_top', 'c4_exhibition_time_relative', 'c4_start_timing_relative', 'c4_lap_time_relative', 'c4_around_time_relative', 'c4_ex_score', 'c4_st_score', 'c4_lap_score', 'c4_mawari_score', 'c4_attack_potential', 'c4_stable_score', 'c4_final_2nd_score', 'c4_second_rank', 'c4_gap_to_top', 'c5_exhibition_time_relative', 'c5_start_timing_relative', 'c5_lap_time_relative', 'c5_around_time_relative', 'c5_ex_score', 'c5_st_score', 'c5_lap_score', 'c5_mawari_score', 'c5_attack_potential', 'c5_stable_score', 'c5_final_2nd_score', 'c5_second_rank', 'c5_gap_to_top', 'c6_exhibition_time_relative', 'c6_start_timing_relative', 'c6_lap_time_relative', 'c6_around_time_relative', 'c6_ex_score', 'c6_st_score', 'c6_lap_score', 'c6_mawari_score', 'c6_attack_potential', 'c6_stable_score', 'c6_final_2nd_score', 'c6_second_rank', 'c6_gap_to_top']",,,,,[],['WeightedEnsemble_L2']
AMG,3,top3,3,XGBoost,-0.6371308233691227,log_loss,0.009714841842651367,6.169079303741455,0.009714841842651367,6.169079303741455,1,True,5,148,1,1,975232,975232,975232,975232,0,1,XGBoostModel,,log_loss,"{'n_estimators': 10000, 'learning_rate': 0.1, 'n_jobs': -1, 'proc.max_category_levels': 100, 'objective': 'binary:logistic', 'booster': 'gbtree', 'seed': 0}",{'n_estimators': 24},"{'max_memory_usage_ratio': 1.0, 'max_gpu_memory_usage_ratio': 1.0, 'max_time_limit_ratio': 1.0, 'max_time_limit': None, 'min_time_limit': 0, 'valid_raw_types': ['bool', 'int', 'float', 'category'], 'valid_special_types': None, 'ignored_type_group_special': None, 'ignored_type_group_raw': None, 'get_features_kwargs': None, 'get_features_kwargs_extra': None, 'predict_1_batch_size': None, 'temperature_scalar': None}","['c1_history_n', 'c1_nige', 'c1_st_rank', 'c1_national_win_rate', 'c1_national_exacta_rate', 'c1_local_win_rate', 'c1_local_exacta_rate', 'c1_motor_exacta_rate', 'c1_boat_exacta_rate', 'c1_average_start', 'c2_history_n', 'c2_sashi', 'c2_makuri', 'c2_st_rank', 'c2_national_win_rate', 'c2_national_exacta_rate', 'c2_local_win_rate', 'c2_local_exacta_rate', 'c2_motor_exacta_rate', 'c2_boat_exacta_rate', 'c2_average_start', 'c3_history_n', 'c3_sashi', 'c3_makuri', 'c3_attack', 'c3_st_rank', 'c3_national_win_rate', 'c3_national_exacta_rate', 'c3_local_win_rate', 'c3_local_exacta_rate', 'c3_motor_exacta_rate', 'c3_boat_exacta_rate', 'c3_average_start', 'c4_history_n', 'c4_sashi', 'c4_makuri', 'c4_attack', 'c4_st_rank', 'c4_national_win_rate', 'c4_national_exacta_rate', 'c4_local_win_rate', 'c4_local_exacta_rate', 'c4_motor_exacta_rate', 'c4_boat_exacta_rate', 'c4_average_start', 'c5_history_n', 'c5_sashi', 'c5_makuri', 'c5_attack', 'c5_st_rank', 'c5_national_win_rate', 'c5_national_exacta_rate', 'c5_local_win_rate', 'c5_local_exacta_rate', 'c5_motor_exacta_rate', 'c5_boat_exacta_rate', 'c5_average_start', 'c6_history_n', 'c6_sashi', 'c6_makuri', 'c6_attack', 'c6_st_rank', 'c6_national_win_rate', 'c6_national_exacta_rate', 'c6_local_win_rate', 'c6_local_exacta_rate', 'c6_motor_exacta_rate', 'c6_boat_exacta_rate', 'c6_average_start', 'lane1_vulnerability_rate', 'c1_exhibition_time_relative', 'c1_start_timing_relative', 'c1_lap_time_relative', 'c1_around_time_relative', 'c1_ex_score', 'c1_st_score', 'c1_lap_score', 'c1_mawari_score', 'c1_attack_potential', 'c1_stable_score', 'c1_final_2nd_score', 'c1_second_rank', 'c1_gap_to_top', 'c2_exhibition_time_relative', 'c2_start_timing_relative', 'c2_lap_time_relative', 'c2_around_time_relative', 'c2_ex_score', 'c2_st_score', 'c2_lap_score', 'c2_mawari_score', 'c2_attack_potential', 'c2_stable_score', 'c2_final_2nd_score', 'c2_second_rank', 'c2_gap_to_top', 'c3_exhibition_time_relative', 'c3_start_timing_relative', 'c3_lap_time_relative', 'c3_around_time_relative', 'c3_ex_score', 'c3_st_score', 'c3_lap_score', 'c3_mawari_score', 'c3_attack_potential', 'c3_stable_score', 'c3_final_2nd_score', 'c3_second_rank', 'c3_gap_to_top', 'c4_exhibition_time_relative', 'c4_start_timing_relative', 'c4_lap_time_relative', 'c4_around_time_relative', 'c4_ex_score', 'c4_st_score', 'c4_lap_score', 'c4_mawari_score', 'c4_attack_potential', 'c4_stable_score', 'c4_final_2nd_score', 'c4_second_rank', 'c4_gap_to_top', 'c5_exhibition_time_relative', 'c5_start_timing_relative', 'c5_lap_time_relative', 'c5_around_time_relative', 'c5_ex_score', 'c5_st_score', 'c5_lap_score', 'c5_mawari_score', 'c5_attack_potential', 'c5_stable_score', 'c5_final_2nd_score', 'c5_second_rank', 'c5_gap_to_top', 'c6_exhibition_time_relative', 'c6_start_timing_relative', 'c6_lap_time_relative', 'c6_around_time_relative', 'c6_ex_score', 'c6_st_score', 'c6_lap_score', 'c6_mawari_score', 'c6_attack_potential', 'c6_stable_score', 'c6_final_2nd_score', 'c6_second_rank', 'c6_gap_to_top']",,,,,[],['WeightedEnsemble_L2']
AMG,3,top3,4,RandomForest,-0.6371413095183355,log_loss,0.11068415641784668,3.0341501235961914,0.11068415641784668,3.0341501235961914,1,True,2,148,1,1,25973900,25973900,25973900,25973900,0,1,RFModel,,log_loss,"{'n_estimators': 300, 'max_leaf_nodes': 15000, 'n_jobs': -1, 'bootstrap': True, 'random_state': 0}",{'n_estimators': 300},"{'max_memory_usage_ratio': 1.0, 'max_gpu_memory_usage_ratio': 1.0, 'max_time_limit_ratio': 1.0, 'max_time_limit': None, 'min_time_limit': 0, 'valid_raw_types': ['bool', 'int', 'float', 'category'], 'valid_special_types': None, 'ignored_type_group_special': None, 'ignored_type_group_raw': None, 'get_features_kwargs': None, 'get_features_kwargs_extra': None, 'predict_1_batch_size': None, 'temperature_scalar': None}","['c1_history_n', 'c1_nige', 'c1_st_rank', 'c1_national_win_rate', 'c1_national_exacta_rate', 'c1_local_win_rate', 'c1_local_exacta_rate', 'c1_motor_exacta_rate', 'c1_boat_exacta_rate', 'c1_average_start', 'c2_history_n', 'c2_sashi', 'c2_makuri', 'c2_st_rank', 'c2_national_win_rate', 'c2_national_exacta_rate', 'c2_local_win_rate', 'c2_local_exacta_rate', 'c2_motor_exacta_rate', 'c2_boat_exacta_rate', 'c2_average_start', 'c3_history_n', 'c3_sashi', 'c3_makuri', 'c3_attack', 'c3_st_rank', 'c3_national_win_rate', 'c3_national_exacta_rate', 'c3_local_win_rate', 'c3_local_exacta_rate', 'c3_motor_exacta_rate', 'c3_boat_exacta_rate', 'c3_average_start', 'c4_history_n', 'c4_sashi', 'c4_makuri', 'c4_attack', 'c4_st_rank', 'c4_national_win_rate', 'c4_national_exacta_rate', 'c4_local_win_rate', 'c4_local_exacta_rate', 'c4_motor_exacta_rate', 'c4_boat_exacta_rate', 'c4_average_start', 'c5_history_n', 'c5_sashi', 'c5_makuri', 'c5_attack', 'c5_st_rank', 'c5_national_win_rate', 'c5_national_exacta_rate', 'c5_local_win_rate', 'c5_local_exacta_rate', 'c5_motor_exacta_rate', 'c5_boat_exacta_rate', 'c5_average_start', 'c6_history_n', 'c6_sashi', 'c6_makuri', 'c6_attack', 'c6_st_rank', 'c6_national_win_rate', 'c6_national_exacta_rate', 'c6_local_win_rate', 'c6_local_exacta_rate', 'c6_motor_exacta_rate', 'c6_boat_exacta_rate', 'c6_average_start', 'lane1_vulnerability_rate', 'c1_exhibition_time_relative', 'c1_start_timing_relative', 'c1_lap_time_relative', 'c1_around_time_relative', 'c1_ex_score', 'c1_st_score', 'c1_lap_score', 'c1_mawari_score', 'c1_attack_potential', 'c1_stable_score', 'c1_final_2nd_score', 'c1_second_rank', 'c1_gap_to_top', 'c2_exhibition_time_relative', 'c2_start_timing_relative', 'c2_lap_time_relative', 'c2_around_time_relative', 'c2_ex_score', 'c2_st_score', 'c2_lap_score', 'c2_mawari_score', 'c2_attack_potential', 'c2_stable_score', 'c2_final_2nd_score', 'c2_second_rank', 'c2_gap_to_top', 'c3_exhibition_time_relative', 'c3_start_timing_relative', 'c3_lap_time_relative', 'c3_around_time_relative', 'c3_ex_score', 'c3_st_score', 'c3_lap_score', 'c3_mawari_score', 'c3_attack_potential', 'c3_stable_score', 'c3_final_2nd_score', 'c3_second_rank', 'c3_gap_to_top', 'c4_exhibition_time_relative', 'c4_start_timing_relative', 'c4_lap_time_relative', 'c4_around_time_relative', 'c4_ex_score', 'c4_st_score', 'c4_lap_score', 'c4_mawari_score', 'c4_attack_potential', 'c4_stable_score', 'c4_final_2nd_score', 'c4_second_rank', 'c4_gap_to_top', 'c5_exhibition_time_relative', 'c5_start_timing_relative', 'c5_lap_time_relative', 'c5_around_time_relative', 'c5_ex_score', 'c5_st_score', 'c5_lap_score', 'c5_mawari_score', 'c5_attack_potential', 'c5_stable_score', 'c5_final_2nd_score', 'c5_second_rank', 'c5_gap_to_top', 'c6_exhibition_time_relative', 'c6_start_timing_relative', 'c6_lap_time_relative', 'c6_around_time_relative', 'c6_ex_score', 'c6_st_score', 'c6_lap_score', 'c6_mawari_score', 'c6_attack_potential', 'c6_stable_score', 'c6_final_2nd_score', 'c6_second_rank', 'c6_gap_to_top']",,,,,[],['WeightedEnsemble_L2']
AMG,3,top3,5,LightGBM,-0.6374323380370489,log_loss,0.0035054683685302734,2.3967151641845703,0.0035054683685302734,2.3967151641845703,1,True,1,148,1,1,227277,227277,227277,227277,0,0,LGBModel,,log_loss,"{'learning_rate': 0.05, 'seed': 0}",{'num_boost_round': 61},"{'max_memory_usage_ratio': 1.0, 'max_gpu_memory_usage_ratio': 1.0, 'max_time_limit_ratio': 1.0, 'max_time_limit': None, 'min_time_limit': 0, 'valid_raw_types': ['bool', 'int', 'float', 'category'], 'valid_special_types': None, 'ignored_type_group_special': None, 'ignored_type_group_raw': None, 'get_features_kwargs': None, 'get_features_kwargs_extra': None, 'predict_1_batch_size': None, 'temperature_scalar': None}","['c1_history_n', 'c1_nige', 'c1_st_rank', 'c1_national_win_rate', 'c1_national_exacta_rate', 'c1_local_win_rate', 'c1_local_exacta_rate', 'c1_motor_exacta_rate', 'c1_boat_exacta_rate', 'c1_average_start', 'c2_history_n', 'c2_sashi', 'c2_makuri', 'c2_st_rank', 'c2_national_win_rate', 'c2_national_exacta_rate', 'c2_local_win_rate', 'c2_local_exacta_rate', 'c2_motor_exacta_rate', 'c2_boat_exacta_rate', 'c2_average_start', 'c3_history_n', 'c3_sashi', 'c3_makuri', 'c3_attack', 'c3_st_rank', 'c3_national_win_rate', 'c3_national_exacta_rate', 'c3_local_win_rate', 'c3_local_exacta_rate', 'c3_motor_exacta_rate', 'c3_boat_exacta_rate', 'c3_average_start', 'c4_history_n', 'c4_sashi', 'c4_makuri', 'c4_attack', 'c4_st_rank', 'c4_national_win_rate', 'c4_national_exacta_rate', 'c4_local_win_rate', 'c4_local_exacta_rate', 'c4_motor_exacta_rate', 'c4_boat_exacta_rate', 'c4_average_start', 'c5_history_n', 'c5_sashi', 'c5_makuri', 'c5_attack', 'c5_st_rank', 'c5_national_win_rate', 'c5_national_exacta_rate', 'c5_local_win_rate', 'c5_local_exacta_rate', 'c5_motor_exacta_rate', 'c5_boat_exacta_rate', 'c5_average_start', 'c6_history_n', 'c6_sashi', 'c6_makuri', 'c6_attack', 'c6_st_rank', 'c6_national_win_rate', 'c6_national_exacta_rate', 'c6_local_win_rate', 'c6_local_exacta_rate', 'c6_motor_exacta_rate', 'c6_boat_exacta_rate', 'c6_average_start', 'lane1_vulnerability_rate', 'c1_exhibition_time_relative', 'c1_start_timing_relative', 'c1_lap_time_relative', 'c1_around_time_relative', 'c1_ex_score', 'c1_st_score', 'c1_lap_score', 'c1_mawari_score', 'c1_attack_potential', 'c1_stable_score', 'c1_final_2nd_score', 'c1_second_rank', 'c1_gap_to_top', 'c2_exhibition_time_relative', 'c2_start_timing_relative', 'c2_lap_time_relative', 'c2_around_time_relative', 'c2_ex_score', 'c2_st_score', 'c2_lap_score', 'c2_mawari_score', 'c2_attack_potential', 'c2_stable_score', 'c2_final_2nd_score', 'c2_second_rank', 'c2_gap_to_top', 'c3_exhibition_time_relative', 'c3_start_timing_relative', 'c3_lap_time_relative', 'c3_around_time_relative', 'c3_ex_score', 'c3_st_score', 'c3_lap_score', 'c3_mawari_score', 'c3_attack_potential', 'c3_stable_score', 'c3_final_2nd_score', 'c3_second_rank', 'c3_gap_to_top', 'c4_exhibition_time_relative', 'c4_start_timing_relative', 'c4_lap_time_relative', 'c4_around_time_relative', 'c4_ex_score', 'c4_st_score', 'c4_lap_score', 'c4_mawari_score', 'c4_attack_potential', 'c4_stable_score', 'c4_final_2nd_score', 'c4_second_rank', 'c4_gap_to_top', 'c5_exhibition_time_relative', 'c5_start_timing_relative', 'c5_lap_time_relative', 'c5_around_time_relative', 'c5_ex_score', 'c5_st_score', 'c5_lap_score', 'c5_mawari_score', 'c5_attack_potential', 'c5_stable_score', 'c5_final_2nd_score', 'c5_second_rank', 'c5_gap_to_top', 'c6_exhibition_time_relative', 'c6_start_timing_relative', 'c6_lap_time_relative', 'c6_around_time_relative', 'c6_ex_score', 'c6_st_score', 'c6_lap_score', 'c6_mawari_score', 'c6_attack_potential', 'c6_stable_score', 'c6_final_2nd_score', 'c6_second_rank', 'c6_gap_to_top']",,,,,[],[]
AMG,3,top3,6,ExtraTrees,-0.6488869443065387,log_loss,0.10860490798950195,1.6112117767333984,0.10860490798950195,1.6112117767333984,1,True,4,148,1,1,42087494,42087494,42087494,42087494,0,0,XTModel,,log_loss,"{'n_estimators': 300, 'max_leaf_nodes': 15000, 'n_jobs': -1, 'bootstrap': True, 'random_state': 0}",{'n_estimators': 300},"{'max_memory_usage_ratio': 1.0, 'max_gpu_memory_usage_ratio': 1.0, 'max_time_limit_ratio': 1.0, 'max_time_limit': None, 'min_time_limit': 0, 'valid_raw_types': ['bool', 'int', 'float', 'category'], 'valid_special_types': None, 'ignored_type_group_special': None, 'ignored_type_group_raw': None, 'get_features_kwargs': None, 'get_features_kwargs_extra': None, 'predict_1_batch_size': None, 'temperature_scalar': None}","['c1_history_n', 'c1_nige', 'c1_st_rank', 'c1_national_win_rate', 'c1_national_exacta_rate', 'c1_local_win_rate', 'c1_local_exacta_rate', 'c1_motor_exacta_rate', 'c1_boat_exacta_rate', 'c1_average_start', 'c2_history_n', 'c2_sashi', 'c2_makuri', 'c2_st_rank', 'c2_national_win_rate', 'c2_national_exacta_rate', 'c2_local_win_rate', 'c2_local_exacta_rate', 'c2_motor_exacta_rate', 'c2_boat_exacta_rate', 'c2_average_start', 'c3_history_n', 'c3_sashi', 'c3_makuri', 'c3_attack', 'c3_st_rank', 'c3_national_win_rate', 'c3_national_exacta_rate', 'c3_local_win_rate', 'c3_local_exacta_rate', 'c3_motor_exacta_rate', 'c3_boat_exacta_rate', 'c3_average_start', 'c4_history_n', 'c4_sashi', 'c4_makuri', 'c4_attack', 'c4_st_rank', 'c4_national_win_rate', 'c4_national_exacta_rate', 'c4_local_win_rate', 'c4_local_exacta_rate', 'c4_motor_exacta_rate', 'c4_boat_exacta_rate', 'c4_average_start', 'c5_history_n', 'c5_sashi', 'c5_makuri', 'c5_attack', 'c5_st_rank', 'c5_national_win_rate', 'c5_national_exacta_rate', 'c5_local_win_rate', 'c5_local_exacta_rate', 'c5_motor_exacta_rate', 'c5_boat_exacta_rate', 'c5_average_start', 'c6_history_n', 'c6_sashi', 'c6_makuri', 'c6_attack', 'c6_st_rank', 'c6_national_win_rate', 'c6_national_exacta_rate', 'c6_local_win_rate', 'c6_local_exacta_rate', 'c6_motor_exacta_rate', 'c6_boat_exacta_rate', 'c6_average_start', 'lane1_vulnerability_rate', 'c1_exhibition_time_relative', 'c1_start_timing_relative', 'c1_lap_time_relative', 'c1_around_time_relative', 'c1_ex_score', 'c1_st_score', 'c1_lap_score', 'c1_mawari_score', 'c1_attack_potential', 'c1_stable_score', 'c1_final_2nd_score', 'c1_second_rank', 'c1_gap_to_top', 'c2_exhibition_time_relative', 'c2_start_timing_relative', 'c2_lap_time_relative', 'c2_around_time_relative', 'c2_ex_score', 'c2_st_score', 'c2_lap_score', 'c2_mawari_score', 'c2_attack_potential', 'c2_stable_score', 'c2_final_2nd_score', 'c2_second_rank', 'c2_gap_to_top', 'c3_exhibition_time_relative', 'c3_start_timing_relative', 'c3_lap_time_relative', 'c3_around_time_relative', 'c3_ex_score', 'c3_st_score', 'c3_lap_score', 'c3_mawari_score', 'c3_attack_potential', 'c3_stable_score', 'c3_final_2nd_score', 'c3_second_rank', 'c3_gap_to_top', 'c4_exhibition_time_relative', 'c4_start_timing_relative', 'c4_lap_time_relative', 'c4_around_time_relative', 'c4_ex_score', 'c4_st_score', 'c4_lap_score', 'c4_mawari_score', 'c4_attack_potential', 'c4_stable_score', 'c4_final_2nd_score', 'c4_second_rank', 'c4_gap_to_top', 'c5_exhibition_time_relative', 'c5_start_timing_relative', 'c5_lap_time_relative', 'c5_around_time_relative', 'c5_ex_score', 'c5_st_score', 'c5_lap_score', 'c5_mawari_score', 'c5_attack_potential', 'c5_stable_score', 'c5_final_2nd_score', 'c5_second_rank', 'c5_gap_to_top', 'c6_exhibition_time_relative', 'c6_start_timing_relative', 'c6_lap_time_relative', 'c6_around_time_relative', 'c6_ex_score', 'c6_st_score', 'c6_lap_score', 'c6_mawari_score', 'c6_attack_potential', 'c6_stable_score', 'c6_final_2nd_score', 'c6_second_rank', 'c6_gap_to_top']",,,,,[],[]
AMG,4,first,1,WeightedEnsemble_L2,-0.33710736083175047,log_loss,0.23817181587219238,10.467767000198364,0.0006947517395019531,0.019879817962646484,2,True,6,3,1,4,3792,33310259,3792,20374383,3,0,WeightedEnsembleModel,GreedyWeightedEnsembleModel,log_loss,"{'use_orig_features': False, 'valid_stacker': True, 'max_base_models': 0, 'max_base_models_per_type': 'auto', 'save_bag_folds': True, 'stratify': 'auto', 'bin': 'auto', 'n_bins': None, 'vary_seed_across_folds': False, 'custom_splits': None, 'model_random_seed': 0}",{},"{'max_memory_usage_ratio': 1.0, 'max_gpu_memory_usage_ratio': 1.0, 'max_time_limit_ratio': 1.0, 'max_time_limit': None, 'min_time_limit': 0, 'valid_raw_types': None, 'valid_special_types': None, 'ignored_type_group_special': None, 'ignored_type_group_raw': None, 'get_features_kwargs': None, 'get_features_kwargs_extra': None, 'predict_1_batch_size': None, 'temperature_scalar': None, 'drop_unique': False}","['ExtraTrees', 'CatBoost', 'RandomForest']",,"{'ensemble_size': 25, 'subsample_size': 1000000}",{'ensemble_size': 20},"{'max_memory_usage_ratio': 1.0, 'max_gpu_memory_usage_ratio': 1.0, 'max_time_limit_ratio': 1.0, 'max_time_limit': None, 'min_time_limit': 0, 'valid_raw_types': None, 'valid_special_types': None, 'ignored_type_group_special': None, 'ignored_type_group_raw': None, 'get_features_kwargs': None, 'get_features_kwargs_extra': None, 'predict_1_batch_size': None, 'temperature_scalar': None, 'drop_unique': False}","['ExtraTrees', 'CatBoost', 'RandomForest']",[]
AMG,4,first,2,CatBoost,-0.33794490408100375,log_loss,0.012586593627929688,5.830371618270874,0.012586593627929688,5.830371618270874,1,True,3,148,1,1,146732,146732,146732,146732,0,1,CatBoostModel,,log_loss,"{'iterations': 10000, 'learning_rate': 0.05, 'allow_writing_files': False, 'eval_metric': 'Logloss', 'random_seed': 0}",{'iterations': 89},"{'max_memory_usage_ratio': 1.0, 'max_gpu_memory_usage_ratio': 1.0, 'max_time_limit_ratio': 1.0, 'max_time_limit': None, 'min_time_limit': 0, 'valid_raw_types': ['bool', 'int', 'float', 'category'], 'valid_special_types': None, 'ignored_type_group_special': None, 'ignored_type_group_raw': None, 'get_features_kwargs': None, 'get_features_kwargs_extra': None, 'predict_1_batch_size': None, 'temperature_scalar': None}","['c1_history_n', 'c1_nige', 'c1_st_rank', 'c1_national_win_rate', 'c1_national_exacta_rate', 'c1_local_win_rate', 'c1_local_exacta_rate', 'c1_motor_exacta_rate', 'c1_boat_exacta_rate', 'c1_average_start', 'c2_history_n', 'c2_sashi', 'c2_makuri', 'c2_st_rank', 'c2_national_win_rate', 'c2_national_exacta_rate', 'c2_local_win_rate', 'c2_local_exacta_rate', 'c2_motor_exacta_rate', 'c2_boat_exacta_rate', 'c2_average_start', 'c3_history_n', 'c3_sashi', 'c3_makuri', 'c3_attack', 'c3_st_rank', 'c3_national_win_rate', 'c3_national_exacta_rate', 'c3_local_win_rate', 'c3_local_exacta_rate', 'c3_motor_exacta_rate', 'c3_boat_exacta_rate', 'c3_average_start', 'c4_history_n', 'c4_sashi', 'c4_makuri', 'c4_attack', 'c4_st_rank', 'c4_national_win_rate', 'c4_national_exacta_rate', 'c4_local_win_rate', 'c4_local_exacta_rate', 'c4_motor_exacta_rate', 'c4_boat_exacta_rate', 'c4_average_start', 'c5_history_n', 'c5_sashi', 'c5_makuri', 'c5_attack', 'c5_st_rank', 'c5_national_win_rate', 'c5_national_exacta_rate', 'c5_local_win_rate', 'c5_local_exacta_rate', 'c5_motor_exacta_rate', 'c5_boat_exacta_rate', 'c5_average_start', 'c6_history_n', 'c6_sashi', 'c6_makuri', 'c6_attack', 'c6_st_rank', 'c6_national_win_rate', 'c6_national_exacta_rate', 'c6_local_win_rate', 'c6_local_exacta_rate', 'c6_motor_exacta_rate', 'c6_boat_exacta_rate', 'c6_average_start', 'lane1_vulnerability_rate', 'c1_exhibition_time_relative', 'c1_start_timing_relative', 'c1_lap_time_relative', 'c1_around_time_relative', 'c1_ex_score', 'c1_st_score', 'c1_lap_score', 'c1_mawari_score', 'c1_attack_potential', 'c1_stable_score', 'c1_final_2nd_score', 'c1_second_rank', 'c1_gap_to_top', 'c2_exhibition_time_relative', 'c2_start_timing_relative', 'c2_lap_time_relative', 'c2_around_time_relative', 'c2_ex_score', 'c2_st_score', 'c2_lap_score', 'c2_mawari_score', 'c2_attack_potential', 'c2_stable_score', 'c2_final_2nd_score', 'c2_second_rank', 'c2_gap_to_top', 'c3_exhibition_time_relative', 'c3_start_timing_relative', 'c3_lap_time_relative', 'c3_around_time_relative', 'c3_ex_score', 'c3_st_score', 'c3_lap_score', 'c3_mawari_score', 'c3_attack_potential', 'c3_stable_score', 'c3_final_2nd_score', 'c3_second_rank', 'c3_gap_to_top', 'c4_exhibition_time_relative', 'c4_start_timing_relative', 'c4_lap_time_relative', 'c4_around_time_relative', 'c4_ex_score', 'c4_st_score', 'c4_lap_score', 'c4_mawari_score', 'c4_attack_potential', 'c4_stable_score', 'c4_final_2nd_score', 'c4_second_rank', 'c4_gap_to_top', 'c5_exhibition_time_relative', 'c5_start_timing_relative', 'c5_lap_time_relative', 'c5_around_time_relative', 'c5_ex_score', 'c5_st_score', 'c5_lap_score', 'c5_mawari_score', 'c5_attack_potential', 'c5_stable_score', 'c5_final_2nd_score', 'c5_second_rank', 'c5_gap_to_top', 'c6_exhibition_time_relative', 'c6_start_timing_relative', 'c6_lap_time_relative', 'c6_around_time_relative', 'c6_ex_score', 'c6_st_score', 'c6_lap_score', 'c6_mawari_score', 'c6_attack_potential', 'c6_stable_score', 'c6_final_2nd_score', 'c6_second_rank', 'c6_gap_to_top']",,,,,[],['WeightedEnsemble_L2']
AMG,4,first,3,ExtraTrees,-0.344133631325095,log_loss,0.11195850372314453,1.42144775390625,0.11195850372314453,1.42144775390625,1,True,4,148,1,1,20374383,20374383,20374383,20374383,0,1,XTModel,,log_loss,"{'n_estimators': 300, 'max_leaf_nodes': 15000, 'n_jobs': -1, 'bootstrap': True, 'random_state': 0}",{'n_estimators': 300},"{'max_memory_usage_ratio': 1.0, 'max_gpu_memory_usage_ratio': 1.0, 'max_time_limit_ratio': 1.0, 'max_time_limit': None, 'min_time_limit': 0, 'valid_raw_types': ['bool', 'int', 'float', 'category'], 'valid_special_types': None, 'ignored_type_group_special': None, 'ignored_type_group_raw': None, 'get_features_kwargs': None, 'get_features_kwargs_extra': None, 'predict_1_batch_size': None, 'temperature_scalar': None}","['c1_history_n', 'c1_nige', 'c1_st_rank', 'c1_national_win_rate', 'c1_national_exacta_rate', 'c1_local_win_rate', 'c1_local_exacta_rate', 'c1_motor_exacta_rate', 'c1_boat_exacta_rate', 'c1_average_start', 'c2_history_n', 'c2_sashi', 'c2_makuri', 'c2_st_rank', 'c2_national_win_rate', 'c2_national_exacta_rate', 'c2_local_win_rate', 'c2_local_exacta_rate', 'c2_motor_exacta_rate', 'c2_boat_exacta_rate', 'c2_average_start', 'c3_history_n', 'c3_sashi', 'c3_makuri', 'c3_attack', 'c3_st_rank', 'c3_national_win_rate', 'c3_national_exacta_rate', 'c3_local_win_rate', 'c3_local_exacta_rate', 'c3_motor_exacta_rate', 'c3_boat_exacta_rate', 'c3_average_start', 'c4_history_n', 'c4_sashi', 'c4_makuri', 'c4_attack', 'c4_st_rank', 'c4_national_win_rate', 'c4_national_exacta_rate', 'c4_local_win_rate', 'c4_local_exacta_rate', 'c4_motor_exacta_rate', 'c4_boat_exacta_rate', 'c4_average_start', 'c5_history_n', 'c5_sashi', 'c5_makuri', 'c5_attack', 'c5_st_rank', 'c5_national_win_rate', 'c5_national_exacta_rate', 'c5_local_win_rate', 'c5_local_exacta_rate', 'c5_motor_exacta_rate', 'c5_boat_exacta_rate', 'c5_average_start', 'c6_history_n', 'c6_sashi', 'c6_makuri', 'c6_attack', 'c6_st_rank', 'c6_national_win_rate', 'c6_national_exacta_rate', 'c6_local_win_rate', 'c6_local_exacta_rate', 'c6_motor_exacta_rate', 'c6_boat_exacta_rate', 'c6_average_start', 'lane1_vulnerability_rate', 'c1_exhibition_time_relative', 'c1_start_timing_relative', 'c1_lap_time_relative', 'c1_around_time_relative', 'c1_ex_score', 'c1_st_score', 'c1_lap_score', 'c1_mawari_score', 'c1_attack_potential', 'c1_stable_score', 'c1_final_2nd_score', 'c1_second_rank', 'c1_gap_to_top', 'c2_exhibition_time_relative', 'c2_start_timing_relative', 'c2_lap_time_relative', 'c2_around_time_relative', 'c2_ex_score', 'c2_st_score', 'c2_lap_score', 'c2_mawari_score', 'c2_attack_potential', 'c2_stable_score', 'c2_final_2nd_score', 'c2_second_rank', 'c2_gap_to_top', 'c3_exhibition_time_relative', 'c3_start_timing_relative', 'c3_lap_time_relative', 'c3_around_time_relative', 'c3_ex_score', 'c3_st_score', 'c3_lap_score', 'c3_mawari_score', 'c3_attack_potential', 'c3_stable_score', 'c3_final_2nd_score', 'c3_second_rank', 'c3_gap_to_top', 'c4_exhibition_time_relative', 'c4_start_timing_relative', 'c4_lap_time_relative', 'c4_around_time_relative', 'c4_ex_score', 'c4_st_score', 'c4_lap_score', 'c4_mawari_score', 'c4_attack_potential', 'c4_stable_score', 'c4_final_2nd_score', 'c4_second_rank', 'c4_gap_to_top', 'c5_exhibition_time_relative', 'c5_start_timing_relative', 'c5_lap_time_relative', 'c5_around_time_relative', 'c5_ex_score', 'c5_st_score', 'c5_lap_score', 'c5_mawari_score', 'c5_attack_potential', 'c5_stable_score', 'c5_final_2nd_score', 'c5_second_rank', 'c5_gap_to_top', 'c6_exhibition_time_relative', 'c6_start_timing_relative', 'c6_lap_time_relative', 'c6_around_time_relative', 'c6_ex_score', 'c6_st_score', 'c6_lap_score', 'c6_mawari_score', 'c6_attack_potential', 'c6_stable_score', 'c6_final_2nd_score', 'c6_second_rank', 'c6_gap_to_top']",,,,,[],['WeightedEnsemble_L2']
AMG,4,first,4,XGBoost,-0.344651667062459,log_loss,0.009182929992675781,4.779471158981323,0.009182929992675781,4.779471158981323,1,True,5,148,1,1,715618,715618,715618,715618,0,0,XGBoostModel,,log_loss,"{'n_estimators': 10000, 'learning_rate': 0.1, 'n_jobs': -1, 'proc.max_category_levels': 100, 'objective': 'binary:logistic', 'booster': 'gbtree', 'seed': 0}",{'n_estimators': 8},"{'max_memory_usage_ratio': 1.0, 'max_gpu_memory_usage_ratio': 1.0, 'max_time_limit_ratio': 1.0, 'max_time_limit': None, 'min_time_limit': 0, 'valid_raw_types': ['bool', 'int', 'float', 'category'], 'valid_special_types': None, 'ignored_type_group_special': None, 'ignored_type_group_raw': None, 'get_features_kwargs': None, 'get_features_kwargs_extra': None, 'predict_1_batch_size': None, 'temperature_scalar': None}","['c1_history_n', 'c1_nige', 'c1_st_rank', 'c1_national_win_rate', 'c1_national_exacta_rate', 'c1_local_win_rate', 'c1_local_exacta_rate', 'c1_motor_exacta_rate', 'c1_boat_exacta_rate', 'c1_average_start', 'c2_history_n', 'c2_sashi', 'c2_makuri', 'c2_st_rank', 'c2_national_win_rate', 'c2_national_exacta_rate', 'c2_local_win_rate', 'c2_local_exacta_rate', 'c2_motor_exacta_rate', 'c2_boat_exacta_rate', 'c2_average_start', 'c3_history_n', 'c3_sashi', 'c3_makuri', 'c3_attack', 'c3_st_rank', 'c3_national_win_rate', 'c3_national_exacta_rate', 'c3_local_win_rate', 'c3_local_exacta_rate', 'c3_motor_exacta_rate', 'c3_boat_exacta_rate', 'c3_average_start', 'c4_history_n', 'c4_sashi', 'c4_makuri', 'c4_attack', 'c4_st_rank', 'c4_national_win_rate', 'c4_national_exacta_rate', 'c4_local_win_rate', 'c4_local_exacta_rate', 'c4_motor_exacta_rate', 'c4_boat_exacta_rate', 'c4_average_start', 'c5_history_n', 'c5_sashi', 'c5_makuri', 'c5_attack', 'c5_st_rank', 'c5_national_win_rate', 'c5_national_exacta_rate', 'c5_local_win_rate', 'c5_local_exacta_rate', 'c5_motor_exacta_rate', 'c5_boat_exacta_rate', 'c5_average_start', 'c6_history_n', 'c6_sashi', 'c6_makuri', 'c6_attack', 'c6_st_rank', 'c6_national_win_rate', 'c6_national_exacta_rate', 'c6_local_win_rate', 'c6_local_exacta_rate', 'c6_motor_exacta_rate', 'c6_boat_exacta_rate', 'c6_average_start', 'lane1_vulnerability_rate', 'c1_exhibition_time_relative', 'c1_start_timing_relative', 'c1_lap_time_relative', 'c1_around_time_relative', 'c1_ex_score', 'c1_st_score', 'c1_lap_score', 'c1_mawari_score', 'c1_attack_potential', 'c1_stable_score', 'c1_final_2nd_score', 'c1_second_rank', 'c1_gap_to_top', 'c2_exhibition_time_relative', 'c2_start_timing_relative', 'c2_lap_time_relative', 'c2_around_time_relative', 'c2_ex_score', 'c2_st_score', 'c2_lap_score', 'c2_mawari_score', 'c2_attack_potential', 'c2_stable_score', 'c2_final_2nd_score', 'c2_second_rank', 'c2_gap_to_top', 'c3_exhibition_time_relative', 'c3_start_timing_relative', 'c3_lap_time_relative', 'c3_around_time_relative', 'c3_ex_score', 'c3_st_score', 'c3_lap_score', 'c3_mawari_score', 'c3_attack_potential', 'c3_stable_score', 'c3_final_2nd_score', 'c3_second_rank', 'c3_gap_to_top', 'c4_exhibition_time_relative', 'c4_start_timing_relative', 'c4_lap_time_relative', 'c4_around_time_relative', 'c4_ex_score', 'c4_st_score', 'c4_lap_score', 'c4_mawari_score', 'c4_attack_potential', 'c4_stable_score', 'c4_final_2nd_score', 'c4_second_rank', 'c4_gap_to_top', 'c5_exhibition_time_relative', 'c5_start_timing_relative', 'c5_lap_time_relative', 'c5_around_time_relative', 'c5_ex_score', 'c5_st_score', 'c5_lap_score', 'c5_mawari_score', 'c5_attack_potential', 'c5_stable_score', 'c5_final_2nd_score', 'c5_second_rank', 'c5_gap_to_top', 'c6_exhibition_time_relative', 'c6_start_timing_relative', 'c6_lap_time_relative', 'c6_around_time_relative', 'c6_ex_score', 'c6_st_score', 'c6_lap_score', 'c6_mawari_score', 'c6_attack_potential', 'c6_stable_score', 'c6_final_2nd_score', 'c6_second_rank', 'c6_gap_to_top']",,,,,[],[]
AMG,4,first,5,RandomForest,-0.34759750076808477,log_loss,0.11293196678161621,3.1960678100585938,0.11293196678161621,3.1960678100585938,1,True,2,148,1,1,12785352,12785352,12785352,12785352,0,1,RFModel,,log_loss,"{'n_estimators': 300, 'max_leaf_nodes': 15000, 'n_jobs': -1, 'bootstrap': True, 'random_state': 0}",{'n_estimators': 300},"{'max_memory_usage_ratio': 1.0, 'max_gpu_memory_usage_ratio': 1.0, 'max_time_limit_ratio': 1.0, 'max_time_limit': None, 'min_time_limit': 0, 'valid_raw_types': ['bool', 'int', 'float', 'category'], 'valid_special_types': None, 'ignored_type_group_special': None, 'ignored_type_group_raw': None, 'get_features_kwargs': None, 'get_features_kwargs_extra': None, 'predict_1_batch_size': None, 'temperature_scalar': None}","['c1_history_n', 'c1_nige', 'c1_st_rank', 'c1_national_win_rate', 'c1_national_exacta_rate', 'c1_local_win_rate', 'c1_local_exacta_rate', 'c1_motor_exacta_rate', 'c1_boat_exacta_rate', 'c1_average_start', 'c2_history_n', 'c2_sashi', 'c2_makuri', 'c2_st_rank', 'c2_national_win_rate', 'c2_national_exacta_rate', 'c2_local_win_rate', 'c2_local_exacta_rate', 'c2_motor_exacta_rate', 'c2_boat_exacta_rate', 'c2_average_start', 'c3_history_n', 'c3_sashi', 'c3_makuri', 'c3_attack', 'c3_st_rank', 'c3_national_win_rate', 'c3_national_exacta_rate', 'c3_local_win_rate', 'c3_local_exacta_rate', 'c3_motor_exacta_rate', 'c3_boat_exacta_rate', 'c3_average_start', 'c4_history_n', 'c4_sashi', 'c4_makuri', 'c4_attack', 'c4_st_rank', 'c4_national_win_rate', 'c4_national_exacta_rate', 'c4_local_win_rate', 'c4_local_exacta_rate', 'c4_motor_exacta_rate', 'c4_boat_exacta_rate', 'c4_average_start', 'c5_history_n', 'c5_sashi', 'c5_makuri', 'c5_attack', 'c5_st_rank', 'c5_national_win_rate', 'c5_national_exacta_rate', 'c5_local_win_rate', 'c5_local_exacta_rate', 'c5_motor_exacta_rate', 'c5_boat_exacta_rate', 'c5_average_start', 'c6_history_n', 'c6_sashi', 'c6_makuri', 'c6_attack', 'c6_st_rank', 'c6_national_win_rate', 'c6_national_exacta_rate', 'c6_local_win_rate', 'c6_local_exacta_rate', 'c6_motor_exacta_rate', 'c6_boat_exacta_rate', 'c6_average_start', 'lane1_vulnerability_rate', 'c1_exhibition_time_relative', 'c1_start_timing_relative', 'c1_lap_time_relative', 'c1_around_time_relative', 'c1_ex_score', 'c1_st_score', 'c1_lap_score', 'c1_mawari_score', 'c1_attack_potential', 'c1_stable_score', 'c1_final_2nd_score', 'c1_second_rank', 'c1_gap_to_top', 'c2_exhibition_time_relative', 'c2_start_timing_relative', 'c2_lap_time_relative', 'c2_around_time_relative', 'c2_ex_score', 'c2_st_score', 'c2_lap_score', 'c2_mawari_score', 'c2_attack_potential', 'c2_stable_score', 'c2_final_2nd_score', 'c2_second_rank', 'c2_gap_to_top', 'c3_exhibition_time_relative', 'c3_start_timing_relative', 'c3_lap_time_relative', 'c3_around_time_relative', 'c3_ex_score', 'c3_st_score', 'c3_lap_score', 'c3_mawari_score', 'c3_attack_potential', 'c3_stable_score', 'c3_final_2nd_score', 'c3_second_rank', 'c3_gap_to_top', 'c4_exhibition_time_relative', 'c4_start_timing_relative', 'c4_lap_time_relative', 'c4_around_time_relative', 'c4_ex_score', 'c4_st_score', 'c4_lap_score', 'c4_mawari_score', 'c4_attack_potential', 'c4_stable_score', 'c4_final_2nd_score', 'c4_second_rank', 'c4_gap_to_top', 'c5_exhibition_time_relative', 'c5_start_timing_relative', 'c5_lap_time_relative', 'c5_around_time_relative', 'c5_ex_score', 'c5_st_score', 'c5_lap_score', 'c5_mawari_score', 'c5_attack_potential', 'c5_stable_score', 'c5_final_2nd_score', 'c5_second_rank', 'c5_gap_to_top', 'c6_exhibition_time_relative', 'c6_start_timing_relative', 'c6_lap_time_relative', 'c6_around_time_relative', 'c6_ex_score', 'c6_st_score', 'c6_lap_score', 'c6_mawari_score', 'c6_attack_potential', 'c6_stable_score', 'c6_final_2nd_score', 'c6_second_rank', 'c6_gap_to_top']",,,,,[],['WeightedEnsemble_L2']
AMG,4,first,6,LightGBM,-0.3491435909971604,log_loss,0.0026967525482177734,2.4476945400238037,0.0026967525482177734,2.4476945400238037,1,True,1,148,1,1,85554,85554,85554,85554,0,0,LGBModel,,log_loss,"{'learning_rate': 0.05, 'seed': 0}",{'num_boost_round': 20},"{'max_memory_usage_ratio': 1.0, 'max_gpu_memory_usage_ratio': 1.0, 'max_time_limit_ratio': 1.0, 'max_time_limit': None, 'min_time_limit': 0, 'valid_raw_types': ['bool', 'int', 'float', 'category'], 'valid_special_types': None, 'ignored_type_group_special': None, 'ignored_type_group_raw': None, 'get_features_kwargs': None, 'get_features_kwargs_extra': None, 'predict_1_batch_size': None, 'temperature_scalar': None}","['c1_history_n', 'c1_nige', 'c1_st_rank', 'c1_national_win_rate', 'c1_national_exacta_rate', 'c1_local_win_rate', 'c1_local_exacta_rate', 'c1_motor_exacta_rate', 'c1_boat_exacta_rate', 'c1_average_start', 'c2_history_n', 'c2_sashi', 'c2_makuri', 'c2_st_rank', 'c2_national_win_rate', 'c2_national_exacta_rate', 'c2_local_win_rate', 'c2_local_exacta_rate', 'c2_motor_exacta_rate', 'c2_boat_exacta_rate', 'c2_average_start', 'c3_history_n', 'c3_sashi', 'c3_makuri', 'c3_attack', 'c3_st_rank', 'c3_national_win_rate', 'c3_national_exacta_rate', 'c3_local_win_rate', 'c3_local_exacta_rate', 'c3_motor_exacta_rate', 'c3_boat_exacta_rate', 'c3_average_start', 'c4_history_n', 'c4_sashi', 'c4_makuri', 'c4_attack', 'c4_st_rank', 'c4_national_win_rate', 'c4_national_exacta_rate', 'c4_local_win_rate', 'c4_local_exacta_rate', 'c4_motor_exacta_rate', 'c4_boat_exacta_rate', 'c4_average_start', 'c5_history_n', 'c5_sashi', 'c5_makuri', 'c5_attack', 'c5_st_rank', 'c5_national_win_rate', 'c5_national_exacta_rate', 'c5_local_win_rate', 'c5_local_exacta_rate', 'c5_motor_exacta_rate', 'c5_boat_exacta_rate', 'c5_average_start', 'c6_history_n', 'c6_sashi', 'c6_makuri', 'c6_attack', 'c6_st_rank', 'c6_national_win_rate', 'c6_national_exacta_rate', 'c6_local_win_rate', 'c6_local_exacta_rate', 'c6_motor_exacta_rate', 'c6_boat_exacta_rate', 'c6_average_start', 'lane1_vulnerability_rate', 'c1_exhibition_time_relative', 'c1_start_timing_relative', 'c1_lap_time_relative', 'c1_around_time_relative', 'c1_ex_score', 'c1_st_score', 'c1_lap_score', 'c1_mawari_score', 'c1_attack_potential', 'c1_stable_score', 'c1_final_2nd_score', 'c1_second_rank', 'c1_gap_to_top', 'c2_exhibition_time_relative', 'c2_start_timing_relative', 'c2_lap_time_relative', 'c2_around_time_relative', 'c2_ex_score', 'c2_st_score', 'c2_lap_score', 'c2_mawari_score', 'c2_attack_potential', 'c2_stable_score', 'c2_final_2nd_score', 'c2_second_rank', 'c2_gap_to_top', 'c3_exhibition_time_relative', 'c3_start_timing_relative', 'c3_lap_time_relative', 'c3_around_time_relative', 'c3_ex_score', 'c3_st_score', 'c3_lap_score', 'c3_mawari_score', 'c3_attack_potential', 'c3_stable_score', 'c3_final_2nd_score', 'c3_second_rank', 'c3_gap_to_top', 'c4_exhibition_time_relative', 'c4_start_timing_relative', 'c4_lap_time_relative', 'c4_around_time_relative', 'c4_ex_score', 'c4_st_score', 'c4_lap_score', 'c4_mawari_score', 'c4_attack_potential', 'c4_stable_score', 'c4_final_2nd_score', 'c4_second_rank', 'c4_gap_to_top', 'c5_exhibition_time_relative', 'c5_start_timing_relative', 'c5_lap_time_relative', 'c5_around_time_relative', 'c5_ex_score', 'c5_st_score', 'c5_lap_score', 'c5_mawari_score', 'c5_attack_potential', 'c5_stable_score', 'c5_final_2nd_score', 'c5_second_rank', 'c5_gap_to_top', 'c6_exhibition_time_relative', 'c6_start_timing_relative', 'c6_lap_time_relative', 'c6_around_time_relative', 'c6_ex_score', 'c6_st_score', 'c6_lap_score', 'c6_mawari_score', 'c6_attack_potential', 'c6_stable_score', 'c6_final_2nd_score', 'c6_second_rank', 'c6_gap_to_top']",,,,,[],[]
AMG,4,top2,1,WeightedEnsemble_L2,-0.5509683170649367,log_loss,0.12984180450439453,15.263653993606567,0.0006818771362304688,0.019311904907226562,2,True,6,3,1,4,3790,23542109,3790,22464940,3,0,WeightedEnsembleModel,GreedyWeightedEnsembleModel,log_loss,"{'use_orig_features': False, 'valid_stacker': True, 'max_base_models': 0, 'max_base_models_per_type': 'auto', 'save_bag_folds': True, 'stratify': 'auto', 'bin': 'auto', 'n_bins': None, 'vary_seed_across_folds': False, 'custom_splits': None, 'model_random_seed': 0}",{},"{'max_memory_usage_ratio': 1.0, 'max_gpu_memory_usage_ratio': 1.0, 'max_time_limit_ratio': 1.0, 'max_time_limit': None, 'min_time_limit': 0, 'valid_raw_types': None, 'valid_special_types': None, 'ignored_type_group_special': None, 'ignored_type_group_raw': None, 'get_features_kwargs': None, 'get_features_kwargs_extra': None, 'predict_1_batch_size': None, 'temperature_scalar': None, 'drop_unique': False}","['XGBoost', 'CatBoost', 'RandomForest']",,"{'ensemble_size': 25, 'subsample_size': 1000000}",{'ensemble_size': 22},"{'max_memory_usage_ratio': 1.0, 'max_gpu_memory_usage_ratio': 1.0, 'max_time_limit_ratio': 1.0, 'max_time_limit': None, 'min_time_limit': 0, 'valid_raw_types': None, 'valid_special_types': None, 'ignored_type_group_special': None, 'ignored_type_group_raw': None, 'get_features_kwargs': None, 'get_features_kwargs_extra': None, 'predict_1_batch_size': None, 'temperature_scalar': None, 'drop_unique': False}","['XGBoost', 'CatBoost', 'RandomForest']",[]
AMG,4,top2,2,XGBoost,-0.5540476003502491,log_loss,0.009242057800292969,5.654231786727905,0.009242057800292969,5.654231786727905,1,True,5,148,1,1,881505,881505,881505,881505,0,1,XGBoostModel,,log_loss,"{'n_estimators': 10000, 'learning_rate': 0.1, 'n_jobs': -1, 'proc.max_category_levels': 100, 'objective': 'binary:logistic', 'booster': 'gbtree', 'seed': 0}",{'n_estimators': 14},"{'max_memory_usage_ratio': 1.0, 'max_gpu_memory_usage_ratio': 1.0, 'max_time_limit_ratio': 1.0, 'max_time_limit': None, 'min_time_limit': 0, 'valid_raw_types': ['bool', 'int', 'float', 'category'], 'valid_special_types': None, 'ignored_type_group_special': None, 'ignored_type_group_raw': None, 'get_features_kwargs': None, 'get_features_kwargs_extra': None, 'predict_1_batch_size': None, 'temperature_scalar': None}","['c1_history_n', 'c1_nige', 'c1_st_rank', 'c1_national_win_rate', 'c1_national_exacta_rate', 'c1_local_win_rate', 'c1_local_exacta_rate', 'c1_motor_exacta_rate', 'c1_boat_exacta_rate', 'c1_average_start', 'c2_history_n', 'c2_sashi', 'c2_makuri', 'c2_st_rank', 'c2_national_win_rate', 'c2_national_exacta_rate', 'c2_local_win_rate', 'c2_local_exacta_rate', 'c2_motor_exacta_rate', 'c2_boat_exacta_rate', 'c2_average_start', 'c3_history_n', 'c3_sashi', 'c3_makuri', 'c3_attack', 'c3_st_rank', 'c3_national_win_rate', 'c3_national_exacta_rate', 'c3_local_win_rate', 'c3_local_exacta_rate', 'c3_motor_exacta_rate', 'c3_boat_exacta_rate', 'c3_average_start', 'c4_history_n', 'c4_sashi', 'c4_makuri', 'c4_attack', 'c4_st_rank', 'c4_national_win_rate', 'c4_national_exacta_rate', 'c4_local_win_rate', 'c4_local_exacta_rate', 'c4_motor_exacta_rate', 'c4_boat_exacta_rate', 'c4_average_start', 'c5_history_n', 'c5_sashi', 'c5_makuri', 'c5_attack', 'c5_st_rank', 'c5_national_win_rate', 'c5_national_exacta_rate', 'c5_local_win_rate', 'c5_local_exacta_rate', 'c5_motor_exacta_rate', 'c5_boat_exacta_rate', 'c5_average_start', 'c6_history_n', 'c6_sashi', 'c6_makuri', 'c6_attack', 'c6_st_rank', 'c6_national_win_rate', 'c6_national_exacta_rate', 'c6_local_win_rate', 'c6_local_exacta_rate', 'c6_motor_exacta_rate', 'c6_boat_exacta_rate', 'c6_average_start', 'lane1_vulnerability_rate', 'c1_exhibition_time_relative', 'c1_start_timing_relative', 'c1_lap_time_relative', 'c1_around_time_relative', 'c1_ex_score', 'c1_st_score', 'c1_lap_score', 'c1_mawari_score', 'c1_attack_potential', 'c1_stable_score', 'c1_final_2nd_score', 'c1_second_rank', 'c1_gap_to_top', 'c2_exhibition_time_relative', 'c2_start_timing_relative', 'c2_lap_time_relative', 'c2_around_time_relative', 'c2_ex_score', 'c2_st_score', 'c2_lap_score', 'c2_mawari_score', 'c2_attack_potential', 'c2_stable_score', 'c2_final_2nd_score', 'c2_second_rank', 'c2_gap_to_top', 'c3_exhibition_time_relative', 'c3_start_timing_relative', 'c3_lap_time_relative', 'c3_around_time_relative', 'c3_ex_score', 'c3_st_score', 'c3_lap_score', 'c3_mawari_score', 'c3_attack_potential', 'c3_stable_score', 'c3_final_2nd_score', 'c3_second_rank', 'c3_gap_to_top', 'c4_exhibition_time_relative', 'c4_start_timing_relative', 'c4_lap_time_relative', 'c4_around_time_relative', 'c4_ex_score', 'c4_st_score', 'c4_lap_score', 'c4_mawari_score', 'c4_attack_potential', 'c4_stable_score', 'c4_final_2nd_score', 'c4_second_rank', 'c4_gap_to_top', 'c5_exhibition_time_relative', 'c5_start_timing_relative', 'c5_lap_time_relative', 'c5_around_time_relative', 'c5_ex_score', 'c5_st_score', 'c5_lap_score', 'c5_mawari_score', 'c5_attack_potential', 'c5_stable_score', 'c5_final_2nd_score', 'c5_second_rank', 'c5_gap_to_top', 'c6_exhibition_time_relative', 'c6_start_timing_relative', 'c6_lap_time_relative', 'c6_around_time_relative', 'c6_ex_score', 'c6_st_score', 'c6_lap_score', 'c6_mawari_score', 'c6_attack_potential', 'c6_stable_score', 'c6_final_2nd_score', 'c6_second_rank', 'c6_gap_to_top']",,,,,[],['WeightedEnsemble_L2']
AMG,4,top2,3,RandomForest,-0.5557338560794834,log_loss,0.1101534366607666,3.170111656188965,0.1101534366607666,3.170111656188965,1,True,2,148,1,1,22464940,22464940,22464940,22464940,0,1,RFModel,,log_loss,"{'n_estimators': 300, 'max_leaf_nodes': 15000, 'n_jobs': -1, 'bootstrap': True, 'random_state': 0}",{'n_estimators': 300},"{'max_memory_usage_ratio': 1.0, 'max_gpu_memory_usage_ratio': 1.0, 'max_time_limit_ratio': 1.0, 'max_time_limit': None, 'min_time_limit': 0, 'valid_raw_types': ['bool', 'int', 'float', 'category'], 'valid_special_types': None, 'ignored_type_group_special': None, 'ignored_type_group_raw': None, 'get_features_kwargs': None, 'get_features_kwargs_extra': None, 'predict_1_batch_size': None, 'temperature_scalar': None}","['c1_history_n', 'c1_nige', 'c1_st_rank', 'c1_national_win_rate', 'c1_national_exacta_rate', 'c1_local_win_rate', 'c1_local_exacta_rate', 'c1_motor_exacta_rate', 'c1_boat_exacta_rate', 'c1_average_start', 'c2_history_n', 'c2_sashi', 'c2_makuri', 'c2_st_rank', 'c2_national_win_rate', 'c2_national_exacta_rate', 'c2_local_win_rate', 'c2_local_exacta_rate', 'c2_motor_exacta_rate', 'c2_boat_exacta_rate', 'c2_average_start', 'c3_history_n', 'c3_sashi', 'c3_makuri', 'c3_attack', 'c3_st_rank', 'c3_national_win_rate', 'c3_national_exacta_rate', 'c3_local_win_rate', 'c3_local_exacta_rate', 'c3_motor_exacta_rate', 'c3_boat_exacta_rate', 'c3_average_start', 'c4_history_n', 'c4_sashi', 'c4_makuri', 'c4_attack', 'c4_st_rank', 'c4_national_win_rate', 'c4_national_exacta_rate', 'c4_local_win_rate', 'c4_local_exacta_rate', 'c4_motor_exacta_rate', 'c4_boat_exacta_rate', 'c4_average_start', 'c5_history_n', 'c5_sashi', 'c5_makuri', 'c5_attack', 'c5_st_rank', 'c5_national_win_rate', 'c5_national_exacta_rate', 'c5_local_win_rate', 'c5_local_exacta_rate', 'c5_motor_exacta_rate', 'c5_boat_exacta_rate', 'c5_average_start', 'c6_history_n', 'c6_sashi', 'c6_makuri', 'c6_attack', 'c6_st_rank', 'c6_national_win_rate', 'c6_national_exacta_rate', 'c6_local_win_rate', 'c6_local_exacta_rate', 'c6_motor_exacta_rate', 'c6_boat_exacta_rate', 'c6_average_start', 'lane1_vulnerability_rate', 'c1_exhibition_time_relative', 'c1_start_timing_relative', 'c1_lap_time_relative', 'c1_around_time_relative', 'c1_ex_score', 'c1_st_score', 'c1_lap_score', 'c1_mawari_score', 'c1_attack_potential', 'c1_stable_score', 'c1_final_2nd_score', 'c1_second_rank', 'c1_gap_to_top', 'c2_exhibition_time_relative', 'c2_start_timing_relative', 'c2_lap_time_relative', 'c2_around_time_relative', 'c2_ex_score', 'c2_st_score', 'c2_lap_score', 'c2_mawari_score', 'c2_attack_potential', 'c2_stable_score', 'c2_final_2nd_score', 'c2_second_rank', 'c2_gap_to_top', 'c3_exhibition_time_relative', 'c3_start_timing_relative', 'c3_lap_time_relative', 'c3_around_time_relative', 'c3_ex_score', 'c3_st_score', 'c3_lap_score', 'c3_mawari_score', 'c3_attack_potential', 'c3_stable_score', 'c3_final_2nd_score', 'c3_second_rank', 'c3_gap_to_top', 'c4_exhibition_time_relative', 'c4_start_timing_relative', 'c4_lap_time_relative', 'c4_around_time_relative', 'c4_ex_score', 'c4_st_score', 'c4_lap_score', 'c4_mawari_score', 'c4_attack_potential', 'c4_stable_score', 'c4_final_2nd_score', 'c4_second_rank', 'c4_gap_to_top', 'c5_exhibition_time_relative', 'c5_start_timing_relative', 'c5_lap_time_relative', 'c5_around_time_relative', 'c5_ex_score', 'c5_st_score', 'c5_lap_score', 'c5_mawari_score', 'c5_attack_potential', 'c5_stable_score', 'c5_final_2nd_score', 'c5_second_rank', 'c5_gap_to_top', 'c6_exhibition_time_relative', 'c6_start_timing_relative', 'c6_lap_time_relative', 'c6_around_time_relative', 'c6_ex_score', 'c6_st_score', 'c6_lap_score', 'c6_mawari_score', 'c6_attack_potential', 'c6_stable_score', 'c6_final_2nd_score', 'c6_second_rank', 'c6_gap_to_top']",,,,,[],['WeightedEnsemble_L2']
AMG,4,top2,4,CatBoost,-0.556306501651898,log_loss,0.009764432907104492,6.419998645782471,0.009764432907104492,6.419998645782471,1,True,3,148,1,1,191874,191874,191874,191874,0,1,CatBoostModel,,log_loss,"{'iterations': 10000, 'learning_rate': 0.05, 'allow_writing_files': False, 'eval_metric': 'Logloss', 'random_seed': 0}",{'iterations': 128},"{'max_memory_usage_ratio': 1.0, 'max_gpu_memory_usage_ratio': 1.0, 'max_time_limit_ratio': 1.0, 'max_time_limit': None, 'min_time_limit': 0, 'valid_raw_types': ['bool', 'int', 'float', 'category'], 'valid_special_types': None, 'ignored_type_group_special': None, 'ignored_type_group_raw': None, 'get_features_kwargs': None, 'get_features_kwargs_extra': None, 'predict_1_batch_size': None, 'temperature_scalar': None}","['c1_history_n', 'c1_nige', 'c1_st_rank', 'c1_national_win_rate', 'c1_national_exacta_rate', 'c1_local_win_rate', 'c1_local_exacta_rate', 'c1_motor_exacta_rate', 'c1_boat_exacta_rate', 'c1_average_start', 'c2_history_n', 'c2_sashi', 'c2_makuri', 'c2_st_rank', 'c2_national_win_rate', 'c2_national_exacta_rate', 'c2_local_win_rate', 'c2_local_exacta_rate', 'c2_motor_exacta_rate', 'c2_boat_exacta_rate', 'c2_average_start', 'c3_history_n', 'c3_sashi', 'c3_makuri', 'c3_attack', 'c3_st_rank', 'c3_national_win_rate', 'c3_national_exacta_rate', 'c3_local_win_rate', 'c3_local_exacta_rate', 'c3_motor_exacta_rate', 'c3_boat_exacta_rate', 'c3_average_start', 'c4_history_n', 'c4_sashi', 'c4_makuri', 'c4_attack', 'c4_st_rank', 'c4_national_win_rate', 'c4_national_exacta_rate', 'c4_local_win_rate', 'c4_local_exacta_rate', 'c4_motor_exacta_rate', 'c4_boat_exacta_rate', 'c4_average_start', 'c5_history_n', 'c5_sashi', 'c5_makuri', 'c5_attack', 'c5_st_rank', 'c5_national_win_rate', 'c5_national_exacta_rate', 'c5_local_win_rate', 'c5_local_exacta_rate', 'c5_motor_exacta_rate', 'c5_boat_exacta_rate', 'c5_average_start', 'c6_history_n', 'c6_sashi', 'c6_makuri', 'c6_attack', 'c6_st_rank', 'c6_national_win_rate', 'c6_national_exacta_rate', 'c6_local_win_rate', 'c6_local_exacta_rate', 'c6_motor_exacta_rate', 'c6_boat_exacta_rate', 'c6_average_start', 'lane1_vulnerability_rate', 'c1_exhibition_time_relative', 'c1_start_timing_relative', 'c1_lap_time_relative', 'c1_around_time_relative', 'c1_ex_score', 'c1_st_score', 'c1_lap_score', 'c1_mawari_score', 'c1_attack_potential', 'c1_stable_score', 'c1_final_2nd_score', 'c1_second_rank', 'c1_gap_to_top', 'c2_exhibition_time_relative', 'c2_start_timing_relative', 'c2_lap_time_relative', 'c2_around_time_relative', 'c2_ex_score', 'c2_st_score', 'c2_lap_score', 'c2_mawari_score', 'c2_attack_potential', 'c2_stable_score', 'c2_final_2nd_score', 'c2_second_rank', 'c2_gap_to_top', 'c3_exhibition_time_relative', 'c3_start_timing_relative', 'c3_lap_time_relative', 'c3_around_time_relative', 'c3_ex_score', 'c3_st_score', 'c3_lap_score', 'c3_mawari_score', 'c3_attack_potential', 'c3_stable_score', 'c3_final_2nd_score', 'c3_second_rank', 'c3_gap_to_top', 'c4_exhibition_time_relative', 'c4_start_timing_relative', 'c4_lap_time_relative', 'c4_around_time_relative', 'c4_ex_score', 'c4_st_score', 'c4_lap_score', 'c4_mawari_score', 'c4_attack_potential', 'c4_stable_score', 'c4_final_2nd_score', 'c4_second_rank', 'c4_gap_to_top', 'c5_exhibition_time_relative', 'c5_start_timing_relative', 'c5_lap_time_relative', 'c5_around_time_relative', 'c5_ex_score', 'c5_st_score', 'c5_lap_score', 'c5_mawari_score', 'c5_attack_potential', 'c5_stable_score', 'c5_final_2nd_score', 'c5_second_rank', 'c5_gap_to_top', 'c6_exhibition_time_relative', 'c6_start_timing_relative', 'c6_lap_time_relative', 'c6_around_time_relative', 'c6_ex_score', 'c6_st_score', 'c6_lap_score', 'c6_mawari_score', 'c6_attack_potential', 'c6_stable_score', 'c6_final_2nd_score', 'c6_second_rank', 'c6_gap_to_top']",,,,,[],['WeightedEnsemble_L2']
AMG,4,top2,5,LightGBM,-0.5612432374356074,log_loss,0.0025360584259033203,2.0901331901550293,0.0025360584259033203,2.0901331901550293,1,True,1,148,1,1,58275,58275,58275,58275,0,0,LGBModel,,log_loss,"{'learning_rate': 0.05, 'seed': 0}",{'num_boost_round': 12},"{'max_memory_usage_ratio': 1.0, 'max_gpu_memory_usage_ratio': 1.0, 'max_time_limit_ratio': 1.0, 'max_time_limit': None, 'min_time_limit': 0, 'valid_raw_types': ['bool', 'int', 'float', 'category'], 'valid_special_types': None, 'ignored_type_group_special': None, 'ignored_type_group_raw': None, 'get_features_kwargs': None, 'get_features_kwargs_extra': None, 'predict_1_batch_size': None, 'temperature_scalar': None}","['c1_history_n', 'c1_nige', 'c1_st_rank', 'c1_national_win_rate', 'c1_national_exacta_rate', 'c1_local_win_rate', 'c1_local_exacta_rate', 'c1_motor_exacta_rate', 'c1_boat_exacta_rate', 'c1_average_start', 'c2_history_n', 'c2_sashi', 'c2_makuri', 'c2_st_rank', 'c2_national_win_rate', 'c2_national_exacta_rate', 'c2_local_win_rate', 'c2_local_exacta_rate', 'c2_motor_exacta_rate', 'c2_boat_exacta_rate', 'c2_average_start', 'c3_history_n', 'c3_sashi', 'c3_makuri', 'c3_attack', 'c3_st_rank', 'c3_national_win_rate', 'c3_national_exacta_rate', 'c3_local_win_rate', 'c3_local_exacta_rate', 'c3_motor_exacta_rate', 'c3_boat_exacta_rate', 'c3_average_start', 'c4_history_n', 'c4_sashi', 'c4_makuri', 'c4_attack', 'c4_st_rank', 'c4_national_win_rate', 'c4_national_exacta_rate', 'c4_local_win_rate', 'c4_local_exacta_rate', 'c4_motor_exacta_rate', 'c4_boat_exacta_rate', 'c4_average_start', 'c5_history_n', 'c5_sashi', 'c5_makuri', 'c5_attack', 'c5_st_rank', 'c5_national_win_rate', 'c5_national_exacta_rate', 'c5_local_win_rate', 'c5_local_exacta_rate', 'c5_motor_exacta_rate', 'c5_boat_exacta_rate', 'c5_average_start', 'c6_history_n', 'c6_sashi', 'c6_makuri', 'c6_attack', 'c6_st_rank', 'c6_national_win_rate', 'c6_national_exacta_rate', 'c6_local_win_rate', 'c6_local_exacta_rate', 'c6_motor_exacta_rate', 'c6_boat_exacta_rate', 'c6_average_start', 'lane1_vulnerability_rate', 'c1_exhibition_time_relative', 'c1_start_timing_relative', 'c1_lap_time_relative', 'c1_around_time_relative', 'c1_ex_score', 'c1_st_score', 'c1_lap_score', 'c1_mawari_score', 'c1_attack_potential', 'c1_stable_score', 'c1_final_2nd_score', 'c1_second_rank', 'c1_gap_to_top', 'c2_exhibition_time_relative', 'c2_start_timing_relative', 'c2_lap_time_relative', 'c2_around_time_relative', 'c2_ex_score', 'c2_st_score', 'c2_lap_score', 'c2_mawari_score', 'c2_attack_potential', 'c2_stable_score', 'c2_final_2nd_score', 'c2_second_rank', 'c2_gap_to_top', 'c3_exhibition_time_relative', 'c3_start_timing_relative', 'c3_lap_time_relative', 'c3_around_time_relative', 'c3_ex_score', 'c3_st_score', 'c3_lap_score', 'c3_mawari_score', 'c3_attack_potential', 'c3_stable_score', 'c3_final_2nd_score', 'c3_second_rank', 'c3_gap_to_top', 'c4_exhibition_time_relative', 'c4_start_timing_relative', 'c4_lap_time_relative', 'c4_around_time_relative', 'c4_ex_score', 'c4_st_score', 'c4_lap_score', 'c4_mawari_score', 'c4_attack_potential', 'c4_stable_score', 'c4_final_2nd_score', 'c4_second_rank', 'c4_gap_to_top', 'c5_exhibition_time_relative', 'c5_start_timing_relative', 'c5_lap_time_relative', 'c5_around_time_relative', 'c5_ex_score', 'c5_st_score', 'c5_lap_score', 'c5_mawari_score', 'c5_attack_potential', 'c5_stable_score', 'c5_final_2nd_score', 'c5_second_rank', 'c5_gap_to_top', 'c6_exhibition_time_relative', 'c6_start_timing_relative', 'c6_lap_time_relative', 'c6_around_time_relative', 'c6_ex_score', 'c6_st_score', 'c6_lap_score', 'c6_mawari_score', 'c6_attack_potential', 'c6_stable_score', 'c6_final_2nd_score', 'c6_second_rank', 'c6_gap_to_top']",,,,,[],[]
AMG,4,top2,6,ExtraTrees,-0.5652391157498682,log_loss,0.11096978187561035,1.5912394523620605,0.11096978187561035,1.5912394523620605,1,True,4,148,1,1,36123494,36123494,36123494,36123494,0,0,XTModel,,log_loss,"{'n_estimators': 300, 'max_leaf_nodes': 15000, 'n_jobs': -1, 'bootstrap': True, 'random_state': 0}",{'n_estimators': 300},"{'max_memory_usage_ratio': 1.0, 'max_gpu_memory_usage_ratio': 1.0, 'max_time_limit_ratio': 1.0, 'max_time_limit': None, 'min_time_limit': 0, 'valid_raw_types': ['bool', 'int', 'float', 'category'], 'valid_special_types': None, 'ignored_type_group_special': None, 'ignored_type_group_raw': None, 'get_features_kwargs': None, 'get_features_kwargs_extra': None, 'predict_1_batch_size': None, 'temperature_scalar': None}","['c1_history_n', 'c1_nige', 'c1_st_rank', 'c1_national_win_rate', 'c1_national_exacta_rate', 'c1_local_win_rate', 'c1_local_exacta_rate', 'c1_motor_exacta_rate', 'c1_boat_exacta_rate', 'c1_average_start', 'c2_history_n', 'c2_sashi', 'c2_makuri', 'c2_st_rank', 'c2_national_win_rate', 'c2_national_exacta_rate', 'c2_local_win_rate', 'c2_local_exacta_rate', 'c2_motor_exacta_rate', 'c2_boat_exacta_rate', 'c2_average_start', 'c3_history_n', 'c3_sashi', 'c3_makuri', 'c3_attack', 'c3_st_rank', 'c3_national_win_rate', 'c3_national_exacta_rate', 'c3_local_win_rate', 'c3_local_exacta_rate', 'c3_motor_exacta_rate', 'c3_boat_exacta_rate', 'c3_average_start', 'c4_history_n', 'c4_sashi', 'c4_makuri', 'c4_attack', 'c4_st_rank', 'c4_national_win_rate', 'c4_national_exacta_rate', 'c4_local_win_rate', 'c4_local_exacta_rate', 'c4_motor_exacta_rate', 'c4_boat_exacta_rate', 'c4_average_start', 'c5_history_n', 'c5_sashi', 'c5_makuri', 'c5_attack', 'c5_st_rank', 'c5_national_win_rate', 'c5_national_exacta_rate', 'c5_local_win_rate', 'c5_local_exacta_rate', 'c5_motor_exacta_rate', 'c5_boat_exacta_rate', 'c5_average_start', 'c6_history_n', 'c6_sashi', 'c6_makuri', 'c6_attack', 'c6_st_rank', 'c6_national_win_rate', 'c6_national_exacta_rate', 'c6_local_win_rate', 'c6_local_exacta_rate', 'c6_motor_exacta_rate', 'c6_boat_exacta_rate', 'c6_average_start', 'lane1_vulnerability_rate', 'c1_exhibition_time_relative', 'c1_start_timing_relative', 'c1_lap_time_relative', 'c1_around_time_relative', 'c1_ex_score', 'c1_st_score', 'c1_lap_score', 'c1_mawari_score', 'c1_attack_potential', 'c1_stable_score', 'c1_final_2nd_score', 'c1_second_rank', 'c1_gap_to_top', 'c2_exhibition_time_relative', 'c2_start_timing_relative', 'c2_lap_time_relative', 'c2_around_time_relative', 'c2_ex_score', 'c2_st_score', 'c2_lap_score', 'c2_mawari_score', 'c2_attack_potential', 'c2_stable_score', 'c2_final_2nd_score', 'c2_second_rank', 'c2_gap_to_top', 'c3_exhibition_time_relative', 'c3_start_timing_relative', 'c3_lap_time_relative', 'c3_around_time_relative', 'c3_ex_score', 'c3_st_score', 'c3_lap_score', 'c3_mawari_score', 'c3_attack_potential', 'c3_stable_score', 'c3_final_2nd_score', 'c3_second_rank', 'c3_gap_to_top', 'c4_exhibition_time_relative', 'c4_start_timing_relative', 'c4_lap_time_relative', 'c4_around_time_relative', 'c4_ex_score', 'c4_st_score', 'c4_lap_score', 'c4_mawari_score', 'c4_attack_potential', 'c4_stable_score', 'c4_final_2nd_score', 'c4_second_rank', 'c4_gap_to_top', 'c5_exhibition_time_relative', 'c5_start_timing_relative', 'c5_lap_time_relative', 'c5_around_time_relative', 'c5_ex_score', 'c5_st_score', 'c5_lap_score', 'c5_mawari_score', 'c5_attack_potential', 'c5_stable_score', 'c5_final_2nd_score', 'c5_second_rank', 'c5_gap_to_top', 'c6_exhibition_time_relative', 'c6_start_timing_relative', 'c6_lap_time_relative', 'c6_around_time_relative', 'c6_ex_score', 'c6_st_score', 'c6_lap_score', 'c6_mawari_score', 'c6_attack_potential', 'c6_stable_score', 'c6_final_2nd_score', 'c6_second_rank', 'c6_gap_to_top']",,,,,[],[]
AMG,4,top3,1,WeightedEnsemble_L2,-0.6626246997025643,log_loss,0.130082368850708,12.823528289794922,0.0006947517395019531,0.019504070281982422,2,True,6,3,1,4,3790,43297422,3790,42217414,3,0,WeightedEnsembleModel,GreedyWeightedEnsembleModel,log_loss,"{'use_orig_features': False, 'valid_stacker': True, 'max_base_models': 0, 'max_base_models_per_type': 'auto', 'save_bag_folds': True, 'stratify': 'auto', 'bin': 'auto', 'n_bins': None, 'vary_seed_across_folds': False, 'custom_splits': None, 'model_random_seed': 0}",{},"{'max_memory_usage_ratio': 1.0, 'max_gpu_memory_usage_ratio': 1.0, 'max_time_limit_ratio': 1.0, 'max_time_limit': None, 'min_time_limit': 0, 'valid_raw_types': None, 'valid_special_types': None, 'ignored_type_group_special': None, 'ignored_type_group_raw': None, 'get_features_kwargs': None, 'get_features_kwargs_extra': None, 'predict_1_batch_size': None, 'temperature_scalar': None, 'drop_unique': False}","['XGBoost', 'CatBoost', 'ExtraTrees']",,"{'ensemble_size': 25, 'subsample_size': 1000000}",{'ensemble_size': 19},"{'max_memory_usage_ratio': 1.0, 'max_gpu_memory_usage_ratio': 1.0, 'max_time_limit_ratio': 1.0, 'max_time_limit': None, 'min_time_limit': 0, 'valid_raw_types': None, 'valid_special_types': None, 'ignored_type_group_special': None, 'ignored_type_group_raw': None, 'get_features_kwargs': None, 'get_features_kwargs_extra': None, 'predict_1_batch_size': None, 'temperature_scalar': None, 'drop_unique': False}","['XGBoost', 'CatBoost', 'ExtraTrees']",[]
AMG,4,top3,2,CatBoost,-0.664397108756235,log_loss,0.009238958358764648,4.969774007797241,0.009238958358764648,4.969774007797241,1,True,3,148,1,1,83098,83098,83098,83098,0,1,CatBoostModel,,log_loss,"{'iterations': 10000, 'learning_rate': 0.05, 'allow_writing_files': False, 'eval_metric': 'Logloss', 'random_seed': 0}",{'iterations': 34},"{'max_memory_usage_ratio': 1.0, 'max_gpu_memory_usage_ratio': 1.0, 'max_time_limit_ratio': 1.0, 'max_time_limit': None, 'min_time_limit': 0, 'valid_raw_types': ['bool', 'int', 'float', 'category'], 'valid_special_types': None, 'ignored_type_group_special': None, 'ignored_type_group_raw': None, 'get_features_kwargs': None, 'get_features_kwargs_extra': None, 'predict_1_batch_size': None, 'temperature_scalar': None}","['c1_history_n', 'c1_nige', 'c1_st_rank', 'c1_national_win_rate', 'c1_national_exacta_rate', 'c1_local_win_rate', 'c1_local_exacta_rate', 'c1_motor_exacta_rate', 'c1_boat_exacta_rate', 'c1_average_start', 'c2_history_n', 'c2_sashi', 'c2_makuri', 'c2_st_rank', 'c2_national_win_rate', 'c2_national_exacta_rate', 'c2_local_win_rate', 'c2_local_exacta_rate', 'c2_motor_exacta_rate', 'c2_boat_exacta_rate', 'c2_average_start', 'c3_history_n', 'c3_sashi', 'c3_makuri', 'c3_attack', 'c3_st_rank', 'c3_national_win_rate', 'c3_national_exacta_rate', 'c3_local_win_rate', 'c3_local_exacta_rate', 'c3_motor_exacta_rate', 'c3_boat_exacta_rate', 'c3_average_start', 'c4_history_n', 'c4_sashi', 'c4_makuri', 'c4_attack', 'c4_st_rank', 'c4_national_win_rate', 'c4_national_exacta_rate', 'c4_local_win_rate', 'c4_local_exacta_rate', 'c4_motor_exacta_rate', 'c4_boat_exacta_rate', 'c4_average_start', 'c5_history_n', 'c5_sashi', 'c5_makuri', 'c5_attack', 'c5_st_rank', 'c5_national_win_rate', 'c5_national_exacta_rate', 'c5_local_win_rate', 'c5_local_exacta_rate', 'c5_motor_exacta_rate', 'c5_boat_exacta_rate', 'c5_average_start', 'c6_history_n', 'c6_sashi', 'c6_makuri', 'c6_attack', 'c6_st_rank', 'c6_national_win_rate', 'c6_national_exacta_rate', 'c6_local_win_rate', 'c6_local_exacta_rate', 'c6_motor_exacta_rate', 'c6_boat_exacta_rate', 'c6_average_start', 'lane1_vulnerability_rate', 'c1_exhibition_time_relative', 'c1_start_timing_relative', 'c1_lap_time_relative', 'c1_around_time_relative', 'c1_ex_score', 'c1_st_score', 'c1_lap_score', 'c1_mawari_score', 'c1_attack_potential', 'c1_stable_score', 'c1_final_2nd_score', 'c1_second_rank', 'c1_gap_to_top', 'c2_exhibition_time_relative', 'c2_start_timing_relative', 'c2_lap_time_relative', 'c2_around_time_relative', 'c2_ex_score', 'c2_st_score', 'c2_lap_score', 'c2_mawari_score', 'c2_attack_potential', 'c2_stable_score', 'c2_final_2nd_score', 'c2_second_rank', 'c2_gap_to_top', 'c3_exhibition_time_relative', 'c3_start_timing_relative', 'c3_lap_time_relative', 'c3_around_time_relative', 'c3_ex_score', 'c3_st_score', 'c3_lap_score', 'c3_mawari_score', 'c3_attack_potential', 'c3_stable_score', 'c3_final_2nd_score', 'c3_second_rank', 'c3_gap_to_top', 'c4_exhibition_time_relative', 'c4_start_timing_relative', 'c4_lap_time_relative', 'c4_around_time_relative', 'c4_ex_score', 'c4_st_score', 'c4_lap_score', 'c4_mawari_score', 'c4_attack_potential', 'c4_stable_score', 'c4_final_2nd_score', 'c4_second_rank', 'c4_gap_to_top', 'c5_exhibition_time_relative', 'c5_start_timing_relative', 'c5_lap_time_relative', 'c5_around_time_relative', 'c5_ex_score', 'c5_st_score', 'c5_lap_score', 'c5_mawari_score', 'c5_attack_potential', 'c5_stable_score', 'c5_final_2nd_score', 'c5_second_rank', 'c5_gap_to_top', 'c6_exhibition_time_relative', 'c6_start_timing_relative', 'c6_lap_time_relative', 'c6_around_time_relative', 'c6_ex_score', 'c6_st_score', 'c6_lap_score', 'c6_mawari_score', 'c6_attack_potential', 'c6_stable_score', 'c6_final_2nd_score', 'c6_second_rank', 'c6_gap_to_top']",,,,,[],['WeightedEnsemble_L2']
AMG,4,top3,3,ExtraTrees,-0.6652761540787413,log_loss,0.11081886291503906,1.5850508213043213,0.11081886291503906,1.5850508213043213,1,True,4,148,1,1,42217414,42217414,42217414,42217414,0,1,XTModel,,log_loss,"{'n_estimators': 300, 'max_leaf_nodes': 15000, 'n_jobs': -1, 'bootstrap': True, 'random_state': 0}",{'n_estimators': 300},"{'max_memory_usage_ratio': 1.0, 'max_gpu_memory_usage_ratio': 1.0, 'max_time_limit_ratio': 1.0, 'max_time_limit': None, 'min_time_limit': 0, 'valid_raw_types': ['bool', 'int', 'float', 'category'], 'valid_special_types': None, 'ignored_type_group_special': None, 'ignored_type_group_raw': None, 'get_features_kwargs': None, 'get_features_kwargs_extra': None, 'predict_1_batch_size': None, 'temperature_scalar': None}","['c1_history_n', 'c1_nige', 'c1_st_rank', 'c1_national_win_rate', 'c1_national_exacta_rate', 'c1_local_win_rate', 'c1_local_exacta_rate', 'c1_motor_exacta_rate', 'c1_boat_exacta_rate', 'c1_average_start', 'c2_history_n', 'c2_sashi', 'c2_makuri', 'c2_st_rank', 'c2_national_win_rate', 'c2_national_exacta_rate', 'c2_local_win_rate', 'c2_local_exacta_rate', 'c2_motor_exacta_rate', 'c2_boat_exacta_rate', 'c2_average_start', 'c3_history_n', 'c3_sashi', 'c3_makuri', 'c3_attack', 'c3_st_rank', 'c3_national_win_rate', 'c3_national_exacta_rate', 'c3_local_win_rate', 'c3_local_exacta_rate', 'c3_motor_exacta_rate', 'c3_boat_exacta_rate', 'c3_average_start', 'c4_history_n', 'c4_sashi', 'c4_makuri', 'c4_attack', 'c4_st_rank', 'c4_national_win_rate', 'c4_national_exacta_rate', 'c4_local_win_rate', 'c4_local_exacta_rate', 'c4_motor_exacta_rate', 'c4_boat_exacta_rate', 'c4_average_start', 'c5_history_n', 'c5_sashi', 'c5_makuri', 'c5_attack', 'c5_st_rank', 'c5_national_win_rate', 'c5_national_exacta_rate', 'c5_local_win_rate', 'c5_local_exacta_rate', 'c5_motor_exacta_rate', 'c5_boat_exacta_rate', 'c5_average_start', 'c6_history_n', 'c6_sashi', 'c6_makuri', 'c6_attack', 'c6_st_rank', 'c6_national_win_rate', 'c6_national_exacta_rate', 'c6_local_win_rate', 'c6_local_exacta_rate', 'c6_motor_exacta_rate', 'c6_boat_exacta_rate', 'c6_average_start', 'lane1_vulnerability_rate', 'c1_exhibition_time_relative', 'c1_start_timing_relative', 'c1_lap_time_relative', 'c1_around_time_relative', 'c1_ex_score', 'c1_st_score', 'c1_lap_score', 'c1_mawari_score', 'c1_attack_potential', 'c1_stable_score', 'c1_final_2nd_score', 'c1_second_rank', 'c1_gap_to_top', 'c2_exhibition_time_relative', 'c2_start_timing_relative', 'c2_lap_time_relative', 'c2_around_time_relative', 'c2_ex_score', 'c2_st_score', 'c2_lap_score', 'c2_mawari_score', 'c2_attack_potential', 'c2_stable_score', 'c2_final_2nd_score', 'c2_second_rank', 'c2_gap_to_top', 'c3_exhibition_time_relative', 'c3_start_timing_relative', 'c3_lap_time_relative', 'c3_around_time_relative', 'c3_ex_score', 'c3_st_score', 'c3_lap_score', 'c3_mawari_score', 'c3_attack_potential', 'c3_stable_score', 'c3_final_2nd_score', 'c3_second_rank', 'c3_gap_to_top', 'c4_exhibition_time_relative', 'c4_start_timing_relative', 'c4_lap_time_relative', 'c4_around_time_relative', 'c4_ex_score', 'c4_st_score', 'c4_lap_score', 'c4_mawari_score', 'c4_attack_potential', 'c4_stable_score', 'c4_final_2nd_score', 'c4_second_rank', 'c4_gap_to_top', 'c5_exhibition_time_relative', 'c5_start_timing_relative', 'c5_lap_time_relative', 'c5_around_time_relative', 'c5_ex_score', 'c5_st_score', 'c5_lap_score', 'c5_mawari_score', 'c5_attack_potential', 'c5_stable_score', 'c5_final_2nd_score', 'c5_second_rank', 'c5_gap_to_top', 'c6_exhibition_time_relative', 'c6_start_timing_relative', 'c6_lap_time_relative', 'c6_around_time_relative', 'c6_ex_score', 'c6_st_score', 'c6_lap_score', 'c6_mawari_score', 'c6_attack_potential', 'c6_stable_score', 'c6_final_2nd_score', 'c6_second_rank', 'c6_gap_to_top']",,,,,[],['WeightedEnsemble_L2']
AMG,4,top3,4,RandomForest,-0.6689510953856778,log_loss,0.12136125564575195,3.0596182346343994,0.12136125564575195,3.0596182346343994,1,True,2,148,1,1,26035180,26035180,26035180,26035180,0,0,RFModel,,log_loss,"{'n_estimators': 300, 'max_leaf_nodes': 15000, 'n_jobs': -1, 'bootstrap': True, 'random_state': 0}",{'n_estimators': 300},"{'max_memory_usage_ratio': 1.0, 'max_gpu_memory_usage_ratio': 1.0, 'max_time_limit_ratio': 1.0, 'max_time_limit': None, 'min_time_limit': 0, 'valid_raw_types': ['bool', 'int', 'float', 'category'], 'valid_special_types': None, 'ignored_type_group_special': None, 'ignored_type_group_raw': None, 'get_features_kwargs': None, 'get_features_kwargs_extra': None, 'predict_1_batch_size': None, 'temperature_scalar': None}","['c1_history_n', 'c1_nige', 'c1_st_rank', 'c1_national_win_rate', 'c1_national_exacta_rate', 'c1_local_win_rate', 'c1_local_exacta_rate', 'c1_motor_exacta_rate', 'c1_boat_exacta_rate', 'c1_average_start', 'c2_history_n', 'c2_sashi', 'c2_makuri', 'c2_st_rank', 'c2_national_win_rate', 'c2_national_exacta_rate', 'c2_local_win_rate', 'c2_local_exacta_rate', 'c2_motor_exacta_rate', 'c2_boat_exacta_rate', 'c2_average_start', 'c3_history_n', 'c3_sashi', 'c3_makuri', 'c3_attack', 'c3_st_rank', 'c3_national_win_rate', 'c3_national_exacta_rate', 'c3_local_win_rate', 'c3_local_exacta_rate', 'c3_motor_exacta_rate', 'c3_boat_exacta_rate', 'c3_average_start', 'c4_history_n', 'c4_sashi', 'c4_makuri', 'c4_attack', 'c4_st_rank', 'c4_national_win_rate', 'c4_national_exacta_rate', 'c4_local_win_rate', 'c4_local_exacta_rate', 'c4_motor_exacta_rate', 'c4_boat_exacta_rate', 'c4_average_start', 'c5_history_n', 'c5_sashi', 'c5_makuri', 'c5_attack', 'c5_st_rank', 'c5_national_win_rate', 'c5_national_exacta_rate', 'c5_local_win_rate', 'c5_local_exacta_rate', 'c5_motor_exacta_rate', 'c5_boat_exacta_rate', 'c5_average_start', 'c6_history_n', 'c6_sashi', 'c6_makuri', 'c6_attack', 'c6_st_rank', 'c6_national_win_rate', 'c6_national_exacta_rate', 'c6_local_win_rate', 'c6_local_exacta_rate', 'c6_motor_exacta_rate', 'c6_boat_exacta_rate', 'c6_average_start', 'lane1_vulnerability_rate', 'c1_exhibition_time_relative', 'c1_start_timing_relative', 'c1_lap_time_relative', 'c1_around_time_relative', 'c1_ex_score', 'c1_st_score', 'c1_lap_score', 'c1_mawari_score', 'c1_attack_potential', 'c1_stable_score', 'c1_final_2nd_score', 'c1_second_rank', 'c1_gap_to_top', 'c2_exhibition_time_relative', 'c2_start_timing_relative', 'c2_lap_time_relative', 'c2_around_time_relative', 'c2_ex_score', 'c2_st_score', 'c2_lap_score', 'c2_mawari_score', 'c2_attack_potential', 'c2_stable_score', 'c2_final_2nd_score', 'c2_second_rank', 'c2_gap_to_top', 'c3_exhibition_time_relative', 'c3_start_timing_relative', 'c3_lap_time_relative', 'c3_around_time_relative', 'c3_ex_score', 'c3_st_score', 'c3_lap_score', 'c3_mawari_score', 'c3_attack_potential', 'c3_stable_score', 'c3_final_2nd_score', 'c3_second_rank', 'c3_gap_to_top', 'c4_exhibition_time_relative', 'c4_start_timing_relative', 'c4_lap_time_relative', 'c4_around_time_relative', 'c4_ex_score', 'c4_st_score', 'c4_lap_score', 'c4_mawari_score', 'c4_attack_potential', 'c4_stable_score', 'c4_final_2nd_score', 'c4_second_rank', 'c4_gap_to_top', 'c5_exhibition_time_relative', 'c5_start_timing_relative', 'c5_lap_time_relative', 'c5_around_time_relative', 'c5_ex_score', 'c5_st_score', 'c5_lap_score', 'c5_mawari_score', 'c5_attack_potential', 'c5_stable_score', 'c5_final_2nd_score', 'c5_second_rank', 'c5_gap_to_top', 'c6_exhibition_time_relative', 'c6_start_timing_relative', 'c6_lap_time_relative', 'c6_around_time_relative', 'c6_ex_score', 'c6_st_score', 'c6_lap_score', 'c6_mawari_score', 'c6_attack_potential', 'c6_stable_score', 'c6_final_2nd_score', 'c6_second_rank', 'c6_gap_to_top']",,,,,[],[]
AMG,4,top3,5,LightGBM,-0.6690795596742292,log_loss,0.002662181854248047,2.1665077209472656,0.002662181854248047,2.1665077209472656,1,True,1,148,1,1,75808,75808,75808,75808,0,0,LGBModel,,log_loss,"{'learning_rate': 0.05, 'seed': 0}",{'num_boost_round': 17},"{'max_memory_usage_ratio': 1.0, 'max_gpu_memory_usage_ratio': 1.0, 'max_time_limit_ratio': 1.0, 'max_time_limit': None, 'min_time_limit': 0, 'valid_raw_types': ['bool', 'int', 'float', 'category'], 'valid_special_types': None, 'ignored_type_group_special': None, 'ignored_type_group_raw': None, 'get_features_kwargs': None, 'get_features_kwargs_extra': None, 'predict_1_batch_size': None, 'temperature_scalar': None}","['c1_history_n', 'c1_nige', 'c1_st_rank', 'c1_national_win_rate', 'c1_national_exacta_rate', 'c1_local_win_rate', 'c1_local_exacta_rate', 'c1_motor_exacta_rate', 'c1_boat_exacta_rate', 'c1_average_start', 'c2_history_n', 'c2_sashi', 'c2_makuri', 'c2_st_rank', 'c2_national_win_rate', 'c2_national_exacta_rate', 'c2_local_win_rate', 'c2_local_exacta_rate', 'c2_motor_exacta_rate', 'c2_boat_exacta_rate', 'c2_average_start', 'c3_history_n', 'c3_sashi', 'c3_makuri', 'c3_attack', 'c3_st_rank', 'c3_national_win_rate', 'c3_national_exacta_rate', 'c3_local_win_rate', 'c3_local_exacta_rate', 'c3_motor_exacta_rate', 'c3_boat_exacta_rate', 'c3_average_start', 'c4_history_n', 'c4_sashi', 'c4_makuri', 'c4_attack', 'c4_st_rank', 'c4_national_win_rate', 'c4_national_exacta_rate', 'c4_local_win_rate', 'c4_local_exacta_rate', 'c4_motor_exacta_rate', 'c4_boat_exacta_rate', 'c4_average_start', 'c5_history_n', 'c5_sashi', 'c5_makuri', 'c5_attack', 'c5_st_rank', 'c5_national_win_rate', 'c5_national_exacta_rate', 'c5_local_win_rate', 'c5_local_exacta_rate', 'c5_motor_exacta_rate', 'c5_boat_exacta_rate', 'c5_average_start', 'c6_history_n', 'c6_sashi', 'c6_makuri', 'c6_attack', 'c6_st_rank', 'c6_national_win_rate', 'c6_national_exacta_rate', 'c6_local_win_rate', 'c6_local_exacta_rate', 'c6_motor_exacta_rate', 'c6_boat_exacta_rate', 'c6_average_start', 'lane1_vulnerability_rate', 'c1_exhibition_time_relative', 'c1_start_timing_relative', 'c1_lap_time_relative', 'c1_around_time_relative', 'c1_ex_score', 'c1_st_score', 'c1_lap_score', 'c1_mawari_score', 'c1_attack_potential', 'c1_stable_score', 'c1_final_2nd_score', 'c1_second_rank', 'c1_gap_to_top', 'c2_exhibition_time_relative', 'c2_start_timing_relative', 'c2_lap_time_relative', 'c2_around_time_relative', 'c2_ex_score', 'c2_st_score', 'c2_lap_score', 'c2_mawari_score', 'c2_attack_potential', 'c2_stable_score', 'c2_final_2nd_score', 'c2_second_rank', 'c2_gap_to_top', 'c3_exhibition_time_relative', 'c3_start_timing_relative', 'c3_lap_time_relative', 'c3_around_time_relative', 'c3_ex_score', 'c3_st_score', 'c3_lap_score', 'c3_mawari_score', 'c3_attack_potential', 'c3_stable_score', 'c3_final_2nd_score', 'c3_second_rank', 'c3_gap_to_top', 'c4_exhibition_time_relative', 'c4_start_timing_relative', 'c4_lap_time_relative', 'c4_around_time_relative', 'c4_ex_score', 'c4_st_score', 'c4_lap_score', 'c4_mawari_score', 'c4_attack_potential', 'c4_stable_score', 'c4_final_2nd_score', 'c4_second_rank', 'c4_gap_to_top', 'c5_exhibition_time_relative', 'c5_start_timing_relative', 'c5_lap_time_relative', 'c5_around_time_relative', 'c5_ex_score', 'c5_st_score', 'c5_lap_score', 'c5_mawari_score', 'c5_attack_potential', 'c5_stable_score', 'c5_final_2nd_score', 'c5_second_rank', 'c5_gap_to_top', 'c6_exhibition_time_relative', 'c6_start_timing_relative', 'c6_lap_time_relative', 'c6_around_time_relative', 'c6_ex_score', 'c6_st_score', 'c6_lap_score', 'c6_mawari_score', 'c6_attack_potential', 'c6_stable_score', 'c6_final_2nd_score', 'c6_second_rank', 'c6_gap_to_top']",,,,,[],[]
AMG,4,top3,6,XGBoost,-0.6703630698492099,log_loss,0.009329795837402344,6.249199390411377,0.009329795837402344,6.249199390411377,1,True,5,148,1,1,993120,993120,993120,993120,0,1,XGBoostModel,,log_loss,"{'n_estimators': 10000, 'learning_rate': 0.1, 'n_jobs': -1, 'proc.max_category_levels': 100, 'objective': 'binary:logistic', 'booster': 'gbtree', 'seed': 0}",{'n_estimators': 14},"{'max_memory_usage_ratio': 1.0, 'max_gpu_memory_usage_ratio': 1.0, 'max_time_limit_ratio': 1.0, 'max_time_limit': None, 'min_time_limit': 0, 'valid_raw_types': ['bool', 'int', 'float', 'category'], 'valid_special_types': None, 'ignored_type_group_special': None, 'ignored_type_group_raw': None, 'get_features_kwargs': None, 'get_features_kwargs_extra': None, 'predict_1_batch_size': None, 'temperature_scalar': None}","['c1_history_n', 'c1_nige', 'c1_st_rank', 'c1_national_win_rate', 'c1_national_exacta_rate', 'c1_local_win_rate', 'c1_local_exacta_rate', 'c1_motor_exacta_rate', 'c1_boat_exacta_rate', 'c1_average_start', 'c2_history_n', 'c2_sashi', 'c2_makuri', 'c2_st_rank', 'c2_national_win_rate', 'c2_national_exacta_rate', 'c2_local_win_rate', 'c2_local_exacta_rate', 'c2_motor_exacta_rate', 'c2_boat_exacta_rate', 'c2_average_start', 'c3_history_n', 'c3_sashi', 'c3_makuri', 'c3_attack', 'c3_st_rank', 'c3_national_win_rate', 'c3_national_exacta_rate', 'c3_local_win_rate', 'c3_local_exacta_rate', 'c3_motor_exacta_rate', 'c3_boat_exacta_rate', 'c3_average_start', 'c4_history_n', 'c4_sashi', 'c4_makuri', 'c4_attack', 'c4_st_rank', 'c4_national_win_rate', 'c4_national_exacta_rate', 'c4_local_win_rate', 'c4_local_exacta_rate', 'c4_motor_exacta_rate', 'c4_boat_exacta_rate', 'c4_average_start', 'c5_history_n', 'c5_sashi', 'c5_makuri', 'c5_attack', 'c5_st_rank', 'c5_national_win_rate', 'c5_national_exacta_rate', 'c5_local_win_rate', 'c5_local_exacta_rate', 'c5_motor_exacta_rate', 'c5_boat_exacta_rate', 'c5_average_start', 'c6_history_n', 'c6_sashi', 'c6_makuri', 'c6_attack', 'c6_st_rank', 'c6_national_win_rate', 'c6_national_exacta_rate', 'c6_local_win_rate', 'c6_local_exacta_rate', 'c6_motor_exacta_rate', 'c6_boat_exacta_rate', 'c6_average_start', 'lane1_vulnerability_rate', 'c1_exhibition_time_relative', 'c1_start_timing_relative', 'c1_lap_time_relative', 'c1_around_time_relative', 'c1_ex_score', 'c1_st_score', 'c1_lap_score', 'c1_mawari_score', 'c1_attack_potential', 'c1_stable_score', 'c1_final_2nd_score', 'c1_second_rank', 'c1_gap_to_top', 'c2_exhibition_time_relative', 'c2_start_timing_relative', 'c2_lap_time_relative', 'c2_around_time_relative', 'c2_ex_score', 'c2_st_score', 'c2_lap_score', 'c2_mawari_score', 'c2_attack_potential', 'c2_stable_score', 'c2_final_2nd_score', 'c2_second_rank', 'c2_gap_to_top', 'c3_exhibition_time_relative', 'c3_start_timing_relative', 'c3_lap_time_relative', 'c3_around_time_relative', 'c3_ex_score', 'c3_st_score', 'c3_lap_score', 'c3_mawari_score', 'c3_attack_potential', 'c3_stable_score', 'c3_final_2nd_score', 'c3_second_rank', 'c3_gap_to_top', 'c4_exhibition_time_relative', 'c4_start_timing_relative', 'c4_lap_time_relative', 'c4_around_time_relative', 'c4_ex_score', 'c4_st_score', 'c4_lap_score', 'c4_mawari_score', 'c4_attack_potential', 'c4_stable_score', 'c4_final_2nd_score', 'c4_second_rank', 'c4_gap_to_top', 'c5_exhibition_time_relative', 'c5_start_timing_relative', 'c5_lap_time_relative', 'c5_around_time_relative', 'c5_ex_score', 'c5_st_score', 'c5_lap_score', 'c5_mawari_score', 'c5_attack_potential', 'c5_stable_score', 'c5_final_2nd_score', 'c5_second_rank', 'c5_gap_to_top', 'c6_exhibition_time_relative', 'c6_start_timing_relative', 'c6_lap_time_relative', 'c6_around_time_relative', 'c6_ex_score', 'c6_st_score', 'c6_lap_score', 'c6_mawari_score', 'c6_attack_potential', 'c6_stable_score', 'c6_final_2nd_score', 'c6_second_rank', 'c6_gap_to_top']",,,,,[],['WeightedEnsemble_L2']
AMG,5,first,1,WeightedEnsemble_L2,-0.21076499205210653,log_loss,0.12123966217041016,8.011032104492188,0.0006830692291259766,0.027138233184814453,2,True,6,2,1,3,3784,14812822,3784,14594626,2,0,WeightedEnsembleModel,GreedyWeightedEnsembleModel,log_loss,"{'use_orig_features': False, 'valid_stacker': True, 'max_base_models': 0, 'max_base_models_per_type': 'auto', 'save_bag_folds': True, 'stratify': 'auto', 'bin': 'auto', 'n_bins': None, 'vary_seed_across_folds': False, 'custom_splits': None, 'model_random_seed': 0}",{},"{'max_memory_usage_ratio': 1.0, 'max_gpu_memory_usage_ratio': 1.0, 'max_time_limit_ratio': 1.0, 'max_time_limit': None, 'min_time_limit': 0, 'valid_raw_types': None, 'valid_special_types': None, 'ignored_type_group_special': None, 'ignored_type_group_raw': None, 'get_features_kwargs': None, 'get_features_kwargs_extra': None, 'predict_1_batch_size': None, 'temperature_scalar': None, 'drop_unique': False}","['CatBoost', 'ExtraTrees']",,"{'ensemble_size': 25, 'subsample_size': 1000000}",{'ensemble_size': 4},"{'max_memory_usage_ratio': 1.0, 'max_gpu_memory_usage_ratio': 1.0, 'max_time_limit_ratio': 1.0, 'max_time_limit': None, 'min_time_limit': 0, 'valid_raw_types': None, 'valid_special_types': None, 'ignored_type_group_special': None, 'ignored_type_group_raw': None, 'get_features_kwargs': None, 'get_features_kwargs_extra': None, 'predict_1_batch_size': None, 'temperature_scalar': None, 'drop_unique': False}","['CatBoost', 'ExtraTrees']",[]
AMG,5,first,2,CatBoost,-0.21193656084336443,log_loss,0.00986480712890625,6.6280786991119385,0.00986480712890625,6.6280786991119385,1,True,3,148,1,1,214412,214412,214412,214412,0,1,CatBoostModel,,log_loss,"{'iterations': 10000, 'learning_rate': 0.05, 'allow_writing_files': False, 'eval_metric': 'Logloss', 'random_seed': 0}",{'iterations': 147},"{'max_memory_usage_ratio': 1.0, 'max_gpu_memory_usage_ratio': 1.0, 'max_time_limit_ratio': 1.0, 'max_time_limit': None, 'min_time_limit': 0, 'valid_raw_types': ['bool', 'int', 'float', 'category'], 'valid_special_types': None, 'ignored_type_group_special': None, 'ignored_type_group_raw': None, 'get_features_kwargs': None, 'get_features_kwargs_extra': None, 'predict_1_batch_size': None, 'temperature_scalar': None}","['c1_history_n', 'c1_nige', 'c1_st_rank', 'c1_national_win_rate', 'c1_national_exacta_rate', 'c1_local_win_rate', 'c1_local_exacta_rate', 'c1_motor_exacta_rate', 'c1_boat_exacta_rate', 'c1_average_start', 'c2_history_n', 'c2_sashi', 'c2_makuri', 'c2_st_rank', 'c2_national_win_rate', 'c2_national_exacta_rate', 'c2_local_win_rate', 'c2_local_exacta_rate', 'c2_motor_exacta_rate', 'c2_boat_exacta_rate', 'c2_average_start', 'c3_history_n', 'c3_sashi', 'c3_makuri', 'c3_attack', 'c3_st_rank', 'c3_national_win_rate', 'c3_national_exacta_rate', 'c3_local_win_rate', 'c3_local_exacta_rate', 'c3_motor_exacta_rate', 'c3_boat_exacta_rate', 'c3_average_start', 'c4_history_n', 'c4_sashi', 'c4_makuri', 'c4_attack', 'c4_st_rank', 'c4_national_win_rate', 'c4_national_exacta_rate', 'c4_local_win_rate', 'c4_local_exacta_rate', 'c4_motor_exacta_rate', 'c4_boat_exacta_rate', 'c4_average_start', 'c5_history_n', 'c5_sashi', 'c5_makuri', 'c5_attack', 'c5_st_rank', 'c5_national_win_rate', 'c5_national_exacta_rate', 'c5_local_win_rate', 'c5_local_exacta_rate', 'c5_motor_exacta_rate', 'c5_boat_exacta_rate', 'c5_average_start', 'c6_history_n', 'c6_sashi', 'c6_makuri', 'c6_attack', 'c6_st_rank', 'c6_national_win_rate', 'c6_national_exacta_rate', 'c6_local_win_rate', 'c6_local_exacta_rate', 'c6_motor_exacta_rate', 'c6_boat_exacta_rate', 'c6_average_start', 'lane1_vulnerability_rate', 'c1_exhibition_time_relative', 'c1_start_timing_relative', 'c1_lap_time_relative', 'c1_around_time_relative', 'c1_ex_score', 'c1_st_score', 'c1_lap_score', 'c1_mawari_score', 'c1_attack_potential', 'c1_stable_score', 'c1_final_2nd_score', 'c1_second_rank', 'c1_gap_to_top', 'c2_exhibition_time_relative', 'c2_start_timing_relative', 'c2_lap_time_relative', 'c2_around_time_relative', 'c2_ex_score', 'c2_st_score', 'c2_lap_score', 'c2_mawari_score', 'c2_attack_potential', 'c2_stable_score', 'c2_final_2nd_score', 'c2_second_rank', 'c2_gap_to_top', 'c3_exhibition_time_relative', 'c3_start_timing_relative', 'c3_lap_time_relative', 'c3_around_time_relative', 'c3_ex_score', 'c3_st_score', 'c3_lap_score', 'c3_mawari_score', 'c3_attack_potential', 'c3_stable_score', 'c3_final_2nd_score', 'c3_second_rank', 'c3_gap_to_top', 'c4_exhibition_time_relative', 'c4_start_timing_relative', 'c4_lap_time_relative', 'c4_around_time_relative', 'c4_ex_score', 'c4_st_score', 'c4_lap_score', 'c4_mawari_score', 'c4_attack_potential', 'c4_stable_score', 'c4_final_2nd_score', 'c4_second_rank', 'c4_gap_to_top', 'c5_exhibition_time_relative', 'c5_start_timing_relative', 'c5_lap_time_relative', 'c5_around_time_relative', 'c5_ex_score', 'c5_st_score', 'c5_lap_score', 'c5_mawari_score', 'c5_attack_potential', 'c5_stable_score', 'c5_final_2nd_score', 'c5_second_rank', 'c5_gap_to_top', 'c6_exhibition_time_relative', 'c6_start_timing_relative', 'c6_lap_time_relative', 'c6_around_time_relative', 'c6_ex_score', 'c6_st_score', 'c6_lap_score', 'c6_mawari_score', 'c6_attack_potential', 'c6_stable_score', 'c6_final_2nd_score', 'c6_second_rank', 'c6_gap_to_top']",,,,,[],['WeightedEnsemble_L2']
AMG,5,first,3,ExtraTrees,-0.21597250303950216,log_loss,0.11069178581237793,1.3558151721954346,0.11069178581237793,1.3558151721954346,1,True,4,148,1,1,14594626,14594626,14594626,14594626,0,1,XTModel,,log_loss,"{'n_estimators': 300, 'max_leaf_nodes': 15000, 'n_jobs': -1, 'bootstrap': True, 'random_state': 0}",{'n_estimators': 300},"{'max_memory_usage_ratio': 1.0, 'max_gpu_memory_usage_ratio': 1.0, 'max_time_limit_ratio': 1.0, 'max_time_limit': None, 'min_time_limit': 0, 'valid_raw_types': ['bool', 'int', 'float', 'category'], 'valid_special_types': None, 'ignored_type_group_special': None, 'ignored_type_group_raw': None, 'get_features_kwargs': None, 'get_features_kwargs_extra': None, 'predict_1_batch_size': None, 'temperature_scalar': None}","['c1_history_n', 'c1_nige', 'c1_st_rank', 'c1_national_win_rate', 'c1_national_exacta_rate', 'c1_local_win_rate', 'c1_local_exacta_rate', 'c1_motor_exacta_rate', 'c1_boat_exacta_rate', 'c1_average_start', 'c2_history_n', 'c2_sashi', 'c2_makuri', 'c2_st_rank', 'c2_national_win_rate', 'c2_national_exacta_rate', 'c2_local_win_rate', 'c2_local_exacta_rate', 'c2_motor_exacta_rate', 'c2_boat_exacta_rate', 'c2_average_start', 'c3_history_n', 'c3_sashi', 'c3_makuri', 'c3_attack', 'c3_st_rank', 'c3_national_win_rate', 'c3_national_exacta_rate', 'c3_local_win_rate', 'c3_local_exacta_rate', 'c3_motor_exacta_rate', 'c3_boat_exacta_rate', 'c3_average_start', 'c4_history_n', 'c4_sashi', 'c4_makuri', 'c4_attack', 'c4_st_rank', 'c4_national_win_rate', 'c4_national_exacta_rate', 'c4_local_win_rate', 'c4_local_exacta_rate', 'c4_motor_exacta_rate', 'c4_boat_exacta_rate', 'c4_average_start', 'c5_history_n', 'c5_sashi', 'c5_makuri', 'c5_attack', 'c5_st_rank', 'c5_national_win_rate', 'c5_national_exacta_rate', 'c5_local_win_rate', 'c5_local_exacta_rate', 'c5_motor_exacta_rate', 'c5_boat_exacta_rate', 'c5_average_start', 'c6_history_n', 'c6_sashi', 'c6_makuri', 'c6_attack', 'c6_st_rank', 'c6_national_win_rate', 'c6_national_exacta_rate', 'c6_local_win_rate', 'c6_local_exacta_rate', 'c6_motor_exacta_rate', 'c6_boat_exacta_rate', 'c6_average_start', 'lane1_vulnerability_rate', 'c1_exhibition_time_relative', 'c1_start_timing_relative', 'c1_lap_time_relative', 'c1_around_time_relative', 'c1_ex_score', 'c1_st_score', 'c1_lap_score', 'c1_mawari_score', 'c1_attack_potential', 'c1_stable_score', 'c1_final_2nd_score', 'c1_second_rank', 'c1_gap_to_top', 'c2_exhibition_time_relative', 'c2_start_timing_relative', 'c2_lap_time_relative', 'c2_around_time_relative', 'c2_ex_score', 'c2_st_score', 'c2_lap_score', 'c2_mawari_score', 'c2_attack_potential', 'c2_stable_score', 'c2_final_2nd_score', 'c2_second_rank', 'c2_gap_to_top', 'c3_exhibition_time_relative', 'c3_start_timing_relative', 'c3_lap_time_relative', 'c3_around_time_relative', 'c3_ex_score', 'c3_st_score', 'c3_lap_score', 'c3_mawari_score', 'c3_attack_potential', 'c3_stable_score', 'c3_final_2nd_score', 'c3_second_rank', 'c3_gap_to_top', 'c4_exhibition_time_relative', 'c4_start_timing_relative', 'c4_lap_time_relative', 'c4_around_time_relative', 'c4_ex_score', 'c4_st_score', 'c4_lap_score', 'c4_mawari_score', 'c4_attack_potential', 'c4_stable_score', 'c4_final_2nd_score', 'c4_second_rank', 'c4_gap_to_top', 'c5_exhibition_time_relative', 'c5_start_timing_relative', 'c5_lap_time_relative', 'c5_around_time_relative', 'c5_ex_score', 'c5_st_score', 'c5_lap_score', 'c5_mawari_score', 'c5_attack_potential', 'c5_stable_score', 'c5_final_2nd_score', 'c5_second_rank', 'c5_gap_to_top', 'c6_exhibition_time_relative', 'c6_start_timing_relative', 'c6_lap_time_relative', 'c6_around_time_relative', 'c6_ex_score', 'c6_st_score', 'c6_lap_score', 'c6_mawari_score', 'c6_attack_potential', 'c6_stable_score', 'c6_final_2nd_score', 'c6_second_rank', 'c6_gap_to_top']",,,,,[],['WeightedEnsemble_L2']
AMG,5,first,4,LightGBM,-0.22057899815893156,log_loss,0.002961397171020508,2.6260488033294678,0.002961397171020508,2.6260488033294678,1,True,1,148,1,1,136996,136996,136996,136996,0,0,LGBModel,,log_loss,"{'learning_rate': 0.05, 'seed': 0}",{'num_boost_round': 35},"{'max_memory_usage_ratio': 1.0, 'max_gpu_memory_usage_ratio': 1.0, 'max_time_limit_ratio': 1.0, 'max_time_limit': None, 'min_time_limit': 0, 'valid_raw_types': ['bool', 'int', 'float', 'category'], 'valid_special_types': None, 'ignored_type_group_special': None, 'ignored_type_group_raw': None, 'get_features_kwargs': None, 'get_features_kwargs_extra': None, 'predict_1_batch_size': None, 'temperature_scalar': None}","['c1_history_n', 'c1_nige', 'c1_st_rank', 'c1_national_win_rate', 'c1_national_exacta_rate', 'c1_local_win_rate', 'c1_local_exacta_rate', 'c1_motor_exacta_rate', 'c1_boat_exacta_rate', 'c1_average_start', 'c2_history_n', 'c2_sashi', 'c2_makuri', 'c2_st_rank', 'c2_national_win_rate', 'c2_national_exacta_rate', 'c2_local_win_rate', 'c2_local_exacta_rate', 'c2_motor_exacta_rate', 'c2_boat_exacta_rate', 'c2_average_start', 'c3_history_n', 'c3_sashi', 'c3_makuri', 'c3_attack', 'c3_st_rank', 'c3_national_win_rate', 'c3_national_exacta_rate', 'c3_local_win_rate', 'c3_local_exacta_rate', 'c3_motor_exacta_rate', 'c3_boat_exacta_rate', 'c3_average_start', 'c4_history_n', 'c4_sashi', 'c4_makuri', 'c4_attack', 'c4_st_rank', 'c4_national_win_rate', 'c4_national_exacta_rate', 'c4_local_win_rate', 'c4_local_exacta_rate', 'c4_motor_exacta_rate', 'c4_boat_exacta_rate', 'c4_average_start', 'c5_history_n', 'c5_sashi', 'c5_makuri', 'c5_attack', 'c5_st_rank', 'c5_national_win_rate', 'c5_national_exacta_rate', 'c5_local_win_rate', 'c5_local_exacta_rate', 'c5_motor_exacta_rate', 'c5_boat_exacta_rate', 'c5_average_start', 'c6_history_n', 'c6_sashi', 'c6_makuri', 'c6_attack', 'c6_st_rank', 'c6_national_win_rate', 'c6_national_exacta_rate', 'c6_local_win_rate', 'c6_local_exacta_rate', 'c6_motor_exacta_rate', 'c6_boat_exacta_rate', 'c6_average_start', 'lane1_vulnerability_rate', 'c1_exhibition_time_relative', 'c1_start_timing_relative', 'c1_lap_time_relative', 'c1_around_time_relative', 'c1_ex_score', 'c1_st_score', 'c1_lap_score', 'c1_mawari_score', 'c1_attack_potential', 'c1_stable_score', 'c1_final_2nd_score', 'c1_second_rank', 'c1_gap_to_top', 'c2_exhibition_time_relative', 'c2_start_timing_relative', 'c2_lap_time_relative', 'c2_around_time_relative', 'c2_ex_score', 'c2_st_score', 'c2_lap_score', 'c2_mawari_score', 'c2_attack_potential', 'c2_stable_score', 'c2_final_2nd_score', 'c2_second_rank', 'c2_gap_to_top', 'c3_exhibition_time_relative', 'c3_start_timing_relative', 'c3_lap_time_relative', 'c3_around_time_relative', 'c3_ex_score', 'c3_st_score', 'c3_lap_score', 'c3_mawari_score', 'c3_attack_potential', 'c3_stable_score', 'c3_final_2nd_score', 'c3_second_rank', 'c3_gap_to_top', 'c4_exhibition_time_relative', 'c4_start_timing_relative', 'c4_lap_time_relative', 'c4_around_time_relative', 'c4_ex_score', 'c4_st_score', 'c4_lap_score', 'c4_mawari_score', 'c4_attack_potential', 'c4_stable_score', 'c4_final_2nd_score', 'c4_second_rank', 'c4_gap_to_top', 'c5_exhibition_time_relative', 'c5_start_timing_relative', 'c5_lap_time_relative', 'c5_around_time_relative', 'c5_ex_score', 'c5_st_score', 'c5_lap_score', 'c5_mawari_score', 'c5_attack_potential', 'c5_stable_score', 'c5_final_2nd_score', 'c5_second_rank', 'c5_gap_to_top', 'c6_exhibition_time_relative', 'c6_start_timing_relative', 'c6_lap_time_relative', 'c6_around_time_relative', 'c6_ex_score', 'c6_st_score', 'c6_lap_score', 'c6_mawari_score', 'c6_attack_potential', 'c6_stable_score', 'c6_final_2nd_score', 'c6_second_rank', 'c6_gap_to_top']",,,,,[],[]
AMG,5,first,5,XGBoost,-0.22082367140456227,log_loss,0.00934290885925293,4.232521057128906,0.00934290885925293,4.232521057128906,1,True,5,148,1,1,621044,621044,621044,621044,0,0,XGBoostModel,,log_loss,"{'n_estimators': 10000, 'learning_rate': 0.1, 'n_jobs': -1, 'proc.max_category_levels': 100, 'objective': 'binary:logistic', 'booster': 'gbtree', 'seed': 0}",{'n_estimators': 18},"{'max_memory_usage_ratio': 1.0, 'max_gpu_memory_usage_ratio': 1.0, 'max_time_limit_ratio': 1.0, 'max_time_limit': None, 'min_time_limit': 0, 'valid_raw_types': ['bool', 'int', 'float', 'category'], 'valid_special_types': None, 'ignored_type_group_special': None, 'ignored_type_group_raw': None, 'get_features_kwargs': None, 'get_features_kwargs_extra': None, 'predict_1_batch_size': None, 'temperature_scalar': None}","['c1_history_n', 'c1_nige', 'c1_st_rank', 'c1_national_win_rate', 'c1_national_exacta_rate', 'c1_local_win_rate', 'c1_local_exacta_rate', 'c1_motor_exacta_rate', 'c1_boat_exacta_rate', 'c1_average_start', 'c2_history_n', 'c2_sashi', 'c2_makuri', 'c2_st_rank', 'c2_national_win_rate', 'c2_national_exacta_rate', 'c2_local_win_rate', 'c2_local_exacta_rate', 'c2_motor_exacta_rate', 'c2_boat_exacta_rate', 'c2_average_start', 'c3_history_n', 'c3_sashi', 'c3_makuri', 'c3_attack', 'c3_st_rank', 'c3_national_win_rate', 'c3_national_exacta_rate', 'c3_local_win_rate', 'c3_local_exacta_rate', 'c3_motor_exacta_rate', 'c3_boat_exacta_rate', 'c3_average_start', 'c4_history_n', 'c4_sashi', 'c4_makuri', 'c4_attack', 'c4_st_rank', 'c4_national_win_rate', 'c4_national_exacta_rate', 'c4_local_win_rate', 'c4_local_exacta_rate', 'c4_motor_exacta_rate', 'c4_boat_exacta_rate', 'c4_average_start', 'c5_history_n', 'c5_sashi', 'c5_makuri', 'c5_attack', 'c5_st_rank', 'c5_national_win_rate', 'c5_national_exacta_rate', 'c5_local_win_rate', 'c5_local_exacta_rate', 'c5_motor_exacta_rate', 'c5_boat_exacta_rate', 'c5_average_start', 'c6_history_n', 'c6_sashi', 'c6_makuri', 'c6_attack', 'c6_st_rank', 'c6_national_win_rate', 'c6_national_exacta_rate', 'c6_local_win_rate', 'c6_local_exacta_rate', 'c6_motor_exacta_rate', 'c6_boat_exacta_rate', 'c6_average_start', 'lane1_vulnerability_rate', 'c1_exhibition_time_relative', 'c1_start_timing_relative', 'c1_lap_time_relative', 'c1_around_time_relative', 'c1_ex_score', 'c1_st_score', 'c1_lap_score', 'c1_mawari_score', 'c1_attack_potential', 'c1_stable_score', 'c1_final_2nd_score', 'c1_second_rank', 'c1_gap_to_top', 'c2_exhibition_time_relative', 'c2_start_timing_relative', 'c2_lap_time_relative', 'c2_around_time_relative', 'c2_ex_score', 'c2_st_score', 'c2_lap_score', 'c2_mawari_score', 'c2_attack_potential', 'c2_stable_score', 'c2_final_2nd_score', 'c2_second_rank', 'c2_gap_to_top', 'c3_exhibition_time_relative', 'c3_start_timing_relative', 'c3_lap_time_relative', 'c3_around_time_relative', 'c3_ex_score', 'c3_st_score', 'c3_lap_score', 'c3_mawari_score', 'c3_attack_potential', 'c3_stable_score', 'c3_final_2nd_score', 'c3_second_rank', 'c3_gap_to_top', 'c4_exhibition_time_relative', 'c4_start_timing_relative', 'c4_lap_time_relative', 'c4_around_time_relative', 'c4_ex_score', 'c4_st_score', 'c4_lap_score', 'c4_mawari_score', 'c4_attack_potential', 'c4_stable_score', 'c4_final_2nd_score', 'c4_second_rank', 'c4_gap_to_top', 'c5_exhibition_time_relative', 'c5_start_timing_relative', 'c5_lap_time_relative', 'c5_around_time_relative', 'c5_ex_score', 'c5_st_score', 'c5_lap_score', 'c5_mawari_score', 'c5_attack_potential', 'c5_stable_score', 'c5_final_2nd_score', 'c5_second_rank', 'c5_gap_to_top', 'c6_exhibition_time_relative', 'c6_start_timing_relative', 'c6_lap_time_relative', 'c6_around_time_relative', 'c6_ex_score', 'c6_st_score', 'c6_lap_score', 'c6_mawari_score', 'c6_attack_potential', 'c6_stable_score', 'c6_final_2nd_score', 'c6_second_rank', 'c6_gap_to_top']",,,,,[],[]
AMG,5,first,6,RandomForest,-0.22229032746527888,log_loss,0.11207699775695801,3.277965545654297,0.11207699775695801,3.277965545654297,1,True,2,148,1,1,9272273,9272273,9272273,9272273,0,0,RFModel,,log_loss,"{'n_estimators': 300, 'max_leaf_nodes': 15000, 'n_jobs': -1, 'bootstrap': True, 'random_state': 0}",{'n_estimators': 300},"{'max_memory_usage_ratio': 1.0, 'max_gpu_memory_usage_ratio': 1.0, 'max_time_limit_ratio': 1.0, 'max_time_limit': None, 'min_time_limit': 0, 'valid_raw_types': ['bool', 'int', 'float', 'category'], 'valid_special_types': None, 'ignored_type_group_special': None, 'ignored_type_group_raw': None, 'get_features_kwargs': None, 'get_features_kwargs_extra': None, 'predict_1_batch_size': None, 'temperature_scalar': None}","['c1_history_n', 'c1_nige', 'c1_st_rank', 'c1_national_win_rate', 'c1_national_exacta_rate', 'c1_local_win_rate', 'c1_local_exacta_rate', 'c1_motor_exacta_rate', 'c1_boat_exacta_rate', 'c1_average_start', 'c2_history_n', 'c2_sashi', 'c2_makuri', 'c2_st_rank', 'c2_national_win_rate', 'c2_national_exacta_rate', 'c2_local_win_rate', 'c2_local_exacta_rate', 'c2_motor_exacta_rate', 'c2_boat_exacta_rate', 'c2_average_start', 'c3_history_n', 'c3_sashi', 'c3_makuri', 'c3_attack', 'c3_st_rank', 'c3_national_win_rate', 'c3_national_exacta_rate', 'c3_local_win_rate', 'c3_local_exacta_rate', 'c3_motor_exacta_rate', 'c3_boat_exacta_rate', 'c3_average_start', 'c4_history_n', 'c4_sashi', 'c4_makuri', 'c4_attack', 'c4_st_rank', 'c4_national_win_rate', 'c4_national_exacta_rate', 'c4_local_win_rate', 'c4_local_exacta_rate', 'c4_motor_exacta_rate', 'c4_boat_exacta_rate', 'c4_average_start', 'c5_history_n', 'c5_sashi', 'c5_makuri', 'c5_attack', 'c5_st_rank', 'c5_national_win_rate', 'c5_national_exacta_rate', 'c5_local_win_rate', 'c5_local_exacta_rate', 'c5_motor_exacta_rate', 'c5_boat_exacta_rate', 'c5_average_start', 'c6_history_n', 'c6_sashi', 'c6_makuri', 'c6_attack', 'c6_st_rank', 'c6_national_win_rate', 'c6_national_exacta_rate', 'c6_local_win_rate', 'c6_local_exacta_rate', 'c6_motor_exacta_rate', 'c6_boat_exacta_rate', 'c6_average_start', 'lane1_vulnerability_rate', 'c1_exhibition_time_relative', 'c1_start_timing_relative', 'c1_lap_time_relative', 'c1_around_time_relative', 'c1_ex_score', 'c1_st_score', 'c1_lap_score', 'c1_mawari_score', 'c1_attack_potential', 'c1_stable_score', 'c1_final_2nd_score', 'c1_second_rank', 'c1_gap_to_top', 'c2_exhibition_time_relative', 'c2_start_timing_relative', 'c2_lap_time_relative', 'c2_around_time_relative', 'c2_ex_score', 'c2_st_score', 'c2_lap_score', 'c2_mawari_score', 'c2_attack_potential', 'c2_stable_score', 'c2_final_2nd_score', 'c2_second_rank', 'c2_gap_to_top', 'c3_exhibition_time_relative', 'c3_start_timing_relative', 'c3_lap_time_relative', 'c3_around_time_relative', 'c3_ex_score', 'c3_st_score', 'c3_lap_score', 'c3_mawari_score', 'c3_attack_potential', 'c3_stable_score', 'c3_final_2nd_score', 'c3_second_rank', 'c3_gap_to_top', 'c4_exhibition_time_relative', 'c4_start_timing_relative', 'c4_lap_time_relative', 'c4_around_time_relative', 'c4_ex_score', 'c4_st_score', 'c4_lap_score', 'c4_mawari_score', 'c4_attack_potential', 'c4_stable_score', 'c4_final_2nd_score', 'c4_second_rank', 'c4_gap_to_top', 'c5_exhibition_time_relative', 'c5_start_timing_relative', 'c5_lap_time_relative', 'c5_around_time_relative', 'c5_ex_score', 'c5_st_score', 'c5_lap_score', 'c5_mawari_score', 'c5_attack_potential', 'c5_stable_score', 'c5_final_2nd_score', 'c5_second_rank', 'c5_gap_to_top', 'c6_exhibition_time_relative', 'c6_start_timing_relative', 'c6_lap_time_relative', 'c6_around_time_relative', 'c6_ex_score', 'c6_st_score', 'c6_lap_score', 'c6_mawari_score', 'c6_attack_potential', 'c6_stable_score', 'c6_final_2nd_score', 'c6_second_rank', 'c6_gap_to_top']",,,,,[],[]
AMG,5,top2,1,WeightedEnsemble_L2,-0.5023228459867298,log_loss,0.12376618385314941,10.067571878433228,0.0006985664367675781,0.019411087036132812,2,True,6,2,1,3,3782,19317565,3782,19089277,2,0,WeightedEnsembleModel,GreedyWeightedEnsembleModel,log_loss,"{'use_orig_features': False, 'valid_stacker': True, 'max_base_models': 0, 'max_base_models_per_type': 'auto', 'save_bag_folds': True, 'stratify': 'auto', 'bin': 'auto', 'n_bins': None, 'vary_seed_across_folds': False, 'custom_splits': None, 'model_random_seed': 0}",{},"{'max_memory_usage_ratio': 1.0, 'max_gpu_memory_usage_ratio': 1.0, 'max_time_limit_ratio': 1.0, 'max_time_limit': None, 'min_time_limit': 0, 'valid_raw_types': None, 'valid_special_types': None, 'ignored_type_group_special': None, 'ignored_type_group_raw': None, 'get_features_kwargs': None, 'get_features_kwargs_extra': None, 'predict_1_batch_size': None, 'temperature_scalar': None, 'drop_unique': False}","['CatBoost', 'RandomForest']",,"{'ensemble_size': 25, 'subsample_size': 1000000}",{'ensemble_size': 8},"{'max_memory_usage_ratio': 1.0, 'max_gpu_memory_usage_ratio': 1.0, 'max_time_limit_ratio': 1.0, 'max_time_limit': None, 'min_time_limit': 0, 'valid_raw_types': None, 'valid_special_types': None, 'ignored_type_group_special': None, 'ignored_type_group_raw': None, 'get_features_kwargs': None, 'get_features_kwargs_extra': None, 'predict_1_batch_size': None, 'temperature_scalar': None, 'drop_unique': False}","['CatBoost', 'RandomForest']",[]
AMG,5,top2,2,CatBoost,-0.5025409034330439,log_loss,0.009968042373657227,6.810540199279785,0.009968042373657227,6.810540199279785,1,True,3,148,1,1,224506,224506,224506,224506,0,1,CatBoostModel,,log_loss,"{'iterations': 10000, 'learning_rate': 0.05, 'allow_writing_files': False, 'eval_metric': 'Logloss', 'random_seed': 0}",{'iterations': 156},"{'max_memory_usage_ratio': 1.0, 'max_gpu_memory_usage_ratio': 1.0, 'max_time_limit_ratio': 1.0, 'max_time_limit': None, 'min_time_limit': 0, 'valid_raw_types': ['bool', 'int', 'float', 'category'], 'valid_special_types': None, 'ignored_type_group_special': None, 'ignored_type_group_raw': None, 'get_features_kwargs': None, 'get_features_kwargs_extra': None, 'predict_1_batch_size': None, 'temperature_scalar': None}","['c1_history_n', 'c1_nige', 'c1_st_rank', 'c1_national_win_rate', 'c1_national_exacta_rate', 'c1_local_win_rate', 'c1_local_exacta_rate', 'c1_motor_exacta_rate', 'c1_boat_exacta_rate', 'c1_average_start', 'c2_history_n', 'c2_sashi', 'c2_makuri', 'c2_st_rank', 'c2_national_win_rate', 'c2_national_exacta_rate', 'c2_local_win_rate', 'c2_local_exacta_rate', 'c2_motor_exacta_rate', 'c2_boat_exacta_rate', 'c2_average_start', 'c3_history_n', 'c3_sashi', 'c3_makuri', 'c3_attack', 'c3_st_rank', 'c3_national_win_rate', 'c3_national_exacta_rate', 'c3_local_win_rate', 'c3_local_exacta_rate', 'c3_motor_exacta_rate', 'c3_boat_exacta_rate', 'c3_average_start', 'c4_history_n', 'c4_sashi', 'c4_makuri', 'c4_attack', 'c4_st_rank', 'c4_national_win_rate', 'c4_national_exacta_rate', 'c4_local_win_rate', 'c4_local_exacta_rate', 'c4_motor_exacta_rate', 'c4_boat_exacta_rate', 'c4_average_start', 'c5_history_n', 'c5_sashi', 'c5_makuri', 'c5_attack', 'c5_st_rank', 'c5_national_win_rate', 'c5_national_exacta_rate', 'c5_local_win_rate', 'c5_local_exacta_rate', 'c5_motor_exacta_rate', 'c5_boat_exacta_rate', 'c5_average_start', 'c6_history_n', 'c6_sashi', 'c6_makuri', 'c6_attack', 'c6_st_rank', 'c6_national_win_rate', 'c6_national_exacta_rate', 'c6_local_win_rate', 'c6_local_exacta_rate', 'c6_motor_exacta_rate', 'c6_boat_exacta_rate', 'c6_average_start', 'lane1_vulnerability_rate', 'c1_exhibition_time_relative', 'c1_start_timing_relative', 'c1_lap_time_relative', 'c1_around_time_relative', 'c1_ex_score', 'c1_st_score', 'c1_lap_score', 'c1_mawari_score', 'c1_attack_potential', 'c1_stable_score', 'c1_final_2nd_score', 'c1_second_rank', 'c1_gap_to_top', 'c2_exhibition_time_relative', 'c2_start_timing_relative', 'c2_lap_time_relative', 'c2_around_time_relative', 'c2_ex_score', 'c2_st_score', 'c2_lap_score', 'c2_mawari_score', 'c2_attack_potential', 'c2_stable_score', 'c2_final_2nd_score', 'c2_second_rank', 'c2_gap_to_top', 'c3_exhibition_time_relative', 'c3_start_timing_relative', 'c3_lap_time_relative', 'c3_around_time_relative', 'c3_ex_score', 'c3_st_score', 'c3_lap_score', 'c3_mawari_score', 'c3_attack_potential', 'c3_stable_score', 'c3_final_2nd_score', 'c3_second_rank', 'c3_gap_to_top', 'c4_exhibition_time_relative', 'c4_start_timing_relative', 'c4_lap_time_relative', 'c4_around_time_relative', 'c4_ex_score', 'c4_st_score', 'c4_lap_score', 'c4_mawari_score', 'c4_attack_potential', 'c4_stable_score', 'c4_final_2nd_score', 'c4_second_rank', 'c4_gap_to_top', 'c5_exhibition_time_relative', 'c5_start_timing_relative', 'c5_lap_time_relative', 'c5_around_time_relative', 'c5_ex_score', 'c5_st_score', 'c5_lap_score', 'c5_mawari_score', 'c5_attack_potential', 'c5_stable_score', 'c5_final_2nd_score', 'c5_second_rank', 'c5_gap_to_top', 'c6_exhibition_time_relative', 'c6_start_timing_relative', 'c6_lap_time_relative', 'c6_around_time_relative', 'c6_ex_score', 'c6_st_score', 'c6_lap_score', 'c6_mawari_score', 'c6_attack_potential', 'c6_stable_score', 'c6_final_2nd_score', 'c6_second_rank', 'c6_gap_to_top']",,,,,[],['WeightedEnsemble_L2']
AMG,5,top2,3,RandomForest,-0.5122492530659651,log_loss,0.11309957504272461,3.2376205921173096,0.11309957504272461,3.2376205921173096,1,True,2,148,1,1,19089277,19089277,19089277,19089277,0,1,RFModel,,log_loss,"{'n_estimators': 300, 'max_leaf_nodes': 15000, 'n_jobs': -1, 'bootstrap': True, 'random_state': 0}",{'n_estimators': 300},"{'max_memory_usage_ratio': 1.0, 'max_gpu_memory_usage_ratio': 1.0, 'max_time_limit_ratio': 1.0, 'max_time_limit': None, 'min_time_limit': 0, 'valid_raw_types': ['bool', 'int', 'float', 'category'], 'valid_special_types': None, 'ignored_type_group_special': None, 'ignored_type_group_raw': None, 'get_features_kwargs': None, 'get_features_kwargs_extra': None, 'predict_1_batch_size': None, 'temperature_scalar': None}","['c1_history_n', 'c1_nige', 'c1_st_rank', 'c1_national_win_rate', 'c1_national_exacta_rate', 'c1_local_win_rate', 'c1_local_exacta_rate', 'c1_motor_exacta_rate', 'c1_boat_exacta_rate', 'c1_average_start', 'c2_history_n', 'c2_sashi', 'c2_makuri', 'c2_st_rank', 'c2_national_win_rate', 'c2_national_exacta_rate', 'c2_local_win_rate', 'c2_local_exacta_rate', 'c2_motor_exacta_rate', 'c2_boat_exacta_rate', 'c2_average_start', 'c3_history_n', 'c3_sashi', 'c3_makuri', 'c3_attack', 'c3_st_rank', 'c3_national_win_rate', 'c3_national_exacta_rate', 'c3_local_win_rate', 'c3_local_exacta_rate', 'c3_motor_exacta_rate', 'c3_boat_exacta_rate', 'c3_average_start', 'c4_history_n', 'c4_sashi', 'c4_makuri', 'c4_attack', 'c4_st_rank', 'c4_national_win_rate', 'c4_national_exacta_rate', 'c4_local_win_rate', 'c4_local_exacta_rate', 'c4_motor_exacta_rate', 'c4_boat_exacta_rate', 'c4_average_start', 'c5_history_n', 'c5_sashi', 'c5_makuri', 'c5_attack', 'c5_st_rank', 'c5_national_win_rate', 'c5_national_exacta_rate', 'c5_local_win_rate', 'c5_local_exacta_rate', 'c5_motor_exacta_rate', 'c5_boat_exacta_rate', 'c5_average_start', 'c6_history_n', 'c6_sashi', 'c6_makuri', 'c6_attack', 'c6_st_rank', 'c6_national_win_rate', 'c6_national_exacta_rate', 'c6_local_win_rate', 'c6_local_exacta_rate', 'c6_motor_exacta_rate', 'c6_boat_exacta_rate', 'c6_average_start', 'lane1_vulnerability_rate', 'c1_exhibition_time_relative', 'c1_start_timing_relative', 'c1_lap_time_relative', 'c1_around_time_relative', 'c1_ex_score', 'c1_st_score', 'c1_lap_score', 'c1_mawari_score', 'c1_attack_potential', 'c1_stable_score', 'c1_final_2nd_score', 'c1_second_rank', 'c1_gap_to_top', 'c2_exhibition_time_relative', 'c2_start_timing_relative', 'c2_lap_time_relative', 'c2_around_time_relative', 'c2_ex_score', 'c2_st_score', 'c2_lap_score', 'c2_mawari_score', 'c2_attack_potential', 'c2_stable_score', 'c2_final_2nd_score', 'c2_second_rank', 'c2_gap_to_top', 'c3_exhibition_time_relative', 'c3_start_timing_relative', 'c3_lap_time_relative', 'c3_around_time_relative', 'c3_ex_score', 'c3_st_score', 'c3_lap_score', 'c3_mawari_score', 'c3_attack_potential', 'c3_stable_score', 'c3_final_2nd_score', 'c3_second_rank', 'c3_gap_to_top', 'c4_exhibition_time_relative', 'c4_start_timing_relative', 'c4_lap_time_relative', 'c4_around_time_relative', 'c4_ex_score', 'c4_st_score', 'c4_lap_score', 'c4_mawari_score', 'c4_attack_potential', 'c4_stable_score', 'c4_final_2nd_score', 'c4_second_rank', 'c4_gap_to_top', 'c5_exhibition_time_relative', 'c5_start_timing_relative', 'c5_lap_time_relative', 'c5_around_time_relative', 'c5_ex_score', 'c5_st_score', 'c5_lap_score', 'c5_mawari_score', 'c5_attack_potential', 'c5_stable_score', 'c5_final_2nd_score', 'c5_second_rank', 'c5_gap_to_top', 'c6_exhibition_time_relative', 'c6_start_timing_relative', 'c6_lap_time_relative', 'c6_around_time_relative', 'c6_ex_score', 'c6_st_score', 'c6_lap_score', 'c6_mawari_score', 'c6_attack_potential', 'c6_stable_score', 'c6_final_2nd_score', 'c6_second_rank', 'c6_gap_to_top']",,,,,[],['WeightedEnsemble_L2']
AMG,5,top2,4,ExtraTrees,-0.5149311060402417,log_loss,0.11028194427490234,1.548271894454956,0.11028194427490234,1.548271894454956,1,True,4,148,1,1,30392934,30392934,30392934,30392934,0,0,XTModel,,log_loss,"{'n_estimators': 300, 'max_leaf_nodes': 15000, 'n_jobs': -1, 'bootstrap': True, 'random_state': 0}",{'n_estimators': 300},"{'max_memory_usage_ratio': 1.0, 'max_gpu_memory_usage_ratio': 1.0, 'max_time_limit_ratio': 1.0, 'max_time_limit': None, 'min_time_limit': 0, 'valid_raw_types': ['bool', 'int', 'float', 'category'], 'valid_special_types': None, 'ignored_type_group_special': None, 'ignored_type_group_raw': None, 'get_features_kwargs': None, 'get_features_kwargs_extra': None, 'predict_1_batch_size': None, 'temperature_scalar': None}","['c1_history_n', 'c1_nige', 'c1_st_rank', 'c1_national_win_rate', 'c1_national_exacta_rate', 'c1_local_win_rate', 'c1_local_exacta_rate', 'c1_motor_exacta_rate', 'c1_boat_exacta_rate', 'c1_average_start', 'c2_history_n', 'c2_sashi', 'c2_makuri', 'c2_st_rank', 'c2_national_win_rate', 'c2_national_exacta_rate', 'c2_local_win_rate', 'c2_local_exacta_rate', 'c2_motor_exacta_rate', 'c2_boat_exacta_rate', 'c2_average_start', 'c3_history_n', 'c3_sashi', 'c3_makuri', 'c3_attack', 'c3_st_rank', 'c3_national_win_rate', 'c3_national_exacta_rate', 'c3_local_win_rate', 'c3_local_exacta_rate', 'c3_motor_exacta_rate', 'c3_boat_exacta_rate', 'c3_average_start', 'c4_history_n', 'c4_sashi', 'c4_makuri', 'c4_attack', 'c4_st_rank', 'c4_national_win_rate', 'c4_national_exacta_rate', 'c4_local_win_rate', 'c4_local_exacta_rate', 'c4_motor_exacta_rate', 'c4_boat_exacta_rate', 'c4_average_start', 'c5_history_n', 'c5_sashi', 'c5_makuri', 'c5_attack', 'c5_st_rank', 'c5_national_win_rate', 'c5_national_exacta_rate', 'c5_local_win_rate', 'c5_local_exacta_rate', 'c5_motor_exacta_rate', 'c5_boat_exacta_rate', 'c5_average_start', 'c6_history_n', 'c6_sashi', 'c6_makuri', 'c6_attack', 'c6_st_rank', 'c6_national_win_rate', 'c6_national_exacta_rate', 'c6_local_win_rate', 'c6_local_exacta_rate', 'c6_motor_exacta_rate', 'c6_boat_exacta_rate', 'c6_average_start', 'lane1_vulnerability_rate', 'c1_exhibition_time_relative', 'c1_start_timing_relative', 'c1_lap_time_relative', 'c1_around_time_relative', 'c1_ex_score', 'c1_st_score', 'c1_lap_score', 'c1_mawari_score', 'c1_attack_potential', 'c1_stable_score', 'c1_final_2nd_score', 'c1_second_rank', 'c1_gap_to_top', 'c2_exhibition_time_relative', 'c2_start_timing_relative', 'c2_lap_time_relative', 'c2_around_time_relative', 'c2_ex_score', 'c2_st_score', 'c2_lap_score', 'c2_mawari_score', 'c2_attack_potential', 'c2_stable_score', 'c2_final_2nd_score', 'c2_second_rank', 'c2_gap_to_top', 'c3_exhibition_time_relative', 'c3_start_timing_relative', 'c3_lap_time_relative', 'c3_around_time_relative', 'c3_ex_score', 'c3_st_score', 'c3_lap_score', 'c3_mawari_score', 'c3_attack_potential', 'c3_stable_score', 'c3_final_2nd_score', 'c3_second_rank', 'c3_gap_to_top', 'c4_exhibition_time_relative', 'c4_start_timing_relative', 'c4_lap_time_relative', 'c4_around_time_relative', 'c4_ex_score', 'c4_st_score', 'c4_lap_score', 'c4_mawari_score', 'c4_attack_potential', 'c4_stable_score', 'c4_final_2nd_score', 'c4_second_rank', 'c4_gap_to_top', 'c5_exhibition_time_relative', 'c5_start_timing_relative', 'c5_lap_time_relative', 'c5_around_time_relative', 'c5_ex_score', 'c5_st_score', 'c5_lap_score', 'c5_mawari_score', 'c5_attack_potential', 'c5_stable_score', 'c5_final_2nd_score', 'c5_second_rank', 'c5_gap_to_top', 'c6_exhibition_time_relative', 'c6_start_timing_relative', 'c6_lap_time_relative', 'c6_around_time_relative', 'c6_ex_score', 'c6_st_score', 'c6_lap_score', 'c6_mawari_score', 'c6_attack_potential', 'c6_stable_score', 'c6_final_2nd_score', 'c6_second_rank', 'c6_gap_to_top']",,,,,[],[]
AMG,5,top2,5,LightGBM,-0.5153491488512459,log_loss,0.002711057662963867,2.2383103370666504,0.002711057662963867,2.2383103370666504,1,True,1,148,1,1,89149,89149,89149,89149,0,0,LGBModel,,log_loss,"{'learning_rate': 0.05, 'seed': 0}",{'num_boost_round': 21},"{'max_memory_usage_ratio': 1.0, 'max_gpu_memory_usage_ratio': 1.0, 'max_time_limit_ratio': 1.0, 'max_time_limit': None, 'min_time_limit': 0, 'valid_raw_types': ['bool', 'int', 'float', 'category'], 'valid_special_types': None, 'ignored_type_group_special': None, 'ignored_type_group_raw': None, 'get_features_kwargs': None, 'get_features_kwargs_extra': None, 'predict_1_batch_size': None, 'temperature_scalar': None}","['c1_history_n', 'c1_nige', 'c1_st_rank', 'c1_national_win_rate', 'c1_national_exacta_rate', 'c1_local_win_rate', 'c1_local_exacta_rate', 'c1_motor_exacta_rate', 'c1_boat_exacta_rate', 'c1_average_start', 'c2_history_n', 'c2_sashi', 'c2_makuri', 'c2_st_rank', 'c2_national_win_rate', 'c2_national_exacta_rate', 'c2_local_win_rate', 'c2_local_exacta_rate', 'c2_motor_exacta_rate', 'c2_boat_exacta_rate', 'c2_average_start', 'c3_history_n', 'c3_sashi', 'c3_makuri', 'c3_attack', 'c3_st_rank', 'c3_national_win_rate', 'c3_national_exacta_rate', 'c3_local_win_rate', 'c3_local_exacta_rate', 'c3_motor_exacta_rate', 'c3_boat_exacta_rate', 'c3_average_start', 'c4_history_n', 'c4_sashi', 'c4_makuri', 'c4_attack', 'c4_st_rank', 'c4_national_win_rate', 'c4_national_exacta_rate', 'c4_local_win_rate', 'c4_local_exacta_rate', 'c4_motor_exacta_rate', 'c4_boat_exacta_rate', 'c4_average_start', 'c5_history_n', 'c5_sashi', 'c5_makuri', 'c5_attack', 'c5_st_rank', 'c5_national_win_rate', 'c5_national_exacta_rate', 'c5_local_win_rate', 'c5_local_exacta_rate', 'c5_motor_exacta_rate', 'c5_boat_exacta_rate', 'c5_average_start', 'c6_history_n', 'c6_sashi', 'c6_makuri', 'c6_attack', 'c6_st_rank', 'c6_national_win_rate', 'c6_national_exacta_rate', 'c6_local_win_rate', 'c6_local_exacta_rate', 'c6_motor_exacta_rate', 'c6_boat_exacta_rate', 'c6_average_start', 'lane1_vulnerability_rate', 'c1_exhibition_time_relative', 'c1_start_timing_relative', 'c1_lap_time_relative', 'c1_around_time_relative', 'c1_ex_score', 'c1_st_score', 'c1_lap_score', 'c1_mawari_score', 'c1_attack_potential', 'c1_stable_score', 'c1_final_2nd_score', 'c1_second_rank', 'c1_gap_to_top', 'c2_exhibition_time_relative', 'c2_start_timing_relative', 'c2_lap_time_relative', 'c2_around_time_relative', 'c2_ex_score', 'c2_st_score', 'c2_lap_score', 'c2_mawari_score', 'c2_attack_potential', 'c2_stable_score', 'c2_final_2nd_score', 'c2_second_rank', 'c2_gap_to_top', 'c3_exhibition_time_relative', 'c3_start_timing_relative', 'c3_lap_time_relative', 'c3_around_time_relative', 'c3_ex_score', 'c3_st_score', 'c3_lap_score', 'c3_mawari_score', 'c3_attack_potential', 'c3_stable_score', 'c3_final_2nd_score', 'c3_second_rank', 'c3_gap_to_top', 'c4_exhibition_time_relative', 'c4_start_timing_relative', 'c4_lap_time_relative', 'c4_around_time_relative', 'c4_ex_score', 'c4_st_score', 'c4_lap_score', 'c4_mawari_score', 'c4_attack_potential', 'c4_stable_score', 'c4_final_2nd_score', 'c4_second_rank', 'c4_gap_to_top', 'c5_exhibition_time_relative', 'c5_start_timing_relative', 'c5_lap_time_relative', 'c5_around_time_relative', 'c5_ex_score', 'c5_st_score', 'c5_lap_score', 'c5_mawari_score', 'c5_attack_potential', 'c5_stable_score', 'c5_final_2nd_score', 'c5_second_rank', 'c5_gap_to_top', 'c6_exhibition_time_relative', 'c6_start_timing_relative', 'c6_lap_time_relative', 'c6_around_time_relative', 'c6_ex_score', 'c6_st_score', 'c6_lap_score', 'c6_mawari_score', 'c6_attack_potential', 'c6_stable_score', 'c6_final_2nd_score', 'c6_second_rank', 'c6_gap_to_top']",,,,,[],[]
AMG,5,top2,6,XGBoost,-0.5189762273239503,log_loss,0.009197473526000977,5.478473663330078,0.009197473526000977,5.478473663330078,1,True,5,148,1,1,852253,852253,852253,852253,0,0,XGBoostModel,,log_loss,"{'n_estimators': 10000, 'learning_rate': 0.1, 'n_jobs': -1, 'proc.max_category_levels': 100, 'objective': 'binary:logistic', 'booster': 'gbtree', 'seed': 0}",{'n_estimators': 9},"{'max_memory_usage_ratio': 1.0, 'max_gpu_memory_usage_ratio': 1.0, 'max_time_limit_ratio': 1.0, 'max_time_limit': None, 'min_time_limit': 0, 'valid_raw_types': ['bool', 'int', 'float', 'category'], 'valid_special_types': None, 'ignored_type_group_special': None, 'ignored_type_group_raw': None, 'get_features_kwargs': None, 'get_features_kwargs_extra': None, 'predict_1_batch_size': None, 'temperature_scalar': None}","['c1_history_n', 'c1_nige', 'c1_st_rank', 'c1_national_win_rate', 'c1_national_exacta_rate', 'c1_local_win_rate', 'c1_local_exacta_rate', 'c1_motor_exacta_rate', 'c1_boat_exacta_rate', 'c1_average_start', 'c2_history_n', 'c2_sashi', 'c2_makuri', 'c2_st_rank', 'c2_national_win_rate', 'c2_national_exacta_rate', 'c2_local_win_rate', 'c2_local_exacta_rate', 'c2_motor_exacta_rate', 'c2_boat_exacta_rate', 'c2_average_start', 'c3_history_n', 'c3_sashi', 'c3_makuri', 'c3_attack', 'c3_st_rank', 'c3_national_win_rate', 'c3_national_exacta_rate', 'c3_local_win_rate', 'c3_local_exacta_rate', 'c3_motor_exacta_rate', 'c3_boat_exacta_rate', 'c3_average_start', 'c4_history_n', 'c4_sashi', 'c4_makuri', 'c4_attack', 'c4_st_rank', 'c4_national_win_rate', 'c4_national_exacta_rate', 'c4_local_win_rate', 'c4_local_exacta_rate', 'c4_motor_exacta_rate', 'c4_boat_exacta_rate', 'c4_average_start', 'c5_history_n', 'c5_sashi', 'c5_makuri', 'c5_attack', 'c5_st_rank', 'c5_national_win_rate', 'c5_national_exacta_rate', 'c5_local_win_rate', 'c5_local_exacta_rate', 'c5_motor_exacta_rate', 'c5_boat_exacta_rate', 'c5_average_start', 'c6_history_n', 'c6_sashi', 'c6_makuri', 'c6_attack', 'c6_st_rank', 'c6_national_win_rate', 'c6_national_exacta_rate', 'c6_local_win_rate', 'c6_local_exacta_rate', 'c6_motor_exacta_rate', 'c6_boat_exacta_rate', 'c6_average_start', 'lane1_vulnerability_rate', 'c1_exhibition_time_relative', 'c1_start_timing_relative', 'c1_lap_time_relative', 'c1_around_time_relative', 'c1_ex_score', 'c1_st_score', 'c1_lap_score', 'c1_mawari_score', 'c1_attack_potential', 'c1_stable_score', 'c1_final_2nd_score', 'c1_second_rank', 'c1_gap_to_top', 'c2_exhibition_time_relative', 'c2_start_timing_relative', 'c2_lap_time_relative', 'c2_around_time_relative', 'c2_ex_score', 'c2_st_score', 'c2_lap_score', 'c2_mawari_score', 'c2_attack_potential', 'c2_stable_score', 'c2_final_2nd_score', 'c2_second_rank', 'c2_gap_to_top', 'c3_exhibition_time_relative', 'c3_start_timing_relative', 'c3_lap_time_relative', 'c3_around_time_relative', 'c3_ex_score', 'c3_st_score', 'c3_lap_score', 'c3_mawari_score', 'c3_attack_potential', 'c3_stable_score', 'c3_final_2nd_score', 'c3_second_rank', 'c3_gap_to_top', 'c4_exhibition_time_relative', 'c4_start_timing_relative', 'c4_lap_time_relative', 'c4_around_time_relative', 'c4_ex_score', 'c4_st_score', 'c4_lap_score', 'c4_mawari_score', 'c4_attack_potential', 'c4_stable_score', 'c4_final_2nd_score', 'c4_second_rank', 'c4_gap_to_top', 'c5_exhibition_time_relative', 'c5_start_timing_relative', 'c5_lap_time_relative', 'c5_around_time_relative', 'c5_ex_score', 'c5_st_score', 'c5_lap_score', 'c5_mawari_score', 'c5_attack_potential', 'c5_stable_score', 'c5_final_2nd_score', 'c5_second_rank', 'c5_gap_to_top', 'c6_exhibition_time_relative', 'c6_start_timing_relative', 'c6_lap_time_relative', 'c6_around_time_relative', 'c6_ex_score', 'c6_st_score', 'c6_lap_score', 'c6_mawari_score', 'c6_attack_potential', 'c6_stable_score', 'c6_final_2nd_score', 'c6_second_rank', 'c6_gap_to_top']",,,,,[],[]
AMG,5,top3,1,WeightedEnsemble_L2,-0.6445647726301832,log_loss,0.2433922290802002,12.507896423339844,0.0006921291351318359,0.01934361457824707,2,True,6,3,1,4,3790,65745002,3790,40424294,3,0,WeightedEnsembleModel,GreedyWeightedEnsembleModel,log_loss,"{'use_orig_features': False, 'valid_stacker': True, 'max_base_models': 0, 'max_base_models_per_type': 'auto', 'save_bag_folds': True, 'stratify': 'auto', 'bin': 'auto', 'n_bins': None, 'vary_seed_across_folds': False, 'custom_splits': None, 'model_random_seed': 0}",{},"{'max_memory_usage_ratio': 1.0, 'max_gpu_memory_usage_ratio': 1.0, 'max_time_limit_ratio': 1.0, 'max_time_limit': None, 'min_time_limit': 0, 'valid_raw_types': None, 'valid_special_types': None, 'ignored_type_group_special': None, 'ignored_type_group_raw': None, 'get_features_kwargs': None, 'get_features_kwargs_extra': None, 'predict_1_batch_size': None, 'temperature_scalar': None, 'drop_unique': False}","['ExtraTrees', 'CatBoost', 'RandomForest']",,"{'ensemble_size': 25, 'subsample_size': 1000000}",{'ensemble_size': 9},"{'max_memory_usage_ratio': 1.0, 'max_gpu_memory_usage_ratio': 1.0, 'max_time_limit_ratio': 1.0, 'max_time_limit': None, 'min_time_limit': 0, 'valid_raw_types': None, 'valid_special_types': None, 'ignored_type_group_special': None, 'ignored_type_group_raw': None, 'get_features_kwargs': None, 'get_features_kwargs_extra': None, 'predict_1_batch_size': None, 'temperature_scalar': None, 'drop_unique': False}","['ExtraTrees', 'CatBoost', 'RandomForest']",[]
AMG,5,top3,2,CatBoost,-0.6464015878931337,log_loss,0.009935617446899414,7.771744251251221,0.009935617446899414,7.771744251251221,1,True,3,148,1,1,291338,291338,291338,291338,0,1,CatBoostModel,,log_loss,"{'iterations': 10000, 'learning_rate': 0.05, 'allow_writing_files': False, 'eval_metric': 'Logloss', 'random_seed': 0}",{'iterations': 213},"{'max_memory_usage_ratio': 1.0, 'max_gpu_memory_usage_ratio': 1.0, 'max_time_limit_ratio': 1.0, 'max_time_limit': None, 'min_time_limit': 0, 'valid_raw_types': ['bool', 'int', 'float', 'category'], 'valid_special_types': None, 'ignored_type_group_special': None, 'ignored_type_group_raw': None, 'get_features_kwargs': None, 'get_features_kwargs_extra': None, 'predict_1_batch_size': None, 'temperature_scalar': None}","['c1_history_n', 'c1_nige', 'c1_st_rank', 'c1_national_win_rate', 'c1_national_exacta_rate', 'c1_local_win_rate', 'c1_local_exacta_rate', 'c1_motor_exacta_rate', 'c1_boat_exacta_rate', 'c1_average_start', 'c2_history_n', 'c2_sashi', 'c2_makuri', 'c2_st_rank', 'c2_national_win_rate', 'c2_national_exacta_rate', 'c2_local_win_rate', 'c2_local_exacta_rate', 'c2_motor_exacta_rate', 'c2_boat_exacta_rate', 'c2_average_start', 'c3_history_n', 'c3_sashi', 'c3_makuri', 'c3_attack', 'c3_st_rank', 'c3_national_win_rate', 'c3_national_exacta_rate', 'c3_local_win_rate', 'c3_local_exacta_rate', 'c3_motor_exacta_rate', 'c3_boat_exacta_rate', 'c3_average_start', 'c4_history_n', 'c4_sashi', 'c4_makuri', 'c4_attack', 'c4_st_rank', 'c4_national_win_rate', 'c4_national_exacta_rate', 'c4_local_win_rate', 'c4_local_exacta_rate', 'c4_motor_exacta_rate', 'c4_boat_exacta_rate', 'c4_average_start', 'c5_history_n', 'c5_sashi', 'c5_makuri', 'c5_attack', 'c5_st_rank', 'c5_national_win_rate', 'c5_national_exacta_rate', 'c5_local_win_rate', 'c5_local_exacta_rate', 'c5_motor_exacta_rate', 'c5_boat_exacta_rate', 'c5_average_start', 'c6_history_n', 'c6_sashi', 'c6_makuri', 'c6_attack', 'c6_st_rank', 'c6_national_win_rate', 'c6_national_exacta_rate', 'c6_local_win_rate', 'c6_local_exacta_rate', 'c6_motor_exacta_rate', 'c6_boat_exacta_rate', 'c6_average_start', 'lane1_vulnerability_rate', 'c1_exhibition_time_relative', 'c1_start_timing_relative', 'c1_lap_time_relative', 'c1_around_time_relative', 'c1_ex_score', 'c1_st_score', 'c1_lap_score', 'c1_mawari_score', 'c1_attack_potential', 'c1_stable_score', 'c1_final_2nd_score', 'c1_second_rank', 'c1_gap_to_top', 'c2_exhibition_time_relative', 'c2_start_timing_relative', 'c2_lap_time_relative', 'c2_around_time_relative', 'c2_ex_score', 'c2_st_score', 'c2_lap_score', 'c2_mawari_score', 'c2_attack_potential', 'c2_stable_score', 'c2_final_2nd_score', 'c2_second_rank', 'c2_gap_to_top', 'c3_exhibition_time_relative', 'c3_start_timing_relative', 'c3_lap_time_relative', 'c3_around_time_relative', 'c3_ex_score', 'c3_st_score', 'c3_lap_score', 'c3_mawari_score', 'c3_attack_potential', 'c3_stable_score', 'c3_final_2nd_score', 'c3_second_rank', 'c3_gap_to_top', 'c4_exhibition_time_relative', 'c4_start_timing_relative', 'c4_lap_time_relative', 'c4_around_time_relative', 'c4_ex_score', 'c4_st_score', 'c4_lap_score', 'c4_mawari_score', 'c4_attack_potential', 'c4_stable_score', 'c4_final_2nd_score', 'c4_second_rank', 'c4_gap_to_top', 'c5_exhibition_time_relative', 'c5_start_timing_relative', 'c5_lap_time_relative', 'c5_around_time_relative', 'c5_ex_score', 'c5_st_score', 'c5_lap_score', 'c5_mawari_score', 'c5_attack_potential', 'c5_stable_score', 'c5_final_2nd_score', 'c5_second_rank', 'c5_gap_to_top', 'c6_exhibition_time_relative', 'c6_start_timing_relative', 'c6_lap_time_relative', 'c6_around_time_relative', 'c6_ex_score', 'c6_st_score', 'c6_lap_score', 'c6_mawari_score', 'c6_attack_potential', 'c6_stable_score', 'c6_final_2nd_score', 'c6_second_rank', 'c6_gap_to_top']",,,,,[],['WeightedEnsemble_L2']
AMG,5,top3,3,RandomForest,-0.6511445069533233,log_loss,0.120941162109375,3.086282730102539,0.120941162109375,3.086282730102539,1,True,2,148,1,1,25025580,25025580,25025580,25025580,0,1,RFModel,,log_loss,"{'n_estimators': 300, 'max_leaf_nodes': 15000, 'n_jobs': -1, 'bootstrap': True, 'random_state': 0}",{'n_estimators': 300},"{'max_memory_usage_ratio': 1.0, 'max_gpu_memory_usage_ratio': 1.0, 'max_time_limit_ratio': 1.0, 'max_time_limit': None, 'min_time_limit': 0, 'valid_raw_types': ['bool', 'int', 'float', 'category'], 'valid_special_types': None, 'ignored_type_group_special': None, 'ignored_type_group_raw': None, 'get_features_kwargs': None, 'get_features_kwargs_extra': None, 'predict_1_batch_size': None, 'temperature_scalar': None}","['c1_history_n', 'c1_nige', 'c1_st_rank', 'c1_national_win_rate', 'c1_national_exacta_rate', 'c1_local_win_rate', 'c1_local_exacta_rate', 'c1_motor_exacta_rate', 'c1_boat_exacta_rate', 'c1_average_start', 'c2_history_n', 'c2_sashi', 'c2_makuri', 'c2_st_rank', 'c2_national_win_rate', 'c2_national_exacta_rate', 'c2_local_win_rate', 'c2_local_exacta_rate', 'c2_motor_exacta_rate', 'c2_boat_exacta_rate', 'c2_average_start', 'c3_history_n', 'c3_sashi', 'c3_makuri', 'c3_attack', 'c3_st_rank', 'c3_national_win_rate', 'c3_national_exacta_rate', 'c3_local_win_rate', 'c3_local_exacta_rate', 'c3_motor_exacta_rate', 'c3_boat_exacta_rate', 'c3_average_start', 'c4_history_n', 'c4_sashi', 'c4_makuri', 'c4_attack', 'c4_st_rank', 'c4_national_win_rate', 'c4_national_exacta_rate', 'c4_local_win_rate', 'c4_local_exacta_rate', 'c4_motor_exacta_rate', 'c4_boat_exacta_rate', 'c4_average_start', 'c5_history_n', 'c5_sashi', 'c5_makuri', 'c5_attack', 'c5_st_rank', 'c5_national_win_rate', 'c5_national_exacta_rate', 'c5_local_win_rate', 'c5_local_exacta_rate', 'c5_motor_exacta_rate', 'c5_boat_exacta_rate', 'c5_average_start', 'c6_history_n', 'c6_sashi', 'c6_makuri', 'c6_attack', 'c6_st_rank', 'c6_national_win_rate', 'c6_national_exacta_rate', 'c6_local_win_rate', 'c6_local_exacta_rate', 'c6_motor_exacta_rate', 'c6_boat_exacta_rate', 'c6_average_start', 'lane1_vulnerability_rate', 'c1_exhibition_time_relative', 'c1_start_timing_relative', 'c1_lap_time_relative', 'c1_around_time_relative', 'c1_ex_score', 'c1_st_score', 'c1_lap_score', 'c1_mawari_score', 'c1_attack_potential', 'c1_stable_score', 'c1_final_2nd_score', 'c1_second_rank', 'c1_gap_to_top', 'c2_exhibition_time_relative', 'c2_start_timing_relative', 'c2_lap_time_relative', 'c2_around_time_relative', 'c2_ex_score', 'c2_st_score', 'c2_lap_score', 'c2_mawari_score', 'c2_attack_potential', 'c2_stable_score', 'c2_final_2nd_score', 'c2_second_rank', 'c2_gap_to_top', 'c3_exhibition_time_relative', 'c3_start_timing_relative', 'c3_lap_time_relative', 'c3_around_time_relative', 'c3_ex_score', 'c3_st_score', 'c3_lap_score', 'c3_mawari_score', 'c3_attack_potential', 'c3_stable_score', 'c3_final_2nd_score', 'c3_second_rank', 'c3_gap_to_top', 'c4_exhibition_time_relative', 'c4_start_timing_relative', 'c4_lap_time_relative', 'c4_around_time_relative', 'c4_ex_score', 'c4_st_score', 'c4_lap_score', 'c4_mawari_score', 'c4_attack_potential', 'c4_stable_score', 'c4_final_2nd_score', 'c4_second_rank', 'c4_gap_to_top', 'c5_exhibition_time_relative', 'c5_start_timing_relative', 'c5_lap_time_relative', 'c5_around_time_relative', 'c5_ex_score', 'c5_st_score', 'c5_lap_score', 'c5_mawari_score', 'c5_attack_potential', 'c5_stable_score', 'c5_final_2nd_score', 'c5_second_rank', 'c5_gap_to_top', 'c6_exhibition_time_relative', 'c6_start_timing_relative', 'c6_lap_time_relative', 'c6_around_time_relative', 'c6_ex_score', 'c6_st_score', 'c6_lap_score', 'c6_mawari_score', 'c6_attack_potential', 'c6_stable_score', 'c6_final_2nd_score', 'c6_second_rank', 'c6_gap_to_top']",,,,,[],['WeightedEnsemble_L2']
AMG,5,top3,4,ExtraTrees,-0.6554053969767518,log_loss,0.11182332038879395,1.630525827407837,0.11182332038879395,1.630525827407837,1,True,4,148,1,1,40424294,40424294,40424294,40424294,0,1,XTModel,,log_loss,"{'n_estimators': 300, 'max_leaf_nodes': 15000, 'n_jobs': -1, 'bootstrap': True, 'random_state': 0}",{'n_estimators': 300},"{'max_memory_usage_ratio': 1.0, 'max_gpu_memory_usage_ratio': 1.0, 'max_time_limit_ratio': 1.0, 'max_time_limit': None, 'min_time_limit': 0, 'valid_raw_types': ['bool', 'int', 'float', 'category'], 'valid_special_types': None, 'ignored_type_group_special': None, 'ignored_type_group_raw': None, 'get_features_kwargs': None, 'get_features_kwargs_extra': None, 'predict_1_batch_size': None, 'temperature_scalar': None}","['c1_history_n', 'c1_nige', 'c1_st_rank', 'c1_national_win_rate', 'c1_national_exacta_rate', 'c1_local_win_rate', 'c1_local_exacta_rate', 'c1_motor_exacta_rate', 'c1_boat_exacta_rate', 'c1_average_start', 'c2_history_n', 'c2_sashi', 'c2_makuri', 'c2_st_rank', 'c2_national_win_rate', 'c2_national_exacta_rate', 'c2_local_win_rate', 'c2_local_exacta_rate', 'c2_motor_exacta_rate', 'c2_boat_exacta_rate', 'c2_average_start', 'c3_history_n', 'c3_sashi', 'c3_makuri', 'c3_attack', 'c3_st_rank', 'c3_national_win_rate', 'c3_national_exacta_rate', 'c3_local_win_rate', 'c3_local_exacta_rate', 'c3_motor_exacta_rate', 'c3_boat_exacta_rate', 'c3_average_start', 'c4_history_n', 'c4_sashi', 'c4_makuri', 'c4_attack', 'c4_st_rank', 'c4_national_win_rate', 'c4_national_exacta_rate', 'c4_local_win_rate', 'c4_local_exacta_rate', 'c4_motor_exacta_rate', 'c4_boat_exacta_rate', 'c4_average_start', 'c5_history_n', 'c5_sashi', 'c5_makuri', 'c5_attack', 'c5_st_rank', 'c5_national_win_rate', 'c5_national_exacta_rate', 'c5_local_win_rate', 'c5_local_exacta_rate', 'c5_motor_exacta_rate', 'c5_boat_exacta_rate', 'c5_average_start', 'c6_history_n', 'c6_sashi', 'c6_makuri', 'c6_attack', 'c6_st_rank', 'c6_national_win_rate', 'c6_national_exacta_rate', 'c6_local_win_rate', 'c6_local_exacta_rate', 'c6_motor_exacta_rate', 'c6_boat_exacta_rate', 'c6_average_start', 'lane1_vulnerability_rate', 'c1_exhibition_time_relative', 'c1_start_timing_relative', 'c1_lap_time_relative', 'c1_around_time_relative', 'c1_ex_score', 'c1_st_score', 'c1_lap_score', 'c1_mawari_score', 'c1_attack_potential', 'c1_stable_score', 'c1_final_2nd_score', 'c1_second_rank', 'c1_gap_to_top', 'c2_exhibition_time_relative', 'c2_start_timing_relative', 'c2_lap_time_relative', 'c2_around_time_relative', 'c2_ex_score', 'c2_st_score', 'c2_lap_score', 'c2_mawari_score', 'c2_attack_potential', 'c2_stable_score', 'c2_final_2nd_score', 'c2_second_rank', 'c2_gap_to_top', 'c3_exhibition_time_relative', 'c3_start_timing_relative', 'c3_lap_time_relative', 'c3_around_time_relative', 'c3_ex_score', 'c3_st_score', 'c3_lap_score', 'c3_mawari_score', 'c3_attack_potential', 'c3_stable_score', 'c3_final_2nd_score', 'c3_second_rank', 'c3_gap_to_top', 'c4_exhibition_time_relative', 'c4_start_timing_relative', 'c4_lap_time_relative', 'c4_around_time_relative', 'c4_ex_score', 'c4_st_score', 'c4_lap_score', 'c4_mawari_score', 'c4_attack_potential', 'c4_stable_score', 'c4_final_2nd_score', 'c4_second_rank', 'c4_gap_to_top', 'c5_exhibition_time_relative', 'c5_start_timing_relative', 'c5_lap_time_relative', 'c5_around_time_relative', 'c5_ex_score', 'c5_st_score', 'c5_lap_score', 'c5_mawari_score', 'c5_attack_potential', 'c5_stable_score', 'c5_final_2nd_score', 'c5_second_rank', 'c5_gap_to_top', 'c6_exhibition_time_relative', 'c6_start_timing_relative', 'c6_lap_time_relative', 'c6_around_time_relative', 'c6_ex_score', 'c6_st_score', 'c6_lap_score', 'c6_mawari_score', 'c6_attack_potential', 'c6_stable_score', 'c6_final_2nd_score', 'c6_second_rank', 'c6_gap_to_top']",,,,,[],['WeightedEnsemble_L2']
AMG,5,top3,5,LightGBM,-0.661744721107804,log_loss,0.002648591995239258,2.1050658226013184,0.002648591995239258,2.1050658226013184,1,True,1,148,1,1,72158,72158,72158,72158,0,0,LGBModel,,log_loss,"{'learning_rate': 0.05, 'seed': 0}",{'num_boost_round': 16},"{'max_memory_usage_ratio': 1.0, 'max_gpu_memory_usage_ratio': 1.0, 'max_time_limit_ratio': 1.0, 'max_time_limit': None, 'min_time_limit': 0, 'valid_raw_types': ['bool', 'int', 'float', 'category'], 'valid_special_types': None, 'ignored_type_group_special': None, 'ignored_type_group_raw': None, 'get_features_kwargs': None, 'get_features_kwargs_extra': None, 'predict_1_batch_size': None, 'temperature_scalar': None}","['c1_history_n', 'c1_nige', 'c1_st_rank', 'c1_national_win_rate', 'c1_national_exacta_rate', 'c1_local_win_rate', 'c1_local_exacta_rate', 'c1_motor_exacta_rate', 'c1_boat_exacta_rate', 'c1_average_start', 'c2_history_n', 'c2_sashi', 'c2_makuri', 'c2_st_rank', 'c2_national_win_rate', 'c2_national_exacta_rate', 'c2_local_win_rate', 'c2_local_exacta_rate', 'c2_motor_exacta_rate', 'c2_boat_exacta_rate', 'c2_average_start', 'c3_history_n', 'c3_sashi', 'c3_makuri', 'c3_attack', 'c3_st_rank', 'c3_national_win_rate', 'c3_national_exacta_rate', 'c3_local_win_rate', 'c3_local_exacta_rate', 'c3_motor_exacta_rate', 'c3_boat_exacta_rate', 'c3_average_start', 'c4_history_n', 'c4_sashi', 'c4_makuri', 'c4_attack', 'c4_st_rank', 'c4_national_win_rate', 'c4_national_exacta_rate', 'c4_local_win_rate', 'c4_local_exacta_rate', 'c4_motor_exacta_rate', 'c4_boat_exacta_rate', 'c4_average_start', 'c5_history_n', 'c5_sashi', 'c5_makuri', 'c5_attack', 'c5_st_rank', 'c5_national_win_rate', 'c5_national_exacta_rate', 'c5_local_win_rate', 'c5_local_exacta_rate', 'c5_motor_exacta_rate', 'c5_boat_exacta_rate', 'c5_average_start', 'c6_history_n', 'c6_sashi', 'c6_makuri', 'c6_attack', 'c6_st_rank', 'c6_national_win_rate', 'c6_national_exacta_rate', 'c6_local_win_rate', 'c6_local_exacta_rate', 'c6_motor_exacta_rate', 'c6_boat_exacta_rate', 'c6_average_start', 'lane1_vulnerability_rate', 'c1_exhibition_time_relative', 'c1_start_timing_relative', 'c1_lap_time_relative', 'c1_around_time_relative', 'c1_ex_score', 'c1_st_score', 'c1_lap_score', 'c1_mawari_score', 'c1_attack_potential', 'c1_stable_score', 'c1_final_2nd_score', 'c1_second_rank', 'c1_gap_to_top', 'c2_exhibition_time_relative', 'c2_start_timing_relative', 'c2_lap_time_relative', 'c2_around_time_relative', 'c2_ex_score', 'c2_st_score', 'c2_lap_score', 'c2_mawari_score', 'c2_attack_potential', 'c2_stable_score', 'c2_final_2nd_score', 'c2_second_rank', 'c2_gap_to_top', 'c3_exhibition_time_relative', 'c3_start_timing_relative', 'c3_lap_time_relative', 'c3_around_time_relative', 'c3_ex_score', 'c3_st_score', 'c3_lap_score', 'c3_mawari_score', 'c3_attack_potential', 'c3_stable_score', 'c3_final_2nd_score', 'c3_second_rank', 'c3_gap_to_top', 'c4_exhibition_time_relative', 'c4_start_timing_relative', 'c4_lap_time_relative', 'c4_around_time_relative', 'c4_ex_score', 'c4_st_score', 'c4_lap_score', 'c4_mawari_score', 'c4_attack_potential', 'c4_stable_score', 'c4_final_2nd_score', 'c4_second_rank', 'c4_gap_to_top', 'c5_exhibition_time_relative', 'c5_start_timing_relative', 'c5_lap_time_relative', 'c5_around_time_relative', 'c5_ex_score', 'c5_st_score', 'c5_lap_score', 'c5_mawari_score', 'c5_attack_potential', 'c5_stable_score', 'c5_final_2nd_score', 'c5_second_rank', 'c5_gap_to_top', 'c6_exhibition_time_relative', 'c6_start_timing_relative', 'c6_lap_time_relative', 'c6_around_time_relative', 'c6_ex_score', 'c6_st_score', 'c6_lap_score', 'c6_mawari_score', 'c6_attack_potential', 'c6_stable_score', 'c6_final_2nd_score', 'c6_second_rank', 'c6_gap_to_top']",,,,,[],[]
AMG,5,top3,6,XGBoost,-0.6692857616193741,log_loss,0.009172201156616211,5.9606733322143555,0.009172201156616211,5.9606733322143555,1,True,5,148,1,1,950525,950525,950525,950525,0,0,XGBoostModel,,log_loss,"{'n_estimators': 10000, 'learning_rate': 0.1, 'n_jobs': -1, 'proc.max_category_levels': 100, 'objective': 'binary:logistic', 'booster': 'gbtree', 'seed': 0}",{'n_estimators': 9},"{'max_memory_usage_ratio': 1.0, 'max_gpu_memory_usage_ratio': 1.0, 'max_time_limit_ratio': 1.0, 'max_time_limit': None, 'min_time_limit': 0, 'valid_raw_types': ['bool', 'int', 'float', 'category'], 'valid_special_types': None, 'ignored_type_group_special': None, 'ignored_type_group_raw': None, 'get_features_kwargs': None, 'get_features_kwargs_extra': None, 'predict_1_batch_size': None, 'temperature_scalar': None}","['c1_history_n', 'c1_nige', 'c1_st_rank', 'c1_national_win_rate', 'c1_national_exacta_rate', 'c1_local_win_rate', 'c1_local_exacta_rate', 'c1_motor_exacta_rate', 'c1_boat_exacta_rate', 'c1_average_start', 'c2_history_n', 'c2_sashi', 'c2_makuri', 'c2_st_rank', 'c2_national_win_rate', 'c2_national_exacta_rate', 'c2_local_win_rate', 'c2_local_exacta_rate', 'c2_motor_exacta_rate', 'c2_boat_exacta_rate', 'c2_average_start', 'c3_history_n', 'c3_sashi', 'c3_makuri', 'c3_attack', 'c3_st_rank', 'c3_national_win_rate', 'c3_national_exacta_rate', 'c3_local_win_rate', 'c3_local_exacta_rate', 'c3_motor_exacta_rate', 'c3_boat_exacta_rate', 'c3_average_start', 'c4_history_n', 'c4_sashi', 'c4_makuri', 'c4_attack', 'c4_st_rank', 'c4_national_win_rate', 'c4_national_exacta_rate', 'c4_local_win_rate', 'c4_local_exacta_rate', 'c4_motor_exacta_rate', 'c4_boat_exacta_rate', 'c4_average_start', 'c5_history_n', 'c5_sashi', 'c5_makuri', 'c5_attack', 'c5_st_rank', 'c5_national_win_rate', 'c5_national_exacta_rate', 'c5_local_win_rate', 'c5_local_exacta_rate', 'c5_motor_exacta_rate', 'c5_boat_exacta_rate', 'c5_average_start', 'c6_history_n', 'c6_sashi', 'c6_makuri', 'c6_attack', 'c6_st_rank', 'c6_national_win_rate', 'c6_national_exacta_rate', 'c6_local_win_rate', 'c6_local_exacta_rate', 'c6_motor_exacta_rate', 'c6_boat_exacta_rate', 'c6_average_start', 'lane1_vulnerability_rate', 'c1_exhibition_time_relative', 'c1_start_timing_relative', 'c1_lap_time_relative', 'c1_around_time_relative', 'c1_ex_score', 'c1_st_score', 'c1_lap_score', 'c1_mawari_score', 'c1_attack_potential', 'c1_stable_score', 'c1_final_2nd_score', 'c1_second_rank', 'c1_gap_to_top', 'c2_exhibition_time_relative', 'c2_start_timing_relative', 'c2_lap_time_relative', 'c2_around_time_relative', 'c2_ex_score', 'c2_st_score', 'c2_lap_score', 'c2_mawari_score', 'c2_attack_potential', 'c2_stable_score', 'c2_final_2nd_score', 'c2_second_rank', 'c2_gap_to_top', 'c3_exhibition_time_relative', 'c3_start_timing_relative', 'c3_lap_time_relative', 'c3_around_time_relative', 'c3_ex_score', 'c3_st_score', 'c3_lap_score', 'c3_mawari_score', 'c3_attack_potential', 'c3_stable_score', 'c3_final_2nd_score', 'c3_second_rank', 'c3_gap_to_top', 'c4_exhibition_time_relative', 'c4_start_timing_relative', 'c4_lap_time_relative', 'c4_around_time_relative', 'c4_ex_score', 'c4_st_score', 'c4_lap_score', 'c4_mawari_score', 'c4_attack_potential', 'c4_stable_score', 'c4_final_2nd_score', 'c4_second_rank', 'c4_gap_to_top', 'c5_exhibition_time_relative', 'c5_start_timing_relative', 'c5_lap_time_relative', 'c5_around_time_relative', 'c5_ex_score', 'c5_st_score', 'c5_lap_score', 'c5_mawari_score', 'c5_attack_potential', 'c5_stable_score', 'c5_final_2nd_score', 'c5_second_rank', 'c5_gap_to_top', 'c6_exhibition_time_relative', 'c6_start_timing_relative', 'c6_lap_time_relative', 'c6_around_time_relative', 'c6_ex_score', 'c6_st_score', 'c6_lap_score', 'c6_mawari_score', 'c6_attack_potential', 'c6_stable_score', 'c6_final_2nd_score', 'c6_second_rank', 'c6_gap_to_top']",,,,,[],[]
AMG,6,first,1,WeightedEnsemble_L2,-0.09670919998891983,log_loss,0.13013529777526855,11.245654821395874,0.0006814002990722656,0.019838333129882812,2,True,6,3,1,4,3792,4553557,3792,4005224,3,0,WeightedEnsembleModel,GreedyWeightedEnsembleModel,log_loss,"{'use_orig_features': False, 'valid_stacker': True, 'max_base_models': 0, 'max_base_models_per_type': 'auto', 'save_bag_folds': True, 'stratify': 'auto', 'bin': 'auto', 'n_bins': None, 'vary_seed_across_folds': False, 'custom_splits': None, 'model_random_seed': 0}",{},"{'max_memory_usage_ratio': 1.0, 'max_gpu_memory_usage_ratio': 1.0, 'max_time_limit_ratio': 1.0, 'max_time_limit': None, 'min_time_limit': 0, 'valid_raw_types': None, 'valid_special_types': None, 'ignored_type_group_special': None, 'ignored_type_group_raw': None, 'get_features_kwargs': None, 'get_features_kwargs_extra': None, 'predict_1_batch_size': None, 'temperature_scalar': None, 'drop_unique': False}","['XGBoost', 'CatBoost', 'RandomForest']",,"{'ensemble_size': 25, 'subsample_size': 1000000}",{'ensemble_size': 19},"{'max_memory_usage_ratio': 1.0, 'max_gpu_memory_usage_ratio': 1.0, 'max_time_limit_ratio': 1.0, 'max_time_limit': None, 'min_time_limit': 0, 'valid_raw_types': None, 'valid_special_types': None, 'ignored_type_group_special': None, 'ignored_type_group_raw': None, 'get_features_kwargs': None, 'get_features_kwargs_extra': None, 'predict_1_batch_size': None, 'temperature_scalar': None, 'drop_unique': False}","['XGBoost', 'CatBoost', 'RandomForest']",[]
AMG,6,first,2,CatBoost,-0.09725475652945542,log_loss,0.009621858596801758,5.724362373352051,0.009621858596801758,5.724362373352051,1,True,3,148,1,1,146956,146956,146956,146956,0,1,CatBoostModel,,log_loss,"{'iterations': 10000, 'learning_rate': 0.05, 'allow_writing_files': False, 'eval_metric': 'Logloss', 'random_seed': 0}",{'iterations': 89},"{'max_memory_usage_ratio': 1.0, 'max_gpu_memory_usage_ratio': 1.0, 'max_time_limit_ratio': 1.0, 'max_time_limit': None, 'min_time_limit': 0, 'valid_raw_types': ['bool', 'int', 'float', 'category'], 'valid_special_types': None, 'ignored_type_group_special': None, 'ignored_type_group_raw': None, 'get_features_kwargs': None, 'get_features_kwargs_extra': None, 'predict_1_batch_size': None, 'temperature_scalar': None}","['c1_history_n', 'c1_nige', 'c1_st_rank', 'c1_national_win_rate', 'c1_national_exacta_rate', 'c1_local_win_rate', 'c1_local_exacta_rate', 'c1_motor_exacta_rate', 'c1_boat_exacta_rate', 'c1_average_start', 'c2_history_n', 'c2_sashi', 'c2_makuri', 'c2_st_rank', 'c2_national_win_rate', 'c2_national_exacta_rate', 'c2_local_win_rate', 'c2_local_exacta_rate', 'c2_motor_exacta_rate', 'c2_boat_exacta_rate', 'c2_average_start', 'c3_history_n', 'c3_sashi', 'c3_makuri', 'c3_attack', 'c3_st_rank', 'c3_national_win_rate', 'c3_national_exacta_rate', 'c3_local_win_rate', 'c3_local_exacta_rate', 'c3_motor_exacta_rate', 'c3_boat_exacta_rate', 'c3_average_start', 'c4_history_n', 'c4_sashi', 'c4_makuri', 'c4_attack', 'c4_st_rank', 'c4_national_win_rate', 'c4_national_exacta_rate', 'c4_local_win_rate', 'c4_local_exacta_rate', 'c4_motor_exacta_rate', 'c4_boat_exacta_rate', 'c4_average_start', 'c5_history_n', 'c5_sashi', 'c5_makuri', 'c5_attack', 'c5_st_rank', 'c5_national_win_rate', 'c5_national_exacta_rate', 'c5_local_win_rate', 'c5_local_exacta_rate', 'c5_motor_exacta_rate', 'c5_boat_exacta_rate', 'c5_average_start', 'c6_history_n', 'c6_sashi', 'c6_makuri', 'c6_attack', 'c6_st_rank', 'c6_national_win_rate', 'c6_national_exacta_rate', 'c6_local_win_rate', 'c6_local_exacta_rate', 'c6_motor_exacta_rate', 'c6_boat_exacta_rate', 'c6_average_start', 'lane1_vulnerability_rate', 'c1_exhibition_time_relative', 'c1_start_timing_relative', 'c1_lap_time_relative', 'c1_around_time_relative', 'c1_ex_score', 'c1_st_score', 'c1_lap_score', 'c1_mawari_score', 'c1_attack_potential', 'c1_stable_score', 'c1_final_2nd_score', 'c1_second_rank', 'c1_gap_to_top', 'c2_exhibition_time_relative', 'c2_start_timing_relative', 'c2_lap_time_relative', 'c2_around_time_relative', 'c2_ex_score', 'c2_st_score', 'c2_lap_score', 'c2_mawari_score', 'c2_attack_potential', 'c2_stable_score', 'c2_final_2nd_score', 'c2_second_rank', 'c2_gap_to_top', 'c3_exhibition_time_relative', 'c3_start_timing_relative', 'c3_lap_time_relative', 'c3_around_time_relative', 'c3_ex_score', 'c3_st_score', 'c3_lap_score', 'c3_mawari_score', 'c3_attack_potential', 'c3_stable_score', 'c3_final_2nd_score', 'c3_second_rank', 'c3_gap_to_top', 'c4_exhibition_time_relative', 'c4_start_timing_relative', 'c4_lap_time_relative', 'c4_around_time_relative', 'c4_ex_score', 'c4_st_score', 'c4_lap_score', 'c4_mawari_score', 'c4_attack_potential', 'c4_stable_score', 'c4_final_2nd_score', 'c4_second_rank', 'c4_gap_to_top', 'c5_exhibition_time_relative', 'c5_start_timing_relative', 'c5_lap_time_relative', 'c5_around_time_relative', 'c5_ex_score', 'c5_st_score', 'c5_lap_score', 'c5_mawari_score', 'c5_attack_potential', 'c5_stable_score', 'c5_final_2nd_score', 'c5_second_rank', 'c5_gap_to_top', 'c6_exhibition_time_relative', 'c6_start_timing_relative', 'c6_lap_time_relative', 'c6_around_time_relative', 'c6_ex_score', 'c6_st_score', 'c6_lap_score', 'c6_mawari_score', 'c6_attack_potential', 'c6_stable_score', 'c6_final_2nd_score', 'c6_second_rank', 'c6_gap_to_top']",,,,,[],['WeightedEnsemble_L2']
AMG,6,first,3,XGBoost,-0.10113215395867273,log_loss,0.009061813354492188,2.6314303874969482,0.009061813354492188,2.6314303874969482,1,True,5,148,1,1,397585,397585,397585,397585,0,1,XGBoostModel,,log_loss,"{'n_estimators': 10000, 'learning_rate': 0.1, 'n_jobs': -1, 'proc.max_category_levels': 100, 'objective': 'binary:logistic', 'booster': 'gbtree', 'seed': 0}",{'n_estimators': 8},"{'max_memory_usage_ratio': 1.0, 'max_gpu_memory_usage_ratio': 1.0, 'max_time_limit_ratio': 1.0, 'max_time_limit': None, 'min_time_limit': 0, 'valid_raw_types': ['bool', 'int', 'float', 'category'], 'valid_special_types': None, 'ignored_type_group_special': None, 'ignored_type_group_raw': None, 'get_features_kwargs': None, 'get_features_kwargs_extra': None, 'predict_1_batch_size': None, 'temperature_scalar': None}","['c1_history_n', 'c1_nige', 'c1_st_rank', 'c1_national_win_rate', 'c1_national_exacta_rate', 'c1_local_win_rate', 'c1_local_exacta_rate', 'c1_motor_exacta_rate', 'c1_boat_exacta_rate', 'c1_average_start', 'c2_history_n', 'c2_sashi', 'c2_makuri', 'c2_st_rank', 'c2_national_win_rate', 'c2_national_exacta_rate', 'c2_local_win_rate', 'c2_local_exacta_rate', 'c2_motor_exacta_rate', 'c2_boat_exacta_rate', 'c2_average_start', 'c3_history_n', 'c3_sashi', 'c3_makuri', 'c3_attack', 'c3_st_rank', 'c3_national_win_rate', 'c3_national_exacta_rate', 'c3_local_win_rate', 'c3_local_exacta_rate', 'c3_motor_exacta_rate', 'c3_boat_exacta_rate', 'c3_average_start', 'c4_history_n', 'c4_sashi', 'c4_makuri', 'c4_attack', 'c4_st_rank', 'c4_national_win_rate', 'c4_national_exacta_rate', 'c4_local_win_rate', 'c4_local_exacta_rate', 'c4_motor_exacta_rate', 'c4_boat_exacta_rate', 'c4_average_start', 'c5_history_n', 'c5_sashi', 'c5_makuri', 'c5_attack', 'c5_st_rank', 'c5_national_win_rate', 'c5_national_exacta_rate', 'c5_local_win_rate', 'c5_local_exacta_rate', 'c5_motor_exacta_rate', 'c5_boat_exacta_rate', 'c5_average_start', 'c6_history_n', 'c6_sashi', 'c6_makuri', 'c6_attack', 'c6_st_rank', 'c6_national_win_rate', 'c6_national_exacta_rate', 'c6_local_win_rate', 'c6_local_exacta_rate', 'c6_motor_exacta_rate', 'c6_boat_exacta_rate', 'c6_average_start', 'lane1_vulnerability_rate', 'c1_exhibition_time_relative', 'c1_start_timing_relative', 'c1_lap_time_relative', 'c1_around_time_relative', 'c1_ex_score', 'c1_st_score', 'c1_lap_score', 'c1_mawari_score', 'c1_attack_potential', 'c1_stable_score', 'c1_final_2nd_score', 'c1_second_rank', 'c1_gap_to_top', 'c2_exhibition_time_relative', 'c2_start_timing_relative', 'c2_lap_time_relative', 'c2_around_time_relative', 'c2_ex_score', 'c2_st_score', 'c2_lap_score', 'c2_mawari_score', 'c2_attack_potential', 'c2_stable_score', 'c2_final_2nd_score', 'c2_second_rank', 'c2_gap_to_top', 'c3_exhibition_time_relative', 'c3_start_timing_relative', 'c3_lap_time_relative', 'c3_around_time_relative', 'c3_ex_score', 'c3_st_score', 'c3_lap_score', 'c3_mawari_score', 'c3_attack_potential', 'c3_stable_score', 'c3_final_2nd_score', 'c3_second_rank', 'c3_gap_to_top', 'c4_exhibition_time_relative', 'c4_start_timing_relative', 'c4_lap_time_relative', 'c4_around_time_relative', 'c4_ex_score', 'c4_st_score', 'c4_lap_score', 'c4_mawari_score', 'c4_attack_potential', 'c4_stable_score', 'c4_final_2nd_score', 'c4_second_rank', 'c4_gap_to_top', 'c5_exhibition_time_relative', 'c5_start_timing_relative', 'c5_lap_time_relative', 'c5_around_time_relative', 'c5_ex_score', 'c5_st_score', 'c5_lap_score', 'c5_mawari_score', 'c5_attack_potential', 'c5_stable_score', 'c5_final_2nd_score', 'c5_second_rank', 'c5_gap_to_top', 'c6_exhibition_time_relative', 'c6_start_timing_relative', 'c6_lap_time_relative', 'c6_around_time_relative', 'c6_ex_score', 'c6_st_score', 'c6_lap_score', 'c6_mawari_score', 'c6_attack_potential', 'c6_stable_score', 'c6_final_2nd_score', 'c6_second_rank', 'c6_gap_to_top']",,,,,[],['WeightedEnsemble_L2']
AMG,6,first,4,LightGBM,-0.10248641247686115,log_loss,0.002462625503540039,2.2894980907440186,0.002462625503540039,2.2894980907440186,1,True,1,148,1,1,30266,30266,30266,30266,0,0,LGBModel,,log_loss,"{'learning_rate': 0.05, 'seed': 0}",{'num_boost_round': 4},"{'max_memory_usage_ratio': 1.0, 'max_gpu_memory_usage_ratio': 1.0, 'max_time_limit_ratio': 1.0, 'max_time_limit': None, 'min_time_limit': 0, 'valid_raw_types': ['bool', 'int', 'float', 'category'], 'valid_special_types': None, 'ignored_type_group_special': None, 'ignored_type_group_raw': None, 'get_features_kwargs': None, 'get_features_kwargs_extra': None, 'predict_1_batch_size': None, 'temperature_scalar': None}","['c1_history_n', 'c1_nige', 'c1_st_rank', 'c1_national_win_rate', 'c1_national_exacta_rate', 'c1_local_win_rate', 'c1_local_exacta_rate', 'c1_motor_exacta_rate', 'c1_boat_exacta_rate', 'c1_average_start', 'c2_history_n', 'c2_sashi', 'c2_makuri', 'c2_st_rank', 'c2_national_win_rate', 'c2_national_exacta_rate', 'c2_local_win_rate', 'c2_local_exacta_rate', 'c2_motor_exacta_rate', 'c2_boat_exacta_rate', 'c2_average_start', 'c3_history_n', 'c3_sashi', 'c3_makuri', 'c3_attack', 'c3_st_rank', 'c3_national_win_rate', 'c3_national_exacta_rate', 'c3_local_win_rate', 'c3_local_exacta_rate', 'c3_motor_exacta_rate', 'c3_boat_exacta_rate', 'c3_average_start', 'c4_history_n', 'c4_sashi', 'c4_makuri', 'c4_attack', 'c4_st_rank', 'c4_national_win_rate', 'c4_national_exacta_rate', 'c4_local_win_rate', 'c4_local_exacta_rate', 'c4_motor_exacta_rate', 'c4_boat_exacta_rate', 'c4_average_start', 'c5_history_n', 'c5_sashi', 'c5_makuri', 'c5_attack', 'c5_st_rank', 'c5_national_win_rate', 'c5_national_exacta_rate', 'c5_local_win_rate', 'c5_local_exacta_rate', 'c5_motor_exacta_rate', 'c5_boat_exacta_rate', 'c5_average_start', 'c6_history_n', 'c6_sashi', 'c6_makuri', 'c6_attack', 'c6_st_rank', 'c6_national_win_rate', 'c6_national_exacta_rate', 'c6_local_win_rate', 'c6_local_exacta_rate', 'c6_motor_exacta_rate', 'c6_boat_exacta_rate', 'c6_average_start', 'lane1_vulnerability_rate', 'c1_exhibition_time_relative', 'c1_start_timing_relative', 'c1_lap_time_relative', 'c1_around_time_relative', 'c1_ex_score', 'c1_st_score', 'c1_lap_score', 'c1_mawari_score', 'c1_attack_potential', 'c1_stable_score', 'c1_final_2nd_score', 'c1_second_rank', 'c1_gap_to_top', 'c2_exhibition_time_relative', 'c2_start_timing_relative', 'c2_lap_time_relative', 'c2_around_time_relative', 'c2_ex_score', 'c2_st_score', 'c2_lap_score', 'c2_mawari_score', 'c2_attack_potential', 'c2_stable_score', 'c2_final_2nd_score', 'c2_second_rank', 'c2_gap_to_top', 'c3_exhibition_time_relative', 'c3_start_timing_relative', 'c3_lap_time_relative', 'c3_around_time_relative', 'c3_ex_score', 'c3_st_score', 'c3_lap_score', 'c3_mawari_score', 'c3_attack_potential', 'c3_stable_score', 'c3_final_2nd_score', 'c3_second_rank', 'c3_gap_to_top', 'c4_exhibition_time_relative', 'c4_start_timing_relative', 'c4_lap_time_relative', 'c4_around_time_relative', 'c4_ex_score', 'c4_st_score', 'c4_lap_score', 'c4_mawari_score', 'c4_attack_potential', 'c4_stable_score', 'c4_final_2nd_score', 'c4_second_rank', 'c4_gap_to_top', 'c5_exhibition_time_relative', 'c5_start_timing_relative', 'c5_lap_time_relative', 'c5_around_time_relative', 'c5_ex_score', 'c5_st_score', 'c5_lap_score', 'c5_mawari_score', 'c5_attack_potential', 'c5_stable_score', 'c5_final_2nd_score', 'c5_second_rank', 'c5_gap_to_top', 'c6_exhibition_time_relative', 'c6_start_timing_relative', 'c6_lap_time_relative', 'c6_around_time_relative', 'c6_ex_score', 'c6_st_score', 'c6_lap_score', 'c6_mawari_score', 'c6_attack_potential', 'c6_stable_score', 'c6_final_2nd_score', 'c6_second_rank', 'c6_gap_to_top']",,,,,[],[]
AMG,6,first,5,RandomForest,-0.10374414983615778,log_loss,0.11077022552490234,2.870023727416992,0.11077022552490234,2.870023727416992,1,True,2,148,1,1,4005224,4005224,4005224,4005224,0,1,RFModel,,log_loss,"{'n_estimators': 300, 'max_leaf_nodes': 15000, 'n_jobs': -1, 'bootstrap': True, 'random_state': 0}",{'n_estimators': 300},"{'max_memory_usage_ratio': 1.0, 'max_gpu_memory_usage_ratio': 1.0, 'max_time_limit_ratio': 1.0, 'max_time_limit': None, 'min_time_limit': 0, 'valid_raw_types': ['bool', 'int', 'float', 'category'], 'valid_special_types': None, 'ignored_type_group_special': None, 'ignored_type_group_raw': None, 'get_features_kwargs': None, 'get_features_kwargs_extra': None, 'predict_1_batch_size': None, 'temperature_scalar': None}","['c1_history_n', 'c1_nige', 'c1_st_rank', 'c1_national_win_rate', 'c1_national_exacta_rate', 'c1_local_win_rate', 'c1_local_exacta_rate', 'c1_motor_exacta_rate', 'c1_boat_exacta_rate', 'c1_average_start', 'c2_history_n', 'c2_sashi', 'c2_makuri', 'c2_st_rank', 'c2_national_win_rate', 'c2_national_exacta_rate', 'c2_local_win_rate', 'c2_local_exacta_rate', 'c2_motor_exacta_rate', 'c2_boat_exacta_rate', 'c2_average_start', 'c3_history_n', 'c3_sashi', 'c3_makuri', 'c3_attack', 'c3_st_rank', 'c3_national_win_rate', 'c3_national_exacta_rate', 'c3_local_win_rate', 'c3_local_exacta_rate', 'c3_motor_exacta_rate', 'c3_boat_exacta_rate', 'c3_average_start', 'c4_history_n', 'c4_sashi', 'c4_makuri', 'c4_attack', 'c4_st_rank', 'c4_national_win_rate', 'c4_national_exacta_rate', 'c4_local_win_rate', 'c4_local_exacta_rate', 'c4_motor_exacta_rate', 'c4_boat_exacta_rate', 'c4_average_start', 'c5_history_n', 'c5_sashi', 'c5_makuri', 'c5_attack', 'c5_st_rank', 'c5_national_win_rate', 'c5_national_exacta_rate', 'c5_local_win_rate', 'c5_local_exacta_rate', 'c5_motor_exacta_rate', 'c5_boat_exacta_rate', 'c5_average_start', 'c6_history_n', 'c6_sashi', 'c6_makuri', 'c6_attack', 'c6_st_rank', 'c6_national_win_rate', 'c6_national_exacta_rate', 'c6_local_win_rate', 'c6_local_exacta_rate', 'c6_motor_exacta_rate', 'c6_boat_exacta_rate', 'c6_average_start', 'lane1_vulnerability_rate', 'c1_exhibition_time_relative', 'c1_start_timing_relative', 'c1_lap_time_relative', 'c1_around_time_relative', 'c1_ex_score', 'c1_st_score', 'c1_lap_score', 'c1_mawari_score', 'c1_attack_potential', 'c1_stable_score', 'c1_final_2nd_score', 'c1_second_rank', 'c1_gap_to_top', 'c2_exhibition_time_relative', 'c2_start_timing_relative', 'c2_lap_time_relative', 'c2_around_time_relative', 'c2_ex_score', 'c2_st_score', 'c2_lap_score', 'c2_mawari_score', 'c2_attack_potential', 'c2_stable_score', 'c2_final_2nd_score', 'c2_second_rank', 'c2_gap_to_top', 'c3_exhibition_time_relative', 'c3_start_timing_relative', 'c3_lap_time_relative', 'c3_around_time_relative', 'c3_ex_score', 'c3_st_score', 'c3_lap_score', 'c3_mawari_score', 'c3_attack_potential', 'c3_stable_score', 'c3_final_2nd_score', 'c3_second_rank', 'c3_gap_to_top', 'c4_exhibition_time_relative', 'c4_start_timing_relative', 'c4_lap_time_relative', 'c4_around_time_relative', 'c4_ex_score', 'c4_st_score', 'c4_lap_score', 'c4_mawari_score', 'c4_attack_potential', 'c4_stable_score', 'c4_final_2nd_score', 'c4_second_rank', 'c4_gap_to_top', 'c5_exhibition_time_relative', 'c5_start_timing_relative', 'c5_lap_time_relative', 'c5_around_time_relative', 'c5_ex_score', 'c5_st_score', 'c5_lap_score', 'c5_mawari_score', 'c5_attack_potential', 'c5_stable_score', 'c5_final_2nd_score', 'c5_second_rank', 'c5_gap_to_top', 'c6_exhibition_time_relative', 'c6_start_timing_relative', 'c6_lap_time_relative', 'c6_around_time_relative', 'c6_ex_score', 'c6_st_score', 'c6_lap_score', 'c6_mawari_score', 'c6_attack_potential', 'c6_stable_score', 'c6_final_2nd_score', 'c6_second_rank', 'c6_gap_to_top']",,,,,[],['WeightedEnsemble_L2']
AMG,6,first,6,ExtraTrees,-0.11717895408476729,log_loss,0.11054730415344238,1.195413589477539,0.11054730415344238,1.195413589477539,1,True,4,148,1,1,6305032,6305032,6305032,6305032,0,0,XTModel,,log_loss,"{'n_estimators': 300, 'max_leaf_nodes': 15000, 'n_jobs': -1, 'bootstrap': True, 'random_state': 0}",{'n_estimators': 300},"{'max_memory_usage_ratio': 1.0, 'max_gpu_memory_usage_ratio': 1.0, 'max_time_limit_ratio': 1.0, 'max_time_limit': None, 'min_time_limit': 0, 'valid_raw_types': ['bool', 'int', 'float', 'category'], 'valid_special_types': None, 'ignored_type_group_special': None, 'ignored_type_group_raw': None, 'get_features_kwargs': None, 'get_features_kwargs_extra': None, 'predict_1_batch_size': None, 'temperature_scalar': None}","['c1_history_n', 'c1_nige', 'c1_st_rank', 'c1_national_win_rate', 'c1_national_exacta_rate', 'c1_local_win_rate', 'c1_local_exacta_rate', 'c1_motor_exacta_rate', 'c1_boat_exacta_rate', 'c1_average_start', 'c2_history_n', 'c2_sashi', 'c2_makuri', 'c2_st_rank', 'c2_national_win_rate', 'c2_national_exacta_rate', 'c2_local_win_rate', 'c2_local_exacta_rate', 'c2_motor_exacta_rate', 'c2_boat_exacta_rate', 'c2_average_start', 'c3_history_n', 'c3_sashi', 'c3_makuri', 'c3_attack', 'c3_st_rank', 'c3_national_win_rate', 'c3_national_exacta_rate', 'c3_local_win_rate', 'c3_local_exacta_rate', 'c3_motor_exacta_rate', 'c3_boat_exacta_rate', 'c3_average_start', 'c4_history_n', 'c4_sashi', 'c4_makuri', 'c4_attack', 'c4_st_rank', 'c4_national_win_rate', 'c4_national_exacta_rate', 'c4_local_win_rate', 'c4_local_exacta_rate', 'c4_motor_exacta_rate', 'c4_boat_exacta_rate', 'c4_average_start', 'c5_history_n', 'c5_sashi', 'c5_makuri', 'c5_attack', 'c5_st_rank', 'c5_national_win_rate', 'c5_national_exacta_rate', 'c5_local_win_rate', 'c5_local_exacta_rate', 'c5_motor_exacta_rate', 'c5_boat_exacta_rate', 'c5_average_start', 'c6_history_n', 'c6_sashi', 'c6_makuri', 'c6_attack', 'c6_st_rank', 'c6_national_win_rate', 'c6_national_exacta_rate', 'c6_local_win_rate', 'c6_local_exacta_rate', 'c6_motor_exacta_rate', 'c6_boat_exacta_rate', 'c6_average_start', 'lane1_vulnerability_rate', 'c1_exhibition_time_relative', 'c1_start_timing_relative', 'c1_lap_time_relative', 'c1_around_time_relative', 'c1_ex_score', 'c1_st_score', 'c1_lap_score', 'c1_mawari_score', 'c1_attack_potential', 'c1_stable_score', 'c1_final_2nd_score', 'c1_second_rank', 'c1_gap_to_top', 'c2_exhibition_time_relative', 'c2_start_timing_relative', 'c2_lap_time_relative', 'c2_around_time_relative', 'c2_ex_score', 'c2_st_score', 'c2_lap_score', 'c2_mawari_score', 'c2_attack_potential', 'c2_stable_score', 'c2_final_2nd_score', 'c2_second_rank', 'c2_gap_to_top', 'c3_exhibition_time_relative', 'c3_start_timing_relative', 'c3_lap_time_relative', 'c3_around_time_relative', 'c3_ex_score', 'c3_st_score', 'c3_lap_score', 'c3_mawari_score', 'c3_attack_potential', 'c3_stable_score', 'c3_final_2nd_score', 'c3_second_rank', 'c3_gap_to_top', 'c4_exhibition_time_relative', 'c4_start_timing_relative', 'c4_lap_time_relative', 'c4_around_time_relative', 'c4_ex_score', 'c4_st_score', 'c4_lap_score', 'c4_mawari_score', 'c4_attack_potential', 'c4_stable_score', 'c4_final_2nd_score', 'c4_second_rank', 'c4_gap_to_top', 'c5_exhibition_time_relative', 'c5_start_timing_relative', 'c5_lap_time_relative', 'c5_around_time_relative', 'c5_ex_score', 'c5_st_score', 'c5_lap_score', 'c5_mawari_score', 'c5_attack_potential', 'c5_stable_score', 'c5_final_2nd_score', 'c5_second_rank', 'c5_gap_to_top', 'c6_exhibition_time_relative', 'c6_start_timing_relative', 'c6_lap_time_relative', 'c6_around_time_relative', 'c6_ex_score', 'c6_st_score', 'c6_lap_score', 'c6_mawari_score', 'c6_attack_potential', 'c6_stable_score', 'c6_final_2nd_score', 'c6_second_rank', 'c6_gap_to_top']",,,,,[],[]
AMG,6,top2,1,WeightedEnsemble_L2,-0.24005148263571555,log_loss,0.01988673210144043,10.326569318771362,0.0006852149963378906,0.019656658172607422,2,True,6,2,1,3,3782,851802,3782,724466,2,0,WeightedEnsembleModel,GreedyWeightedEnsembleModel,log_loss,"{'use_orig_features': False, 'valid_stacker': True, 'max_base_models': 0, 'max_base_models_per_type': 'auto', 'save_bag_folds': True, 'stratify': 'auto', 'bin': 'auto', 'n_bins': None, 'vary_seed_across_folds': False, 'custom_splits': None, 'model_random_seed': 0}",{},"{'max_memory_usage_ratio': 1.0, 'max_gpu_memory_usage_ratio': 1.0, 'max_time_limit_ratio': 1.0, 'max_time_limit': None, 'min_time_limit': 0, 'valid_raw_types': None, 'valid_special_types': None, 'ignored_type_group_special': None, 'ignored_type_group_raw': None, 'get_features_kwargs': None, 'get_features_kwargs_extra': None, 'predict_1_batch_size': None, 'temperature_scalar': None, 'drop_unique': False}","['XGBoost', 'CatBoost']",,"{'ensemble_size': 25, 'subsample_size': 1000000}",{'ensemble_size': 5},"{'max_memory_usage_ratio': 1.0, 'max_gpu_memory_usage_ratio': 1.0, 'max_time_limit_ratio': 1.0, 'max_time_limit': None, 'min_time_limit': 0, 'valid_raw_types': None, 'valid_special_types': None, 'ignored_type_group_special': None, 'ignored_type_group_raw': None, 'get_features_kwargs': None, 'get_features_kwargs_extra': None, 'predict_1_batch_size': None, 'temperature_scalar': None, 'drop_unique': False}","['XGBoost', 'CatBoost']",[]
AMG,6,top2,2,CatBoost,-0.24148357540242685,log_loss,0.00971674919128418,5.459773302078247,0.00971674919128418,5.459773302078247,1,True,3,148,1,1,123554,123554,123554,123554,0,1,CatBoostModel,,log_loss,"{'iterations': 10000, 'learning_rate': 0.05, 'allow_writing_files': False, 'eval_metric': 'Logloss', 'random_seed': 0}",{'iterations': 69},"{'max_memory_usage_ratio': 1.0, 'max_gpu_memory_usage_ratio': 1.0, 'max_time_limit_ratio': 1.0, 'max_time_limit': None, 'min_time_limit': 0, 'valid_raw_types': ['bool', 'int', 'float', 'category'], 'valid_special_types': None, 'ignored_type_group_special': None, 'ignored_type_group_raw': None, 'get_features_kwargs': None, 'get_features_kwargs_extra': None, 'predict_1_batch_size': None, 'temperature_scalar': None}","['c1_history_n', 'c1_nige', 'c1_st_rank', 'c1_national_win_rate', 'c1_national_exacta_rate', 'c1_local_win_rate', 'c1_local_exacta_rate', 'c1_motor_exacta_rate', 'c1_boat_exacta_rate', 'c1_average_start', 'c2_history_n', 'c2_sashi', 'c2_makuri', 'c2_st_rank', 'c2_national_win_rate', 'c2_national_exacta_rate', 'c2_local_win_rate', 'c2_local_exacta_rate', 'c2_motor_exacta_rate', 'c2_boat_exacta_rate', 'c2_average_start', 'c3_history_n', 'c3_sashi', 'c3_makuri', 'c3_attack', 'c3_st_rank', 'c3_national_win_rate', 'c3_national_exacta_rate', 'c3_local_win_rate', 'c3_local_exacta_rate', 'c3_motor_exacta_rate', 'c3_boat_exacta_rate', 'c3_average_start', 'c4_history_n', 'c4_sashi', 'c4_makuri', 'c4_attack', 'c4_st_rank', 'c4_national_win_rate', 'c4_national_exacta_rate', 'c4_local_win_rate', 'c4_local_exacta_rate', 'c4_motor_exacta_rate', 'c4_boat_exacta_rate', 'c4_average_start', 'c5_history_n', 'c5_sashi', 'c5_makuri', 'c5_attack', 'c5_st_rank', 'c5_national_win_rate', 'c5_national_exacta_rate', 'c5_local_win_rate', 'c5_local_exacta_rate', 'c5_motor_exacta_rate', 'c5_boat_exacta_rate', 'c5_average_start', 'c6_history_n', 'c6_sashi', 'c6_makuri', 'c6_attack', 'c6_st_rank', 'c6_national_win_rate', 'c6_national_exacta_rate', 'c6_local_win_rate', 'c6_local_exacta_rate', 'c6_motor_exacta_rate', 'c6_boat_exacta_rate', 'c6_average_start', 'lane1_vulnerability_rate', 'c1_exhibition_time_relative', 'c1_start_timing_relative', 'c1_lap_time_relative', 'c1_around_time_relative', 'c1_ex_score', 'c1_st_score', 'c1_lap_score', 'c1_mawari_score', 'c1_attack_potential', 'c1_stable_score', 'c1_final_2nd_score', 'c1_second_rank', 'c1_gap_to_top', 'c2_exhibition_time_relative', 'c2_start_timing_relative', 'c2_lap_time_relative', 'c2_around_time_relative', 'c2_ex_score', 'c2_st_score', 'c2_lap_score', 'c2_mawari_score', 'c2_attack_potential', 'c2_stable_score', 'c2_final_2nd_score', 'c2_second_rank', 'c2_gap_to_top', 'c3_exhibition_time_relative', 'c3_start_timing_relative', 'c3_lap_time_relative', 'c3_around_time_relative', 'c3_ex_score', 'c3_st_score', 'c3_lap_score', 'c3_mawari_score', 'c3_attack_potential', 'c3_stable_score', 'c3_final_2nd_score', 'c3_second_rank', 'c3_gap_to_top', 'c4_exhibition_time_relative', 'c4_start_timing_relative', 'c4_lap_time_relative', 'c4_around_time_relative', 'c4_ex_score', 'c4_st_score', 'c4_lap_score', 'c4_mawari_score', 'c4_attack_potential', 'c4_stable_score', 'c4_final_2nd_score', 'c4_second_rank', 'c4_gap_to_top', 'c5_exhibition_time_relative', 'c5_start_timing_relative', 'c5_lap_time_relative', 'c5_around_time_relative', 'c5_ex_score', 'c5_st_score', 'c5_lap_score', 'c5_mawari_score', 'c5_attack_potential', 'c5_stable_score', 'c5_final_2nd_score', 'c5_second_rank', 'c5_gap_to_top', 'c6_exhibition_time_relative', 'c6_start_timing_relative', 'c6_lap_time_relative', 'c6_around_time_relative', 'c6_ex_score', 'c6_st_score', 'c6_lap_score', 'c6_mawari_score', 'c6_attack_potential', 'c6_stable_score', 'c6_final_2nd_score', 'c6_second_rank', 'c6_gap_to_top']",,,,,[],['WeightedEnsemble_L2']
AMG,6,top2,3,XGBoost,-0.24458532892843193,log_loss,0.00948476791381836,4.847139358520508,0.00948476791381836,4.847139358520508,1,True,5,148,1,1,724466,724466,724466,724466,0,1,XGBoostModel,,log_loss,"{'n_estimators': 10000, 'learning_rate': 0.1, 'n_jobs': -1, 'proc.max_category_levels': 100, 'objective': 'binary:logistic', 'booster': 'gbtree', 'seed': 0}",{'n_estimators': 36},"{'max_memory_usage_ratio': 1.0, 'max_gpu_memory_usage_ratio': 1.0, 'max_time_limit_ratio': 1.0, 'max_time_limit': None, 'min_time_limit': 0, 'valid_raw_types': ['bool', 'int', 'float', 'category'], 'valid_special_types': None, 'ignored_type_group_special': None, 'ignored_type_group_raw': None, 'get_features_kwargs': None, 'get_features_kwargs_extra': None, 'predict_1_batch_size': None, 'temperature_scalar': None}","['c1_history_n', 'c1_nige', 'c1_st_rank', 'c1_national_win_rate', 'c1_national_exacta_rate', 'c1_local_win_rate', 'c1_local_exacta_rate', 'c1_motor_exacta_rate', 'c1_boat_exacta_rate', 'c1_average_start', 'c2_history_n', 'c2_sashi', 'c2_makuri', 'c2_st_rank', 'c2_national_win_rate', 'c2_national_exacta_rate', 'c2_local_win_rate', 'c2_local_exacta_rate', 'c2_motor_exacta_rate', 'c2_boat_exacta_rate', 'c2_average_start', 'c3_history_n', 'c3_sashi', 'c3_makuri', 'c3_attack', 'c3_st_rank', 'c3_national_win_rate', 'c3_national_exacta_rate', 'c3_local_win_rate', 'c3_local_exacta_rate', 'c3_motor_exacta_rate', 'c3_boat_exacta_rate', 'c3_average_start', 'c4_history_n', 'c4_sashi', 'c4_makuri', 'c4_attack', 'c4_st_rank', 'c4_national_win_rate', 'c4_national_exacta_rate', 'c4_local_win_rate', 'c4_local_exacta_rate', 'c4_motor_exacta_rate', 'c4_boat_exacta_rate', 'c4_average_start', 'c5_history_n', 'c5_sashi', 'c5_makuri', 'c5_attack', 'c5_st_rank', 'c5_national_win_rate', 'c5_national_exacta_rate', 'c5_local_win_rate', 'c5_local_exacta_rate', 'c5_motor_exacta_rate', 'c5_boat_exacta_rate', 'c5_average_start', 'c6_history_n', 'c6_sashi', 'c6_makuri', 'c6_attack', 'c6_st_rank', 'c6_national_win_rate', 'c6_national_exacta_rate', 'c6_local_win_rate', 'c6_local_exacta_rate', 'c6_motor_exacta_rate', 'c6_boat_exacta_rate', 'c6_average_start', 'lane1_vulnerability_rate', 'c1_exhibition_time_relative', 'c1_start_timing_relative', 'c1_lap_time_relative', 'c1_around_time_relative', 'c1_ex_score', 'c1_st_score', 'c1_lap_score', 'c1_mawari_score', 'c1_attack_potential', 'c1_stable_score', 'c1_final_2nd_score', 'c1_second_rank', 'c1_gap_to_top', 'c2_exhibition_time_relative', 'c2_start_timing_relative', 'c2_lap_time_relative', 'c2_around_time_relative', 'c2_ex_score', 'c2_st_score', 'c2_lap_score', 'c2_mawari_score', 'c2_attack_potential', 'c2_stable_score', 'c2_final_2nd_score', 'c2_second_rank', 'c2_gap_to_top', 'c3_exhibition_time_relative', 'c3_start_timing_relative', 'c3_lap_time_relative', 'c3_around_time_relative', 'c3_ex_score', 'c3_st_score', 'c3_lap_score', 'c3_mawari_score', 'c3_attack_potential', 'c3_stable_score', 'c3_final_2nd_score', 'c3_second_rank', 'c3_gap_to_top', 'c4_exhibition_time_relative', 'c4_start_timing_relative', 'c4_lap_time_relative', 'c4_around_time_relative', 'c4_ex_score', 'c4_st_score', 'c4_lap_score', 'c4_mawari_score', 'c4_attack_potential', 'c4_stable_score', 'c4_final_2nd_score', 'c4_second_rank', 'c4_gap_to_top', 'c5_exhibition_time_relative', 'c5_start_timing_relative', 'c5_lap_time_relative', 'c5_around_time_relative', 'c5_ex_score', 'c5_st_score', 'c5_lap_score', 'c5_mawari_score', 'c5_attack_potential', 'c5_stable_score', 'c5_final_2nd_score', 'c5_second_rank', 'c5_gap_to_top', 'c6_exhibition_time_relative', 'c6_start_timing_relative', 'c6_lap_time_relative', 'c6_around_time_relative', 'c6_ex_score', 'c6_st_score', 'c6_lap_score', 'c6_mawari_score', 'c6_attack_potential', 'c6_stable_score', 'c6_final_2nd_score', 'c6_second_rank', 'c6_gap_to_top']",,,,,[],['WeightedEnsemble_L2']
AMG,6,top2,4,LightGBM,-0.2481061759377844,log_loss,0.002588987350463867,2.9487369060516357,0.002588987350463867,2.9487369060516357,1,True,1,148,1,1,57894,57894,57894,57894,0,0,LGBModel,,log_loss,"{'learning_rate': 0.05, 'seed': 0}",{'num_boost_round': 12},"{'max_memory_usage_ratio': 1.0, 'max_gpu_memory_usage_ratio': 1.0, 'max_time_limit_ratio': 1.0, 'max_time_limit': None, 'min_time_limit': 0, 'valid_raw_types': ['bool', 'int', 'float', 'category'], 'valid_special_types': None, 'ignored_type_group_special': None, 'ignored_type_group_raw': None, 'get_features_kwargs': None, 'get_features_kwargs_extra': None, 'predict_1_batch_size': None, 'temperature_scalar': None}","['c1_history_n', 'c1_nige', 'c1_st_rank', 'c1_national_win_rate', 'c1_national_exacta_rate', 'c1_local_win_rate', 'c1_local_exacta_rate', 'c1_motor_exacta_rate', 'c1_boat_exacta_rate', 'c1_average_start', 'c2_history_n', 'c2_sashi', 'c2_makuri', 'c2_st_rank', 'c2_national_win_rate', 'c2_national_exacta_rate', 'c2_local_win_rate', 'c2_local_exacta_rate', 'c2_motor_exacta_rate', 'c2_boat_exacta_rate', 'c2_average_start', 'c3_history_n', 'c3_sashi', 'c3_makuri', 'c3_attack', 'c3_st_rank', 'c3_national_win_rate', 'c3_national_exacta_rate', 'c3_local_win_rate', 'c3_local_exacta_rate', 'c3_motor_exacta_rate', 'c3_boat_exacta_rate', 'c3_average_start', 'c4_history_n', 'c4_sashi', 'c4_makuri', 'c4_attack', 'c4_st_rank', 'c4_national_win_rate', 'c4_national_exacta_rate', 'c4_local_win_rate', 'c4_local_exacta_rate', 'c4_motor_exacta_rate', 'c4_boat_exacta_rate', 'c4_average_start', 'c5_history_n', 'c5_sashi', 'c5_makuri', 'c5_attack', 'c5_st_rank', 'c5_national_win_rate', 'c5_national_exacta_rate', 'c5_local_win_rate', 'c5_local_exacta_rate', 'c5_motor_exacta_rate', 'c5_boat_exacta_rate', 'c5_average_start', 'c6_history_n', 'c6_sashi', 'c6_makuri', 'c6_attack', 'c6_st_rank', 'c6_national_win_rate', 'c6_national_exacta_rate', 'c6_local_win_rate', 'c6_local_exacta_rate', 'c6_motor_exacta_rate', 'c6_boat_exacta_rate', 'c6_average_start', 'lane1_vulnerability_rate', 'c1_exhibition_time_relative', 'c1_start_timing_relative', 'c1_lap_time_relative', 'c1_around_time_relative', 'c1_ex_score', 'c1_st_score', 'c1_lap_score', 'c1_mawari_score', 'c1_attack_potential', 'c1_stable_score', 'c1_final_2nd_score', 'c1_second_rank', 'c1_gap_to_top', 'c2_exhibition_time_relative', 'c2_start_timing_relative', 'c2_lap_time_relative', 'c2_around_time_relative', 'c2_ex_score', 'c2_st_score', 'c2_lap_score', 'c2_mawari_score', 'c2_attack_potential', 'c2_stable_score', 'c2_final_2nd_score', 'c2_second_rank', 'c2_gap_to_top', 'c3_exhibition_time_relative', 'c3_start_timing_relative', 'c3_lap_time_relative', 'c3_around_time_relative', 'c3_ex_score', 'c3_st_score', 'c3_lap_score', 'c3_mawari_score', 'c3_attack_potential', 'c3_stable_score', 'c3_final_2nd_score', 'c3_second_rank', 'c3_gap_to_top', 'c4_exhibition_time_relative', 'c4_start_timing_relative', 'c4_lap_time_relative', 'c4_around_time_relative', 'c4_ex_score', 'c4_st_score', 'c4_lap_score', 'c4_mawari_score', 'c4_attack_potential', 'c4_stable_score', 'c4_final_2nd_score', 'c4_second_rank', 'c4_gap_to_top', 'c5_exhibition_time_relative', 'c5_start_timing_relative', 'c5_lap_time_relative', 'c5_around_time_relative', 'c5_ex_score', 'c5_st_score', 'c5_lap_score', 'c5_mawari_score', 'c5_attack_potential', 'c5_stable_score', 'c5_final_2nd_score', 'c5_second_rank', 'c5_gap_to_top', 'c6_exhibition_time_relative', 'c6_start_timing_relative', 'c6_lap_time_relative', 'c6_around_time_relative', 'c6_ex_score', 'c6_st_score', 'c6_lap_score', 'c6_mawari_score', 'c6_attack_potential', 'c6_stable_score', 'c6_final_2nd_score', 'c6_second_rank', 'c6_gap_to_top']",,,,,[],[]
AMG,6,top2,5,ExtraTrees,-0.25061385061567504,log_loss,0.1106114387512207,1.4009010791778564,0.1106114387512207,1.4009010791778564,1,True,4,148,1,1,18258772,18258772,18258772,18258772,0,0,XTModel,,log_loss,"{'n_estimators': 300, 'max_leaf_nodes': 15000, 'n_jobs': -1, 'bootstrap': True, 'random_state': 0}",{'n_estimators': 300},"{'max_memory_usage_ratio': 1.0, 'max_gpu_memory_usage_ratio': 1.0, 'max_time_limit_ratio': 1.0, 'max_time_limit': None, 'min_time_limit': 0, 'valid_raw_types': ['bool', 'int', 'float', 'category'], 'valid_special_types': None, 'ignored_type_group_special': None, 'ignored_type_group_raw': None, 'get_features_kwargs': None, 'get_features_kwargs_extra': None, 'predict_1_batch_size': None, 'temperature_scalar': None}","['c1_history_n', 'c1_nige', 'c1_st_rank', 'c1_national_win_rate', 'c1_national_exacta_rate', 'c1_local_win_rate', 'c1_local_exacta_rate', 'c1_motor_exacta_rate', 'c1_boat_exacta_rate', 'c1_average_start', 'c2_history_n', 'c2_sashi', 'c2_makuri', 'c2_st_rank', 'c2_national_win_rate', 'c2_national_exacta_rate', 'c2_local_win_rate', 'c2_local_exacta_rate', 'c2_motor_exacta_rate', 'c2_boat_exacta_rate', 'c2_average_start', 'c3_history_n', 'c3_sashi', 'c3_makuri', 'c3_attack', 'c3_st_rank', 'c3_national_win_rate', 'c3_national_exacta_rate', 'c3_local_win_rate', 'c3_local_exacta_rate', 'c3_motor_exacta_rate', 'c3_boat_exacta_rate', 'c3_average_start', 'c4_history_n', 'c4_sashi', 'c4_makuri', 'c4_attack', 'c4_st_rank', 'c4_national_win_rate', 'c4_national_exacta_rate', 'c4_local_win_rate', 'c4_local_exacta_rate', 'c4_motor_exacta_rate', 'c4_boat_exacta_rate', 'c4_average_start', 'c5_history_n', 'c5_sashi', 'c5_makuri', 'c5_attack', 'c5_st_rank', 'c5_national_win_rate', 'c5_national_exacta_rate', 'c5_local_win_rate', 'c5_local_exacta_rate', 'c5_motor_exacta_rate', 'c5_boat_exacta_rate', 'c5_average_start', 'c6_history_n', 'c6_sashi', 'c6_makuri', 'c6_attack', 'c6_st_rank', 'c6_national_win_rate', 'c6_national_exacta_rate', 'c6_local_win_rate', 'c6_local_exacta_rate', 'c6_motor_exacta_rate', 'c6_boat_exacta_rate', 'c6_average_start', 'lane1_vulnerability_rate', 'c1_exhibition_time_relative', 'c1_start_timing_relative', 'c1_lap_time_relative', 'c1_around_time_relative', 'c1_ex_score', 'c1_st_score', 'c1_lap_score', 'c1_mawari_score', 'c1_attack_potential', 'c1_stable_score', 'c1_final_2nd_score', 'c1_second_rank', 'c1_gap_to_top', 'c2_exhibition_time_relative', 'c2_start_timing_relative', 'c2_lap_time_relative', 'c2_around_time_relative', 'c2_ex_score', 'c2_st_score', 'c2_lap_score', 'c2_mawari_score', 'c2_attack_potential', 'c2_stable_score', 'c2_final_2nd_score', 'c2_second_rank', 'c2_gap_to_top', 'c3_exhibition_time_relative', 'c3_start_timing_relative', 'c3_lap_time_relative', 'c3_around_time_relative', 'c3_ex_score', 'c3_st_score', 'c3_lap_score', 'c3_mawari_score', 'c3_attack_potential', 'c3_stable_score', 'c3_final_2nd_score', 'c3_second_rank', 'c3_gap_to_top', 'c4_exhibition_time_relative', 'c4_start_timing_relative', 'c4_lap_time_relative', 'c4_around_time_relative', 'c4_ex_score', 'c4_st_score', 'c4_lap_score', 'c4_mawari_score', 'c4_attack_potential', 'c4_stable_score', 'c4_final_2nd_score', 'c4_second_rank', 'c4_gap_to_top', 'c5_exhibition_time_relative', 'c5_start_timing_relative', 'c5_lap_time_relative', 'c5_around_time_relative', 'c5_ex_score', 'c5_st_score', 'c5_lap_score', 'c5_mawari_score', 'c5_attack_potential', 'c5_stable_score', 'c5_final_2nd_score', 'c5_second_rank', 'c5_gap_to_top', 'c6_exhibition_time_relative', 'c6_start_timing_relative', 'c6_lap_time_relative', 'c6_around_time_relative', 'c6_ex_score', 'c6_st_score', 'c6_lap_score', 'c6_mawari_score', 'c6_attack_potential', 'c6_stable_score', 'c6_final_2nd_score', 'c6_second_rank', 'c6_gap_to_top']",,,,,[],[]
AMG,6,top2,6,RandomForest,-0.25706602484017915,log_loss,0.1078481674194336,3.404559373855591,0.1078481674194336,3.404559373855591,1,True,2,148,1,1,11586470,11586470,11586470,11586470,0,0,RFModel,,log_loss,"{'n_estimators': 300, 'max_leaf_nodes': 15000, 'n_jobs': -1, 'bootstrap': True, 'random_state': 0}",{'n_estimators': 300},"{'max_memory_usage_ratio': 1.0, 'max_gpu_memory_usage_ratio': 1.0, 'max_time_limit_ratio': 1.0, 'max_time_limit': None, 'min_time_limit': 0, 'valid_raw_types': ['bool', 'int', 'float', 'category'], 'valid_special_types': None, 'ignored_type_group_special': None, 'ignored_type_group_raw': None, 'get_features_kwargs': None, 'get_features_kwargs_extra': None, 'predict_1_batch_size': None, 'temperature_scalar': None}","['c1_history_n', 'c1_nige', 'c1_st_rank', 'c1_national_win_rate', 'c1_national_exacta_rate', 'c1_local_win_rate', 'c1_local_exacta_rate', 'c1_motor_exacta_rate', 'c1_boat_exacta_rate', 'c1_average_start', 'c2_history_n', 'c2_sashi', 'c2_makuri', 'c2_st_rank', 'c2_national_win_rate', 'c2_national_exacta_rate', 'c2_local_win_rate', 'c2_local_exacta_rate', 'c2_motor_exacta_rate', 'c2_boat_exacta_rate', 'c2_average_start', 'c3_history_n', 'c3_sashi', 'c3_makuri', 'c3_attack', 'c3_st_rank', 'c3_national_win_rate', 'c3_national_exacta_rate', 'c3_local_win_rate', 'c3_local_exacta_rate', 'c3_motor_exacta_rate', 'c3_boat_exacta_rate', 'c3_average_start', 'c4_history_n', 'c4_sashi', 'c4_makuri', 'c4_attack', 'c4_st_rank', 'c4_national_win_rate', 'c4_national_exacta_rate', 'c4_local_win_rate', 'c4_local_exacta_rate', 'c4_motor_exacta_rate', 'c4_boat_exacta_rate', 'c4_average_start', 'c5_history_n', 'c5_sashi', 'c5_makuri', 'c5_attack', 'c5_st_rank', 'c5_national_win_rate', 'c5_national_exacta_rate', 'c5_local_win_rate', 'c5_local_exacta_rate', 'c5_motor_exacta_rate', 'c5_boat_exacta_rate', 'c5_average_start', 'c6_history_n', 'c6_sashi', 'c6_makuri', 'c6_attack', 'c6_st_rank', 'c6_national_win_rate', 'c6_national_exacta_rate', 'c6_local_win_rate', 'c6_local_exacta_rate', 'c6_motor_exacta_rate', 'c6_boat_exacta_rate', 'c6_average_start', 'lane1_vulnerability_rate', 'c1_exhibition_time_relative', 'c1_start_timing_relative', 'c1_lap_time_relative', 'c1_around_time_relative', 'c1_ex_score', 'c1_st_score', 'c1_lap_score', 'c1_mawari_score', 'c1_attack_potential', 'c1_stable_score', 'c1_final_2nd_score', 'c1_second_rank', 'c1_gap_to_top', 'c2_exhibition_time_relative', 'c2_start_timing_relative', 'c2_lap_time_relative', 'c2_around_time_relative', 'c2_ex_score', 'c2_st_score', 'c2_lap_score', 'c2_mawari_score', 'c2_attack_potential', 'c2_stable_score', 'c2_final_2nd_score', 'c2_second_rank', 'c2_gap_to_top', 'c3_exhibition_time_relative', 'c3_start_timing_relative', 'c3_lap_time_relative', 'c3_around_time_relative', 'c3_ex_score', 'c3_st_score', 'c3_lap_score', 'c3_mawari_score', 'c3_attack_potential', 'c3_stable_score', 'c3_final_2nd_score', 'c3_second_rank', 'c3_gap_to_top', 'c4_exhibition_time_relative', 'c4_start_timing_relative', 'c4_lap_time_relative', 'c4_around_time_relative', 'c4_ex_score', 'c4_st_score', 'c4_lap_score', 'c4_mawari_score', 'c4_attack_potential', 'c4_stable_score', 'c4_final_2nd_score', 'c4_second_rank', 'c4_gap_to_top', 'c5_exhibition_time_relative', 'c5_start_timing_relative', 'c5_lap_time_relative', 'c5_around_time_relative', 'c5_ex_score', 'c5_st_score', 'c5_lap_score', 'c5_mawari_score', 'c5_attack_potential', 'c5_stable_score', 'c5_final_2nd_score', 'c5_second_rank', 'c5_gap_to_top', 'c6_exhibition_time_relative', 'c6_start_timing_relative', 'c6_lap_time_relative', 'c6_around_time_relative', 'c6_ex_score', 'c6_st_score', 'c6_lap_score', 'c6_mawari_score', 'c6_attack_potential', 'c6_stable_score', 'c6_final_2nd_score', 'c6_second_rank', 'c6_gap_to_top']",,,,,[],[]
AMG,6,top3,1,WeightedEnsemble_L2,-0.462358210126413,log_loss,0.12235593795776367,9.897400379180908,0.0006952285766601562,0.019250154495239258,2,True,6,2,1,3,3782,20303116,3782,20086324,2,0,WeightedEnsembleModel,GreedyWeightedEnsembleModel,log_loss,"{'use_orig_features': False, 'valid_stacker': True, 'max_base_models': 0, 'max_base_models_per_type': 'auto', 'save_bag_folds': True, 'stratify': 'auto', 'bin': 'auto', 'n_bins': None, 'vary_seed_across_folds': False, 'custom_splits': None, 'model_random_seed': 0}",{},"{'max_memory_usage_ratio': 1.0, 'max_gpu_memory_usage_ratio': 1.0, 'max_time_limit_ratio': 1.0, 'max_time_limit': None, 'min_time_limit': 0, 'valid_raw_types': None, 'valid_special_types': None, 'ignored_type_group_special': None, 'ignored_type_group_raw': None, 'get_features_kwargs': None, 'get_features_kwargs_extra': None, 'predict_1_batch_size': None, 'temperature_scalar': None, 'drop_unique': False}","['CatBoost', 'RandomForest']",,"{'ensemble_size': 25, 'subsample_size': 1000000}",{'ensemble_size': 16},"{'max_memory_usage_ratio': 1.0, 'max_gpu_memory_usage_ratio': 1.0, 'max_time_limit_ratio': 1.0, 'max_time_limit': None, 'min_time_limit': 0, 'valid_raw_types': None, 'valid_special_types': None, 'ignored_type_group_special': None, 'ignored_type_group_raw': None, 'get_features_kwargs': None, 'get_features_kwargs_extra': None, 'predict_1_batch_size': None, 'temperature_scalar': None, 'drop_unique': False}","['CatBoost', 'RandomForest']",[]
AMG,6,top3,2,CatBoost,-0.46241118399644404,log_loss,0.009895086288452148,6.679864406585693,0.009895086288452148,6.679864406585693,1,True,3,148,1,1,213010,213010,213010,213010,0,1,CatBoostModel,,log_loss,"{'iterations': 10000, 'learning_rate': 0.05, 'allow_writing_files': False, 'eval_metric': 'Logloss', 'random_seed': 0}",{'iterations': 146},"{'max_memory_usage_ratio': 1.0, 'max_gpu_memory_usage_ratio': 1.0, 'max_time_limit_ratio': 1.0, 'max_time_limit': None, 'min_time_limit': 0, 'valid_raw_types': ['bool', 'int', 'float', 'category'], 'valid_special_types': None, 'ignored_type_group_special': None, 'ignored_type_group_raw': None, 'get_features_kwargs': None, 'get_features_kwargs_extra': None, 'predict_1_batch_size': None, 'temperature_scalar': None}","['c1_history_n', 'c1_nige', 'c1_st_rank', 'c1_national_win_rate', 'c1_national_exacta_rate', 'c1_local_win_rate', 'c1_local_exacta_rate', 'c1_motor_exacta_rate', 'c1_boat_exacta_rate', 'c1_average_start', 'c2_history_n', 'c2_sashi', 'c2_makuri', 'c2_st_rank', 'c2_national_win_rate', 'c2_national_exacta_rate', 'c2_local_win_rate', 'c2_local_exacta_rate', 'c2_motor_exacta_rate', 'c2_boat_exacta_rate', 'c2_average_start', 'c3_history_n', 'c3_sashi', 'c3_makuri', 'c3_attack', 'c3_st_rank', 'c3_national_win_rate', 'c3_national_exacta_rate', 'c3_local_win_rate', 'c3_local_exacta_rate', 'c3_motor_exacta_rate', 'c3_boat_exacta_rate', 'c3_average_start', 'c4_history_n', 'c4_sashi', 'c4_makuri', 'c4_attack', 'c4_st_rank', 'c4_national_win_rate', 'c4_national_exacta_rate', 'c4_local_win_rate', 'c4_local_exacta_rate', 'c4_motor_exacta_rate', 'c4_boat_exacta_rate', 'c4_average_start', 'c5_history_n', 'c5_sashi', 'c5_makuri', 'c5_attack', 'c5_st_rank', 'c5_national_win_rate', 'c5_national_exacta_rate', 'c5_local_win_rate', 'c5_local_exacta_rate', 'c5_motor_exacta_rate', 'c5_boat_exacta_rate', 'c5_average_start', 'c6_history_n', 'c6_sashi', 'c6_makuri', 'c6_attack', 'c6_st_rank', 'c6_national_win_rate', 'c6_national_exacta_rate', 'c6_local_win_rate', 'c6_local_exacta_rate', 'c6_motor_exacta_rate', 'c6_boat_exacta_rate', 'c6_average_start', 'lane1_vulnerability_rate', 'c1_exhibition_time_relative', 'c1_start_timing_relative', 'c1_lap_time_relative', 'c1_around_time_relative', 'c1_ex_score', 'c1_st_score', 'c1_lap_score', 'c1_mawari_score', 'c1_attack_potential', 'c1_stable_score', 'c1_final_2nd_score', 'c1_second_rank', 'c1_gap_to_top', 'c2_exhibition_time_relative', 'c2_start_timing_relative', 'c2_lap_time_relative', 'c2_around_time_relative', 'c2_ex_score', 'c2_st_score', 'c2_lap_score', 'c2_mawari_score', 'c2_attack_potential', 'c2_stable_score', 'c2_final_2nd_score', 'c2_second_rank', 'c2_gap_to_top', 'c3_exhibition_time_relative', 'c3_start_timing_relative', 'c3_lap_time_relative', 'c3_around_time_relative', 'c3_ex_score', 'c3_st_score', 'c3_lap_score', 'c3_mawari_score', 'c3_attack_potential', 'c3_stable_score', 'c3_final_2nd_score', 'c3_second_rank', 'c3_gap_to_top', 'c4_exhibition_time_relative', 'c4_start_timing_relative', 'c4_lap_time_relative', 'c4_around_time_relative', 'c4_ex_score', 'c4_st_score', 'c4_lap_score', 'c4_mawari_score', 'c4_attack_potential', 'c4_stable_score', 'c4_final_2nd_score', 'c4_second_rank', 'c4_gap_to_top', 'c5_exhibition_time_relative', 'c5_start_timing_relative', 'c5_lap_time_relative', 'c5_around_time_relative', 'c5_ex_score', 'c5_st_score', 'c5_lap_score', 'c5_mawari_score', 'c5_attack_potential', 'c5_stable_score', 'c5_final_2nd_score', 'c5_second_rank', 'c5_gap_to_top', 'c6_exhibition_time_relative', 'c6_start_timing_relative', 'c6_lap_time_relative', 'c6_around_time_relative', 'c6_ex_score', 'c6_st_score', 'c6_lap_score', 'c6_mawari_score', 'c6_attack_potential', 'c6_stable_score', 'c6_final_2nd_score', 'c6_second_rank', 'c6_gap_to_top']",,,,,[],['WeightedEnsemble_L2']
AMG,6,top3,3,ExtraTrees,-0.47316853079841936,log_loss,0.11158418655395508,1.5900869369506836,0.11158418655395508,1.5900869369506836,1,True,4,148,1,1,32356134,32356134,32356134,32356134,0,0,XTModel,,log_loss,"{'n_estimators': 300, 'max_leaf_nodes': 15000, 'n_jobs': -1, 'bootstrap': True, 'random_state': 0}",{'n_estimators': 300},"{'max_memory_usage_ratio': 1.0, 'max_gpu_memory_usage_ratio': 1.0, 'max_time_limit_ratio': 1.0, 'max_time_limit': None, 'min_time_limit': 0, 'valid_raw_types': ['bool', 'int', 'float', 'category'], 'valid_special_types': None, 'ignored_type_group_special': None, 'ignored_type_group_raw': None, 'get_features_kwargs': None, 'get_features_kwargs_extra': None, 'predict_1_batch_size': None, 'temperature_scalar': None}","['c1_history_n', 'c1_nige', 'c1_st_rank', 'c1_national_win_rate', 'c1_national_exacta_rate', 'c1_local_win_rate', 'c1_local_exacta_rate', 'c1_motor_exacta_rate', 'c1_boat_exacta_rate', 'c1_average_start', 'c2_history_n', 'c2_sashi', 'c2_makuri', 'c2_st_rank', 'c2_national_win_rate', 'c2_national_exacta_rate', 'c2_local_win_rate', 'c2_local_exacta_rate', 'c2_motor_exacta_rate', 'c2_boat_exacta_rate', 'c2_average_start', 'c3_history_n', 'c3_sashi', 'c3_makuri', 'c3_attack', 'c3_st_rank', 'c3_national_win_rate', 'c3_national_exacta_rate', 'c3_local_win_rate', 'c3_local_exacta_rate', 'c3_motor_exacta_rate', 'c3_boat_exacta_rate', 'c3_average_start', 'c4_history_n', 'c4_sashi', 'c4_makuri', 'c4_attack', 'c4_st_rank', 'c4_national_win_rate', 'c4_national_exacta_rate', 'c4_local_win_rate', 'c4_local_exacta_rate', 'c4_motor_exacta_rate', 'c4_boat_exacta_rate', 'c4_average_start', 'c5_history_n', 'c5_sashi', 'c5_makuri', 'c5_attack', 'c5_st_rank', 'c5_national_win_rate', 'c5_national_exacta_rate', 'c5_local_win_rate', 'c5_local_exacta_rate', 'c5_motor_exacta_rate', 'c5_boat_exacta_rate', 'c5_average_start', 'c6_history_n', 'c6_sashi', 'c6_makuri', 'c6_attack', 'c6_st_rank', 'c6_national_win_rate', 'c6_national_exacta_rate', 'c6_local_win_rate', 'c6_local_exacta_rate', 'c6_motor_exacta_rate', 'c6_boat_exacta_rate', 'c6_average_start', 'lane1_vulnerability_rate', 'c1_exhibition_time_relative', 'c1_start_timing_relative', 'c1_lap_time_relative', 'c1_around_time_relative', 'c1_ex_score', 'c1_st_score', 'c1_lap_score', 'c1_mawari_score', 'c1_attack_potential', 'c1_stable_score', 'c1_final_2nd_score', 'c1_second_rank', 'c1_gap_to_top', 'c2_exhibition_time_relative', 'c2_start_timing_relative', 'c2_lap_time_relative', 'c2_around_time_relative', 'c2_ex_score', 'c2_st_score', 'c2_lap_score', 'c2_mawari_score', 'c2_attack_potential', 'c2_stable_score', 'c2_final_2nd_score', 'c2_second_rank', 'c2_gap_to_top', 'c3_exhibition_time_relative', 'c3_start_timing_relative', 'c3_lap_time_relative', 'c3_around_time_relative', 'c3_ex_score', 'c3_st_score', 'c3_lap_score', 'c3_mawari_score', 'c3_attack_potential', 'c3_stable_score', 'c3_final_2nd_score', 'c3_second_rank', 'c3_gap_to_top', 'c4_exhibition_time_relative', 'c4_start_timing_relative', 'c4_lap_time_relative', 'c4_around_time_relative', 'c4_ex_score', 'c4_st_score', 'c4_lap_score', 'c4_mawari_score', 'c4_attack_potential', 'c4_stable_score', 'c4_final_2nd_score', 'c4_second_rank', 'c4_gap_to_top', 'c5_exhibition_time_relative', 'c5_start_timing_relative', 'c5_lap_time_relative', 'c5_around_time_relative', 'c5_ex_score', 'c5_st_score', 'c5_lap_score', 'c5_mawari_score', 'c5_attack_potential', 'c5_stable_score', 'c5_final_2nd_score', 'c5_second_rank', 'c5_gap_to_top', 'c6_exhibition_time_relative', 'c6_start_timing_relative', 'c6_lap_time_relative', 'c6_around_time_relative', 'c6_ex_score', 'c6_st_score', 'c6_lap_score', 'c6_mawari_score', 'c6_attack_potential', 'c6_stable_score', 'c6_final_2nd_score', 'c6_second_rank', 'c6_gap_to_top']",,,,,[],[]
AMG,6,top3,4,RandomForest,-0.47343764919667347,log_loss,0.11176562309265137,3.1982858180999756,0.11176562309265137,3.1982858180999756,1,True,2,148,1,1,20086324,20086324,20086324,20086324,0,1,RFModel,,log_loss,"{'n_estimators': 300, 'max_leaf_nodes': 15000, 'n_jobs': -1, 'bootstrap': True, 'random_state': 0}",{'n_estimators': 300},"{'max_memory_usage_ratio': 1.0, 'max_gpu_memory_usage_ratio': 1.0, 'max_time_limit_ratio': 1.0, 'max_time_limit': None, 'min_time_limit': 0, 'valid_raw_types': ['bool', 'int', 'float', 'category'], 'valid_special_types': None, 'ignored_type_group_special': None, 'ignored_type_group_raw': None, 'get_features_kwargs': None, 'get_features_kwargs_extra': None, 'predict_1_batch_size': None, 'temperature_scalar': None}","['c1_history_n', 'c1_nige', 'c1_st_rank', 'c1_national_win_rate', 'c1_national_exacta_rate', 'c1_local_win_rate', 'c1_local_exacta_rate', 'c1_motor_exacta_rate', 'c1_boat_exacta_rate', 'c1_average_start', 'c2_history_n', 'c2_sashi', 'c2_makuri', 'c2_st_rank', 'c2_national_win_rate', 'c2_national_exacta_rate', 'c2_local_win_rate', 'c2_local_exacta_rate', 'c2_motor_exacta_rate', 'c2_boat_exacta_rate', 'c2_average_start', 'c3_history_n', 'c3_sashi', 'c3_makuri', 'c3_attack', 'c3_st_rank', 'c3_national_win_rate', 'c3_national_exacta_rate', 'c3_local_win_rate', 'c3_local_exacta_rate', 'c3_motor_exacta_rate', 'c3_boat_exacta_rate', 'c3_average_start', 'c4_history_n', 'c4_sashi', 'c4_makuri', 'c4_attack', 'c4_st_rank', 'c4_national_win_rate', 'c4_national_exacta_rate', 'c4_local_win_rate', 'c4_local_exacta_rate', 'c4_motor_exacta_rate', 'c4_boat_exacta_rate', 'c4_average_start', 'c5_history_n', 'c5_sashi', 'c5_makuri', 'c5_attack', 'c5_st_rank', 'c5_national_win_rate', 'c5_national_exacta_rate', 'c5_local_win_rate', 'c5_local_exacta_rate', 'c5_motor_exacta_rate', 'c5_boat_exacta_rate', 'c5_average_start', 'c6_history_n', 'c6_sashi', 'c6_makuri', 'c6_attack', 'c6_st_rank', 'c6_national_win_rate', 'c6_national_exacta_rate', 'c6_local_win_rate', 'c6_local_exacta_rate', 'c6_motor_exacta_rate', 'c6_boat_exacta_rate', 'c6_average_start', 'lane1_vulnerability_rate', 'c1_exhibition_time_relative', 'c1_start_timing_relative', 'c1_lap_time_relative', 'c1_around_time_relative', 'c1_ex_score', 'c1_st_score', 'c1_lap_score', 'c1_mawari_score', 'c1_attack_potential', 'c1_stable_score', 'c1_final_2nd_score', 'c1_second_rank', 'c1_gap_to_top', 'c2_exhibition_time_relative', 'c2_start_timing_relative', 'c2_lap_time_relative', 'c2_around_time_relative', 'c2_ex_score', 'c2_st_score', 'c2_lap_score', 'c2_mawari_score', 'c2_attack_potential', 'c2_stable_score', 'c2_final_2nd_score', 'c2_second_rank', 'c2_gap_to_top', 'c3_exhibition_time_relative', 'c3_start_timing_relative', 'c3_lap_time_relative', 'c3_around_time_relative', 'c3_ex_score', 'c3_st_score', 'c3_lap_score', 'c3_mawari_score', 'c3_attack_potential', 'c3_stable_score', 'c3_final_2nd_score', 'c3_second_rank', 'c3_gap_to_top', 'c4_exhibition_time_relative', 'c4_start_timing_relative', 'c4_lap_time_relative', 'c4_around_time_relative', 'c4_ex_score', 'c4_st_score', 'c4_lap_score', 'c4_mawari_score', 'c4_attack_potential', 'c4_stable_score', 'c4_final_2nd_score', 'c4_second_rank', 'c4_gap_to_top', 'c5_exhibition_time_relative', 'c5_start_timing_relative', 'c5_lap_time_relative', 'c5_around_time_relative', 'c5_ex_score', 'c5_st_score', 'c5_lap_score', 'c5_mawari_score', 'c5_attack_potential', 'c5_stable_score', 'c5_final_2nd_score', 'c5_second_rank', 'c5_gap_to_top', 'c6_exhibition_time_relative', 'c6_start_timing_relative', 'c6_lap_time_relative', 'c6_around_time_relative', 'c6_ex_score', 'c6_st_score', 'c6_lap_score', 'c6_mawari_score', 'c6_attack_potential', 'c6_stable_score', 'c6_final_2nd_score', 'c6_second_rank', 'c6_gap_to_top']",,,,,[],['WeightedEnsemble_L2']
AMG,6,top3,5,XGBoost,-0.4758768873273433,log_loss,0.009186744689941406,5.687565803527832,0.009186744689941406,5.687565803527832,1,True,5,148,1,1,891717,891717,891717,891717,0,0,XGBoostModel,,log_loss,"{'n_estimators': 10000, 'learning_rate': 0.1, 'n_jobs': -1, 'proc.max_category_levels': 100, 'objective': 'binary:logistic', 'booster': 'gbtree', 'seed': 0}",{'n_estimators': 15},"{'max_memory_usage_ratio': 1.0, 'max_gpu_memory_usage_ratio': 1.0, 'max_time_limit_ratio': 1.0, 'max_time_limit': None, 'min_time_limit': 0, 'valid_raw_types': ['bool', 'int', 'float', 'category'], 'valid_special_types': None, 'ignored_type_group_special': None, 'ignored_type_group_raw': None, 'get_features_kwargs': None, 'get_features_kwargs_extra': None, 'predict_1_batch_size': None, 'temperature_scalar': None}","['c1_history_n', 'c1_nige', 'c1_st_rank', 'c1_national_win_rate', 'c1_national_exacta_rate', 'c1_local_win_rate', 'c1_local_exacta_rate', 'c1_motor_exacta_rate', 'c1_boat_exacta_rate', 'c1_average_start', 'c2_history_n', 'c2_sashi', 'c2_makuri', 'c2_st_rank', 'c2_national_win_rate', 'c2_national_exacta_rate', 'c2_local_win_rate', 'c2_local_exacta_rate', 'c2_motor_exacta_rate', 'c2_boat_exacta_rate', 'c2_average_start', 'c3_history_n', 'c3_sashi', 'c3_makuri', 'c3_attack', 'c3_st_rank', 'c3_national_win_rate', 'c3_national_exacta_rate', 'c3_local_win_rate', 'c3_local_exacta_rate', 'c3_motor_exacta_rate', 'c3_boat_exacta_rate', 'c3_average_start', 'c4_history_n', 'c4_sashi', 'c4_makuri', 'c4_attack', 'c4_st_rank', 'c4_national_win_rate', 'c4_national_exacta_rate', 'c4_local_win_rate', 'c4_local_exacta_rate', 'c4_motor_exacta_rate', 'c4_boat_exacta_rate', 'c4_average_start', 'c5_history_n', 'c5_sashi', 'c5_makuri', 'c5_attack', 'c5_st_rank', 'c5_national_win_rate', 'c5_national_exacta_rate', 'c5_local_win_rate', 'c5_local_exacta_rate', 'c5_motor_exacta_rate', 'c5_boat_exacta_rate', 'c5_average_start', 'c6_history_n', 'c6_sashi', 'c6_makuri', 'c6_attack', 'c6_st_rank', 'c6_national_win_rate', 'c6_national_exacta_rate', 'c6_local_win_rate', 'c6_local_exacta_rate', 'c6_motor_exacta_rate', 'c6_boat_exacta_rate', 'c6_average_start', 'lane1_vulnerability_rate', 'c1_exhibition_time_relative', 'c1_start_timing_relative', 'c1_lap_time_relative', 'c1_around_time_relative', 'c1_ex_score', 'c1_st_score', 'c1_lap_score', 'c1_mawari_score', 'c1_attack_potential', 'c1_stable_score', 'c1_final_2nd_score', 'c1_second_rank', 'c1_gap_to_top', 'c2_exhibition_time_relative', 'c2_start_timing_relative', 'c2_lap_time_relative', 'c2_around_time_relative', 'c2_ex_score', 'c2_st_score', 'c2_lap_score', 'c2_mawari_score', 'c2_attack_potential', 'c2_stable_score', 'c2_final_2nd_score', 'c2_second_rank', 'c2_gap_to_top', 'c3_exhibition_time_relative', 'c3_start_timing_relative', 'c3_lap_time_relative', 'c3_around_time_relative', 'c3_ex_score', 'c3_st_score', 'c3_lap_score', 'c3_mawari_score', 'c3_attack_potential', 'c3_stable_score', 'c3_final_2nd_score', 'c3_second_rank', 'c3_gap_to_top', 'c4_exhibition_time_relative', 'c4_start_timing_relative', 'c4_lap_time_relative', 'c4_around_time_relative', 'c4_ex_score', 'c4_st_score', 'c4_lap_score', 'c4_mawari_score', 'c4_attack_potential', 'c4_stable_score', 'c4_final_2nd_score', 'c4_second_rank', 'c4_gap_to_top', 'c5_exhibition_time_relative', 'c5_start_timing_relative', 'c5_lap_time_relative', 'c5_around_time_relative', 'c5_ex_score', 'c5_st_score', 'c5_lap_score', 'c5_mawari_score', 'c5_attack_potential', 'c5_stable_score', 'c5_final_2nd_score', 'c5_second_rank', 'c5_gap_to_top', 'c6_exhibition_time_relative', 'c6_start_timing_relative', 'c6_lap_time_relative', 'c6_around_time_relative', 'c6_ex_score', 'c6_st_score', 'c6_lap_score', 'c6_mawari_score', 'c6_attack_potential', 'c6_stable_score', 'c6_final_2nd_score', 'c6_second_rank', 'c6_gap_to_top']",,,,,[],[]
AMG,6,top3,6,LightGBM,-0.4758798288386636,log_loss,0.0029451847076416016,2.306959390640259,0.0029451847076416016,2.306959390640259,1,True,1,148,1,1,133891,133891,133891,133891,0,0,LGBModel,,log_loss,"{'learning_rate': 0.05, 'seed': 0}",{'num_boost_round': 34},"{'max_memory_usage_ratio': 1.0, 'max_gpu_memory_usage_ratio': 1.0, 'max_time_limit_ratio': 1.0, 'max_time_limit': None, 'min_time_limit': 0, 'valid_raw_types': ['bool', 'int', 'float', 'category'], 'valid_special_types': None, 'ignored_type_group_special': None, 'ignored_type_group_raw': None, 'get_features_kwargs': None, 'get_features_kwargs_extra': None, 'predict_1_batch_size': None, 'temperature_scalar': None}","['c1_history_n', 'c1_nige', 'c1_st_rank', 'c1_national_win_rate', 'c1_national_exacta_rate', 'c1_local_win_rate', 'c1_local_exacta_rate', 'c1_motor_exacta_rate', 'c1_boat_exacta_rate', 'c1_average_start', 'c2_history_n', 'c2_sashi', 'c2_makuri', 'c2_st_rank', 'c2_national_win_rate', 'c2_national_exacta_rate', 'c2_local_win_rate', 'c2_local_exacta_rate', 'c2_motor_exacta_rate', 'c2_boat_exacta_rate', 'c2_average_start', 'c3_history_n', 'c3_sashi', 'c3_makuri', 'c3_attack', 'c3_st_rank', 'c3_national_win_rate', 'c3_national_exacta_rate', 'c3_local_win_rate', 'c3_local_exacta_rate', 'c3_motor_exacta_rate', 'c3_boat_exacta_rate', 'c3_average_start', 'c4_history_n', 'c4_sashi', 'c4_makuri', 'c4_attack', 'c4_st_rank', 'c4_national_win_rate', 'c4_national_exacta_rate', 'c4_local_win_rate', 'c4_local_exacta_rate', 'c4_motor_exacta_rate', 'c4_boat_exacta_rate', 'c4_average_start', 'c5_history_n', 'c5_sashi', 'c5_makuri', 'c5_attack', 'c5_st_rank', 'c5_national_win_rate', 'c5_national_exacta_rate', 'c5_local_win_rate', 'c5_local_exacta_rate', 'c5_motor_exacta_rate', 'c5_boat_exacta_rate', 'c5_average_start', 'c6_history_n', 'c6_sashi', 'c6_makuri', 'c6_attack', 'c6_st_rank', 'c6_national_win_rate', 'c6_national_exacta_rate', 'c6_local_win_rate', 'c6_local_exacta_rate', 'c6_motor_exacta_rate', 'c6_boat_exacta_rate', 'c6_average_start', 'lane1_vulnerability_rate', 'c1_exhibition_time_relative', 'c1_start_timing_relative', 'c1_lap_time_relative', 'c1_around_time_relative', 'c1_ex_score', 'c1_st_score', 'c1_lap_score', 'c1_mawari_score', 'c1_attack_potential', 'c1_stable_score', 'c1_final_2nd_score', 'c1_second_rank', 'c1_gap_to_top', 'c2_exhibition_time_relative', 'c2_start_timing_relative', 'c2_lap_time_relative', 'c2_around_time_relative', 'c2_ex_score', 'c2_st_score', 'c2_lap_score', 'c2_mawari_score', 'c2_attack_potential', 'c2_stable_score', 'c2_final_2nd_score', 'c2_second_rank', 'c2_gap_to_top', 'c3_exhibition_time_relative', 'c3_start_timing_relative', 'c3_lap_time_relative', 'c3_around_time_relative', 'c3_ex_score', 'c3_st_score', 'c3_lap_score', 'c3_mawari_score', 'c3_attack_potential', 'c3_stable_score', 'c3_final_2nd_score', 'c3_second_rank', 'c3_gap_to_top', 'c4_exhibition_time_relative', 'c4_start_timing_relative', 'c4_lap_time_relative', 'c4_around_time_relative', 'c4_ex_score', 'c4_st_score', 'c4_lap_score', 'c4_mawari_score', 'c4_attack_potential', 'c4_stable_score', 'c4_final_2nd_score', 'c4_second_rank', 'c4_gap_to_top', 'c5_exhibition_time_relative', 'c5_start_timing_relative', 'c5_lap_time_relative', 'c5_around_time_relative', 'c5_ex_score', 'c5_st_score', 'c5_lap_score', 'c5_mawari_score', 'c5_attack_potential', 'c5_stable_score', 'c5_final_2nd_score', 'c5_second_rank', 'c5_gap_to_top', 'c6_exhibition_time_relative', 'c6_start_timing_relative', 'c6_lap_time_relative', 'c6_around_time_relative', 'c6_ex_score', 'c6_st_score', 'c6_lap_score', 'c6_mawari_score', 'c6_attack_potential', 'c6_stable_score', 'c6_final_2nd_score', 'c6_second_rank', 'c6_gap_to_top']",,,,,[],[]
