race_code,race_date,st12,rank1,rank2,rank3,p1_12_n,p1_12_escape,p1_12_attack,p1_6_n,p1_6_escape,p1_6_attack,p2_12_n,p2_12_escape,p2_12_attack,p2_6_n,p2_6_escape,p2_6_attack,p3_12_n,p3_12_escape,p3_12_attack,p3_6_n,p3_6_escape,p3_6_attack,second_score,second_rank,gap,lap_score,straight_score,first,second,third
20240911TMG01,2024-09-11,1C下,3.1,2.9,3.1,30,36.666666666666664,0.0,17,41.1764705882353,0.0,19,0.0,0.0,9,0.0,0.0,46,0.0,15.217391304347826,23,0.0,8.695652173913043,32.0,1,0.0,5.0,5.0,1,5,6
20240911TMG02,2024-09-11,1C上,3.6,4.3,2.9,27,62.96296296296296,0.0,14,64.28571428571429,0.0,20,0.0,0.0,9,0.0,0.0,25,0.0,4.0,16,0.0,6.25,27.0,1,0.0,3.0,4.0,5,4,6
20240911TMG03,2024-09-11,1C上,2.9,3.2,3.1,23,34.78260869565217,0.0,12,25.0,0.0,39,0.0,2.5641025641025643,17,0.0,5.882352941176471,27,0.0,3.7037037037037037,16,0.0,6.25,32.0,2,4.0,4.0,5.0,1,3,4
20240911TMG04,2024-09-11,1C下,3.6,3.3,3.4,34,26.470588235294116,0.0,18,22.22222222222222,0.0,29,0.0,10.344827586206897,18,0.0,11.11111111111111,49,0.0,18.367346938775512,23,0.0,8.695652173913043,28.0,3,4.0,3.0,4.0,1,2,3
20240911TMG05,2024-09-11,1C下,4.0,2.3,2.9,24,8.333333333333334,0.0,15,13.333333333333334,0.0,36,0.0,16.666666666666668,20,0.0,20.0,25,0.0,28.0,16,0.0,25.0,32.0,1,0.0,4.0,5.0,2,4,3
20240911TMG06,2024-09-11,1C上,0.0,3.4,3.8,15,33.333333333333336,0.0,9,22.22222222222222,0.0,32,0.0,0.0,19,0.0,0.0,36,0.0,5.555555555555555,22,0.0,4.545454545454546,26.0,2,4.0,3.0,5.0,1,3,2
20240911TMG07,2024-09-11,1C上,2.5,3.0,3.4,35,40.0,0.0,18,33.333333333333336,0.0,29,0.0,0.0,13,0.0,0.0,63,0.0,6.349206349206349,37,0.0,5.405405405405405,20.0,6,9.0,3.0,1.0,1,2,5
20240911TMG08,2024-09-11,1C下,3.8,2.9,3.6,45,48.888888888888886,0.0,21,52.38095238095238,0.0,37,0.0,2.7027027027027026,17,0.0,0.0,42,0.0,19.047619047619047,24,0.0,20.833333333333332,31.0,2,3.0,4.0,5.0,3,5,4
20240911TMG09,2024-09-11,1C上,3.2,3.3,2.7,51,68.62745098039215,0.0,22,59.09090909090909,0.0,19,0.0,0.0,11,0.0,0.0,35,0.0,17.142857142857142,19,0.0,26.31578947368421,32.0,1,0.0,5.0,5.0,1,3,6
20240911TMG10,2024-09-11,1C下,4.0,3.8,3.1,43,48.83720930232558,0.0,24,41.666666666666664,0.0,32,0.0,0.0,20,0.0,0.0,48,0.0,22.916666666666668,29,0.0,20.689655172413794,22.0,3,6.0,4.0,1.0,5,6,4
20240911TMG11,2024-09-11,1C上,2.8,3.8,3.9,45,73.33333333333333,0.0,22,63.63636363636363,0.0,47,0.0,4.25531914893617,21,0.0,9.523809523809524,39,0.0,12.820512820512821,25,0.0,4.0,34.0,1,0.0,5.0,5.0,1,3,2
20240911TMG12,2024-09-11,1C上,2.6,2.7,3.0,47,53.191489361702125,0.0,18,50.0,0.0,35,0.0,2.857142857142857,17,0.0,0.0,47,0.0,14.893617021276595,29,0.0,13.793103448275861,28.0,2,4.0,5.0,2.0,5,4,3
20240912TMG01,2024-09-12,1C上,3.1,3.7,2.9,26,42.30769230769231,0.0,14,50.0,0.0,29,0.0,3.4482758620689653,17,0.0,5.882352941176471,48,0.0,10.416666666666666,28,0.0,10.714285714285714,23.0,4,6.0,3.0,1.0,3,1,6
20240912TMG02,2024-09-12,1C上,3.2,5.2,4.1,51,41.1764705882353,0.0,28,57.142857142857146,0.0,39,0.0,0.0,20,0.0,0.0,28,0.0,3.5714285714285716,17,0.0,0.0,36.0,1,0.0,5.0,5.0,4,1,6
20240912TMG03,2024-09-12,1C上,2.6,3.2,3.6,25,48.0,0.0,12,25.0,0.0,43,0.0,0.0,22,0.0,0.0,39,0.0,2.5641025641025643,25,0.0,0.0,38.0,1,0.0,5.0,5.0,2,1,4
20240912TMG04,2024-09-12,1C下,4.3,2.4,3.9,23,21.73913043478261,0.0,14,14.285714285714286,0.0,32,0.0,6.25,14,0.0,7.142857142857143,32,0.0,6.25,18,0.0,5.555555555555555,34.0,1,0.0,5.0,5.0,2,1,3
20240912TMG05,2024-09-12,1C下,3.7,3.0,3.6,49,53.06122448979592,0.0,25,56.0,0.0,63,0.0,7.936507936507937,40,0.0,10.0,28,0.0,3.5714285714285716,16,0.0,6.25,28.0,2,8.0,4.0,5.0,4,5,6
20240912TMG06,2024-09-12,1C下,5.7,4.6,3.1,32,9.375,0.0,15,6.666666666666667,0.0,25,0.0,0.0,12,0.0,0.0,21,0.0,4.761904761904762,7,0.0,0.0,28.0,2,6.0,3.0,2.0,5,2,6
20240912TMG07,2024-09-12,1C上,1.9,2.9,2.7,22,45.45454545454545,0.0,4,25.0,0.0,31,0.0,0.0,17,0.0,0.0,34,0.0,0.0,18,0.0,0.0,24.0,4,6.0,2.0,5.0,1,4,2
20240912TMG08,2024-09-12,1C上,2.9,3.7,3.5,56,48.214285714285715,0.0,28,35.714285714285715,0.0,27,0.0,0.0,13,0.0,0.0,40,0.0,15.0,25,0.0,12.0,34.0,1,0.0,4.0,5.0,3,1,4
20240912TMG10,2024-09-12,1C上,2.9,3.9,4.1,69,62.31884057971015,0.0,36,55.55555555555556,0.0,39,0.0,5.128205128205129,24,0.0,4.166666666666667,32,0.0,15.625,13,0.0,30.76923076923077,32.0,2,2.0,5.0,5.0,1,2,5
20240912TMG12,2024-09-12,1C上,3.3,3.6,2.9,48,75.0,0.0,26,73.07692307692308,0.0,35,0.0,5.714285714285714,22,0.0,9.090909090909092,31,0.0,9.67741935483871,14,0.0,0.0,30.0,2,1.0,5.0,2.0,2,1,3
20240913TMG01,2024-09-13,1C下,3.7,0.0,2.4,34,35.294117647058826,0.0,17,29.41176470588235,0.0,12,0.0,8.333333333333334,8,0.0,0.0,39,0.0,7.6923076923076925,21,0.0,14.285714285714286,30.0,2,7.0,5.0,2.0,4,5,1
20240913TMG02,2024-09-13,1C下,2.3,0.0,3.9,16,25.0,0.0,6,0.0,0.0,7,0.0,0.0,7,0.0,0.0,40,0.0,12.5,26,0.0,3.8461538461538463,22.0,5,7.0,2.0,5.0,4,5,6
20240913TMG03,2024-09-13,1C下,3.1,2.7,3.1,31,38.70967741935484,0.0,16,31.25,0.0,51,0.0,3.9215686274509802,28,0.0,7.142857142857143,27,0.0,3.7037037037037037,17,0.0,5.882352941176471,27.0,2,6.0,5.0,5.0,2,1,3
20240913TMG04,2024-09-13,1C上,2.3,4.2,3.4,30,56.666666666666664,0.0,18,55.55555555555556,0.0,21,0.0,0.0,13,0.0,0.0,40,0.0,7.5,22,0.0,13.636363636363637,32.0,1,0.0,5.0,5.0,1,3,5
20240913TMG05,2024-09-13,1C下,3.1,3.0,3.3,34,26.470588235294116,0.0,18,33.333333333333336,0.0,47,0.0,2.127659574468085,25,0.0,0.0,32,0.0,9.375,17,0.0,5.882352941176471,31.0,1,0.0,5.0,2.0,1,2,5
20240913TMG06,2024-09-13,1C下,3.1,2.7,1.0,36,36.111111111111114,0.0,18,27.77777777777778,0.0,32,0.0,3.125,22,0.0,4.545454545454546,9,0.0,11.11111111111111,8,0.0,12.5,30.0,2,1.0,5.0,5.0,1,5,2
20240913TMG07,2024-09-13,1C上,3.3,3.9,3.0,56,33.92857142857143,0.0,29,31.03448275862069,0.0,27,0.0,0.0,13,0.0,0.0,46,0.0,6.521739130434782,25,0.0,4.0,26.0,3,12.0,5.0,2.0,2,3,1
20240913TMG08,2024-09-13,1C下,4.2,3.3,2.6,36,44.44444444444444,0.0,15,40.0,0.0,37,0.0,5.405405405405405,19,0.0,0.0,23,0.0,8.695652173913043,9,0.0,0.0,23.0,4,7.0,4.0,1.0,1,2,5
20240913TMG09,2024-09-13,1C上,2.1,3.3,2.9,44,54.54545454545455,0.0,22,59.09090909090909,0.0,23,0.0,4.3478260869565215,5,0.0,0.0,26,0.0,26.923076923076923,17,0.0,23.529411764705884,32.0,1,0.0,5.0,2.0,1,5,2
20240913TMG10,2024-09-13,1C下,3.7,3.0,3.5,43,58.13953488372093,0.0,24,58.333333333333336,0.0,46,0.0,4.3478260869565215,21,0.0,4.761904761904762,28,0.0,3.5714285714285716,16,0.0,0.0,29.0,2,2.0,5.0,1.0,1,2,5
20240913TMG11,2024-09-13,1C下,3.1,2.4,5.5,52,67.3076923076923,0.0,31,77.41935483870968,0.0,35,0.0,0.0,17,0.0,0.0,28,0.0,0.0,16,0.0,0.0,18.0,6,12.0,3.0,1.0,1,2,4
20240913TMG12,2024-09-13,1C上,2.0,3.2,2.8,45,73.33333333333333,0.0,24,75.0,0.0,33,0.0,3.0303030303030303,18,0.0,5.555555555555555,41,0.0,9.75609756097561,25,0.0,8.0,28.0,2,10.0,4.0,5.0,1,2,5
20240914TMG01,2024-09-14,1C上,0.0,3.3,4.1,6,0.0,0.0,6,0.0,0.0,19,0.0,0.0,7,0.0,0.0,29,0.0,3.4482758620689653,18,0.0,0.0,30.0,1,0.0,5.0,3.0,4,2,3
20240914TMG02,2024-09-14,1C上,3.3,3.8,3.8,52,67.3076923076923,0.0,28,75.0,0.0,25,0.0,0.0,16,0.0,0.0,22,0.0,0.0,16,0.0,0.0,32.0,1,0.0,5.0,5.0,5,3,1
20240914TMG03,2024-09-14,1C下,3.7,3.4,2.9,44,59.09090909090909,0.0,24,62.5,0.0,30,0.0,6.666666666666667,20,0.0,5.0,32,0.0,9.375,15,0.0,0.0,29.0,2,1.0,5.0,2.0,1,2,3
20240914TMG04,2024-09-14,1C下,3.2,2.4,3.0,27,59.25925925925926,0.0,16,50.0,0.0,36,0.0,0.0,18,0.0,0.0,38,0.0,15.789473684210526,16,0.0,6.25,36.0,1,0.0,5.0,5.0,3,2,4
20240914TMG05,2024-09-14,1C下,3.5,2.9,1.0,27,55.55555555555556,0.0,15,46.666666666666664,0.0,38,0.0,2.6315789473684212,18,0.0,0.0,10,0.0,10.0,9,0.0,11.11111111111111,33.0,1,0.0,5.0,5.0,1,2,6
20240914TMG06,2024-09-14,1C上,2.5,3.3,0.0,16,18.75,0.0,9,11.11111111111111,0.0,38,0.0,5.2631578947368425,20,0.0,0.0,12,0.0,0.0,8,0.0,0.0,23.0,3,7.0,2.0,5.0,3,6,4
20240914TMG07,2024-09-14,1C下,3.1,2.9,2.4,16,43.75,0.0,6,33.333333333333336,0.0,30,0.0,0.0,17,0.0,0.0,39,0.0,7.6923076923076925,22,0.0,13.636363636363637,33.0,1,0.0,4.0,5.0,1,3,4
20240914TMG08,2024-09-14,1C上,1.9,5.2,2.8,23,47.82608695652174,0.0,5,40.0,0.0,40,0.0,0.0,21,0.0,0.0,42,0.0,9.523809523809524,26,0.0,7.6923076923076925,24.0,5,4.0,3.0,5.0,5,1,4
20240914TMG09,2024-09-14,1C上,3.3,3.9,4.3,49,73.46938775510205,0.0,27,70.37037037037037,0.0,41,0.0,0.0,23,0.0,0.0,27,0.0,0.0,15,0.0,0.0,32.0,2,2.0,5.0,4.0,3,6,4
20240914TMG10,2024-09-14,1C上,2.9,3.2,3.3,70,62.857142857142854,0.0,37,56.75675675675676,0.0,34,0.0,2.9411764705882355,19,0.0,5.2631578947368425,30,0.0,6.666666666666667,14,0.0,14.285714285714286,31.0,1,0.0,5.0,5.0,1,3,5
20240914TMG11,2024-09-14,1C上,2.0,3.2,2.7,46,73.91304347826087,0.0,25,76.0,0.0,44,0.0,0.0,23,0.0,0.0,36,0.0,16.666666666666668,19,0.0,21.05263157894737,26.0,2,9.0,4.0,5.0,1,2,3
20240914TMG12,2024-09-14,1C上,2.1,3.0,3.8,45,53.333333333333336,0.0,23,56.52173913043478,0.0,47,0.0,4.25531914893617,22,0.0,4.545454545454546,37,0.0,5.405405405405405,23,0.0,4.3478260869565215,31.0,2,1.0,5.0,5.0,3,1,2
20240915TMG01,2024-09-15,1C上,3.3,3.9,3.4,57,33.333333333333336,0.0,30,30.0,0.0,28,0.0,0.0,14,0.0,0.0,64,0.0,6.25,36,0.0,5.555555555555555,24.0,4,10.0,5.0,1.0,6,2,1
20240915TMG02,2024-09-15,1C下,5.7,3.0,3.8,33,9.090909090909092,0.0,16,6.25,0.0,63,0.0,7.936507936507937,39,0.0,10.256410256410257,23,0.0,0.0,17,0.0,0.0,22.0,5,10.0,1.0,5.0,6,4,2
20240915TMG03,2024-09-15,1C下,4.0,3.8,4.1,43,48.83720930232558,0.0,23,39.130434782608695,0.0,26,0.0,0.0,17,0.0,0.0,30,0.0,3.3333333333333335,19,0.0,0.0,24.0,2,6.0,5.0,1.0,1,4,3
20240915TMG04,2024-09-15,1C下,3.1,2.9,0.0,27,40.74074074074074,0.0,15,46.666666666666664,0.0,32,0.0,0.0,18,0.0,0.0,13,0.0,7.6923076923076925,9,0.0,11.11111111111111,28.0,2,6.0,5.0,5.0,4,2,5
20240915TMG05,2024-09-15,1C上,3.2,3.4,3.5,52,69.23076923076923,0.0,23,60.869565217391305,0.0,30,0.0,6.666666666666667,21,0.0,4.761904761904762,45,0.0,17.77777777777778,23,0.0,13.043478260869565,30.0,2,4.0,5.0,1.0,2,1,3
20240915TMG06,2024-09-15,1C上,1.9,3.3,2.5,24,45.833333333333336,0.0,6,33.333333333333336,0.0,20,0.0,0.0,8,0.0,0.0,47,0.0,6.382978723404255,28,0.0,7.142857142857143,28.0,4,6.0,3.0,5.0,3,1,2
20240915TMG07,2024-09-15,1C下,4.0,3.0,3.1,25,8.0,0.0,16,12.5,0.0,48,0.0,2.0833333333333335,25,0.0,0.0,22,0.0,4.545454545454546,8,0.0,0.0,26.0,4,4.0,2.0,3.0,1,2,6
20240915TMG08,2024-09-15,1C下,4.3,3.7,2.7,23,17.391304347826086,0.0,15,13.333333333333334,0.0,28,0.0,0.0,14,0.0,0.0,35,0.0,0.0,19,0.0,0.0,26.0,4,10.0,3.0,5.0,1,2,5
20240915TMG09,2024-09-15,1C上,3.5,4.6,3.1,28,57.142857142857146,0.0,16,50.0,0.0,26,0.0,0.0,13,0.0,0.0,46,0.0,15.217391304347826,24,0.0,8.333333333333334,35.0,1,0.0,5.0,5.0,1,2,6
20240915TMG10,2024-09-15,1C下,3.1,2.4,2.4,35,28.571428571428573,0.0,19,36.8421052631579,0.0,36,0.0,0.0,19,0.0,0.0,40,0.0,7.5,23,0.0,13.043478260869565,29.0,2,4.0,2.0,3.0,1,4,2
20240915TMG11,2024-09-15,1C上,1.9,3.2,3.4,56,71.42857142857143,0.0,29,79.3103448275862,0.0,35,0.0,2.857142857142857,20,0.0,5.0,48,0.0,8.333333333333334,23,0.0,4.3478260869565215,28.0,2,1.0,4.0,5.0,1,4,5
20240915TMG12,2024-09-15,1C上,2.0,2.7,3.8,47,74.46808510638297,0.0,26,76.92307692307692,0.0,52,0.0,3.8461538461538463,29,0.0,6.896551724137931,38,0.0,7.894736842105263,24,0.0,8.333333333333334,28.0,2,1.0,5.0,4.0,1,2,5
20240918TMG01,2024-09-18,同じ,3.1,3.1,4.3,30,20.0,0.0,18,5.555555555555555,0.0,44,0.0,2.272727272727273,23,0.0,4.3478260869565215,35,0.0,0.0,18,0.0,0.0,21.0,4,13.0,2.0,5.0,2,3,4
20240918TMG02,2024-09-18,1C上,2.4,3.0,3.4,13,46.15384615384615,0.0,5,0.0,0.0,38,0.0,2.6315789473684212,22,0.0,0.0,32,0.0,9.375,16,0.0,6.25,34.0,1,0.0,5.0,5.0,1,2,5
20240918TMG03,2024-09-18,1C下,3.2,2.7,4.0,28,39.285714285714285,0.0,18,38.888888888888886,0.0,46,0.0,4.3478260869565215,22,0.0,9.090909090909092,41,0.0,4.878048780487805,24,0.0,4.166666666666667,25.0,4,7.0,5.0,1.0,2,1,6
20240918TMG04,2024-09-18,同じ,3.1,3.1,3.4,28,39.285714285714285,0.0,14,28.571428571428573,0.0,198,0.0,8.080808080808081,90,0.0,6.666666666666667,33,0.0,15.151515151515152,16,0.0,12.5,21.0,6,13.0,1.0,5.0,4,3,5
20240918TMG05,2024-09-18,1C上,3.0,3.3,3.5,40,62.5,0.0,19,63.1578947368421,0.0,34,0.0,14.705882352941176,20,0.0,15.0,43,0.0,4.651162790697675,21,0.0,4.761904761904762,25.0,4,12.0,4.0,1.0,1,2,6
20240918TMG06,2024-09-18,1C上,2.3,3.9,2.8,24,54.166666666666664,0.0,15,40.0,0.0,28,0.0,0.0,18,0.0,0.0,43,0.0,9.30232558139535,20,0.0,5.0,20.0,6,11.0,2.0,2.0,1,3,2
20240918TMG07,2024-09-18,1C上,2.3,2.9,2.7,28,39.285714285714285,0.0,15,46.666666666666664,0.0,38,0.0,0.0,17,0.0,0.0,36,0.0,25.0,22,0.0,27.272727272727273,32.0,1,0.0,5.0,5.0,2,6,1
20240918TMG08,2024-09-18,1C上,2.6,4.1,2.3,101,40.59405940594059,0.0,54,40.74074074074074,0.0,37,0.0,8.108108108108109,18,0.0,0.0,17,0.0,5.882352941176471,7,0.0,14.285714285714286,23.0,5,5.0,2.0,1.0,4,3,2
20240918TMG09,2024-09-18,1C上,3.0,3.3,2.3,49,59.183673469387756,0.0,26,50.0,0.0,36,0.0,13.88888888888889,17,0.0,11.764705882352942,38,0.0,13.157894736842104,19,0.0,10.526315789473685,26.0,3,4.0,4.0,1.0,2,1,3
20240918TMG10,2024-09-18,1C上,2.3,3.3,3.9,62,67.74193548387096,0.0,31,64.51612903225806,0.0,36,0.0,0.0,18,0.0,0.0,35,0.0,2.857142857142857,18,0.0,0.0,31.0,1,0.0,5.0,5.0,4,3,2
20240918TMG11,2024-09-18,1C上,2.1,4.5,3.9,47,53.191489361702125,0.0,18,66.66666666666667,0.0,35,0.0,0.0,21,0.0,0.0,35,0.0,8.571428571428571,15,0.0,0.0,36.0,1,0.0,5.0,5.0,1,5,4
20240918TMG12,2024-09-18,1C上,2.7,3.9,2.9,60,80.0,0.0,36,72.22222222222223,0.0,42,0.0,0.0,23,0.0,0.0,47,0.0,14.893617021276595,25,0.0,4.0,34.0,1,0.0,5.0,5.0,2,5,1
20240919TMG01,2024-09-19,1C下,4.0,3.7,3.0,12,8.333333333333334,0.0,8,12.5,0.0,34,0.0,0.0,18,0.0,0.0,44,0.0,13.636363636363637,20,0.0,10.0,34.0,2,2.0,5.0,4.0,3,1,5
20240919TMG02,2024-09-19,1C下,3.4,3.1,2.6,28,17.857142857142858,0.0,14,21.428571428571427,0.0,199,0.0,8.040201005025125,91,0.0,6.593406593406593,40,0.0,7.5,25,0.0,12.0,37.0,1,0.0,5.0,5.0,2,4,1
20240919TMG03,2024-09-19,1C上,3.2,3.3,2.6,36,27.77777777777778,0.0,14,35.714285714285715,0.0,35,0.0,5.714285714285714,19,0.0,0.0,45,0.0,20.0,19,0.0,21.05263157894737,30.0,2,4.0,3.0,5.0,2,3,4
20240919TMG04,2024-09-19,1C上,3.8,4.6,3.7,28,28.571428571428573,0.0,11,27.272727272727273,0.0,53,0.0,0.0,29,0.0,0.0,37,0.0,2.7027027027027026,18,0.0,5.555555555555555,22.0,4,9.0,4.0,2.0,2,1,6
20240919TMG05,2024-09-19,1C上,2.5,4.4,2.8,43,60.46511627906977,0.0,23,60.869565217391305,0.0,32,0.0,0.0,17,0.0,0.0,39,0.0,20.512820512820515,19,0.0,26.31578947368421,21.0,4,9.0,3.0,1.0,3,4,6
20240919TMG06,2024-09-19,1C上,3.0,3.2,2.3,22,9.090909090909092,0.0,11,0.0,0.0,14,0.0,0.0,11,0.0,0.0,46,0.0,19.565217391304348,27,0.0,11.11111111111111,36.0,1,0.0,5.0,5.0,4,3,5
20240919TMG07,2024-09-19,1C上,1.9,3.9,3.2,54,57.407407407407405,0.0,29,48.275862068965516,0.0,40,0.0,2.5,25,0.0,0.0,31,0.0,16.129032258064516,15,0.0,26.666666666666668,36.0,1,0.0,4.0,5.0,4,3,1
20240919TMG09,2024-09-19,1C上,3.0,4.5,2.3,56,50.0,0.0,29,48.275862068965516,0.0,31,0.0,0.0,16,0.0,0.0,18,0.0,5.555555555555555,8,0.0,12.5,35.0,1,0.0,5.0,5.0,1,3,2
20240919TMG10,2024-09-19,1C上,2.9,4.3,3.6,55,72.72727272727273,0.0,31,74.19354838709677,0.0,25,0.0,0.0,10,0.0,0.0,37,0.0,18.91891891891892,18,0.0,22.22222222222222,36.0,1,0.0,5.0,5.0,1,3,2
20240919TMG11,2024-09-19,1C上,2.9,4.4,3.5,51,66.66666666666667,0.0,28,64.28571428571429,0.0,41,0.0,0.0,24,0.0,0.0,44,0.0,6.818181818181818,30,0.0,10.0,37.0,1,0.0,5.0,5.0,5,1,4
20240919TMG12,2024-09-19,1C上,2.6,2.7,2.7,102,40.19607843137255,0.0,55,40.0,0.0,36,0.0,2.7777777777777777,15,0.0,0.0,42,0.0,19.047619047619047,24,0.0,29.166666666666668,26.0,3,3.0,4.0,3.0,1,3,5
20240920TMG01,2024-09-20,1C上,3.1,4.5,3.2,24,37.5,0.0,12,25.0,0.0,38,0.0,2.6315789473684212,19,0.0,5.2631578947368425,29,0.0,0.0,20,0.0,0.0,30.0,1,0.0,5.0,5.0,3,6,1
20240920TMG02,2024-09-20,1C下,4.4,3.1,3.0,28,42.857142857142854,0.0,14,50.0,0.0,38,0.0,2.6315789473684212,22,0.0,4.545454545454546,49,0.0,10.204081632653061,27,0.0,11.11111111111111,26.0,2,5.0,5.0,1.0,1,3,4
20240920TMG03,2024-09-20,1C下,3.6,3.1,3.0,22,54.54545454545455,0.0,9,55.55555555555556,0.0,30,0.0,0.0,23,0.0,0.0,41,0.0,14.634146341463415,23,0.0,17.391304347826086,30.0,3,2.0,5.0,5.0,3,2,4
20240920TMG04,2024-09-20,1C下,3.6,3.2,3.0,40,52.5,0.0,20,55.0,0.0,45,0.0,6.666666666666667,22,0.0,4.545454545454546,39,0.0,7.6923076923076925,24,0.0,8.333333333333334,18.0,6,14.0,2.0,1.0,5,1,3
20240920TMG05,2024-09-20,1C上,2.8,4.1,3.3,21,61.904761904761905,0.0,15,66.66666666666667,0.0,37,0.0,8.108108108108109,19,0.0,0.0,48,0.0,2.0833333333333335,23,0.0,0.0,33.0,1,0.0,5.0,5.0,4,3,1
20240920TMG06,2024-09-20,1C上,3.7,4.5,3.2,45,46.666666666666664,0.0,22,50.0,0.0,25,0.0,0.0,16,0.0,0.0,43,0.0,6.976744186046512,22,0.0,9.090909090909092,30.0,2,1.0,4.0,5.0,1,2,3
20240920TMG07,2024-09-20,1C下,3.6,2.5,2.9,41,51.21951219512195,0.0,17,52.94117647058823,0.0,41,0.0,7.317073170731708,22,0.0,9.090909090909092,48,0.0,14.583333333333334,24,0.0,4.166666666666667,30.0,2,5.0,5.0,5.0,2,3,1
20240920TMG08,2024-09-20,1C上,2.2,3.1,3.0,49,55.10204081632653,0.0,27,55.55555555555556,0.0,199,0.0,8.040201005025125,91,0.0,6.593406593406593,41,0.0,14.634146341463415,23,0.0,17.391304347826086,30.0,2,1.0,5.0,3.0,3,1,2
20240920TMG09,2024-09-20,1C上,2.2,2.9,2.3,33,57.57575757575758,0.0,18,50.0,0.0,36,0.0,8.333333333333334,19,0.0,10.526315789473685,41,0.0,17.073170731707318,21,0.0,4.761904761904762,32.0,1,0.0,5.0,5.0,1,2,6
20240920TMG10,2024-09-20,1C上,2.2,3.2,3.6,52,71.15384615384616,0.0,23,78.26086956521739,0.0,30,0.0,3.3333333333333335,15,0.0,0.0,45,0.0,13.333333333333334,25,0.0,8.0,31.0,2,1.0,5.0,5.0,1,4,2
20240920TMG11,2024-09-20,1C上,2.6,3.8,3.7,51,54.90196078431372,0.0,24,37.5,0.0,27,0.0,0.0,14,0.0,0.0,37,0.0,8.108108108108109,20,0.0,10.0,36.0,1,0.0,5.0,5.0,2,3,1
20240920TMG12,2024-09-20,1C上,3.1,3.3,3.8,65,81.53846153846153,0.0,32,84.375,0.0,33,0.0,0.0,16,0.0,0.0,30,0.0,3.3333333333333335,17,0.0,5.882352941176471,30.0,1,0.0,5.0,5.0,1,5,3
20240921TMG01,2024-09-21,1C上,2.1,3.1,3.0,30,56.666666666666664,0.0,15,73.33333333333333,0.0,31,0.0,0.0,24,0.0,0.0,50,0.0,10.0,28,0.0,10.714285714285714,16.0,6,15.0,1.0,1.0,1,2,5
20240921TMG02,2024-09-21,1C上,3.9,4.4,2.9,30,36.666666666666664,0.0,16,37.5,0.0,32,0.0,0.0,17,0.0,0.0,53,0.0,9.433962264150944,30,0.0,13.333333333333334,26.0,2,5.0,3.0,5.0,3,4,6
20240921TMG03,2024-09-21,1C下,4.2,3.0,2.3,21,33.333333333333336,0.0,14,28.571428571428573,0.0,38,0.0,2.6315789473684212,23,0.0,0.0,19,0.0,5.2631578947368425,8,0.0,12.5,30.0,2,2.0,5.0,5.0,5,2,4
20240921TMG04,2024-09-21,1C上,3.5,4.8,3.7,20,20.0,0.0,9,33.333333333333336,0.0,34,0.0,0.0,17,0.0,0.0,38,0.0,2.6315789473684212,19,0.0,5.2631578947368425,28.0,3,7.0,5.0,5.0,2,1,3
20240921TMG05,2024-09-21,1C上,2.9,4.6,2.3,35,40.0,0.0,15,26.666666666666668,0.0,54,0.0,0.0,30,0.0,0.0,42,0.0,16.666666666666668,22,0.0,4.545454545454546,35.0,1,0.0,5.0,5.0,1,2,4
20240921TMG06,2024-09-21,1C上,2.9,3.9,2.3,52,65.38461538461539,0.0,29,62.06896551724138,0.0,32,0.0,0.0,19,0.0,0.0,47,0.0,19.148936170212767,28,0.0,10.714285714285714,27.0,3,1.0,4.0,2.0,1,4,3
20240921TMG07,2024-09-21,1C上,2.1,3.1,3.2,48,54.166666666666664,0.0,19,68.42105263157895,0.0,200,0.0,8.0,92,0.0,6.521739130434782,44,0.0,6.818181818181818,23,0.0,8.695652173913043,33.0,1,0.0,5.0,4.0,2,1,5
20240921TMG08,2024-09-21,1C下,2.9,2.8,3.9,56,73.21428571428571,0.0,32,75.0,0.0,33,0.0,9.090909090909092,17,0.0,5.882352941176471,31,0.0,12.903225806451612,22,0.0,13.636363636363637,31.0,1,0.0,5.0,5.0,1,2,3
20240921TMG09,2024-09-21,1C下,3.1,2.7,4.3,65,81.53846153846153,0.0,33,84.84848484848484,0.0,37,0.0,2.7027027027027026,16,0.0,0.0,36,0.0,0.0,19,0.0,0.0,30.0,1,0.0,5.0,3.0,1,2,3
20240921TMG10,2024-09-21,1C上,2.6,2.9,3.9,52,53.84615384615385,0.0,25,36.0,0.0,39,0.0,0.0,18,0.0,0.0,36,0.0,8.333333333333334,15,0.0,0.0,36.0,1,0.0,5.0,5.0,4,1,2
20240921TMG11,2024-09-21,1C上,2.6,3.3,4.8,101,40.59405940594059,0.0,56,41.07142857142857,0.0,37,0.0,0.0,19,0.0,0.0,35,0.0,0.0,24,0.0,0.0,29.0,2,2.0,5.0,4.0,1,3,5
20240921TMG12,2024-09-21,1C上,2.7,3.4,3.9,60,78.33333333333333,0.0,37,70.27027027027027,0.0,37,0.0,0.0,16,0.0,0.0,35,0.0,2.857142857142857,19,0.0,0.0,34.0,1,0.0,5.0,5.0,1,3,4
20240922TMG01,2024-09-22,1C上,3.0,3.3,3.3,41,63.41463414634146,0.0,20,65.0,0.0,35,0.0,14.285714285714286,20,0.0,10.0,29,0.0,6.896551724137931,14,0.0,14.285714285714286,32.0,1,0.0,4.0,5.0,4,5,6
20240922TMG02,2024-09-22,1C上,2.1,4.3,2.9,31,58.064516129032256,0.0,16,75.0,0.0,26,0.0,0.0,11,0.0,0.0,49,0.0,14.285714285714286,25,0.0,4.0,25.0,5,6.0,2.0,1.0,1,6,4
20240922TMG03,2024-09-22,1C上,2.3,3.9,3.0,63,66.66666666666667,0.0,32,62.5,0.0,33,0.0,0.0,20,0.0,0.0,45,0.0,15.555555555555555,19,0.0,15.789473684210526,35.0,1,0.0,5.0,5.0,1,4,3
20240922TMG04,2024-09-22,1C上,2.5,3.2,3.5,44,59.09090909090909,0.0,24,58.333333333333336,0.0,31,0.0,3.225806451612903,16,0.0,0.0,45,0.0,6.666666666666667,31,0.0,9.67741935483871,24.0,5,9.0,3.0,1.0,1,3,6
20240922TMG05,2024-09-22,1C上,2.8,3.7,3.2,22,59.09090909090909,0.0,16,62.5,0.0,42,0.0,4.761904761904762,22,0.0,4.545454545454546,45,0.0,6.666666666666667,24,0.0,8.333333333333334,34.0,2,2.0,5.0,5.0,1,6,4
20240922TMG06,2024-09-22,1C上,2.3,3.1,3.7,24,54.166666666666664,0.0,15,40.0,0.0,199,0.0,8.040201005025125,93,0.0,6.451612903225806,39,0.0,2.5641025641025643,19,0.0,5.2631578947368425,22.0,5,17.0,3.0,1.0,4,5,3
20240922TMG07,2024-09-22,1C上,2.9,4.5,4.3,36,41.666666666666664,0.0,16,31.25,0.0,32,0.0,0.0,16,0.0,0.0,27,0.0,3.7037037037037037,14,0.0,0.0,29.0,1,0.0,5.0,5.0,1,6,4
20240922TMG08,2024-09-22,1C上,2.4,3.1,2.7,14,50.0,0.0,5,20.0,0.0,45,0.0,2.2222222222222223,24,0.0,4.166666666666667,42,0.0,19.047619047619047,25,0.0,28.0,36.0,1,0.0,5.0,5.0,1,2,3
20240922TMG09,2024-09-22,1C下,3.7,3.3,2.3,46,47.82608695652174,0.0,23,52.17391304347826,0.0,34,0.0,0.0,17,0.0,0.0,43,0.0,16.27906976744186,23,0.0,4.3478260869565215,30.0,2,4.0,3.0,5.0,1,3,4
20240922TMG10,2024-09-22,1C上,3.1,3.3,3.9,66,81.81818181818181,0.0,34,85.29411764705883,0.0,36,0.0,5.555555555555555,19,0.0,0.0,35,0.0,2.857142857142857,19,0.0,0.0,30.0,1,0.0,5.0,5.0,1,2,5
20240922TMG11,2024-09-22,1C上,2.2,2.9,2.8,52,71.15384615384616,0.0,24,79.16666666666667,0.0,37,0.0,8.108108108108109,20,0.0,10.0,27,0.0,0.0,17,0.0,0.0,32.0,2,1.0,4.0,3.0,1,5,2
20240922TMG12,2024-09-22,1C上,2.7,3.1,2.6,61,78.68852459016394,0.0,38,71.05263157894737,0.0,199,0.0,8.040201005025125,93,0.0,6.451612903225806,45,0.0,17.77777777777778,19,0.0,21.05263157894737,30.0,1,0.0,5.0,5.0,4,1,6
20240923TMG01,2024-09-23,1C下,3.6,3.2,3.5,41,51.21951219512195,0.0,20,55.0,0.0,15,0.0,0.0,12,0.0,0.0,42,0.0,4.761904761904762,22,0.0,4.545454545454546,30.0,2,8.0,5.0,4.0,5,1,4
20240923TMG02,2024-09-23,1C上,1.9,4.5,4.8,55,56.36363636363637,0.0,29,44.827586206896555,0.0,26,0.0,0.0,17,0.0,0.0,36,0.0,0.0,25,0.0,0.0,32.0,1,0.0,5.0,3.0,4,3,1
20240923TMG04,2024-09-23,1C下,3.8,3.4,3.3,28,25.0,0.0,12,25.0,0.0,38,0.0,0.0,17,0.0,0.0,49,0.0,2.0408163265306123,24,0.0,0.0,19.0,5,13.0,2.0,1.0,2,1,4
20240923TMG05,2024-09-23,1C上,2.2,3.9,4.0,34,58.8235294117647,0.0,18,50.0,0.0,29,0.0,0.0,19,0.0,0.0,14,0.0,0.0,10,0.0,0.0,30.0,2,1.0,5.0,3.0,1,5,2
20240923TMG06,2024-09-23,同じ,3.0,3.0,3.9,23,8.695652173913043,0.0,11,0.0,0.0,38,0.0,2.6315789473684212,24,0.0,0.0,36,0.0,2.7777777777777777,20,0.0,0.0,30.0,1,0.0,5.0,3.0,3,2,1
20240923TMG07,2024-09-23,1C上,2.6,4.4,3.5,101,41.584158415841586,0.0,57,42.10526315789474,0.0,33,0.0,0.0,17,0.0,0.0,46,0.0,6.521739130434782,32,0.0,9.375,31.0,1,0.0,5.0,5.0,5,6,2
20240923TMG08,2024-09-23,1C下,4.2,3.3,4.0,22,31.818181818181817,0.0,15,26.666666666666668,0.0,37,0.0,13.513513513513514,18,0.0,11.11111111111111,42,0.0,4.761904761904762,25,0.0,4.0,34.0,1,0.0,5.0,5.0,4,2,1
20240923TMG09,2024-09-23,1C上,2.4,4.5,3.4,15,53.333333333333336,0.0,6,33.333333333333336,0.0,35,0.0,0.0,22,0.0,0.0,33,0.0,15.151515151515152,17,0.0,11.764705882352942,26.0,3,7.0,5.0,1.0,6,4,1
20240923TMG10,2024-09-23,1C上,2.2,2.7,2.8,50,54.0,0.0,28,53.57142857142857,0.0,46,0.0,4.3478260869565215,21,0.0,9.523809523809524,28,0.0,0.0,18,0.0,0.0,32.0,1,0.0,5.0,5.0,1,2,6
20240923TMG11,2024-09-23,1C上,2.9,3.1,2.3,57,73.6842105263158,0.0,33,75.75757575757575,0.0,200,0.0,8.0,95,0.0,6.315789473684211,48,0.0,18.75,29,0.0,10.344827586206897,34.0,1,0.0,5.0,5.0,1,2,6
20240923TMG12,2024-09-23,1C上,2.2,3.2,2.7,53,71.69811320754717,0.0,25,80.0,0.0,46,0.0,6.521739130434782,23,0.0,4.3478260869565215,43,0.0,18.6046511627907,26,0.0,26.923076923076923,30.0,2,2.0,3.0,3.0,4,3,5
20240928TMG01,2024-09-28,1C上,2.7,3.8,3.0,32,40.625,0.0,18,38.888888888888886,0.0,31,0.0,3.225806451612903,17,0.0,0.0,39,0.0,2.5641025641025643,20,0.0,5.0,33.0,1,0.0,5.0,4.0,1,6,5
20240928TMG02,2024-09-28,1C上,3.0,5.2,2.9,39,33.333333333333336,0.0,23,34.78260869565217,0.0,26,0.0,3.8461538461538463,18,0.0,5.555555555555555,41,0.0,7.317073170731708,25,0.0,12.0,26.0,3,6.0,5.0,1.0,1,2,6
20240928TMG03,2024-09-28,1C上,3.2,3.6,3.1,31,41.935483870967744,0.0,15,33.333333333333336,0.0,38,0.0,7.894736842105263,19,0.0,15.789473684210526,33,0.0,6.0606060606060606,16,0.0,12.5,28.0,1,0.0,4.0,2.0,2,4,5
20240928TMG04,2024-09-28,1C下,3.5,3.4,3.9,32,37.5,0.0,15,46.666666666666664,0.0,35,0.0,5.714285714285714,19,0.0,10.526315789473685,31,0.0,19.35483870967742,17,0.0,17.647058823529413,32.0,1,0.0,5.0,5.0,5,2,3
20240928TMG05,2024-09-28,1C下,4.4,2.9,3.5,32,21.875,0.0,20,25.0,0.0,32,0.0,12.5,15,0.0,13.333333333333334,18,0.0,11.11111111111111,17,0.0,11.764705882352942,32.0,1,0.0,5.0,5.0,4,2,5
20240928TMG06,2024-09-28,1C上,3.2,3.6,3.8,51,60.78431372549019,0.0,24,54.166666666666664,0.0,34,0.0,5.882352941176471,20,0.0,10.0,39,0.0,10.256410256410257,21,0.0,4.761904761904762,31.0,1,0.0,5.0,1.0,1,3,2
20240928TMG07,2024-09-28,1C上,2.2,3.0,3.8,49,61.224489795918366,0.0,25,48.0,0.0,41,0.0,2.4390243902439024,20,0.0,0.0,37,0.0,29.72972972972973,22,0.0,22.727272727272727,32.0,2,4.0,5.0,5.0,5,1,3
20240928TMG08,2024-09-28,1C上,2.5,2.7,4.5,44,81.81818181818181,0.0,21,80.95238095238095,0.0,30,0.0,0.0,18,0.0,0.0,31,0.0,12.903225806451612,19,0.0,10.526315789473685,34.0,1,0.0,5.0,5.0,1,5,3
20240928TMG09,2024-09-28,1C上,2.1,4.2,2.5,40,67.5,0.0,14,71.42857142857143,0.0,44,0.0,11.363636363636363,18,0.0,5.555555555555555,35,0.0,2.857142857142857,20,0.0,5.0,26.0,4,4.0,4.0,5.0,1,3,4
20240928TMG10,2024-09-28,1C上,2.8,4.0,3.7,41,39.02439024390244,0.0,23,43.47826086956522,0.0,33,0.0,3.0303030303030303,15,0.0,0.0,36,0.0,2.7777777777777777,18,0.0,0.0,14.0,6,18.0,1.0,1.0,1,4,3
20240928TMG12,2024-09-28,1C上,2.5,3.6,1.7,60,68.33333333333333,0.0,38,73.6842105263158,0.0,35,0.0,5.714285714285714,21,0.0,9.523809523809524,35,0.0,22.857142857142858,17,0.0,11.764705882352942,32.0,1,0.0,4.0,5.0,1,3,2
20240929TMG02,2024-09-29,1C下,2.7,2.3,2.8,28,32.142857142857146,0.0,18,38.888888888888886,0.0,42,0.0,9.523809523809524,26,0.0,7.6923076923076925,40,0.0,10.0,17,0.0,5.882352941176471,26.0,4,5.0,2.0,5.0,2,3,1
20240929TMG03,2024-09-29,1C下,3.0,2.8,3.1,14,0.0,0.0,11,0.0,0.0,42,0.0,7.142857142857143,25,0.0,4.0,34,0.0,5.882352941176471,25,0.0,8.0,34.0,2,4.0,5.0,5.0,4,5,2
20240929TMG04,2024-09-29,1C下,2.6,2.2,3.6,18,66.66666666666667,0.0,8,62.5,0.0,43,0.0,6.976744186046512,20,0.0,5.0,43,0.0,2.3255813953488373,20,0.0,5.0,32.0,1,0.0,3.0,4.0,1,2,4
20240929TMG05,2024-09-29,1C下,3.4,2.5,3.5,30,53.333333333333336,0.0,17,47.05882352941177,0.0,48,0.0,2.0833333333333335,25,0.0,0.0,33,0.0,3.0303030303030303,15,0.0,6.666666666666667,38.0,1,0.0,5.0,5.0,2,1,6
20240929TMG06,2024-09-29,1C上,2.4,4.2,1.7,29,41.37931034482759,0.0,14,35.714285714285715,0.0,37,0.0,5.405405405405405,21,0.0,4.761904761904762,36,0.0,22.22222222222222,18,0.0,11.11111111111111,34.0,1,0.0,5.0,5.0,3,1,5
20240929TMG07,2024-09-29,1C上,2.7,4.2,3.8,57,57.89473684210526,0.0,30,50.0,0.0,45,0.0,11.11111111111111,19,0.0,5.2631578947368425,31,0.0,12.903225806451612,19,0.0,21.05263157894737,28.0,2,2.0,3.0,4.0,2,3,1
20240929TMG08,2024-09-29,1C上,3.5,3.9,3.8,44,79.54545454545455,0.0,27,81.48148148148148,0.0,46,0.0,2.1739130434782608,25,0.0,0.0,26,0.0,0.0,17,0.0,0.0,36.0,1,0.0,5.0,5.0,1,2,3
20240929TMG09,2024-09-29,1C上,3.0,3.8,2.6,47,57.4468085106383,0.0,22,68.18181818181819,0.0,30,0.0,3.3333333333333335,15,0.0,6.666666666666667,29,0.0,10.344827586206897,15,0.0,13.333333333333334,38.0,1,0.0,5.0,5.0,1,2,6
20240929TMG10,2024-09-29,1C下,3.7,3.5,2.6,48,62.5,0.0,25,76.0,0.0,14,0.0,0.0,13,0.0,0.0,37,0.0,10.81081081081081,16,0.0,12.5,33.0,1,0.0,5.0,5.0,1,3,6
20240929TMG11,2024-09-29,1C上,2.5,3.6,3.5,52,53.84615384615385,0.0,22,40.90909090909091,0.0,34,0.0,2.9411764705882355,17,0.0,0.0,34,0.0,8.823529411764707,20,0.0,5.0,31.0,3,3.0,4.0,5.0,1,5,6
20240929TMG12,2024-09-29,1C上,3.4,3.9,3.3,39,56.41025641025641,0.0,23,52.17391304347826,0.0,38,0.0,5.2631578947368425,26,0.0,3.8461538461538463,27,0.0,0.0,17,0.0,0.0,30.0,2,2.0,5.0,5.0,4,2,1
20240930TMG01,2024-09-30,1C下,3.7,3.5,2.2,22,31.818181818181817,0.0,11,18.181818181818183,0.0,38,0.0,0.0,24,0.0,0.0,41,0.0,29.26829268292683,20,0.0,25.0,24.0,4,8.0,4.0,1.0,1,2,5
20240930TMG02,2024-09-30,1C下,3.4,2.8,3.8,30,30.0,0.0,19,31.57894736842105,0.0,25,0.0,4.0,10,0.0,0.0,38,0.0,28.94736842105263,23,0.0,21.73913043478261,34.0,1,0.0,5.0,5.0,2,1,3
20240930TMG03,2024-09-30,1C上,3.2,3.7,3.0,27,40.74074074074074,0.0,16,50.0,0.0,37,0.0,0.0,22,0.0,0.0,46,0.0,8.695652173913043,24,0.0,8.333333333333334,26.0,4,8.0,1.0,5.0,1,5,4
20240930TMG04,2024-09-30,1C上,2.6,3.6,2.8,27,33.333333333333336,0.0,15,20.0,0.0,38,0.0,0.0,20,0.0,0.0,45,0.0,28.88888888888889,24,0.0,20.833333333333332,28.0,3,1.0,5.0,1.0,4,2,1
20240930TMG05,2024-09-30,1C下,4.8,2.6,3.9,29,55.172413793103445,0.0,19,52.63157894736842,0.0,17,0.0,0.0,14,0.0,0.0,43,0.0,9.30232558139535,19,0.0,21.05263157894737,28.0,3,5.0,4.0,5.0,1,3,
20240930TMG06,2024-09-30,1C上,1.9,3.3,4.1,48,56.25,0.0,20,50.0,0.0,31,0.0,0.0,19,0.0,0.0,37,0.0,2.7027027027027026,26,0.0,3.8461538461538463,29.0,2,7.0,4.0,5.0,1,4,3
20240930TMG07,2024-09-30,1C上,2.3,3.5,3.8,39,38.46153846153846,0.0,21,47.61904761904762,0.0,36,0.0,2.7777777777777777,20,0.0,5.0,27,0.0,0.0,18,0.0,0.0,32.0,1,0.0,5.0,5.0,1,2,4
20240930TMG08,2024-09-30,1C上,2.6,4.3,3.7,43,62.7906976744186,0.0,22,68.18181818181819,0.0,26,0.0,0.0,14,0.0,0.0,45,0.0,15.555555555555555,21,0.0,28.571428571428573,29.0,2,2.0,4.0,5.0,1,6,5
20240930TMG09,2024-09-30,1C下,4.6,2.4,3.7,38,57.89473684210526,0.0,16,56.25,0.0,36,0.0,2.7777777777777777,18,0.0,5.555555555555555,35,0.0,2.857142857142857,18,0.0,5.555555555555555,37.0,1,0.0,5.0,5.0,1,5,2
20240930TMG10,2024-09-30,1C下,2.3,2.2,3.3,55,72.72727272727273,0.0,29,68.96551724137932,0.0,57,0.0,1.7543859649122806,27,0.0,3.7037037037037037,28,0.0,0.0,18,0.0,0.0,32.0,1,0.0,5.0,5.0,1,4,2
20240930TMG12,2024-09-30,1C下,3.9,2.9,2.6,42,59.523809523809526,0.0,27,62.96296296296296,0.0,35,0.0,5.714285714285714,17,0.0,5.882352941176471,35,0.0,8.571428571428571,23,0.0,0.0,30.0,3,3.0,5.0,1.0,1,3,2
20241001TMG01,2024-10-01,1C上,2.8,4.2,3.8,42,40.476190476190474,0.0,24,45.833333333333336,0.0,38,0.0,5.2631578947368425,21,0.0,4.761904761904762,32,0.0,12.5,20,0.0,20.0,24.0,4,10.0,3.0,4.0,1,4,3
20241001TMG02,2024-10-01,1C上,3.8,4.4,2.6,28,35.714285714285715,0.0,16,50.0,0.0,39,0.0,0.0,25,0.0,0.0,38,0.0,10.526315789473685,17,0.0,11.764705882352942,36.0,1,0.0,5.0,5.0,1,4,6
20241001TMG03,2024-10-01,1C上,2.7,3.8,3.8,58,56.89655172413793,0.0,31,48.38709677419355,0.0,27,0.0,0.0,15,0.0,0.0,34,0.0,2.9411764705882355,18,0.0,0.0,37.0,1,0.0,5.0,5.0,3,4,1
20241001TMG04,2024-10-01,1C上,2.4,3.9,3.5,24,41.666666666666664,0.0,13,46.15384615384615,0.0,39,0.0,5.128205128205129,27,0.0,3.7037037037037037,35,0.0,8.571428571428571,21,0.0,4.761904761904762,29.0,1,0.0,4.0,5.0,4,2,1
20241001TMG06,2024-10-01,1C上,3.5,3.8,4.1,33,36.36363636363637,0.0,16,43.75,0.0,43,0.0,2.3255813953488373,22,0.0,0.0,38,0.0,2.6315789473684212,27,0.0,3.7037037037037037,26.0,1,0.0,4.0,5.0,3,6,1
20241001TMG07,2024-10-01,1C上,0.0,4.3,2.5,8,25.0,0.0,8,25.0,0.0,27,0.0,0.0,15,0.0,0.0,36,0.0,2.7777777777777777,22,0.0,4.545454545454546,30.0,1,0.0,5.0,5.0,3,4,2
20241001TMG08,2024-10-01,1C上,2.1,3.7,2.6,40,70.0,0.0,15,73.33333333333333,0.0,41,0.0,0.0,26,0.0,0.0,30,0.0,10.0,16,0.0,12.5,30.0,2,2.0,3.0,4.0,1,3,6
20241001TMG09,2024-10-01,同じ,2.9,2.9,2.6,42,59.523809523809526,0.0,25,60.0,0.0,36,0.0,5.555555555555555,18,0.0,5.555555555555555,36,0.0,8.333333333333334,24,0.0,0.0,36.0,1,0.0,5.0,5.0,1,4,2
20241001TMG10,2024-10-01,1C上,2.3,3.9,2.2,40,40.0,0.0,22,50.0,0.0,47,0.0,2.127659574468085,26,0.0,0.0,42,0.0,28.571428571428573,21,0.0,23.80952380952381,29.0,1,0.0,5.0,5.0,1,2,3
20241001TMG11,2024-10-01,1C下,3.4,3.3,3.7,40,55.0,0.0,23,52.17391304347826,0.0,38,0.0,2.6315789473684212,17,0.0,5.882352941176471,43,0.0,11.627906976744185,24,0.0,12.5,27.0,2,3.0,5.0,5.0,3,5,1
20241001TMG12,2024-10-01,1C下,4.6,2.8,3.7,39,58.97435897435897,0.0,17,58.8235294117647,0.0,43,0.0,6.976744186046512,26,0.0,3.8461538461538463,46,0.0,13.043478260869565,23,0.0,17.391304347826086,28.0,3,6.0,5.0,1.0,5,4,6
20241009TMG01,2024-10-09,1C上,2.6,4.0,2.9,25,56.0,0.0,13,53.84615384615385,0.0,83,0.0,3.6144578313253013,44,0.0,4.545454545454546,47,0.0,6.382978723404255,23,0.0,8.695652173913043,33.0,1,0.0,5.0,5.0,4,5,3
20241009TMG02,2024-10-09,1C上,3.2,4.3,4.0,42,69.04761904761905,0.0,19,73.6842105263158,0.0,39,0.0,10.256410256410257,25,0.0,8.0,22,0.0,9.090909090909092,17,0.0,5.882352941176471,34.0,1,0.0,5.0,5.0,1,2,5
20241009TMG03,2024-10-09,1C上,2.4,4.4,2.2,24,54.166666666666664,0.0,10,50.0,0.0,24,0.0,0.0,15,0.0,0.0,46,0.0,6.521739130434782,20,0.0,0.0,30.0,2,2.0,4.0,1.0,3,6,4
20241009TMG04,2024-10-09,1C下,4.9,2.6,3.1,27,48.148148148148145,0.0,17,47.05882352941177,0.0,45,0.0,4.444444444444445,24,0.0,0.0,27,0.0,14.814814814814815,15,0.0,0.0,29.0,2,1.0,4.0,5.0,1,2,4
20241009TMG05,2024-10-09,1C上,2.4,4.1,2.8,47,48.93617021276596,0.0,24,45.833333333333336,0.0,35,0.0,2.857142857142857,19,0.0,0.0,36,0.0,5.555555555555555,19,0.0,10.526315789473685,21.0,5,12.0,3.0,1.0,1,5,2
20241009TMG06,2024-10-09,1C下,3.2,3.0,3.0,48,62.5,0.0,27,66.66666666666667,0.0,42,0.0,0.0,23,0.0,0.0,47,0.0,12.76595744680851,19,0.0,10.526315789473685,38.0,1,0.0,5.0,5.0,1,3,5
20241009TMG07,2024-10-09,1C上,3.4,4.5,2.7,40,62.5,0.0,18,77.77777777777777,0.0,50,0.0,0.0,24,0.0,0.0,36,0.0,13.88888888888889,19,0.0,5.2631578947368425,37.0,1,0.0,5.0,5.0,1,5,6
20241009TMG09,2024-10-09,1C上,2.7,3.6,4.4,24,66.66666666666667,0.0,17,70.58823529411765,0.0,23,0.0,4.3478260869565215,15,0.0,6.666666666666667,36,0.0,5.555555555555555,24,0.0,4.166666666666667,32.0,2,1.0,4.0,5.0,1,3,4
20241009TMG10,2024-10-09,1C上,2.3,3.3,2.6,52,71.15384615384616,0.0,25,72.0,0.0,40,0.0,0.0,16,0.0,0.0,30,0.0,16.666666666666668,17,0.0,17.647058823529413,22.0,6,8.0,3.0,1.0,1,3,2
20241009TMG11,2024-10-09,1C下,3.1,2.8,3.2,60,75.0,0.0,30,80.0,0.0,38,0.0,2.6315789473684212,21,0.0,0.0,49,0.0,4.081632653061225,22,0.0,4.545454545454546,39.0,1,0.0,5.0,5.0,2,5,6
20241009TMG12,2024-10-09,1C上,3.6,4.0,4.1,58,65.51724137931035,0.0,29,75.86206896551724,0.0,43,0.0,2.3255813953488373,21,0.0,0.0,50,0.0,8.0,26,0.0,7.6923076923076925,33.0,1,0.0,4.0,5.0,1,2,4
20241010TMG01,2024-10-10,1C下,3.3,2.4,3.3,20,15.0,0.0,12,8.333333333333334,0.0,28,0.0,7.142857142857143,10,0.0,0.0,29,0.0,0.0,14,0.0,0.0,30.0,2,4.0,5.0,5.0,1,3,2
20241010TMG02,2024-10-10,1C上,2.7,2.8,3.7,37,70.27027027027027,0.0,15,53.333333333333336,0.0,34,0.0,0.0,16,0.0,0.0,45,0.0,15.555555555555555,22,0.0,13.636363636363637,28.0,3,4.0,1.0,5.0,2,3,1
20241010TMG03,2024-10-10,1C下,4.0,3.6,4.1,13,30.76923076923077,0.0,7,28.571428571428573,0.0,39,0.0,7.6923076923076925,16,0.0,0.0,26,0.0,0.0,17,0.0,0.0,31.0,1,0.0,5.0,5.0,2,3,4
20241010TMG04,2024-10-10,1C上,0.0,3.1,1.7,4,0.0,0.0,4,0.0,0.0,33,0.0,3.0303030303030303,18,0.0,5.555555555555555,24,0.0,12.5,12,0.0,16.666666666666668,24.0,4,14.0,1.0,5.0,4,3,2
20241010TMG05,2024-10-10,1C下,2.9,2.7,3.2,20,70.0,0.0,11,81.81818181818181,0.0,44,0.0,4.545454545454546,17,0.0,0.0,46,0.0,2.1739130434782608,25,0.0,4.0,24.0,4,9.0,3.0,5.0,5,1,4
20241010TMG06,2024-10-10,1C上,3.8,5.3,2.5,44,40.90909090909091,0.0,26,46.15384615384615,0.0,31,0.0,0.0,18,0.0,0.0,34,0.0,11.764705882352942,14,0.0,21.428571428571427,29.0,1,0.0,5.0,5.0,1,3,4
20241010TMG07,2024-10-10,1C下,3.3,2.7,2.7,54,50.0,0.0,26,50.0,0.0,38,0.0,5.2631578947368425,19,0.0,0.0,38,0.0,5.2631578947368425,23,0.0,4.3478260869565215,35.0,1,0.0,5.0,5.0,1,4,2
20241010TMG08,2024-10-10,1C上,2.5,4.0,2.2,52,57.69230769230769,0.0,25,64.0,0.0,84,0.0,3.5714285714285716,45,0.0,4.444444444444445,44,0.0,29.545454545454547,21,0.0,23.80952380952381,24.0,3,11.0,4.0,5.0,2,1,3
20241010TMG09,2024-10-10,1C上,2.6,3.3,2.9,49,63.265306122448976,0.0,25,52.0,0.0,27,0.0,3.7037037037037037,15,0.0,0.0,40,0.0,22.5,18,0.0,33.333333333333336,31.0,2,2.0,5.0,4.0,4,1,6
20241010TMG10,2024-10-10,1C上,2.8,3.5,3.6,40,60.0,0.0,17,64.70588235294117,0.0,46,0.0,0.0,20,0.0,0.0,31,0.0,12.903225806451612,17,0.0,11.764705882352942,30.0,2,7.0,5.0,5.0,1,2,3
20241010TMG11,2024-10-10,1C下,3.0,2.6,3.3,58,53.44827586206897,0.0,28,46.42857142857143,0.0,33,0.0,6.0606060606060606,14,0.0,0.0,42,0.0,7.142857142857143,21,0.0,14.285714285714286,31.0,2,5.0,5.0,5.0,3,2,5
20241010TMG12,2024-10-10,1C上,2.5,3.6,2.0,55,67.27272727272727,0.0,35,62.857142857142854,0.0,43,0.0,4.651162790697675,22,0.0,9.090909090909092,38,0.0,10.526315789473685,23,0.0,4.3478260869565215,26.0,3,8.0,1.0,5.0,1,3,5
20241011TMG01,2024-10-11,1C上,3.0,3.7,3.4,19,31.57894736842105,0.0,12,25.0,0.0,42,0.0,0.0,24,0.0,0.0,23,0.0,21.73913043478261,14,0.0,21.428571428571427,33.0,2,2.0,4.0,5.0,1,2,4
20241011TMG02,2024-10-11,1C下,2.4,2.3,4.1,30,56.666666666666664,0.0,12,75.0,0.0,32,0.0,0.0,19,0.0,0.0,51,0.0,9.803921568627452,30,0.0,3.3333333333333335,32.0,1,0.0,4.0,5.0,1,4,6
20241011TMG03,2024-10-11,1C下,3.8,3.0,3.3,29,37.93103448275862,0.0,12,25.0,0.0,44,0.0,0.0,24,0.0,0.0,43,0.0,4.651162790697675,22,0.0,9.090909090909092,30.0,1,0.0,3.0,5.0,4,2,3
20241011TMG04,2024-10-11,1C上,2.7,2.8,3.5,24,54.166666666666664,0.0,12,58.333333333333336,0.0,48,0.0,6.25,27,0.0,3.7037037037037037,19,0.0,0.0,8,0.0,0.0,30.0,2,1.0,5.0,5.0,1,6,3
20241011TMG05,2024-10-11,1C上,3.4,3.5,2.9,29,41.37931034482759,0.0,15,40.0,0.0,37,0.0,0.0,18,0.0,0.0,36,0.0,16.666666666666668,19,0.0,21.05263157894737,23.0,4,7.0,3.0,1.0,1,2,4
20241011TMG06,2024-10-11,1C上,2.0,3.8,2.5,49,59.183673469387756,0.0,21,47.61904761904762,0.0,45,0.0,8.88888888888889,23,0.0,4.3478260869565215,35,0.0,11.428571428571429,15,0.0,20.0,35.0,1,0.0,5.0,5.0,2,1,4
20241011TMG08,2024-10-11,1C上,2.8,3.0,3.3,41,46.34146341463415,0.0,21,57.142857142857146,0.0,43,0.0,0.0,22,0.0,0.0,44,0.0,11.363636363636363,21,0.0,19.047619047619047,34.0,1,0.0,5.0,4.0,2,1,4
20241011TMG09,2024-10-11,1C上,2.6,3.8,3.3,31,41.935483870967744,0.0,15,20.0,0.0,47,0.0,8.51063829787234,26,0.0,11.538461538461538,43,0.0,6.976744186046512,22,0.0,9.090909090909092,35.0,1,0.0,5.0,5.0,2,1,4
20241011TMG10,2024-10-11,1C上,1.8,2.6,3.1,37,51.351351351351354,0.0,18,44.44444444444444,0.0,22,0.0,4.545454545454546,10,0.0,10.0,35,0.0,14.285714285714286,18,0.0,22.22222222222222,25.0,3,2.0,3.0,3.0,3,2,4
20241011TMG11,2024-10-11,1C上,2.6,2.8,2.8,61,68.85245901639344,0.0,29,72.41379310344827,0.0,37,0.0,0.0,16,0.0,0.0,36,0.0,13.88888888888889,18,0.0,16.666666666666668,28.0,3,5.0,4.0,5.0,3,1,5
20241011TMG12,2024-10-11,1C上,3.1,3.3,3.5,59,62.71186440677966,0.0,29,65.51724137931035,0.0,33,0.0,0.0,14,0.0,0.0,45,0.0,8.88888888888889,28,0.0,7.142857142857143,28.0,3,8.0,4.0,1.0,1,4,2
20241012TMG01,2024-10-12,1C上,3.4,3.6,3.3,11,9.090909090909092,0.0,5,0.0,0.0,44,0.0,4.545454545454546,23,0.0,8.695652173913043,29,0.0,13.793103448275861,14,0.0,7.142857142857143,33.0,1,0.0,5.0,5.0,2,3,1
20241012TMG02,2024-10-12,1C上,1.8,3.7,3.5,28,42.857142857142854,0.0,14,21.428571428571427,0.0,31,0.0,0.0,19,0.0,0.0,46,0.0,8.695652173913043,28,0.0,7.142857142857143,32.0,2,1.0,5.0,2.0,1,3,2
20241012TMG03,2024-10-12,1C上,2.2,4.0,2.6,38,50.0,0.0,15,46.666666666666664,0.0,43,0.0,2.3255813953488373,22,0.0,0.0,31,0.0,16.129032258064516,18,0.0,16.666666666666668,29.0,2,5.0,4.0,5.0,3,6,5
20241012TMG04,2024-10-12,1C上,2.9,3.7,2.8,28,46.42857142857143,0.0,11,63.63636363636363,0.0,43,0.0,0.0,25,0.0,0.0,37,0.0,16.216216216216218,19,0.0,21.05263157894737,23.0,6,7.0,2.0,5.0,4,2,5
20241012TMG05,2024-10-12,1C上,2.5,4.3,4.2,30,33.333333333333336,0.0,17,47.05882352941177,0.0,20,0.0,0.0,12,0.0,0.0,29,0.0,6.896551724137931,16,0.0,6.25,28.0,3,8.0,5.0,2.0,1,6,4
20241012TMG07,2024-10-12,1C下,3.5,2.7,4.0,41,36.58536585365854,0.0,18,38.888888888888886,0.0,39,0.0,5.128205128205129,20,0.0,0.0,34,0.0,5.882352941176471,19,0.0,0.0,33.0,1,0.0,5.0,5.0,1,2,5
20241012TMG08,2024-10-12,1C上,2.5,2.6,2.4,53,56.60377358490566,0.0,26,61.53846153846154,0.0,46,0.0,4.3478260869565215,25,0.0,0.0,32,0.0,0.0,18,0.0,0.0,31.0,1,0.0,5.0,5.0,2,1,6
20241012TMG09,2024-10-12,1C上,2.8,4.0,3.5,41,60.97560975609756,0.0,18,66.66666666666667,0.0,85,0.0,3.5294117647058822,46,0.0,4.3478260869565215,20,0.0,0.0,9,0.0,0.0,28.0,1,0.0,4.0,2.0,1,6,4
20241012TMG10,2024-10-12,1C上,2.7,4.0,3.7,25,56.0,0.0,13,61.53846153846154,0.0,26,0.0,0.0,17,0.0,0.0,46,0.0,15.217391304347826,23,0.0,13.043478260869565,36.0,1,0.0,4.0,5.0,1,2,3
20241012TMG11,2024-10-12,1C上,2.5,3.7,3.3,56,67.85714285714286,0.0,36,63.888888888888886,0.0,37,0.0,2.7027027027027026,16,0.0,0.0,43,0.0,9.30232558139535,21,0.0,14.285714285714286,32.0,1,0.0,3.0,5.0,1,4,6
20241012TMG12,2024-10-12,1C上,3.6,4.2,2.7,58,65.51724137931035,0.0,30,76.66666666666667,0.0,29,0.0,3.4482758620689653,15,0.0,6.666666666666667,30,0.0,10.0,14,0.0,0.0,34.0,1,0.0,4.0,5.0,1,5,6
20241013TMG01,2024-10-13,1C上,2.7,4.3,2.3,38,68.42105263157895,0.0,15,53.333333333333336,0.0,21,0.0,0.0,13,0.0,0.0,34,0.0,14.705882352941176,15,0.0,6.666666666666667,36.0,1,0.0,5.0,5.0,3,2,1
20241013TMG02,2024-10-13,1C上,1.8,3.2,3.5,37,48.648648648648646,0.0,19,42.10526315789474,0.0,24,0.0,4.166666666666667,9,0.0,0.0,47,0.0,8.51063829787234,28,0.0,7.142857142857143,30.0,3,3.0,3.0,5.0,1,3,4
20241013TMG03,2024-10-13,1C上,3.4,5.3,4.1,30,43.333333333333336,0.0,15,40.0,0.0,32,0.0,0.0,17,0.0,0.0,52,0.0,9.615384615384615,31,0.0,3.225806451612903,18.0,5,20.0,2.0,1.0,2,1,5
20241013TMG04,2024-10-13,1C上,2.7,3.0,3.5,25,68.0,0.0,18,72.22222222222223,0.0,43,0.0,0.0,23,0.0,0.0,30,0.0,10.0,15,0.0,13.333333333333334,26.0,3,5.0,1.0,5.0,3,5,4
20241013TMG05,2024-10-13,1C上,3.3,3.6,3.3,54,50.0,0.0,27,51.851851851851855,0.0,45,0.0,6.666666666666667,24,0.0,12.5,30,0.0,0.0,15,0.0,0.0,33.0,2,3.0,5.0,5.0,5,1,2
20241013TMG06,2024-10-13,1C上,2.4,4.0,2.2,31,58.064516129032256,0.0,13,76.92307692307692,0.0,27,0.0,0.0,18,0.0,0.0,47,0.0,8.51063829787234,20,0.0,5.0,33.0,1,0.0,4.0,4.0,1,4,2
20241013TMG07,2024-10-13,1C下,3.4,3.3,2.5,41,63.41463414634146,0.0,19,78.94736842105263,0.0,41,0.0,0.0,17,0.0,0.0,36,0.0,11.11111111111111,16,0.0,18.75,34.0,1,0.0,3.0,5.0,1,5,2
20241013TMG08,2024-10-13,1C上,3.5,3.7,2.8,42,38.095238095238095,0.0,19,42.10526315789474,0.0,32,0.0,0.0,20,0.0,0.0,36,0.0,5.555555555555555,20,0.0,10.0,31.0,1,0.0,5.0,5.0,1,6,5
20241013TMG09,2024-10-13,1C上,2.6,4.1,3.2,62,67.74193548387096,0.0,30,70.0,0.0,36,0.0,2.7777777777777777,20,0.0,0.0,47,0.0,2.127659574468085,26,0.0,3.8461538461538463,30.0,1,0.0,5.0,5.0,2,1,4
20241013TMG10,2024-10-13,1C上,2.6,4.5,2.6,50,62.0,0.0,26,50.0,0.0,50,0.0,0.0,24,0.0,0.0,32,0.0,18.75,19,0.0,21.05263157894737,32.0,2,1.0,4.0,5.0,2,3,4
20241013TMG11,2024-10-13,1C上,2.8,3.8,2.2,42,61.904761904761905,0.0,19,68.42105263157895,0.0,46,0.0,8.695652173913043,24,0.0,4.166666666666667,45,0.0,28.88888888888889,21,0.0,23.80952380952381,23.0,5,7.0,5.0,1.0,1,2,5
20241013TMG12,2024-10-13,1C上,2.5,2.8,1.7,57,68.42105263157895,0.0,36,66.66666666666667,0.0,39,0.0,5.128205128205129,21,0.0,4.761904761904762,25,0.0,12.0,13,0.0,15.384615384615385,28.0,4,8.0,3.0,5.0,1,2,3
20241014TMG01,2024-10-14,1C下,3.3,3.0,3.5,21,19.047619047619047,0.0,12,16.666666666666668,0.0,45,0.0,0.0,25,0.0,0.0,21,0.0,0.0,10,0.0,0.0,35.0,1,0.0,5.0,5.0,1,4,5
20241014TMG02,2024-10-14,1C下,3.8,2.3,3.4,30,36.666666666666664,0.0,13,23.076923076923077,0.0,33,0.0,0.0,20,0.0,0.0,36,0.0,11.11111111111111,18,0.0,5.555555555555555,26.0,3,10.0,2.0,5.0,1,2,4
20241014TMG03,2024-10-14,1C上,2.9,5.0,3.5,20,65.0,0.0,12,75.0,0.0,39,0.0,0.0,20,0.0,0.0,31,0.0,12.903225806451612,16,0.0,18.75,18.0,5,17.0,2.0,1.0,2,1,4
20241014TMG04,2024-10-14,1C上,2.8,4.4,2.2,42,45.23809523809524,0.0,22,54.54545454545455,0.0,25,0.0,0.0,16,0.0,0.0,48,0.0,8.333333333333334,21,0.0,4.761904761904762,31.0,2,1.0,5.0,1.0,2,1,3
20241014TMG05,2024-10-14,1C上,2.5,4.0,3.2,31,35.483870967741936,0.0,18,50.0,0.0,28,0.0,0.0,19,0.0,0.0,50,0.0,4.0,23,0.0,4.3478260869565215,32.0,1,0.0,5.0,5.0,3,4,6
20241014TMG06,2024-10-14,1C上,2.9,4.2,4.0,28,42.857142857142854,0.0,12,58.333333333333336,0.0,30,0.0,3.3333333333333335,16,0.0,6.25,35,0.0,5.714285714285714,19,0.0,0.0,26.0,3,7.0,5.0,3.0,4,1,6
20241014TMG07,2024-10-14,1C上,2.2,3.2,2.8,39,48.717948717948715,0.0,16,43.75,0.0,25,0.0,4.0,10,0.0,0.0,37,0.0,5.405405405405405,21,0.0,9.523809523809524,32.0,1,0.0,5.0,5.0,1,4,3
20241014TMG08,2024-10-14,同じ,4.0,4.0,3.2,20,15.0,0.0,12,16.666666666666668,0.0,86,0.0,3.488372093023256,47,0.0,4.25531914893617,48,0.0,2.0833333333333335,27,0.0,3.7037037037037037,35.0,1,0.0,5.0,5.0,3,6,5
20241014TMG09,2024-10-14,1C下,4.9,2.8,2.9,28,50.0,0.0,16,50.0,0.0,48,0.0,6.25,28,0.0,3.5714285714285716,40,0.0,22.5,18,0.0,27.77777777777778,31.0,1,0.0,5.0,5.0,1,4,2
20241014TMG10,2024-10-14,1C下,2.7,2.6,2.9,26,57.69230769230769,0.0,14,64.28571428571429,0.0,47,0.0,4.25531914893617,26,0.0,0.0,37,0.0,16.216216216216218,20,0.0,20.0,29.0,2,3.0,4.0,5.0,2,1,3
20241014TMG11,2024-10-14,1C上,2.6,3.3,4.1,45,51.111111111111114,0.0,28,60.714285714285715,0.0,42,0.0,0.0,18,0.0,0.0,50,0.0,8.0,26,0.0,7.6923076923076925,33.0,2,3.0,5.0,5.0,1,2,3
20241014TMG12,2024-10-14,1C上,2.5,3.5,3.3,58,68.96551724137932,0.0,37,67.56756756756756,0.0,37,0.0,0.0,19,0.0,0.0,43,0.0,6.976744186046512,23,0.0,8.695652173913043,31.0,2,6.0,4.0,5.0,1,4,3
20241017TMG01,2024-10-17,1C下,3.1,2.6,3.4,25,68.0,0.0,12,75.0,0.0,35,0.0,8.571428571428571,16,0.0,12.5,32,0.0,0.0,18,0.0,0.0,35.0,1,0.0,5.0,5.0,1,2,6
20241017TMG02,2024-10-17,1C下,3.8,3.2,4.0,28,28.571428571428573,0.0,16,31.25,0.0,36,0.0,2.7777777777777777,19,0.0,5.2631578947368425,37,0.0,5.405405405405405,20,0.0,10.0,26.0,2,3.0,4.0,2.0,4,5,1
20241017TMG03,2024-10-17,1C上,2.8,4.2,2.6,21,52.38095238095238,0.0,11,63.63636363636363,0.0,42,0.0,2.380952380952381,20,0.0,5.0,28,0.0,21.428571428571427,14,0.0,0.0,18.0,5,19.0,3.0,1.0,1,2,4
20241017TMG04,2024-10-17,1C上,2.6,3.7,3.2,36,33.333333333333336,0.0,17,41.1764705882353,0.0,43,0.0,0.0,26,0.0,0.0,40,0.0,2.5,19,0.0,5.2631578947368425,23.0,5,6.0,4.0,2.0,1,6,2
20241017TMG05,2024-10-17,1C下,2.1,0.0,3.0,37,59.45945945945946,0.0,24,66.66666666666667,0.0,6,0.0,0.0,6,0.0,0.0,37,0.0,8.108108108108109,25,0.0,8.0,34.0,1,0.0,5.0,4.0,1,4,3
20241017TMG06,2024-10-17,1C上,3.5,4.4,4.1,26,26.923076923076923,0.0,11,27.272727272727273,0.0,34,0.0,0.0,22,0.0,0.0,38,0.0,2.6315789473684212,20,0.0,5.0,26.0,3,3.0,4.0,4.0,3,5,6
20241017TMG07,2024-10-17,1C上,2.7,2.9,2.1,31,32.25806451612903,0.0,16,25.0,0.0,168,0.0,0.0,88,0.0,0.0,19,0.0,5.2631578947368425,12,0.0,0.0,30.0,2,5.0,5.0,5.0,2,1,6
20241017TMG10,2024-10-17,1C上,2.7,3.0,3.6,45,53.333333333333336,0.0,23,52.17391304347826,0.0,39,0.0,0.0,22,0.0,0.0,35,0.0,2.857142857142857,17,0.0,0.0,34.0,1,0.0,5.0,4.0,1,3,6
20241017TMG11,2024-10-17,1C上,2.1,3.4,2.3,48,70.83333333333333,0.0,26,69.23076923076923,0.0,37,0.0,5.405405405405405,21,0.0,9.523809523809524,29,0.0,10.344827586206897,15,0.0,6.666666666666667,36.0,1,0.0,5.0,5.0,1,5,6
20241017TMG12,2024-10-17,1C上,2.4,2.9,3.5,63,63.492063492063494,0.0,32,71.875,0.0,168,0.0,0.0,88,0.0,0.0,55,0.0,9.090909090909092,38,0.0,7.894736842105263,28.0,3,7.0,4.0,5.0,1,3,4
20241018TMG01,2024-10-18,1C上,3.8,4.1,3.3,32,34.375,0.0,17,23.529411764705884,0.0,31,0.0,6.451612903225806,12,0.0,0.0,35,0.0,20.0,15,0.0,26.666666666666668,27.0,3,13.0,4.0,2.0,3,1,4
20241018TMG02,2024-10-18,1C上,2.5,3.9,2.7,29,27.586206896551722,0.0,14,21.428571428571427,0.0,33,0.0,0.0,21,0.0,0.0,30,0.0,20.0,11,0.0,27.272727272727273,29.0,2,5.0,3.0,5.0,1,3,4
20241018TMG03,2024-10-18,1C上,2.0,2.4,2.4,37,45.945945945945944,0.0,20,30.0,0.0,38,0.0,10.526315789473685,23,0.0,13.043478260869565,42,0.0,14.285714285714286,18,0.0,11.11111111111111,26.0,3,12.0,4.0,2.0,4,6,5
20241018TMG04,2024-10-18,1C上,3.4,3.5,4.1,34,41.1764705882353,0.0,21,33.333333333333336,0.0,33,0.0,3.0303030303030303,19,0.0,5.2631578947368425,39,0.0,5.128205128205129,21,0.0,9.523809523809524,28.0,2,3.0,5.0,1.0,3,2,1
20241018TMG05,2024-10-18,1C上,2.5,3.5,2.4,23,56.52173913043478,0.0,13,53.84615384615385,0.0,40,0.0,2.5,21,0.0,4.761904761904762,39,0.0,17.94871794871795,23,0.0,13.043478260869565,25.0,3,10.0,3.0,3.0,1,2,3
20241018TMG06,2024-10-18,1C下,3.3,2.1,3.2,27,44.44444444444444,0.0,15,40.0,0.0,21,0.0,0.0,13,0.0,0.0,43,0.0,9.30232558139535,23,0.0,17.391304347826086,28.0,2,10.0,5.0,5.0,2,1,5
20241018TMG07,2024-10-18,1C上,2.9,4.2,2.9,32,62.5,0.0,19,68.42105263157895,0.0,30,0.0,6.666666666666667,15,0.0,0.0,50,0.0,10.0,30,0.0,6.666666666666667,29.0,3,5.0,5.0,5.0,1,2,5
20241018TMG08,2024-10-18,1C上,2.3,3.8,2.9,33,48.484848484848484,0.0,22,45.45454545454545,0.0,59,0.0,5.084745762711864,30,0.0,3.3333333333333335,37,0.0,10.81081081081081,19,0.0,10.526315789473685,30.0,3,2.0,4.0,4.0,1,2,3
20241018TMG09,2024-10-18,1C上,3.1,3.3,4.0,32,40.625,0.0,19,36.8421052631579,0.0,32,0.0,3.125,15,0.0,0.0,23,0.0,0.0,17,0.0,0.0,32.0,1,0.0,5.0,5.0,1,3,6
20241018TMG10,2024-10-18,1C上,2.8,3.4,3.2,64,59.375,0.0,33,57.57575757575758,0.0,30,0.0,10.0,14,0.0,14.285714285714286,31,0.0,3.225806451612903,16,0.0,0.0,28.0,2,2.0,5.0,5.0,1,2,4
20241018TMG11,2024-10-18,1C下,3.3,2.1,3.2,61,70.49180327868852,0.0,34,73.52941176470588,0.0,36,0.0,8.333333333333334,15,0.0,0.0,33,0.0,3.0303030303030303,18,0.0,0.0,28.0,1,0.0,5.0,5.0,1,4,5
20241018TMG12,2024-10-18,1C上,2.3,3.5,3.3,45,71.11111111111111,0.0,18,66.66666666666667,0.0,41,0.0,2.4390243902439024,25,0.0,4.0,28,0.0,0.0,16,0.0,0.0,38.0,1,0.0,5.0,5.0,2,1,3
20241019TMG01,2024-10-19,1C上,2.9,4.3,3.3,22,31.818181818181817,0.0,11,36.36363636363637,0.0,31,0.0,3.225806451612903,19,0.0,0.0,36,0.0,22.22222222222222,16,0.0,31.25,28.0,2,6.0,3.0,5.0,3,1,2
20241019TMG02,2024-10-19,1C上,2.7,4.1,2.7,30,40.0,0.0,13,46.15384615384615,0.0,37,0.0,0.0,22,0.0,0.0,55,0.0,20.0,31,0.0,12.903225806451612,30.0,3,9.0,4.0,5.0,3,1,2
20241019TMG03,2024-10-19,1C下,3.2,3.1,3.9,34,26.470588235294116,0.0,17,11.764705882352942,0.0,32,0.0,12.5,16,0.0,12.5,27,0.0,22.22222222222222,14,0.0,21.428571428571427,29.0,2,8.0,4.0,4.0,1,3,2
20241019TMG04,2024-10-19,1C上,3.1,3.9,3.8,26,23.076923076923077,0.0,14,28.571428571428573,0.0,49,0.0,0.0,27,0.0,0.0,38,0.0,5.2631578947368425,20,0.0,10.0,29.0,1,0.0,5.0,5.0,1,5,2
20241019TMG05,2024-10-19,1C下,3.7,3.2,2.1,35,17.142857142857142,0.0,18,22.22222222222222,0.0,31,0.0,6.451612903225806,15,0.0,0.0,20,0.0,5.0,13,0.0,0.0,32.0,1,0.0,4.0,5.0,2,3,5
20241019TMG07,2024-10-19,1C下,2.7,2.6,4.1,31,48.38709677419355,0.0,17,41.1764705882353,0.0,44,0.0,2.272727272727273,24,0.0,4.166666666666667,40,0.0,5.0,22,0.0,9.090909090909092,24.0,4,12.0,3.0,2.0,2,3,1
20241019TMG09,2024-10-19,1C上,2.3,3.2,3.4,55,60.0,0.0,27,62.96296296296296,0.0,42,0.0,2.380952380952381,20,0.0,5.0,27,0.0,0.0,15,0.0,0.0,26.0,3,10.0,4.0,5.0,1,4,3
20241019TMG10,2024-10-19,1C上,2.8,4.2,2.7,37,72.97297297297297,0.0,15,66.66666666666667,0.0,35,0.0,0.0,20,0.0,0.0,50,0.0,14.0,27,0.0,22.22222222222222,37.0,1,0.0,5.0,5.0,1,6,3
20241019TMG11,2024-10-19,1C上,2.9,3.2,2.4,63,61.904761904761905,0.0,33,66.66666666666667,0.0,37,0.0,0.0,21,0.0,0.0,40,0.0,10.0,14,0.0,7.142857142857143,35.0,1,0.0,4.0,5.0,1,3,4
20241019TMG12,2024-10-19,1C上,2.3,3.7,3.0,112,48.214285714285715,0.0,60,51.666666666666664,0.0,34,0.0,5.882352941176471,18,0.0,0.0,38,0.0,7.894736842105263,26,0.0,7.6923076923076925,36.0,1,0.0,5.0,5.0,1,2,3
20241020TMG01,2024-10-20,1C上,3.4,3.6,3.3,27,33.333333333333336,0.0,14,21.428571428571427,0.0,30,0.0,0.0,16,0.0,0.0,35,0.0,8.571428571428571,20,0.0,10.0,34.0,2,2.0,5.0,5.0,4,1,2
20241020TMG02,2024-10-20,1C上,3.3,4.1,4.0,13,38.46153846153846,0.0,6,33.333333333333336,0.0,38,0.0,0.0,23,0.0,0.0,24,0.0,0.0,18,0.0,0.0,24.0,4,11.0,2.0,2.0,4,5,2
20241020TMG03,2024-10-20,1C下,3.4,2.1,3.2,29,48.275862068965516,0.0,16,56.25,0.0,37,0.0,8.108108108108109,16,0.0,0.0,41,0.0,2.4390243902439024,20,0.0,5.0,23.0,5,5.0,3.0,1.0,3,4,6
20241020TMG04,2024-10-20,1C上,3.7,4.1,4.0,36,16.666666666666668,0.0,19,21.05263157894737,0.0,51,0.0,3.9215686274509802,28,0.0,3.5714285714285716,37,0.0,5.405405405405405,21,0.0,9.523809523809524,26.0,1,0.0,3.0,5.0,5,2,6
20241020TMG05,2024-10-20,1C上,0.0,4.5,3.6,4,25.0,0.0,4,25.0,0.0,37,0.0,0.0,22,0.0,0.0,36,0.0,8.333333333333334,21,0.0,9.523809523809524,36.0,1,0.0,5.0,5.0,4,2,5
20241020TMG06,2024-10-20,1C上,3.7,4.2,2.4,17,23.529411764705884,0.0,11,27.272727272727273,0.0,31,0.0,6.451612903225806,16,0.0,0.0,40,0.0,17.5,24,0.0,12.5,25.0,3,13.0,3.0,4.0,3,6,2
20241020TMG07,2024-10-20,1C下,3.6,2.1,2.1,40,37.5,0.0,20,30.0,0.0,22,0.0,0.0,13,0.0,0.0,28,0.0,21.428571428571427,15,0.0,20.0,30.0,1,0.0,5.0,1.0,1,3,2
20241020TMG08,2024-10-20,1C上,3.1,4.1,2.4,33,42.42424242424242,0.0,20,40.0,0.0,31,0.0,0.0,18,0.0,0.0,43,0.0,13.953488372093023,19,0.0,10.526315789473685,39.0,1,0.0,5.0,5.0,4,3,2
20241020TMG09,2024-10-20,1C上,2.3,3.3,3.4,56,60.714285714285715,0.0,28,64.28571428571429,0.0,33,0.0,3.0303030303030303,16,0.0,0.0,27,0.0,7.407407407407407,14,0.0,7.142857142857143,28.0,2,2.0,3.0,5.0,1,3,2
20241020TMG10,2024-10-20,1C上,2.3,3.5,2.4,33,51.515151515151516,0.0,23,47.82608695652174,0.0,41,0.0,2.4390243902439024,21,0.0,4.761904761904762,41,0.0,9.75609756097561,15,0.0,6.666666666666667,31.0,1,0.0,5.0,4.0,2,6,4
20241020TMG11,2024-10-20,同じ,2.9,2.9,2.7,64,62.5,0.0,34,67.6470588235294,0.0,170,0.0,0.0,88,0.0,0.0,56,0.0,19.642857142857142,32,0.0,12.5,32.0,3,8.0,4.0,4.0,1,2,3
20241020TMG12,2024-10-20,1C下,3.3,3.2,4.1,62,70.96774193548387,0.0,34,73.52941176470588,0.0,32,0.0,6.25,16,0.0,0.0,41,0.0,4.878048780487805,23,0.0,8.695652173913043,35.0,1,0.0,5.0,5.0,4,5,6
20241021TMG01,2024-10-21,1C上,2.7,3.0,2.4,46,54.34782608695652,0.0,23,56.52173913043478,0.0,40,0.0,0.0,22,0.0,0.0,42,0.0,9.523809523809524,16,0.0,6.25,34.0,1,0.0,5.0,2.0,5,4,1
20241021TMG02,2024-10-21,1C上,2.0,3.8,3.3,38,44.73684210526316,0.0,21,28.571428571428573,0.0,38,0.0,5.2631578947368425,21,0.0,4.761904761904762,36,0.0,8.333333333333334,21,0.0,9.523809523809524,30.0,2,2.0,5.0,1.0,5,4,6
20241021TMG03,2024-10-21,1C下,3.5,0.0,2.7,26,23.076923076923077,0.0,12,25.0,0.0,7,0.0,0.0,7,0.0,0.0,31,0.0,19.35483870967742,10,0.0,20.0,34.0,2,2.0,4.0,4.0,1,5,2
20241021TMG04,2024-10-21,1C上,2.7,3.4,3.4,32,46.875,0.0,18,38.888888888888886,0.0,30,0.0,10.0,15,0.0,13.333333333333334,33,0.0,12.121212121212121,23,0.0,13.043478260869565,20.0,5,14.0,3.0,1.0,1,5,2
20241021TMG05,2024-10-21,1C上,3.8,4.2,3.3,29,27.586206896551722,0.0,16,25.0,0.0,32,0.0,6.25,17,0.0,0.0,30,0.0,6.666666666666667,16,0.0,6.25,27.0,2,13.0,3.0,5.0,1,6,4
20241021TMG06,2024-10-21,1C下,3.7,3.4,3.8,37,16.216216216216218,0.0,20,20.0,0.0,38,0.0,5.2631578947368425,22,0.0,9.090909090909092,31,0.0,6.451612903225806,15,0.0,6.666666666666667,28.0,2,10.0,4.0,2.0,5,4,3
20241021TMG07,2024-10-21,1C上,2.5,3.7,2.9,24,58.333333333333336,0.0,14,57.142857142857146,0.0,44,0.0,0.0,27,0.0,0.0,51,0.0,9.803921568627452,31,0.0,6.451612903225806,30.0,1,0.0,5.0,5.0,4,6,5
20241021TMG08,2024-10-21,1C下,3.8,3.2,3.5,32,31.25,0.0,17,23.529411764705884,0.0,37,0.0,2.7027027027027026,20,0.0,5.0,35,0.0,25.714285714285715,17,0.0,11.764705882352942,33.0,1,0.0,5.0,5.0,1,3,2
20241021TMG09,2024-10-21,1C上,2.3,4.1,3.4,57,61.40350877192982,0.0,29,65.51724137931035,0.0,31,0.0,0.0,19,0.0,0.0,28,0.0,7.142857142857143,15,0.0,6.666666666666667,29.0,2,1.0,5.0,1.0,1,5,2
20241021TMG10,2024-10-21,1C上,2.4,4.2,3.4,62,64.51612903225806,0.0,33,72.72727272727273,0.0,43,0.0,2.3255813953488373,21,0.0,4.761904761904762,38,0.0,7.894736842105263,23,0.0,8.695652173913043,34.0,2,2.0,5.0,5.0,2,1,6
20241021TMG11,2024-10-21,1C下,2.3,0.0,3.6,46,69.56521739130434,0.0,19,63.1578947368421,0.0,0,0.0,0.0,0,0.0,0.0,37,0.0,8.108108108108109,22,0.0,9.090909090909092,38.0,1,0.0,5.0,4.0,1,3,4
20241021TMG12,2024-10-21,1C上,2.9,3.5,4.0,64,64.0625,0.0,35,68.57142857142857,0.0,42,0.0,2.380952380952381,22,0.0,4.545454545454546,25,0.0,0.0,19,0.0,0.0,32.0,2,4.0,5.0,5.0,1,4,3
20241031TMG01,2024-10-31,1C上,2.3,2.4,3.0,42,66.66666666666667,0.0,22,77.27272727272727,0.0,39,0.0,7.6923076923076925,20,0.0,10.0,47,0.0,14.893617021276595,23,0.0,13.043478260869565,23.0,4,11.0,2.0,5.0,1,2,3
20241031TMG02,2024-10-31,1C上,2.4,3.0,3.4,56,73.21428571428571,0.0,30,70.0,0.0,34,0.0,5.882352941176471,18,0.0,0.0,45,0.0,13.333333333333334,28,0.0,7.142857142857143,34.0,1,0.0,5.0,5.0,2,1,6
20241031TMG03,2024-10-31,1C上,2.7,3.0,2.2,36,50.0,0.0,23,47.82608695652174,0.0,44,0.0,4.545454545454546,26,0.0,3.8461538461538463,34,0.0,14.705882352941176,13,0.0,7.6923076923076925,34.0,1,0.0,5.0,5.0,4,2,3
20241031TMG04,2024-10-31,1C下,2.7,2.5,3.9,53,64.15094339622641,0.0,27,62.96296296296296,0.0,31,0.0,0.0,15,0.0,0.0,39,0.0,15.384615384615385,19,0.0,5.2631578947368425,30.0,1,0.0,4.0,1.0,3,2,5
20241031TMG05,2024-10-31,1C下,2.8,2.5,2.5,50,60.0,0.0,24,45.833333333333336,0.0,39,0.0,0.0,22,0.0,0.0,33,0.0,27.272727272727273,14,0.0,14.285714285714286,36.0,1,0.0,5.0,5.0,4,3,5
20241031TMG06,2024-10-31,1C上,2.4,2.7,2.1,59,71.1864406779661,0.0,29,72.41379310344827,0.0,47,0.0,2.127659574468085,19,0.0,0.0,41,0.0,14.634146341463415,15,0.0,13.333333333333334,26.0,3,9.0,4.0,2.0,1,2,5
20241031TMG07,2024-10-31,1C上,2.7,2.9,2.4,71,66.19718309859155,0.0,36,66.66666666666667,0.0,43,0.0,6.976744186046512,19,0.0,5.2631578947368425,38,0.0,31.57894736842105,18,0.0,16.666666666666668,28.0,3,6.0,1.0,5.0,1,5,4
20241031TMG08,2024-10-31,1C上,1.8,3.1,2.4,66,74.24242424242425,0.0,31,74.19354838709677,0.0,33,0.0,6.0606060606060606,20,0.0,5.0,40,0.0,12.5,24,0.0,12.5,30.0,1,0.0,5.0,5.0,1,2,5
20241031TMG09,2024-10-31,1C上,2.6,2.7,3.6,69,76.81159420289855,0.0,41,75.60975609756098,0.0,34,0.0,11.764705882352942,18,0.0,11.11111111111111,58,0.0,24.137931034482758,30,0.0,20.0,28.0,2,2.0,4.0,2.0,1,2,6
20241031TMG10,2024-10-31,1C下,4.4,3.2,2.8,51,64.70588235294117,0.0,26,69.23076923076923,0.0,37,0.0,2.7027027027027026,16,0.0,6.25,38,0.0,13.157894736842104,24,0.0,16.666666666666668,14.0,6,21.0,1.0,1.0,1,3,2
20241031TMG11,2024-10-31,1C上,3.1,4.3,2.7,48,68.75,0.0,25,72.0,0.0,33,0.0,3.0303030303030303,16,0.0,6.25,40,0.0,10.0,20,0.0,5.0,33.0,1,0.0,4.0,5.0,1,4,2
20241031TMG12,2024-10-31,1C上,2.6,3.6,2.0,41,65.85365853658537,0.0,16,56.25,0.0,39,0.0,0.0,23,0.0,0.0,36,0.0,19.444444444444443,17,0.0,17.647058823529413,36.0,1,0.0,5.0,5.0,1,5,2
20241101TMG01,2024-11-01,1C上,3.4,3.8,2.4,51,60.78431372549019,0.0,27,66.66666666666667,0.0,42,0.0,7.142857142857143,23,0.0,4.3478260869565215,48,0.0,14.583333333333334,28,0.0,21.428571428571427,34.0,1,0.0,5.0,5.0,1,4,6
20241101TMG02,2024-11-01,1C上,2.3,3.4,3.3,52,75.0,0.0,28,78.57142857142857,0.0,40,0.0,0.0,18,0.0,0.0,39,0.0,5.128205128205129,20,0.0,5.0,28.0,2,6.0,2.0,5.0,1,3,4
20241101TMG03,2024-11-01,1C下,3.0,2.5,2.7,47,65.95744680851064,0.0,19,52.63157894736842,0.0,35,0.0,2.857142857142857,17,0.0,0.0,49,0.0,18.367346938775512,23,0.0,21.73913043478261,36.0,1,0.0,3.0,5.0,1,2,3
20241101TMG04,2024-11-01,1C上,3.0,4.0,3.2,51,64.70588235294117,0.0,27,59.25925925925926,0.0,37,0.0,0.0,22,0.0,0.0,44,0.0,25.0,19,0.0,31.57894736842105,31.0,1,0.0,5.0,4.0,1,5,6
20241101TMG05,2024-11-01,1C下,3.5,3.2,3.0,62,77.41935483870968,0.0,32,62.5,0.0,30,0.0,3.3333333333333335,12,0.0,0.0,44,0.0,11.363636363636363,22,0.0,13.636363636363637,32.0,2,4.0,5.0,5.0,3,1,5
20241101TMG06,2024-11-01,1C上,3.1,3.3,3.0,59,69.49152542372882,0.0,32,71.875,0.0,40,0.0,2.5,20,0.0,0.0,46,0.0,10.869565217391305,26,0.0,15.384615384615385,31.0,2,5.0,5.0,5.0,1,6,2
20241101TMG07,2024-11-01,1C下,3.0,2.5,2.3,56,66.07142857142857,0.0,26,73.07692307692308,0.0,35,0.0,5.714285714285714,16,0.0,0.0,34,0.0,23.529411764705884,18,0.0,11.11111111111111,31.0,1,0.0,4.0,5.0,4,5,1
20241101TMG08,2024-11-01,1C上,1.9,2.4,2.5,53,79.24528301886792,0.0,33,84.84848484848484,0.0,32,0.0,3.125,15,0.0,0.0,30,0.0,13.333333333333334,13,0.0,23.076923076923077,30.0,1,0.0,5.0,5.0,1,2,4
20241101TMG09,2024-11-01,同じ,2.6,2.6,2.2,56,75.0,0.0,26,73.07692307692308,0.0,36,0.0,2.7777777777777777,21,0.0,4.761904761904762,41,0.0,17.073170731707318,20,0.0,20.0,31.0,1,0.0,5.0,1.0,1,2,5
20241101TMG10,2024-11-01,1C上,3.0,3.7,2.7,69,62.31884057971015,0.0,36,50.0,0.0,36,0.0,16.666666666666668,14,0.0,14.285714285714286,46,0.0,10.869565217391305,19,0.0,15.789473684210526,34.0,1,0.0,4.0,5.0,3,4,2
20241101TMG11,2024-11-01,1C上,2.6,3.2,3.0,53,75.47169811320755,0.0,27,81.48148148148148,0.0,47,0.0,8.51063829787234,26,0.0,3.8461538461538463,49,0.0,32.6530612244898,28,0.0,28.571428571428573,35.0,2,2.0,5.0,5.0,1,3,4
20241101TMG12,2024-11-01,1C上,2.9,3.5,3.1,55,74.54545454545455,0.0,31,74.19354838709677,0.0,38,0.0,5.2631578947368425,22,0.0,4.545454545454546,31,0.0,22.580645161290324,15,0.0,13.333333333333334,33.0,2,1.0,5.0,5.0,2,1,4
20241102TMG01,2024-11-02,1C上,3.4,3.6,2.9,40,67.5,0.0,21,71.42857142857143,0.0,41,0.0,7.317073170731708,19,0.0,0.0,40,0.0,20.0,26,0.0,23.076923076923077,33.0,1,0.0,4.0,5.0,1,2,4
20241102TMG02,2024-11-02,1C上,2.7,3.9,2.2,54,74.07407407407408,0.0,36,75.0,0.0,43,0.0,0.0,19,0.0,0.0,46,0.0,10.869565217391305,26,0.0,11.538461538461538,28.0,2,3.0,3.0,5.0,1,3,2
20241102TMG03,2024-11-02,1C上,2.4,2.7,3.5,64,70.3125,0.0,36,69.44444444444444,0.0,48,0.0,12.5,23,0.0,13.043478260869565,32,0.0,28.125,16,0.0,12.5,32.0,1,0.0,5.0,1.0,1,3,6
20241102TMG04,2024-11-02,1C下,2.6,2.4,2.5,47,80.85106382978724,0.0,17,70.58823529411765,0.0,50,0.0,6.0,24,0.0,4.166666666666667,25,0.0,24.0,14,0.0,28.571428571428573,27.0,3,5.0,4.0,2.0,3,5,6
20241102TMG05,2024-11-02,1C上,2.4,3.9,3.0,58,72.41379310344827,0.0,28,71.42857142857143,0.0,27,0.0,7.407407407407407,9,0.0,22.22222222222222,37,0.0,18.91891891891892,21,0.0,23.80952380952381,29.0,1,0.0,4.0,5.0,1,2,3
20241102TMG06,2024-11-02,1C上,2.3,2.9,3.4,55,65.45454545454545,0.0,27,59.25925925925926,0.0,54,0.0,3.7037037037037037,27,0.0,3.7037037037037037,42,0.0,14.285714285714286,20,0.0,5.0,28.0,1,0.0,5.0,1.0,3,1,4
20241102TMG07,2024-11-02,1C上,2.3,3.4,2.9,51,60.78431372549019,0.0,25,60.0,0.0,43,0.0,2.3255813953488373,21,0.0,0.0,36,0.0,30.555555555555557,21,0.0,28.571428571428573,36.0,1,0.0,5.0,5.0,1,3,5
20241102TMG08,2024-11-02,1C下,3.5,2.1,3.3,58,51.724137931034484,0.0,26,38.46153846153846,0.0,38,0.0,5.2631578947368425,18,0.0,5.555555555555555,33,0.0,12.121212121212121,19,0.0,0.0,28.0,2,5.0,2.0,5.0,1,5,3
20241102TMG09,2024-11-02,1C上,2.3,3.3,3.8,64,70.3125,0.0,36,80.55555555555556,0.0,41,0.0,4.878048780487805,24,0.0,8.333333333333334,35,0.0,11.428571428571429,17,0.0,5.882352941176471,32.0,1,0.0,5.0,5.0,1,4,3
20241102TMG10,2024-11-02,1C上,3.0,3.3,3.3,45,64.44444444444444,0.0,23,60.869565217391305,0.0,39,0.0,10.256410256410257,17,0.0,11.764705882352942,48,0.0,22.916666666666668,22,0.0,22.727272727272727,20.0,6,15.0,1.0,1.0,4,5,6
20241102TMG11,2024-11-02,1C上,2.7,3.1,2.4,47,59.57446808510638,0.0,25,52.0,0.0,39,0.0,2.5641025641025643,20,0.0,0.0,33,0.0,9.090909090909092,17,0.0,5.882352941176471,29.0,3,2.0,5.0,4.0,1,4,2
20241103TMG01,2024-11-03,1C下,3.5,3.2,2.8,44,45.45454545454545,0.0,25,48.0,0.0,41,0.0,2.4390243902439024,19,0.0,5.2631578947368425,46,0.0,13.043478260869565,28,0.0,7.142857142857143,31.0,3,3.0,5.0,5.0,1,6,5
20241103TMG02,2024-11-03,1C上,2.8,3.3,2.2,62,82.25806451612904,0.0,31,80.64516129032258,0.0,36,0.0,2.7777777777777777,18,0.0,5.555555555555555,42,0.0,16.666666666666668,21,0.0,19.047619047619047,31.0,1,0.0,4.0,5.0,2,3,4
20241103TMG03,2024-11-03,1C上,2.5,3.3,2.6,57,63.1578947368421,0.0,29,79.3103448275862,0.0,43,0.0,6.976744186046512,19,0.0,5.2631578947368425,42,0.0,16.666666666666668,22,0.0,22.727272727272727,26.0,2,6.0,3.0,2.0,4,5,3
20241103TMG04,2024-11-03,1C上,2.9,3.1,3.2,49,77.55102040816327,0.0,18,55.55555555555556,0.0,33,0.0,3.0303030303030303,17,0.0,0.0,46,0.0,8.695652173913043,20,0.0,5.0,20.0,6,9.0,1.0,5.0,2,4,1
20241103TMG05,2024-11-03,同じ,2.9,2.9,3.2,63,68.25396825396825,0.0,29,58.62068965517241,0.0,39,0.0,2.5641025641025643,20,0.0,0.0,44,0.0,25.0,20,0.0,30.0,18.0,6,22.0,1.0,1.0,2,5,3
20241103TMG06,2024-11-03,1C上,3.4,3.6,2.4,60,65.0,0.0,33,75.75757575757575,0.0,36,0.0,5.555555555555555,16,0.0,6.25,49,0.0,14.285714285714286,29,0.0,20.689655172413794,36.0,1,0.0,4.0,5.0,2,3,4
20241103TMG07,2024-11-03,1C上,2.4,3.2,2.7,54,70.37037037037037,0.0,28,60.714285714285715,0.0,49,0.0,8.16326530612245,25,0.0,16.0,49,0.0,14.285714285714286,20,0.0,15.0,27.0,2,6.0,4.0,5.0,2,1,3
20241103TMG08,2024-11-03,1C上,2.8,4.5,3.2,72,80.55555555555556,0.0,34,76.47058823529412,0.0,45,0.0,2.2222222222222223,19,0.0,0.0,37,0.0,16.216216216216218,17,0.0,17.647058823529413,24.0,4,10.0,2.0,4.0,1,4,3
20241103TMG09,2024-11-03,1C上,2.0,4.2,2.9,59,72.88135593220339,0.0,32,78.125,0.0,37,0.0,5.405405405405405,19,0.0,5.2631578947368425,48,0.0,8.333333333333334,27,0.0,3.7037037037037037,35.0,1,0.0,5.0,5.0,2,4,6
20241103TMG11,2024-11-03,1C上,3.0,3.6,2.4,55,60.0,0.0,22,54.54545454545455,0.0,47,0.0,0.0,27,0.0,0.0,47,0.0,14.893617021276595,24,0.0,12.5,38.0,1,0.0,5.0,5.0,1,4,2
20241103TMG12,2024-11-03,1C上,2.4,3.2,2.3,56,76.78571428571429,0.0,26,76.92307692307692,0.0,42,0.0,2.380952380952381,26,0.0,0.0,28,0.0,7.142857142857143,15,0.0,6.666666666666667,33.0,1,0.0,5.0,2.0,1,2,3
20241104TMG01,2024-11-04,1C上,2.7,3.2,2.6,55,74.54545454545455,0.0,37,75.67567567567568,0.0,30,0.0,3.3333333333333335,12,0.0,0.0,38,0.0,10.526315789473685,19,0.0,5.2631578947368425,33.0,2,3.0,5.0,5.0,1,4,3
20241104TMG02,2024-11-04,1C上,3.5,3.6,2.5,62,75.80645161290323,0.0,33,60.60606060606061,0.0,39,0.0,7.6923076923076925,20,0.0,10.0,39,0.0,20.512820512820515,23,0.0,21.73913043478261,30.0,1,0.0,4.0,5.0,2,1,4
20241104TMG03,2024-11-04,1C下,3.9,3.1,3.2,54,62.96296296296296,0.0,30,70.0,0.0,38,0.0,2.6315789473684212,17,0.0,5.882352941176471,47,0.0,8.51063829787234,21,0.0,4.761904761904762,33.0,1,0.0,5.0,5.0,1,3,5
20241104TMG04,2024-11-04,1C下,3.4,2.9,4.1,41,68.29268292682927,0.0,22,72.72727272727273,0.0,34,0.0,2.9411764705882355,17,0.0,5.882352941176471,40,0.0,17.5,20,0.0,10.0,32.0,1,0.0,4.0,5.0,1,2,5
20241104TMG05,2024-11-04,1C上,2.1,2.5,3.3,59,76.27118644067797,0.0,37,72.97297297297297,0.0,36,0.0,5.555555555555555,17,0.0,0.0,44,0.0,13.636363636363637,20,0.0,10.0,38.0,1,0.0,5.0,5.0,1,3,2
20241104TMG06,2024-11-04,1C上,2.6,3.2,3.0,48,79.16666666666667,0.0,16,62.5,0.0,36,0.0,2.7777777777777777,19,0.0,5.2631578947368425,38,0.0,18.42105263157895,22,0.0,22.727272727272727,32.0,1,0.0,4.0,5.0,1,2,4
20241104TMG07,2024-11-04,1C上,2.4,3.3,2.8,52,63.46153846153846,0.0,25,60.0,0.0,44,0.0,6.818181818181818,20,0.0,5.0,42,0.0,11.904761904761905,25,0.0,8.0,34.0,1,0.0,5.0,5.0,1,2,4
20241104TMG08,2024-11-04,1C上,2.3,3.6,3.1,56,64.28571428571429,0.0,28,57.142857142857146,0.0,48,0.0,0.0,28,0.0,0.0,32,0.0,21.875,16,0.0,12.5,30.0,2,2.0,5.0,1.0,1,2,5
20241104TMG09,2024-11-04,1C下,4.5,3.9,3.1,51,66.66666666666667,0.0,27,70.37037037037037,0.0,44,0.0,0.0,20,0.0,0.0,34,0.0,26.470588235294116,19,0.0,31.57894736842105,21.0,5,9.0,2.0,2.0,4,3,5
20241104TMG10,2024-11-04,1C上,2.4,3.9,3.5,57,77.19298245614036,0.0,26,76.92307692307692,0.0,28,0.0,7.142857142857143,10,0.0,20.0,33,0.0,27.272727272727273,17,0.0,11.764705882352942,33.0,2,1.0,5.0,5.0,1,3,6
20241104TMG11,2024-11-04,1C上,2.6,3.6,3.0,54,75.92592592592592,0.0,27,81.48148148148148,0.0,37,0.0,5.405405405405405,17,0.0,5.882352941176471,50,0.0,32.0,28,0.0,28.571428571428573,36.0,1,0.0,5.0,5.0,1,4,2
20241104TMG12,2024-11-04,1C上,2.3,3.2,2.9,64,70.3125,0.0,36,80.55555555555556,0.0,43,0.0,2.3255813953488373,27,0.0,0.0,37,0.0,29.72972972972973,21,0.0,28.571428571428573,30.0,1,0.0,4.0,4.0,1,6,2
20241105TMG01,2024-11-05,1C上,2.3,3.4,2.1,52,61.53846153846154,0.0,25,60.0,0.0,43,0.0,2.3255813953488373,21,0.0,0.0,32,0.0,9.375,16,0.0,6.25,35.0,1,0.0,4.0,5.0,1,4,5
20241105TMG02,2024-11-05,1C上,2.5,3.2,2.7,70,77.14285714285714,0.0,42,76.19047619047619,0.0,50,0.0,8.0,25,0.0,16.0,49,0.0,18.367346938775512,23,0.0,21.73913043478261,26.0,4,8.0,3.0,2.0,1,3,2
20241105TMG03,2024-11-05,1C上,2.3,3.3,3.1,53,81.13207547169812,0.0,25,84.0,0.0,40,0.0,10.0,18,0.0,11.11111111111111,35,0.0,25.714285714285715,20,0.0,30.0,32.0,1,0.0,4.0,2.0,1,3,6
20241105TMG04,2024-11-05,1C下,3.5,2.6,3.3,45,46.666666666666664,0.0,26,50.0,0.0,37,0.0,2.7027027027027026,21,0.0,4.761904761904762,39,0.0,5.128205128205129,21,0.0,4.761904761904762,26.0,3,5.0,4.0,5.0,5,1,3
20241105TMG05,2024-11-05,1C上,2.8,2.9,2.9,73,80.82191780821918,0.0,35,77.14285714285714,0.0,40,0.0,2.5,21,0.0,0.0,32,0.0,18.75,17,0.0,17.647058823529413,22.0,6,7.0,2.0,1.0,1,6,2
20241105TMG06,2024-11-05,1C上,3.0,3.7,3.1,47,65.95744680851064,0.0,20,55.0,0.0,37,0.0,16.216216216216218,14,0.0,14.285714285714286,33,0.0,21.21212121212121,17,0.0,11.764705882352942,28.0,2,2.0,5.0,5.0,4,1,5
20241105TMG07,2024-11-05,1C下,2.4,2.1,2.4,64,71.875,0.0,37,70.27027027027027,0.0,39,0.0,5.128205128205129,18,0.0,5.555555555555555,47,0.0,14.893617021276595,25,0.0,12.0,29.0,1,0.0,4.0,1.0,1,3,6
20241105TMG08,2024-11-05,1C下,3.0,2.9,3.5,46,63.04347826086956,0.0,23,60.869565217391305,0.0,33,0.0,6.0606060606060606,20,0.0,5.0,40,0.0,10.0,18,0.0,5.555555555555555,28.0,2,2.0,4.0,1.0,1,3,4
20241105TMG09,2024-11-05,1C下,3.4,2.8,2.6,42,69.04761904761905,0.0,23,73.91304347826087,0.0,35,0.0,11.428571428571429,18,0.0,11.11111111111111,43,0.0,16.27906976744186,22,0.0,22.727272727272727,28.0,1,0.0,4.0,5.0,1,4,2
20241105TMG10,2024-11-05,1C下,3.0,2.7,2.7,55,61.81818181818182,0.0,23,56.52173913043478,0.0,35,0.0,5.714285714285714,21,0.0,9.523809523809524,49,0.0,14.285714285714286,21,0.0,14.285714285714286,36.0,1,0.0,5.0,5.0,1,3,4
20241105TMG12,2024-11-05,1C上,2.3,4.2,2.2,65,70.76923076923077,0.0,36,80.55555555555556,0.0,38,0.0,5.2631578947368425,20,0.0,5.0,46,0.0,10.869565217391305,25,0.0,8.0,23.0,5,10.0,3.0,1.0,1,2,3
20241113TMG01,2024-11-13,1C上,3.2,3.5,3.3,10,30.0,0.0,6,16.666666666666668,0.0,32,0.0,9.375,18,0.0,11.11111111111111,32,0.0,0.0,20,0.0,0.0,28.0,2,1.0,5.0,5.0,4,1,5
20241113TMG02,2024-11-13,1C下,4.6,3.4,3.2,13,15.384615384615385,0.0,6,16.666666666666668,0.0,17,0.0,5.882352941176471,15,0.0,6.666666666666667,30,0.0,13.333333333333334,14,0.0,7.142857142857143,30.0,2,2.0,5.0,5.0,2,4,1
20241113TMG03,2024-11-13,1C上,2.9,4.3,3.3,17,29.41176470588235,0.0,16,31.25,0.0,40,0.0,2.5,22,0.0,4.545454545454546,40,0.0,22.5,20,0.0,5.0,17.0,5,11.0,3.0,2.0,3,5,2
20241113TMG04,2024-11-13,1C上,3.0,3.6,4.1,2,50.0,0.0,2,50.0,0.0,39,0.0,5.128205128205129,16,0.0,0.0,23,0.0,13.043478260869565,14,0.0,14.285714285714286,36.0,1,0.0,5.0,4.0,1,2,5
20241113TMG05,2024-11-13,1C上,2.9,3.3,3.6,41,65.85365853658537,0.0,27,62.96296296296296,0.0,30,0.0,0.0,21,0.0,0.0,12,0.0,0.0,12,0.0,0.0,32.0,2,1.0,5.0,5.0,1,5,2
20241113TMG06,2024-11-13,1C上,2.6,3.9,3.2,21,42.857142857142854,0.0,12,58.333333333333336,0.0,28,0.0,3.5714285714285716,15,0.0,0.0,47,0.0,8.51063829787234,22,0.0,9.090909090909092,30.0,2,2.0,5.0,3.0,4,1,3
20241113TMG07,2024-11-13,1C上,2.6,3.1,3.9,27,48.148148148148145,0.0,15,53.333333333333336,0.0,35,0.0,11.428571428571429,14,0.0,7.142857142857143,31,0.0,3.225806451612903,27,0.0,3.7037037037037037,35.0,1,0.0,5.0,5.0,1,2,4
20241113TMG08,2024-11-13,1C下,2.7,2.6,3.8,27,25.925925925925927,0.0,17,35.294117647058826,0.0,34,0.0,0.0,18,0.0,0.0,32,0.0,9.375,30,0.0,10.0,33.0,1,0.0,5.0,5.0,4,3,2
20241113TMG09,2024-11-13,1C下,3.8,2.6,1.8,42,47.61904761904762,0.0,18,38.888888888888886,0.0,29,0.0,0.0,17,0.0,0.0,12,0.0,0.0,4,0.0,0.0,31.0,1,0.0,5.0,5.0,6,4,1
20241113TMG10,2024-11-13,1C上,2.3,3.7,2.8,44,68.18181818181819,0.0,20,55.0,0.0,9,0.0,0.0,9,0.0,0.0,27,0.0,7.407407407407407,18,0.0,5.555555555555555,32.0,1,0.0,5.0,3.0,1,3,2
20241113TMG11,2024-11-13,1C下,3.2,3.0,3.5,33,27.272727272727273,0.0,18,22.22222222222222,0.0,35,0.0,2.857142857142857,19,0.0,5.2631578947368425,34,0.0,11.764705882352942,15,0.0,13.333333333333334,23.0,4,7.0,3.0,5.0,2,4,6
20241113TMG12,2024-11-13,1C上,2.7,3.3,2.1,55,76.36363636363636,0.0,23,56.52173913043478,0.0,30,0.0,0.0,21,0.0,0.0,27,0.0,25.925925925925927,17,0.0,17.647058823529413,36.0,1,0.0,4.0,5.0,1,5,3
20241114TMG01,2024-11-14,1C上,2.7,4.3,2.8,31,35.483870967741936,0.0,20,40.0,0.0,23,0.0,0.0,19,0.0,0.0,39,0.0,10.256410256410257,26,0.0,11.538461538461538,34.0,1,0.0,5.0,5.0,1,4,2
20241114TMG02,2024-11-14,1C上,2.3,4.3,4.0,14,71.42857142857143,0.0,11,72.72727272727273,0.0,38,0.0,2.6315789473684212,18,0.0,5.555555555555555,3,0.0,0.0,3,0.0,0.0,31.0,1,0.0,5.0,4.0,2,1,4
20241114TMG03,2024-11-14,1C上,2.1,3.3,3.0,34,61.76470588235294,0.0,11,45.45454545454545,0.0,30,0.0,0.0,11,0.0,0.0,7,0.0,0.0,3,0.0,0.0,20.0,4,14.0,1.0,1.0,4,5,3
20241114TMG05,2024-11-14,1C下,3.5,2.7,4.4,24,41.666666666666664,0.0,13,46.15384615384615,0.0,38,0.0,0.0,20,0.0,0.0,34,0.0,11.764705882352942,13,0.0,15.384615384615385,34.0,1,0.0,5.0,5.0,3,1,6
20241114TMG06,2024-11-14,1C下,4.5,3.1,2.7,22,22.727272727272727,0.0,12,16.666666666666668,0.0,12,0.0,8.333333333333334,12,0.0,8.333333333333334,24,0.0,12.5,10,0.0,10.0,27.0,3,5.0,5.0,1.0,1,3,5
20241114TMG07,2024-11-14,1C上,2.7,4.0,1.4,36,63.888888888888886,0.0,20,65.0,0.0,7,0.0,0.0,2,0.0,0.0,23,0.0,13.043478260869565,11,0.0,18.181818181818183,38.0,1,0.0,5.0,5.0,1,3,2
20241114TMG08,2024-11-14,1C下,2.8,1.7,2.9,23,47.82608695652174,0.0,13,53.84615384615385,0.0,24,0.0,4.166666666666667,4,0.0,0.0,37,0.0,8.108108108108109,22,0.0,9.090909090909092,29.0,2,3.0,5.0,5.0,2,1,3
20241114TMG10,2024-11-14,1C上,2.4,4.1,3.4,51,47.05882352941177,0.0,28,42.857142857142854,0.0,26,0.0,7.6923076923076925,13,0.0,0.0,26,0.0,3.8461538461538463,14,0.0,7.142857142857143,31.0,1,0.0,4.0,3.0,1,2,5
20241114TMG11,2024-11-14,1C下,3.5,2.0,3.6,15,0.0,0.0,11,0.0,0.0,33,0.0,0.0,17,0.0,0.0,25,0.0,0.0,17,0.0,0.0,30.0,1,0.0,5.0,4.0,3,2,4
20241114TMG12,2024-11-14,1C上,1.7,3.2,2.0,39,61.53846153846154,0.0,20,55.0,0.0,44,0.0,6.818181818181818,21,0.0,4.761904761904762,3,0.0,0.0,3,0.0,0.0,36.0,1,0.0,5.0,5.0,1,3,4
20241115TMG01,2024-11-15,1C下,4.0,3.4,0.0,6,50.0,0.0,3,33.333333333333336,0.0,36,0.0,8.333333333333334,21,0.0,14.285714285714286,0,0.0,0.0,0,0.0,0.0,34.0,1,0.0,5.0,5.0,1,2,4
20241115TMG02,2024-11-15,1C下,3.3,3.0,3.1,8,75.0,0.0,8,75.0,0.0,2,0.0,0.0,2,0.0,0.0,34,0.0,8.823529411764707,19,0.0,5.2631578947368425,32.0,1,0.0,4.0,5.0,1,3,6
20241115TMG03,2024-11-15,1C下,4.8,2.7,3.6,22,36.36363636363637,0.0,12,33.333333333333336,0.0,39,0.0,7.6923076923076925,21,0.0,4.761904761904762,25,0.0,8.0,18,0.0,11.11111111111111,34.0,1,0.0,5.0,5.0,1,2,3
20241115TMG04,2024-11-15,1C下,3.6,3.0,2.1,8,0.0,0.0,8,0.0,0.0,26,0.0,23.076923076923077,14,0.0,28.571428571428573,28,0.0,25.0,18,0.0,16.666666666666668,27.0,2,5.0,5.0,1.0,2,1,5
20241115TMG05,2024-11-15,1C下,3.8,3.5,2.6,23,34.78260869565217,0.0,8,37.5,0.0,34,0.0,5.882352941176471,16,0.0,6.25,39,0.0,10.256410256410257,15,0.0,26.666666666666668,29.0,3,6.0,5.0,1.0,1,2,3
20241115TMG06,2024-11-15,1C下,4.0,1.5,3.8,20,20.0,0.0,13,30.76923076923077,0.0,6,0.0,0.0,2,0.0,0.0,35,0.0,2.857142857142857,15,0.0,0.0,29.0,2,2.0,5.0,1.0,1,4,5
20241115TMG07,2024-11-15,1C下,3.5,2.6,2.9,19,36.8421052631579,0.0,9,22.22222222222222,0.0,36,0.0,11.11111111111111,19,0.0,10.526315789473685,33,0.0,9.090909090909092,15,0.0,13.333333333333334,32.0,1,0.0,5.0,5.0,1,2,3
20241115TMG08,2024-11-15,1C下,3.0,0.0,2.1,29,37.93103448275862,0.0,14,42.857142857142854,0.0,1,0.0,0.0,1,0.0,0.0,41,0.0,7.317073170731708,23,0.0,8.695652173913043,24.0,4,7.0,3.0,2.0,3,5,1
20241115TMG10,2024-11-15,1C上,2.6,3.5,3.4,36,44.44444444444444,0.0,20,40.0,0.0,35,0.0,2.857142857142857,15,0.0,0.0,32,0.0,6.25,17,0.0,11.764705882352942,31.0,1,0.0,5.0,5.0,1,5,6
20241115TMG11,2024-11-15,同じ,3.2,3.2,2.4,55,72.72727272727273,0.0,25,72.0,0.0,30,0.0,3.3333333333333335,16,0.0,6.25,34,0.0,5.882352941176471,21,0.0,4.761904761904762,29.0,1,0.0,4.0,5.0,1,5,3
20241116TMG01,2024-11-16,1C上,0.0,3.5,3.1,1,0.0,0.0,1,0.0,0.0,35,0.0,5.714285714285714,16,0.0,6.25,35,0.0,8.571428571428571,20,0.0,5.0,31.0,1,0.0,5.0,4.0,2,5,3
20241116TMG02,2024-11-16,1C上,2.3,4.0,3.3,15,66.66666666666667,0.0,12,66.66666666666667,0.0,34,0.0,8.823529411764707,23,0.0,0.0,28,0.0,14.285714285714286,11,0.0,9.090909090909092,33.0,1,0.0,5.0,5.0,1,2,3
20241116TMG03,2024-11-16,1C下,5.7,2.6,2.6,12,25.0,0.0,2,0.0,0.0,35,0.0,0.0,19,0.0,0.0,33,0.0,12.121212121212121,15,0.0,6.666666666666667,36.0,1,0.0,3.0,5.0,2,5,3
20241116TMG04,2024-11-16,1C下,2.7,2.5,3.3,29,65.51724137931035,0.0,13,76.92307692307692,0.0,42,0.0,4.761904761904762,25,0.0,4.0,41,0.0,24.390243902439025,20,0.0,10.0,35.0,1,0.0,5.0,5.0,1,2,4
20241116TMG05,2024-11-16,1C下,3.2,0.0,3.9,17,23.529411764705884,0.0,8,37.5,0.0,0,0.0,0.0,0,0.0,0.0,32,0.0,3.125,28,0.0,3.5714285714285716,27.0,4,9.0,2.0,5.0,4,1,3
20241116TMG07,2024-11-16,1C下,2.9,2.6,2.2,33,51.515151515151516,0.0,21,47.61904761904762,0.0,30,0.0,13.333333333333334,11,0.0,9.090909090909092,29,0.0,13.793103448275861,17,0.0,17.647058823529413,29.0,3,3.0,5.0,2.0,1,3,5
20241116TMG08,2024-11-16,1C下,3.8,2.7,2.5,43,46.51162790697674,0.0,18,38.888888888888886,0.0,26,0.0,19.23076923076923,15,0.0,13.333333333333334,21,0.0,19.047619047619047,18,0.0,22.22222222222222,32.0,2,2.0,4.0,5.0,1,2,4
20241116TMG09,2024-11-16,1C上,2.3,3.2,2.6,45,68.88888888888889,0.0,20,55.0,0.0,26,0.0,3.8461538461538463,12,0.0,0.0,22,0.0,0.0,14,0.0,0.0,30.0,1,0.0,5.0,5.0,4,1,5
20241116TMG10,2024-11-16,1C上,3.2,4.6,2.8,56,71.42857142857143,0.0,26,69.23076923076923,0.0,29,0.0,3.4482758620689653,12,0.0,8.333333333333334,40,0.0,10.0,27,0.0,11.11111111111111,30.0,2,3.0,5.0,5.0,1,2,4
20241116TMG11,2024-11-16,1C上,1.7,4.1,2.7,40,62.5,0.0,21,57.142857142857146,0.0,27,0.0,7.407407407407407,13,0.0,0.0,24,0.0,12.5,11,0.0,9.090909090909092,40.0,1,0.0,5.0,5.0,1,2,3
20241116TMG12,2024-11-16,1C下,2.7,1.5,3.7,55,76.36363636363636,0.0,24,58.333333333333336,0.0,4,0.0,0.0,4,0.0,0.0,38,0.0,13.157894736842104,14,0.0,7.142857142857143,36.0,1,0.0,5.0,5.0,1,2,4
20241117TMG01,2024-11-17,1C上,2.7,4.0,2.9,32,37.5,0.0,20,45.0,0.0,8,0.0,0.0,3,0.0,0.0,34,0.0,8.823529411764707,16,0.0,12.5,34.0,1,0.0,5.0,5.0,1,3,2
20241117TMG02,2024-11-17,同じ,3.0,3.0,3.1,3,66.66666666666667,0.0,3,66.66666666666667,0.0,36,0.0,2.7777777777777777,19,0.0,5.2631578947368425,35,0.0,8.571428571428571,21,0.0,4.761904761904762,22.0,4,5.0,3.0,1.0,1,4,2
20241117TMG03,2024-11-17,1C下,3.5,3.2,1.8,20,40.0,0.0,9,33.333333333333336,0.0,31,0.0,3.225806451612903,17,0.0,5.882352941176471,12,0.0,0.0,5,0.0,0.0,31.0,2,6.0,3.0,5.0,1,3,5
20241117TMG04,2024-11-17,1C上,2.6,3.5,3.4,37,45.945945945945944,0.0,20,40.0,0.0,33,0.0,9.090909090909092,17,0.0,11.764705882352942,33,0.0,6.0606060606060606,18,0.0,11.11111111111111,31.0,1,0.0,5.0,5.0,1,3,2
20241117TMG05,2024-11-17,1C下,3.2,2.7,3.8,34,26.470588235294116,0.0,19,21.05263157894737,0.0,27,0.0,18.51851851851852,16,0.0,12.5,36,0.0,2.7777777777777777,16,0.0,0.0,34.0,1,0.0,5.0,5.0,1,2,4
20241117TMG06,2024-11-17,1C上,2.6,3.1,4.2,22,40.90909090909091,0.0,12,50.0,0.0,13,0.0,7.6923076923076925,13,0.0,7.6923076923076925,28,0.0,0.0,17,0.0,0.0,25.0,3,5.0,4.0,1.0,4,5,6
20241117TMG07,2024-11-17,1C下,3.8,2.7,3.3,44,47.72727272727273,0.0,18,44.44444444444444,0.0,39,0.0,0.0,20,0.0,0.0,19,0.0,0.0,3,0.0,0.0,31.0,1,0.0,5.0,4.0,2,1,6
20241117TMG10,2024-11-17,1C下,2.9,1.5,3.3,42,66.66666666666667,0.0,28,64.28571428571429,0.0,5,0.0,0.0,5,0.0,0.0,42,0.0,23.80952380952381,21,0.0,9.523809523809524,32.0,1,0.0,5.0,5.0,1,2,3
20241117TMG11,2024-11-17,1C上,1.7,3.4,3.3,41,63.41463414634146,0.0,22,59.09090909090909,0.0,18,0.0,11.11111111111111,16,0.0,12.5,29,0.0,13.793103448275861,12,0.0,8.333333333333334,36.0,1,0.0,5.0,5.0,1,3,4
20241117TMG12,2024-11-17,1C上,2.7,3.2,2.2,56,76.78571428571429,0.0,25,60.0,0.0,44,0.0,4.545454545454546,22,0.0,4.545454545454546,30,0.0,13.333333333333334,18,0.0,16.666666666666668,36.0,1,0.0,5.0,5.0,4,3,1
20241118TMG01,2024-11-18,1C上,3.2,4.3,2.7,11,27.272727272727273,0.0,7,14.285714285714286,0.0,41,0.0,2.4390243902439024,22,0.0,4.545454545454546,25,0.0,12.0,12,0.0,8.333333333333334,32.0,1,0.0,5.0,5.0,2,3,4
20241118TMG02,2024-11-18,1C下,4.0,1.7,2.5,21,23.80952380952381,0.0,14,35.714285714285715,0.0,25,0.0,4.0,5,0.0,0.0,22,0.0,18.181818181818183,19,0.0,21.05263157894737,24.0,3,6.0,2.0,3.0,1,2,5
20241118TMG04,2024-11-18,1C下,3.0,1.5,3.6,30,36.666666666666664,0.0,15,40.0,0.0,7,0.0,0.0,3,0.0,0.0,25,0.0,8.0,19,0.0,10.526315789473685,24.0,4,4.0,5.0,2.0,1,4,6
20241118TMG06,2024-11-18,1C上,2.1,2.6,0.0,35,60.0,0.0,10,40.0,0.0,36,0.0,2.7777777777777777,20,0.0,5.0,1,0.0,0.0,1,0.0,0.0,30.0,1,0.0,5.0,1.0,2,1,6
20241118TMG07,2024-11-18,1C上,2.3,3.9,3.0,46,67.3913043478261,0.0,20,55.0,0.0,29,0.0,3.4482758620689653,14,0.0,0.0,8,0.0,0.0,4,0.0,0.0,36.0,1,0.0,5.0,5.0,2,5,1
20241118TMG09,2024-11-18,1C上,3.2,3.4,3.8,35,28.571428571428573,0.0,20,25.0,0.0,37,0.0,8.108108108108109,22,0.0,13.636363636363637,33,0.0,9.090909090909092,30,0.0,10.0,33.0,2,1.0,5.0,5.0,1,2,6
20241118TMG10,2024-11-18,1C上,2.4,3.2,2.1,52,48.07692307692308,0.0,28,42.857142857142854,0.0,45,0.0,4.444444444444445,23,0.0,4.3478260869565215,29,0.0,24.137931034482758,19,0.0,15.789473684210526,32.0,1,0.0,4.0,5.0,2,1,3
20241118TMG11,2024-11-18,1C上,2.7,4.3,2.4,57,75.43859649122807,0.0,26,57.69230769230769,0.0,38,0.0,2.6315789473684212,18,0.0,0.0,35,0.0,5.714285714285714,22,0.0,4.545454545454546,38.0,1,0.0,5.0,5.0,3,6,2
20241122TMG01,2024-11-22,1C上,2.5,3.7,3.0,21,38.095238095238095,0.0,10,60.0,0.0,23,0.0,4.3478260869565215,10,0.0,10.0,28,0.0,3.5714285714285716,13,0.0,7.6923076923076925,34.0,1,0.0,5.0,5.0,4,5,3
20241122TMG02,2024-11-22,1C上,3.3,3.7,2.3,27,33.333333333333336,0.0,10,50.0,0.0,24,0.0,4.166666666666667,10,0.0,0.0,38,0.0,23.68421052631579,18,0.0,16.666666666666668,36.0,1,0.0,5.0,5.0,3,4,1
20241122TMG03,2024-11-22,同じ,3.1,3.1,3.1,27,44.44444444444444,0.0,13,46.15384615384615,0.0,40,0.0,12.5,23,0.0,13.043478260869565,36,0.0,8.333333333333334,16,0.0,0.0,32.0,1,0.0,4.0,5.0,1,5,2
20241122TMG04,2024-11-22,1C下,3.6,2.8,3.6,29,41.37931034482759,0.0,18,44.44444444444444,0.0,46,0.0,8.695652173913043,25,0.0,8.0,31,0.0,3.225806451612903,17,0.0,0.0,30.0,1,0.0,3.0,5.0,1,2,5
20241122TMG05,2024-11-22,1C下,3.5,3.3,4.7,13,23.076923076923077,0.0,8,12.5,0.0,46,0.0,6.521739130434782,23,0.0,4.3478260869565215,28,0.0,3.5714285714285716,16,0.0,6.25,28.0,3,7.0,5.0,1.0,1,3,4
20241122TMG06,2024-11-22,同じ,3.4,3.4,3.6,56,51.785714285714285,0.0,29,58.62068965517241,0.0,35,0.0,8.571428571428571,19,0.0,10.526315789473685,33,0.0,36.36363636363637,24,0.0,29.166666666666668,32.0,1,0.0,5.0,5.0,3,5,1
20241122TMG07,2024-11-22,1C下,3.5,3.1,3.3,43,55.81395348837209,0.0,22,59.09090909090909,0.0,136,0.0,6.617647058823529,67,0.0,5.970149253731344,83,0.0,10.843373493975903,45,0.0,13.333333333333334,32.0,1,0.0,5.0,5.0,1,3,2
20241122TMG08,2024-11-22,1C下,3.3,2.9,2.6,27,51.851851851851855,0.0,11,36.36363636363637,0.0,36,0.0,2.7777777777777777,20,0.0,5.0,31,0.0,0.0,17,0.0,0.0,32.0,1,0.0,5.0,5.0,1,6,3
20241122TMG09,2024-11-22,1C上,2.5,3.8,3.0,52,55.76923076923077,0.0,28,46.42857142857143,0.0,31,0.0,0.0,14,0.0,0.0,39,0.0,12.820512820512821,19,0.0,10.526315789473685,28.0,3,4.0,4.0,5.0,2,5,1
20241122TMG10,2024-11-22,1C上,3.1,4.3,3.4,65,80.0,0.0,28,78.57142857142857,0.0,51,0.0,1.9607843137254901,21,0.0,4.761904761904762,44,0.0,4.545454545454546,23,0.0,4.3478260869565215,39.0,1,0.0,5.0,5.0,1,3,2
20241122TMG11,2024-11-22,1C上,1.8,3.6,2.9,47,87.23404255319149,0.0,30,86.66666666666667,0.0,43,0.0,0.0,20,0.0,0.0,53,0.0,9.433962264150944,22,0.0,9.090909090909092,30.0,1,0.0,5.0,5.0,1,3,4
20241122TMG12,2024-11-22,1C上,2.7,4.1,2.9,73,58.9041095890411,0.0,35,57.142857142857146,0.0,21,0.0,4.761904761904762,12,0.0,0.0,46,0.0,10.869565217391305,22,0.0,4.545454545454546,30.0,1,0.0,5.0,3.0,1,5,3
20241123TMG01,2024-11-23,1C下,2.8,2.6,3.8,26,42.30769230769231,0.0,16,31.25,0.0,17,0.0,5.882352941176471,8,0.0,12.5,53,0.0,1.8867924528301887,27,0.0,3.7037037037037037,31.0,1,0.0,3.0,5.0,1,3,2
20241123TMG02,2024-11-23,1C上,2.9,3.3,3.0,29,44.827586206896555,0.0,13,38.46153846153846,0.0,45,0.0,2.2222222222222223,26,0.0,0.0,43,0.0,23.25581395348837,17,0.0,29.41176470588235,34.0,1,0.0,5.0,5.0,1,4,3
20241123TMG03,2024-11-23,1C下,3.2,3.1,3.0,28,46.42857142857143,0.0,17,52.94117647058823,0.0,137,0.0,6.569343065693431,68,0.0,5.882352941176471,29,0.0,3.4482758620689653,14,0.0,7.142857142857143,34.0,1,0.0,4.0,5.0,1,2,3
20241123TMG04,2024-11-23,1C上,3.1,3.6,2.6,31,41.935483870967744,0.0,17,41.1764705882353,0.0,37,0.0,5.405405405405405,18,0.0,5.555555555555555,51,0.0,29.41176470588235,23,0.0,26.08695652173913,36.0,1,0.0,5.0,5.0,3,4,1
20241123TMG05,2024-11-23,1C下,3.9,3.8,3.8,34,35.294117647058826,0.0,17,41.1764705882353,0.0,40,0.0,0.0,20,0.0,0.0,49,0.0,10.204081632653061,25,0.0,8.0,21.0,5,13.0,2.0,2.0,4,3,1
20241123TMG06,2024-11-23,1C上,2.4,2.9,3.4,42,71.42857142857143,0.0,17,70.58823529411765,0.0,33,0.0,0.0,17,0.0,0.0,28,0.0,0.0,16,0.0,0.0,27.0,2,7.0,4.0,2.0,4,5,3
20241123TMG07,2024-11-23,1C上,3.4,3.5,3.1,58,50.0,0.0,33,45.45454545454545,0.0,23,0.0,0.0,9,0.0,0.0,18,0.0,5.555555555555555,11,0.0,0.0,28.0,1,0.0,5.0,5.0,1,5,4
20241123TMG08,2024-11-23,同じ,3.1,3.1,2.3,64,68.75,0.0,31,70.96774193548387,0.0,137,0.0,6.569343065693431,68,0.0,5.882352941176471,51,0.0,11.764705882352942,27,0.0,14.814814814814815,30.0,2,5.0,4.0,5.0,2,3,5
20241123TMG09,2024-11-23,1C上,2.3,2.7,2.1,46,52.17391304347826,0.0,26,65.38461538461539,0.0,43,0.0,4.651162790697675,21,0.0,4.761904761904762,41,0.0,2.4390243902439024,15,0.0,0.0,28.0,3,3.0,4.0,5.0,1,2,3
20241123TMG10,2024-11-23,1C上,2.5,3.8,2.7,50,74.0,0.0,26,73.07692307692308,0.0,35,0.0,5.714285714285714,17,0.0,5.882352941176471,49,0.0,4.081632653061225,29,0.0,3.4482758620689653,32.0,1,0.0,5.0,1.0,1,4,3
20241123TMG11,2024-11-23,1C上,2.9,4.0,2.5,46,76.08695652173913,0.0,23,69.56521739130434,0.0,41,0.0,0.0,22,0.0,0.0,42,0.0,4.761904761904762,17,0.0,5.882352941176471,36.0,1,0.0,5.0,5.0,1,5,6
20241123TMG12,2024-11-23,1C上,1.9,3.7,2.3,58,72.41379310344827,0.0,25,64.0,0.0,83,0.0,2.4096385542168677,49,0.0,2.0408163265306123,51,0.0,11.764705882352942,27,0.0,14.814814814814815,32.0,2,1.0,5.0,5.0,1,2,4
20241124TMG01,2024-11-24,1C上,3.1,4.5,2.5,28,39.285714285714285,0.0,13,23.076923076923077,0.0,26,0.0,0.0,13,0.0,0.0,27,0.0,18.51851851851852,10,0.0,20.0,30.0,1,0.0,5.0,5.0,4,1,3
20241124TMG02,2024-11-24,1C下,2.4,2.3,3.3,32,46.875,0.0,14,42.857142857142854,0.0,37,0.0,2.7027027027027026,17,0.0,0.0,84,0.0,10.714285714285714,45,0.0,13.333333333333334,36.0,1,0.0,5.0,5.0,1,4,3
20241124TMG03,2024-11-24,1C下,3.3,3.1,2.1,20,30.0,0.0,9,33.333333333333336,0.0,33,0.0,0.0,12,0.0,0.0,47,0.0,17.02127659574468,23,0.0,17.391304347826086,15.0,6,17.0,1.0,1.0,2,3,6
20241124TMG04,2024-11-24,1C上,2.6,3.1,2.5,30,33.333333333333336,0.0,13,30.76923076923077,0.0,43,0.0,0.0,21,0.0,0.0,41,0.0,12.195121951219512,17,0.0,17.647058823529413,31.0,3,3.0,5.0,1.0,3,1,5
20241124TMG05,2024-11-24,1C下,4.3,3.5,3.3,19,21.05263157894737,0.0,8,25.0,0.0,35,0.0,8.571428571428571,17,0.0,5.882352941176471,48,0.0,10.416666666666666,26,0.0,11.538461538461538,26.0,3,9.0,3.0,4.0,2,4,3
20241124TMG06,2024-11-24,1C上,2.5,2.9,3.1,29,51.724137931034484,0.0,10,50.0,0.0,39,0.0,0.0,21,0.0,0.0,25,0.0,4.0,8,0.0,0.0,36.0,1,0.0,5.0,5.0,1,3,5
20241124TMG07,2024-11-24,1C上,2.5,3.2,3.1,51,52.94117647058823,0.0,28,46.42857142857143,0.0,38,0.0,2.6315789473684212,24,0.0,4.166666666666667,16,0.0,6.25,11,0.0,9.090909090909092,31.0,2,6.0,4.0,5.0,1,4,6
20241124TMG08,2024-11-24,1C下,3.4,3.1,2.1,45,62.22222222222222,0.0,22,54.54545454545455,0.0,139,0.0,7.194244604316546,70,0.0,7.142857142857143,47,0.0,17.02127659574468,23,0.0,17.391304347826086,28.0,2,6.0,5.0,4.0,3,4,5
20241124TMG09,2024-11-24,1C上,3.1,3.9,3.2,63,66.66666666666667,0.0,31,64.51612903225806,0.0,20,0.0,10.0,6,0.0,0.0,40,0.0,5.0,21,0.0,9.523809523809524,26.0,1,0.0,3.0,5.0,1,2,5
20241124TMG10,2024-11-24,1C上,3.0,3.7,2.5,55,67.27272727272727,0.0,27,59.25925925925926,0.0,84,0.0,2.380952380952381,50,0.0,2.0,43,0.0,4.651162790697675,18,0.0,5.555555555555555,31.0,2,2.0,5.0,5.0,1,3,6
20241124TMG11,2024-11-24,1C上,1.8,3.0,3.0,56,83.92857142857143,0.0,29,86.20689655172414,0.0,44,0.0,4.545454545454546,20,0.0,0.0,40,0.0,12.5,20,0.0,10.0,35.0,1,0.0,5.0,4.0,6,1,2
20241124TMG12,2024-11-24,1C上,3.5,3.8,2.1,37,70.27027027027027,0.0,29,68.96551724137932,0.0,32,0.0,0.0,14,0.0,0.0,41,0.0,21.951219512195124,21,0.0,23.80952380952381,26.0,4,8.0,4.0,5.0,1,3,6
20241125TMG01,2024-11-25,1C上,2.2,2.3,2.9,28,42.857142857142854,0.0,8,75.0,0.0,38,0.0,2.6315789473684212,18,0.0,0.0,40,0.0,5.0,21,0.0,4.761904761904762,30.0,2,2.0,5.0,5.0,1,4,3
20241125TMG02,2024-11-25,1C上,2.6,3.1,3.0,39,41.02564102564103,0.0,21,47.61904761904762,0.0,140,0.0,7.142857142857143,71,0.0,7.042253521126761,30,0.0,3.3333333333333335,15,0.0,6.666666666666667,34.0,1,0.0,5.0,5.0,2,4,3
20241125TMG03,2024-11-25,1C上,2.9,3.5,2.8,34,52.94117647058823,0.0,18,50.0,0.0,43,0.0,0.0,22,0.0,0.0,37,0.0,0.0,18,0.0,0.0,26.0,3,6.0,3.0,5.0,1,3,2
20241125TMG04,2024-11-25,1C上,3.2,3.4,2.3,25,12.0,0.0,13,15.384615384615385,0.0,38,0.0,0.0,17,0.0,0.0,29,0.0,13.793103448275861,11,0.0,18.181818181818183,38.0,1,0.0,5.0,5.0,2,5,1
20241125TMG06,2024-11-25,1C下,4.4,3.8,2.5,34,20.58823529411765,0.0,15,6.666666666666667,0.0,30,0.0,10.0,17,0.0,11.764705882352942,28,0.0,17.857142857142858,11,0.0,18.181818181818183,36.0,1,0.0,5.0,4.0,3,2,4
20241125TMG07,2024-11-25,1C上,3.5,3.8,3.1,37,70.27027027027027,0.0,30,66.66666666666667,0.0,36,0.0,5.555555555555555,18,0.0,5.555555555555555,37,0.0,8.108108108108109,17,0.0,0.0,27.0,2,3.0,5.0,5.0,1,3,5
20241125TMG08,2024-11-25,1C上,2.9,3.7,3.6,47,76.59574468085107,0.0,24,70.83333333333333,0.0,24,0.0,4.166666666666667,11,0.0,9.090909090909092,32,0.0,3.125,17,0.0,0.0,34.0,2,2.0,5.0,5.0,1,3,4
20241125TMG09,2024-11-25,1C上,3.1,3.3,4.7,64,67.1875,0.0,32,65.625,0.0,31,0.0,0.0,16,0.0,0.0,29,0.0,3.4482758620689653,17,0.0,5.882352941176471,32.0,2,2.0,3.0,5.0,1,6,3
20241125TMG10,2024-11-25,1C上,1.8,2.6,2.3,48,87.5,0.0,31,87.09677419354838,0.0,18,0.0,5.555555555555555,9,0.0,11.11111111111111,38,0.0,26.31578947368421,19,0.0,21.05263157894737,36.0,1,0.0,4.0,5.0,1,3,2
20241125TMG11,2024-11-25,1C上,1.9,3.9,2.0,59,72.88135593220339,0.0,26,65.38461538461539,0.0,36,0.0,5.555555555555555,18,0.0,0.0,42,0.0,4.761904761904762,29,0.0,0.0,37.0,1,0.0,4.0,5.0,5,1,4
20241125TMG12,2024-11-25,1C上,2.7,3.7,3.2,74,59.45945945945946,0.0,36,58.333333333333336,0.0,85,0.0,2.3529411764705883,50,0.0,2.0,43,0.0,9.30232558139535,23,0.0,8.695652173913043,32.0,1,0.0,5.0,5.0,1,2,3
20241126TMG01,2024-11-26,1C下,3.9,3.0,2.8,46,50.0,0.0,19,42.10526315789474,0.0,45,0.0,4.444444444444445,20,0.0,0.0,38,0.0,0.0,19,0.0,0.0,39.0,1,0.0,5.0,5.0,1,6,4
20241126TMG02,2024-11-26,1C上,2.8,3.8,2.7,27,44.44444444444444,0.0,17,35.294117647058826,0.0,33,0.0,0.0,15,0.0,0.0,50,0.0,4.0,30,0.0,3.3333333333333335,29.0,4,5.0,4.0,5.0,6,1,4
20241126TMG03,2024-11-26,1C下,3.6,3.3,3.4,30,43.333333333333336,0.0,19,47.36842105263158,0.0,47,0.0,6.382978723404255,24,0.0,4.166666666666667,28,0.0,0.0,17,0.0,0.0,30.0,2,3.0,3.0,5.0,2,5,4
20241126TMG04,2024-11-26,1C下,3.2,2.9,2.5,26,11.538461538461538,0.0,14,14.285714285714286,0.0,34,0.0,0.0,18,0.0,0.0,29,0.0,20.689655172413794,12,0.0,25.0,34.0,1,0.0,5.0,5.0,1,3,2
20241126TMG05,2024-11-26,1C上,2.4,3.1,3.0,33,48.484848484848484,0.0,15,46.666666666666664,0.0,34,0.0,2.9411764705882355,13,0.0,7.6923076923076925,43,0.0,23.25581395348837,17,0.0,23.529411764705884,34.0,1,0.0,5.0,5.0,3,2,1
20241126TMG06,2024-11-26,1C上,3.0,4.5,3.6,56,67.85714285714286,0.0,28,60.714285714285715,0.0,27,0.0,0.0,14,0.0,0.0,33,0.0,6.0606060606060606,16,0.0,6.25,29.0,1,0.0,5.0,5.0,1,3,6
20241126TMG07,2024-11-26,1C上,2.5,2.7,3.6,30,53.333333333333336,0.0,11,54.54545454545455,0.0,44,0.0,4.545454545454546,22,0.0,4.545454545454546,36,0.0,5.555555555555555,16,0.0,12.5,34.0,1,0.0,5.0,5.0,1,2,3
20241126TMG08,2024-11-26,1C上,2.2,3.1,2.7,29,44.827586206896555,0.0,8,75.0,0.0,141,0.0,7.801418439716312,72,0.0,8.333333333333334,50,0.0,4.0,30,0.0,3.3333333333333335,36.0,2,1.0,5.0,5.0,2,1,3
20241126TMG09,2024-11-26,1C上,3.5,4.0,3.6,14,28.571428571428573,0.0,9,22.22222222222222,0.0,42,0.0,0.0,22,0.0,0.0,40,0.0,0.0,20,0.0,0.0,26.0,3,6.0,4.0,1.0,3,2,4
20241126TMG10,2024-11-26,1C上,2.5,4.1,2.1,50,74.0,0.0,26,73.07692307692308,0.0,21,0.0,4.761904761904762,13,0.0,0.0,42,0.0,21.428571428571427,22,0.0,22.727272727272727,38.0,1,0.0,5.0,5.0,1,2,3
20241126TMG11,2024-11-26,1C上,1.9,2.8,2.9,59,71.1864406779661,0.0,27,62.96296296296296,0.0,46,0.0,8.695652173913043,26,0.0,7.6923076923076925,47,0.0,10.638297872340425,22,0.0,4.545454545454546,32.0,1,0.0,3.0,5.0,1,4,2
20241126TMG12,2024-11-26,1C上,1.8,3.1,3.3,49,85.71428571428571,0.0,32,84.375,0.0,141,0.0,7.801418439716312,72,0.0,8.333333333333334,85,0.0,10.588235294117647,45,0.0,13.333333333333334,33.0,1,0.0,5.0,5.0,1,3,2
20241127TMG01,2024-11-27,1C下,3.1,2.6,3.2,32,40.625,0.0,18,38.888888888888886,0.0,19,0.0,5.2631578947368425,10,0.0,10.0,44,0.0,9.090909090909092,24,0.0,8.333333333333334,32.0,1,0.0,5.0,5.0,1,3,5
20241127TMG02,2024-11-27,1C上,2.6,3.3,3.6,40,40.0,0.0,22,45.45454545454545,0.0,46,0.0,2.1739130434782608,26,0.0,0.0,37,0.0,5.405405405405405,17,0.0,11.764705882352942,27.0,3,3.0,4.0,5.0,2,1,4
20241127TMG03,2024-11-27,1C上,2.9,3.1,2.5,29,48.275862068965516,0.0,14,42.857142857142854,0.0,143,0.0,7.6923076923076925,74,0.0,8.108108108108109,44,0.0,4.545454545454546,19,0.0,5.2631578947368425,27.0,1,0.0,5.0,5.0,2,1,3
20241127TMG05,2024-11-27,1C上,3.1,3.8,2.3,28,39.285714285714285,0.0,14,21.428571428571427,0.0,34,0.0,0.0,16,0.0,0.0,54,0.0,11.11111111111111,29,0.0,13.793103448275861,32.0,1,0.0,5.0,5.0,3,4,1
20241127TMG06,2024-11-27,1C上,2.6,3.4,2.7,31,32.25806451612903,0.0,13,30.76923076923077,0.0,36,0.0,8.333333333333334,19,0.0,10.526315789473685,52,0.0,3.8461538461538463,32,0.0,3.125,24.0,3,5.0,3.0,2.0,6,2,4
20241127TMG07,2024-11-27,1C上,2.5,3.1,2.3,22,36.36363636363637,0.0,11,54.54545454545455,0.0,41,0.0,12.195121951219512,24,0.0,12.5,30,0.0,13.333333333333334,12,0.0,16.666666666666668,30.0,2,4.0,5.0,5.0,1,5,2
20241127TMG08,2024-11-27,1C上,2.4,3.6,2.0,43,69.76744186046511,0.0,18,66.66666666666667,0.0,44,0.0,0.0,21,0.0,0.0,43,0.0,4.651162790697675,30,0.0,0.0,22.0,4,11.0,5.0,1.0,1,4,2
20241127TMG09,2024-11-27,1C上,2.5,3.2,3.6,31,54.83870967741935,0.0,12,58.333333333333336,0.0,39,0.0,2.5641025641025643,24,0.0,4.166666666666667,41,0.0,2.4390243902439024,21,0.0,4.761904761904762,29.0,1,0.0,4.0,4.0,1,2,5
20241127TMG10,2024-11-27,1C上,2.7,2.9,2.5,75,60.0,0.0,37,59.45945945945946,0.0,37,0.0,2.7027027027027026,20,0.0,5.0,29,0.0,20.689655172413794,13,0.0,23.076923076923077,36.0,1,0.0,5.0,4.0,1,2,3
20241127TMG11,2024-11-27,1C上,3.1,3.5,3.3,64,68.75,0.0,33,66.66666666666667,0.0,44,0.0,0.0,23,0.0,0.0,49,0.0,10.204081632653061,27,0.0,11.11111111111111,21.0,5,8.0,1.0,5.0,3,4,2
20241127TMG12,2024-11-27,1C上,1.8,3.7,2.5,50,86.0,0.0,33,84.84848484848484,0.0,87,0.0,3.4482758620689653,50,0.0,4.0,41,0.0,14.634146341463415,18,0.0,22.22222222222222,36.0,1,0.0,5.0,5.0,1,2,6
20241210TMG01,2024-12-10,1C下,4.2,3.0,3.8,34,44.11764705882353,0.0,17,47.05882352941177,0.0,30,0.0,0.0,20,0.0,0.0,33,0.0,12.121212121212121,17,0.0,11.764705882352942,26.0,4,4.0,2.0,3.0,3,1,4
20241210TMG02,2024-12-10,1C上,3.1,3.6,2.3,27,51.851851851851855,0.0,13,61.53846153846154,0.0,50,0.0,6.0,24,0.0,0.0,30,0.0,16.666666666666668,10,0.0,10.0,33.0,1,0.0,5.0,5.0,3,2,1
20241210TMG04,2024-12-10,1C下,3.2,2.7,0.0,29,44.827586206896555,0.0,17,47.05882352941177,0.0,52,0.0,1.9230769230769231,24,0.0,4.166666666666667,0,0.0,0.0,0,0.0,0.0,20.0,6,16.0,1.0,4.0,2,5,1
20241210TMG05,2024-12-10,1C上,2.4,4.2,2.2,30,46.666666666666664,0.0,13,30.76923076923077,0.0,22,0.0,4.545454545454546,19,0.0,5.2631578947368425,54,0.0,16.666666666666668,22,0.0,13.636363636363637,30.0,1,0.0,3.0,4.0,1,2,3
20241210TMG06,2024-12-10,1C上,3.2,3.7,2.8,29,51.724137931034484,0.0,13,46.15384615384615,0.0,36,0.0,11.11111111111111,17,0.0,23.529411764705884,45,0.0,15.555555555555555,20,0.0,20.0,30.0,2,1.0,5.0,5.0,3,1,2
20241210TMG07,2024-12-10,1C下,3.7,3.1,2.5,26,53.84615384615385,0.0,16,56.25,0.0,37,0.0,0.0,18,0.0,0.0,38,0.0,15.789473684210526,16,0.0,12.5,29.0,3,5.0,5.0,1.0,1,6,2
20241210TMG08,2024-12-10,1C上,2.6,3.3,2.7,51,58.8235294117647,0.0,25,56.0,0.0,31,0.0,0.0,15,0.0,0.0,32,0.0,3.125,17,0.0,0.0,26.0,2,7.0,3.0,1.0,5,3,1
20241210TMG09,2024-12-10,1C上,2.8,4.0,3.8,50,70.0,0.0,26,69.23076923076923,0.0,35,0.0,8.571428571428571,20,0.0,5.0,42,0.0,16.666666666666668,22,0.0,18.181818181818183,37.0,1,0.0,5.0,5.0,1,3,4
20241210TMG10,2024-12-10,1C上,2.3,3.3,3.2,35,68.57142857142857,0.0,10,50.0,0.0,41,0.0,2.4390243902439024,23,0.0,4.3478260869565215,34,0.0,20.58823529411765,19,0.0,26.31578947368421,34.0,2,1.0,4.0,5.0,1,6,2
20241210TMG11,2024-12-10,1C上,2.6,3.4,2.8,54,66.66666666666667,0.0,32,68.75,0.0,25,0.0,4.0,9,0.0,0.0,53,0.0,7.547169811320755,28,0.0,10.714285714285714,32.0,2,2.0,5.0,5.0,1,3,2
20241210TMG12,2024-12-10,1C上,2.1,2.6,3.0,55,63.63636363636363,0.0,26,61.53846153846154,0.0,48,0.0,6.25,24,0.0,4.166666666666667,40,0.0,12.5,21,0.0,14.285714285714286,34.0,1,0.0,5.0,3.0,3,4,2
20241211TMG01,2024-12-11,1C上,3.3,3.4,0.0,32,56.25,0.0,16,56.25,0.0,41,0.0,2.4390243902439024,18,0.0,0.0,0,0.0,0.0,0,0.0,0.0,40.0,1,0.0,5.0,5.0,1,2,3
20241211TMG02,2024-12-11,1C上,2.3,3.3,3.5,23,47.82608695652174,0.0,13,38.46153846153846,0.0,25,0.0,4.0,8,0.0,0.0,42,0.0,9.523809523809524,19,0.0,21.05263157894737,22.0,4,11.0,2.0,5.0,1,2,5
20241211TMG03,2024-12-11,1C上,2.4,2.9,2.9,27,44.44444444444444,0.0,15,46.666666666666664,0.0,40,0.0,0.0,17,0.0,0.0,46,0.0,8.695652173913043,24,0.0,4.166666666666667,20.0,6,13.0,1.0,1.0,1,3,2
20241211TMG04,2024-12-11,1C上,2.6,3.3,3.4,34,17.647058823529413,0.0,20,25.0,0.0,30,0.0,10.0,13,0.0,7.6923076923076925,45,0.0,6.666666666666667,30,0.0,10.0,31.0,1,0.0,4.0,5.0,3,1,2
20241211TMG05,2024-12-11,1C下,3.4,3.2,2.7,22,40.90909090909091,0.0,8,37.5,0.0,31,0.0,6.451612903225806,18,0.0,0.0,43,0.0,16.27906976744186,22,0.0,13.636363636363637,26.0,3,2.0,3.0,5.0,1,2,3
20241211TMG07,2024-12-11,1C上,2.7,2.9,2.6,47,72.34042553191489,0.0,24,87.5,0.0,56,0.0,3.5714285714285716,30,0.0,0.0,42,0.0,4.761904761904762,21,0.0,0.0,36.0,1,0.0,5.0,5.0,1,2,5
20241211TMG09,2024-12-11,1C上,2.2,3.8,3.9,44,65.9090909090909,0.0,20,55.0,0.0,17,0.0,0.0,9,0.0,0.0,36,0.0,2.7777777777777777,13,0.0,0.0,30.0,1,0.0,5.0,5.0,3,1,6
20241211TMG10,2024-12-11,1C上,2.6,3.9,3.6,47,80.85106382978724,0.0,21,90.47619047619048,0.0,32,0.0,3.125,14,0.0,0.0,40,0.0,15.0,19,0.0,15.789473684210526,32.0,1,0.0,4.0,4.0,1,3,4
20241211TMG11,2024-12-11,1C上,2.3,3.5,2.8,69,66.66666666666667,0.0,38,68.42105263157895,0.0,14,0.0,7.142857142857143,8,0.0,12.5,39,0.0,15.384615384615385,19,0.0,15.789473684210526,28.0,2,2.0,3.0,5.0,1,3,2
20241211TMG12,2024-12-11,1C上,2.4,3.7,2.8,60,76.66666666666667,0.0,28,75.0,0.0,36,0.0,0.0,19,0.0,0.0,34,0.0,8.823529411764707,19,0.0,5.2631578947368425,29.0,1,0.0,5.0,5.0,1,3,6
20241212TMG01,2024-12-12,1C下,3.7,3.2,4.0,22,36.36363636363637,0.0,10,60.0,0.0,40,0.0,5.0,16,0.0,6.25,47,0.0,6.382978723404255,26,0.0,7.6923076923076925,33.0,1,0.0,5.0,5.0,1,2,3
20241212TMG02,2024-12-12,1C下,2.6,0.0,3.4,33,30.303030303030305,0.0,15,33.333333333333336,0.0,0,0.0,0.0,0,0.0,0.0,46,0.0,6.521739130434782,31,0.0,9.67741935483871,30.0,2,7.0,5.0,1.0,1,4,5
20241212TMG03,2024-12-12,1C上,3.4,3.6,3.3,28,35.714285714285715,0.0,13,23.076923076923077,0.0,29,0.0,0.0,18,0.0,0.0,43,0.0,18.6046511627907,22,0.0,22.727272727272727,32.0,2,4.0,4.0,3.0,1,3,2
20241212TMG04,2024-12-12,1C上,3.0,3.7,3.0,25,52.0,0.0,11,54.54545454545455,0.0,43,0.0,9.30232558139535,25,0.0,16.0,48,0.0,8.333333333333334,20,0.0,15.0,28.0,2,7.0,4.0,5.0,2,5,6
20241212TMG05,2024-12-12,1C上,3.4,4.5,2.7,26,50.0,0.0,11,54.54545454545455,0.0,42,0.0,0.0,19,0.0,0.0,49,0.0,12.244897959183673,20,0.0,10.0,38.0,1,0.0,5.0,5.0,5,2,4
20241212TMG06,2024-12-12,1C下,3.8,3.5,3.7,19,63.1578947368421,0.0,16,68.75,0.0,39,0.0,5.128205128205129,19,0.0,0.0,26,0.0,11.538461538461538,22,0.0,13.636363636363637,38.0,1,0.0,5.0,5.0,1,3,2
20241212TMG07,2024-12-12,1C上,2.7,3.1,2.2,45,71.11111111111111,0.0,27,74.07407407407408,0.0,33,0.0,0.0,19,0.0,0.0,55,0.0,16.363636363636363,23,0.0,13.043478260869565,30.0,2,2.0,3.0,5.0,1,4,2
20241212TMG08,2024-12-12,1C上,2.3,4.0,2.9,47,53.191489361702125,0.0,25,56.0,0.0,40,0.0,0.0,18,0.0,0.0,50,0.0,10.0,23,0.0,17.391304347826086,31.0,2,1.0,5.0,3.0,1,2,3
20241212TMG09,2024-12-12,1C上,2.2,4.6,2.8,52,65.38461538461539,0.0,29,68.96551724137932,0.0,46,0.0,0.0,19,0.0,0.0,37,0.0,0.0,23,0.0,0.0,33.0,2,2.0,4.0,5.0,1,4,2
20241212TMG12,2024-12-12,1C上,2.7,3.0,2.0,59,67.79661016949153,0.0,29,62.06896551724138,0.0,43,0.0,2.3255813953488373,28,0.0,0.0,37,0.0,5.405405405405405,21,0.0,4.761904761904762,25.0,4,7.0,1.0,5.0,1,2,5
20241213TMG01,2024-12-13,1C下,3.2,2.5,2.8,16,6.25,0.0,8,12.5,0.0,29,0.0,0.0,13,0.0,0.0,54,0.0,7.407407407407407,28,0.0,10.714285714285714,26.0,4,7.0,3.0,1.0,2,3,4
20241213TMG02,2024-12-13,1C上,0.0,4.2,3.4,0,0.0,0.0,0,0.0,0.0,23,0.0,4.3478260869565215,20,0.0,5.0,49,0.0,2.0408163265306123,23,0.0,0.0,26.0,5,3.0,4.0,1.0,2,4,3
20241213TMG03,2024-12-13,1C上,3.1,3.5,2.7,28,50.0,0.0,14,57.142857142857146,0.0,36,0.0,2.7777777777777777,18,0.0,5.555555555555555,44,0.0,15.909090909090908,22,0.0,13.636363636363637,36.0,1,0.0,5.0,5.0,3,1,4
20241213TMG04,2024-12-13,1C下,4.0,3.0,3.1,33,33.333333333333336,0.0,19,31.57894736842105,0.0,44,0.0,2.272727272727273,29,0.0,0.0,27,0.0,0.0,11,0.0,0.0,32.0,1,0.0,5.0,5.0,1,2,3
20241213TMG05,2024-12-13,1C上,2.1,3.7,4.0,56,62.5,0.0,26,57.69230769230769,0.0,37,0.0,10.81081081081081,18,0.0,22.22222222222222,41,0.0,4.878048780487805,19,0.0,5.2631578947368425,37.0,1,0.0,5.0,5.0,1,4,2
20241213TMG06,2024-12-13,1C上,2.5,3.3,3.3,21,38.095238095238095,0.0,13,38.46153846153846,0.0,46,0.0,0.0,26,0.0,0.0,27,0.0,18.51851851851852,15,0.0,13.333333333333334,37.0,1,0.0,4.0,5.0,1,4,6
20241213TMG07,2024-12-13,1C上,2.3,3.2,3.2,36,69.44444444444444,0.0,11,54.54545454545455,0.0,35,0.0,0.0,16,0.0,0.0,38,0.0,5.2631578947368425,18,0.0,11.11111111111111,32.0,1,0.0,4.0,5.0,1,3,4
20241213TMG08,2024-12-13,1C上,2.1,3.1,2.7,27,48.148148148148145,0.0,16,56.25,0.0,32,0.0,3.125,12,0.0,0.0,49,0.0,12.244897959183673,21,0.0,9.523809523809524,37.0,1,0.0,5.0,5.0,2,3,4
20241213TMG09,2024-12-13,1C下,3.0,2.9,2.5,62,56.45161290322581,0.0,32,56.25,0.0,41,0.0,0.0,18,0.0,0.0,33,0.0,3.0303030303030303,21,0.0,4.761904761904762,32.0,1,0.0,4.0,2.0,1,3,2
20241213TMG10,2024-12-13,1C上,2.4,2.6,3.2,61,77.04918032786885,0.0,29,75.86206896551724,0.0,49,0.0,6.122448979591836,24,0.0,4.166666666666667,39,0.0,5.128205128205129,20,0.0,10.0,31.0,1,0.0,5.0,5.0,1,4,3
20241213TMG11,2024-12-13,1C上,2.3,3.5,2.8,48,54.166666666666664,0.0,26,57.69230769230769,0.0,40,0.0,5.0,20,0.0,0.0,40,0.0,15.0,19,0.0,15.789473684210526,38.0,1,0.0,5.0,5.0,4,2,5
20241213TMG12,2024-12-13,1C下,2.8,2.7,3.0,51,70.58823529411765,0.0,27,70.37037037037037,0.0,51,0.0,1.9607843137254901,25,0.0,4.0,41,0.0,14.634146341463415,20,0.0,20.0,31.0,2,1.0,5.0,5.0,1,3,4
20241214TMG01,2024-12-14,1C下,2.4,0.0,2.9,27,48.148148148148145,0.0,15,46.666666666666664,0.0,1,0.0,0.0,1,0.0,0.0,42,0.0,7.142857142857143,18,0.0,5.555555555555555,28.0,3,7.0,4.0,1.0,1,3,4
20241214TMG02,2024-12-14,同じ,3.2,3.2,0.0,28,53.57142857142857,0.0,14,42.857142857142854,0.0,32,0.0,6.25,19,0.0,0.0,1,0.0,0.0,1,0.0,0.0,30.0,1,0.0,4.0,3.0,2,1,4
20241214TMG03,2024-12-14,1C下,4.2,3.3,3.0,38,34.21052631578947,0.0,19,36.8421052631579,0.0,25,0.0,4.0,9,0.0,0.0,39,0.0,7.6923076923076925,21,0.0,9.523809523809524,35.0,1,0.0,4.0,5.0,1,2,4
20241214TMG04,2024-12-14,1C上,2.6,3.9,3.8,48,81.25,0.0,22,90.9090909090909,0.0,32,0.0,3.125,15,0.0,0.0,43,0.0,16.27906976744186,22,0.0,18.181818181818183,36.0,1,0.0,4.0,5.0,1,3,5
20241214TMG05,2024-12-14,1C下,3.5,3.3,2.8,15,53.333333333333336,0.0,15,53.333333333333336,0.0,40,0.0,0.0,22,0.0,0.0,38,0.0,0.0,24,0.0,0.0,34.0,1,0.0,5.0,5.0,1,2,3
20241214TMG06,2024-12-14,1C上,2.1,2.5,3.1,57,63.1578947368421,0.0,27,59.25925925925926,0.0,30,0.0,3.3333333333333335,14,0.0,7.142857142857143,28,0.0,0.0,12,0.0,0.0,31.0,2,1.0,5.0,1.0,1,4,5
20241214TMG07,2024-12-14,1C下,4.2,3.3,3.3,35,42.857142857142854,0.0,18,44.44444444444444,0.0,32,0.0,0.0,16,0.0,0.0,28,0.0,17.857142857142858,16,0.0,12.5,27.0,2,5.0,3.0,5.0,1,2,5
20241214TMG08,2024-12-14,1C上,3.4,3.5,4.1,29,37.93103448275862,0.0,14,28.571428571428573,0.0,15,0.0,6.666666666666667,9,0.0,11.11111111111111,47,0.0,12.76595744680851,27,0.0,7.407407407407407,25.0,4,9.0,3.0,3.0,2,1,3
20241214TMG09,2024-12-14,1C上,2.5,3.7,4.0,22,40.90909090909091,0.0,14,42.857142857142854,0.0,37,0.0,0.0,19,0.0,0.0,48,0.0,6.25,27,0.0,7.407407407407407,39.0,1,0.0,5.0,5.0,1,3,5
20241214TMG10,2024-12-14,1C上,2.2,3.3,3.9,44,63.63636363636363,0.0,21,52.38095238095238,0.0,40,0.0,2.5,24,0.0,4.166666666666667,37,0.0,5.405405405405405,14,0.0,7.142857142857143,36.0,1,0.0,5.0,5.0,1,2,3
20241214TMG11,2024-12-14,1C上,1.9,4.2,3.3,62,79.03225806451613,0.0,30,76.66666666666667,0.0,24,0.0,8.333333333333334,21,0.0,9.523809523809524,44,0.0,18.181818181818183,22,0.0,18.181818181818183,25.0,5,5.0,1.0,5.0,1,3,4
20241214TMG12,2024-12-14,1C上,2.8,3.1,2.7,52,71.15384615384616,0.0,28,71.42857142857143,0.0,43,0.0,6.976744186046512,23,0.0,8.695652173913043,45,0.0,17.77777777777778,23,0.0,17.391304347826086,32.0,2,1.0,5.0,1.0,1,3,4
20241217TMG01,2024-12-17,1C上,3.4,3.8,2.8,30,46.666666666666664,0.0,12,33.333333333333336,0.0,30,0.0,6.666666666666667,13,0.0,7.6923076923076925,49,0.0,14.285714285714286,24,0.0,8.333333333333334,31.0,1,0.0,5.0,5.0,2,3,
20241217TMG02,2024-12-17,1C上,3.4,3.8,4.9,32,21.875,0.0,14,21.428571428571427,0.0,38,0.0,0.0,14,0.0,0.0,26,0.0,11.538461538461538,12,0.0,16.666666666666668,31.0,2,3.0,5.0,2.0,5,2,3
20241217TMG03,2024-12-17,1C上,3.5,4.3,3.0,29,27.586206896551722,0.0,16,31.25,0.0,55,0.0,0.0,26,0.0,0.0,41,0.0,17.073170731707318,21,0.0,14.285714285714286,22.0,5,10.0,1.0,5.0,3,4,5
20241217TMG04,2024-12-17,1C上,2.2,2.9,2.1,39,46.15384615384615,0.0,19,52.63157894736842,0.0,37,0.0,5.405405405405405,20,0.0,5.0,38,0.0,13.157894736842104,19,0.0,15.789473684210526,31.0,2,1.0,5.0,5.0,2,3,1
20241217TMG05,2024-12-17,同じ,2.7,2.7,3.3,60,58.333333333333336,0.0,28,32.142857142857146,0.0,39,0.0,2.5641025641025643,18,0.0,5.555555555555555,41,0.0,2.4390243902439024,20,0.0,5.0,35.0,1,0.0,5.0,3.0,1,3,5
20241217TMG06,2024-12-17,1C上,2.7,3.2,3.3,27,25.925925925925927,0.0,13,15.384615384615385,0.0,32,0.0,6.25,19,0.0,10.526315789473685,51,0.0,5.882352941176471,22,0.0,4.545454545454546,27.0,2,7.0,5.0,5.0,2,1,4
20241217TMG08,2024-12-17,1C下,3.7,2.7,2.3,57,33.333333333333336,0.0,29,31.03448275862069,0.0,38,0.0,2.6315789473684212,20,0.0,5.0,40,0.0,12.5,22,0.0,9.090909090909092,30.0,1,0.0,4.0,5.0,2,3,1
20241217TMG09,2024-12-17,1C下,3.4,2.7,2.7,57,56.14035087719298,0.0,26,57.69230769230769,0.0,43,0.0,0.0,20,0.0,0.0,37,0.0,2.7027027027027026,15,0.0,0.0,32.0,1,0.0,5.0,5.0,1,3,2
20241217TMG10,2024-12-17,1C下,3.1,3.0,3.0,42,76.19047619047619,0.0,25,72.0,0.0,54,0.0,1.8518518518518519,27,0.0,0.0,41,0.0,17.073170731707318,21,0.0,14.285714285714286,28.0,2,3.0,4.0,5.0,1,5,2
20241217TMG11,2024-12-17,1C上,1.9,3.4,3.7,59,77.96610169491525,0.0,23,65.21739130434783,0.0,26,0.0,3.8461538461538463,16,0.0,6.25,29,0.0,6.896551724137931,15,0.0,6.666666666666667,34.0,1,0.0,5.0,5.0,5,3,4
20241218TMG01,2024-12-18,1C下,5.8,4.1,4.1,20,30.0,0.0,7,57.142857142857146,0.0,22,0.0,0.0,9,0.0,0.0,48,0.0,2.0833333333333335,20,0.0,0.0,29.0,2,4.0,4.0,5.0,2,4,1
20241218TMG03,2024-12-18,同じ,2.9,2.9,2.1,28,25.0,0.0,16,37.5,0.0,40,0.0,10.0,22,0.0,13.636363636363637,26,0.0,0.0,14,0.0,0.0,33.0,1,0.0,5.0,5.0,1,2,
20241218TMG04,2024-12-18,同じ,3.6,3.6,4.7,27,29.62962962962963,0.0,14,21.428571428571427,0.0,36,0.0,0.0,21,0.0,0.0,33,0.0,6.0606060606060606,14,0.0,0.0,34.0,1,0.0,5.0,5.0,1,5,2
20241218TMG05,2024-12-18,1C下,4.2,3.5,2.5,32,25.0,0.0,17,29.41176470588235,0.0,39,0.0,5.128205128205129,19,0.0,10.526315789473685,32,0.0,3.125,15,0.0,6.666666666666667,26.0,4,7.0,3.0,5.0,2,4,5
20241218TMG06,2024-12-18,1C上,3.2,3.3,2.2,37,48.648648648648646,0.0,18,50.0,0.0,39,0.0,0.0,17,0.0,0.0,39,0.0,2.5641025641025643,16,0.0,0.0,37.0,1,0.0,5.0,5.0,1,2,5
20241218TMG07,2024-12-18,1C下,3.7,2.4,3.5,46,56.52173913043478,0.0,20,55.0,0.0,37,0.0,8.108108108108109,20,0.0,5.0,43,0.0,6.976744186046512,22,0.0,0.0,29.0,2,5.0,5.0,2.0,1,4,5
20241218TMG08,2024-12-18,1C上,3.0,3.6,3.1,52,53.84615384615385,0.0,25,56.0,0.0,42,0.0,0.0,22,0.0,0.0,31,0.0,3.225806451612903,15,0.0,0.0,27.0,2,4.0,4.0,5.0,3,1,4
20241218TMG09,2024-12-18,1C上,3.4,4.3,2.4,59,59.32203389830509,0.0,32,43.75,0.0,56,0.0,0.0,27,0.0,0.0,48,0.0,10.416666666666666,27,0.0,11.11111111111111,33.0,1,0.0,4.0,5.0,1,3,2
20241218TMG12,2024-12-18,1C上,2.0,4.4,2.9,58,67.24137931034483,0.0,35,65.71428571428571,0.0,52,0.0,5.769230769230769,26,0.0,3.8461538461538463,41,0.0,12.195121951219512,21,0.0,9.523809523809524,32.0,1,0.0,5.0,5.0,1,2,4
20241219TMG01,2024-12-19,1C上,3.4,3.8,2.0,22,0.0,0.0,9,0.0,0.0,42,0.0,4.761904761904762,23,0.0,4.3478260869565215,35,0.0,8.571428571428571,19,0.0,0.0,30.0,2,5.0,5.0,5.0,2,3,5
20241219TMG02,2024-12-19,1C上,2.5,2.7,2.6,29,31.03448275862069,0.0,12,25.0,0.0,38,0.0,10.526315789473685,14,0.0,0.0,42,0.0,0.0,27,0.0,0.0,22.0,6,13.0,4.0,2.0,3,2,5
20241219TMG03,2024-12-19,1C下,4.4,2.5,3.8,40,55.0,0.0,18,50.0,0.0,41,0.0,9.75609756097561,17,0.0,11.764705882352942,45,0.0,8.88888888888889,26,0.0,7.6923076923076925,32.0,1,0.0,5.0,5.0,2,1,6
20241219TMG04,2024-12-19,1C下,3.9,2.9,2.6,29,44.827586206896555,0.0,15,40.0,0.0,37,0.0,5.405405405405405,20,0.0,5.0,32,0.0,12.5,14,0.0,14.285714285714286,26.0,3,5.0,5.0,1.0,1,3,5
20241219TMG05,2024-12-19,1C下,3.9,2.8,2.3,30,36.666666666666664,0.0,14,14.285714285714286,0.0,51,0.0,0.0,26,0.0,0.0,41,0.0,12.195121951219512,23,0.0,8.695652173913043,26.0,4,4.0,3.0,5.0,5,2,6
20241219TMG07,2024-12-19,1C上,3.4,3.6,3.7,46,50.0,0.0,18,50.0,0.0,50,0.0,2.0,25,0.0,0.0,30,0.0,6.666666666666667,16,0.0,6.25,33.0,1,0.0,5.0,2.0,5,3,2
20241219TMG08,2024-12-19,1C上,2.2,4.0,3.8,44,63.63636363636363,0.0,21,66.66666666666667,0.0,46,0.0,0.0,25,0.0,0.0,41,0.0,2.4390243902439024,17,0.0,0.0,29.0,2,1.0,5.0,5.0,1,4,5
20241219TMG09,2024-12-19,1C上,2.3,3.9,2.6,54,50.0,0.0,26,53.84615384615385,0.0,30,0.0,6.666666666666667,18,0.0,5.555555555555555,32,0.0,3.125,18,0.0,0.0,21.0,5,15.0,3.0,1.0,2,1,6
20241219TMG10,2024-12-19,1C下,3.5,3.4,3.4,46,65.21739130434783,0.0,26,57.69230769230769,0.0,32,0.0,0.0,18,0.0,0.0,32,0.0,12.5,16,0.0,12.5,32.0,1,0.0,5.0,5.0,1,3,5
20241219TMG11,2024-12-19,1C上,3.4,4.0,3.0,66,53.03030303030303,0.0,29,55.172413793103445,0.0,42,0.0,7.142857142857143,19,0.0,10.526315789473685,43,0.0,18.6046511627907,22,0.0,18.181818181818183,35.0,2,1.0,5.0,4.0,1,3,4
20241219TMG12,2024-12-19,1C上,2.6,2.7,2.3,48,64.58333333333333,0.0,26,73.07692307692308,0.0,39,0.0,2.5641025641025643,21,0.0,4.761904761904762,41,0.0,12.195121951219512,23,0.0,8.695652173913043,30.0,1,0.0,2.0,5.0,2,1,3
20241220TMG03,2024-12-20,1C上,1.9,3.2,3.8,58,75.86206896551724,0.0,24,62.5,0.0,40,0.0,0.0,19,0.0,0.0,38,0.0,2.6315789473684212,23,0.0,4.3478260869565215,35.0,1,0.0,5.0,5.0,1,5,3
20241220TMG04,2024-12-20,1C下,4.0,2.4,3.3,29,17.24137931034483,0.0,12,16.666666666666668,0.0,38,0.0,7.894736842105263,21,0.0,4.761904761904762,42,0.0,7.142857142857143,22,0.0,9.090909090909092,34.0,1,0.0,5.0,5.0,1,5,2
20241220TMG05,2024-12-20,1C上,2.2,3.3,3.7,28,46.42857142857143,0.0,15,60.0,0.0,45,0.0,0.0,30,0.0,0.0,49,0.0,4.081632653061225,25,0.0,4.0,33.0,2,1.0,4.0,5.0,2,5,1
20241220TMG06,2024-12-20,1C上,2.1,2.5,3.7,30,53.333333333333336,0.0,18,61.111111111111114,0.0,42,0.0,9.523809523809524,17,0.0,11.764705882352942,31,0.0,6.451612903225806,17,0.0,5.882352941176471,36.0,1,0.0,5.0,5.0,1,2,4
20241220TMG07,2024-12-20,1C上,2.3,3.7,2.3,54,48.148148148148145,0.0,27,51.851851851851855,0.0,43,0.0,0.0,20,0.0,0.0,30,0.0,10.0,13,0.0,15.384615384615385,26.0,3,11.0,4.0,3.0,4,2,1
20241220TMG08,2024-12-20,1C下,4.4,4.3,2.6,41,53.65853658536585,0.0,19,47.36842105263158,0.0,33,0.0,3.0303030303030303,14,0.0,7.142857142857143,36,0.0,11.11111111111111,15,0.0,6.666666666666667,37.0,1,0.0,5.0,5.0,3,6,1
20241220TMG11,2024-12-20,1C上,3.3,3.8,3.2,47,65.95744680851064,0.0,22,68.18181818181819,0.0,31,0.0,9.67741935483871,14,0.0,14.285714285714286,28,0.0,10.714285714285714,13,0.0,7.6923076923076925,35.0,1,0.0,5.0,5.0,1,2,3
20241220TMG12,2024-12-20,1C上,3.5,3.9,2.4,47,46.808510638297875,0.0,25,52.0,0.0,31,0.0,6.451612903225806,19,0.0,5.2631578947368425,49,0.0,10.204081632653061,27,0.0,11.11111111111111,32.0,2,5.0,5.0,5.0,1,2,4
20241221TMG01,2024-12-21,1C上,4.2,4.6,3.8,33,24.242424242424242,0.0,18,27.77777777777778,0.0,23,0.0,4.3478260869565215,10,0.0,0.0,43,0.0,18.6046511627907,18,0.0,16.666666666666668,31.0,2,3.0,3.0,5.0,4,5,6
20241221TMG02,2024-12-21,1C上,3.4,3.6,2.6,47,48.93617021276596,0.0,19,47.36842105263158,0.0,37,0.0,0.0,22,0.0,0.0,43,0.0,2.3255813953488373,28,0.0,3.5714285714285716,37.0,1,0.0,5.0,5.0,1,3,2
20241221TMG03,2024-12-21,1C下,3.7,3.4,2.6,58,32.758620689655174,0.0,29,27.586206896551722,0.0,33,0.0,0.0,19,0.0,0.0,33,0.0,12.121212121212121,15,0.0,13.333333333333334,28.0,3,6.0,3.0,5.0,3,1,5
20241221TMG04,2024-12-21,1C下,3.9,2.8,2.6,30,46.666666666666664,0.0,15,40.0,0.0,52,0.0,0.0,27,0.0,0.0,37,0.0,13.513513513513514,16,0.0,12.5,36.0,1,0.0,5.0,5.0,4,1,2
20241221TMG05,2024-12-21,1C下,3.2,3.0,3.3,37,48.648648648648646,0.0,19,52.63157894736842,0.0,54,0.0,1.8518518518518519,28,0.0,0.0,42,0.0,2.380952380952381,20,0.0,0.0,28.0,1,0.0,4.0,1.0,2,4,5
20241221TMG06,2024-12-21,1C下,2.6,2.3,3.2,32,34.375,0.0,16,25.0,0.0,38,0.0,0.0,17,0.0,0.0,39,0.0,23.076923076923077,15,0.0,20.0,29.0,2,2.0,5.0,1.0,1,3,5
20241221TMG09,2024-12-21,1C上,2.4,2.9,3.5,31,61.29032258064516,0.0,18,66.66666666666667,0.0,40,0.0,10.0,23,0.0,13.043478260869565,43,0.0,6.976744186046512,23,0.0,0.0,22.0,5,8.0,3.0,1.0,5,3,6
20241221TMG11,2024-12-21,1C上,2.6,2.7,2.8,24,45.833333333333336,0.0,8,25.0,0.0,38,0.0,10.526315789473685,15,0.0,0.0,51,0.0,13.72549019607843,26,0.0,7.6923076923076925,33.0,1,0.0,5.0,5.0,2,5,3
20250119TMG01,2025-01-19,1C上,2.9,3.5,3.1,39,53.84615384615385,0.0,22,59.09090909090909,0.0,23,0.0,0.0,11,0.0,0.0,39,0.0,7.6923076923076925,24,0.0,8.333333333333334,34.0,1,0.0,5.0,2.0,1,2,5
20250119TMG02,2025-01-19,1C上,2.9,3.2,3.6,37,54.054054054054056,0.0,22,50.0,0.0,48,0.0,8.333333333333334,26,0.0,11.538461538461538,32,0.0,15.625,18,0.0,22.22222222222222,30.0,2,2.0,5.0,5.0,4,1,2
20250119TMG03,2025-01-19,1C上,1.9,3.5,3.4,33,54.54545454545455,0.0,15,53.333333333333336,0.0,34,0.0,5.882352941176471,14,0.0,14.285714285714286,32,0.0,3.125,13,0.0,0.0,36.0,1,0.0,4.0,5.0,1,3,4
20250119TMG04,2025-01-19,1C下,3.8,2.4,3.4,23,17.391304347826086,0.0,11,9.090909090909092,0.0,39,0.0,17.94871794871795,17,0.0,23.529411764705884,37,0.0,16.216216216216218,19,0.0,21.05263157894737,33.0,2,4.0,5.0,3.0,2,1,5
20250119TMG05,2025-01-19,同じ,3.5,3.5,4.1,45,53.333333333333336,0.0,21,47.61904761904762,0.0,42,0.0,0.0,23,0.0,0.0,35,0.0,2.857142857142857,17,0.0,5.882352941176471,32.0,1,0.0,5.0,5.0,5,1,6
20250119TMG06,2025-01-19,1C上,2.3,3.1,3.2,20,20.0,0.0,8,0.0,0.0,52,0.0,5.769230769230769,26,0.0,0.0,36,0.0,19.444444444444443,15,0.0,13.333333333333334,28.0,1,0.0,5.0,1.0,1,2,5
20250119TMG08,2025-01-19,1C上,3.0,3.3,2.6,42,59.523809523809526,0.0,16,68.75,0.0,36,0.0,0.0,18,0.0,0.0,40,0.0,22.5,23,0.0,21.73913043478261,32.0,1,0.0,4.0,5.0,1,3,5
20250119TMG09,2025-01-19,1C下,3.7,3.2,2.4,50,64.0,0.0,24,75.0,0.0,33,0.0,6.0606060606060606,12,0.0,8.333333333333334,39,0.0,20.512820512820515,19,0.0,15.789473684210526,23.0,6,8.0,2.0,1.0,1,2,4
20250119TMG10,2025-01-19,1C上,3.5,4.0,2.5,41,68.29268292682927,0.0,18,72.22222222222223,0.0,48,0.0,4.166666666666667,21,0.0,4.761904761904762,35,0.0,11.428571428571429,17,0.0,11.764705882352942,39.0,1,0.0,5.0,5.0,1,5,2
20250119TMG11,2025-01-19,1C上,2.7,3.3,2.1,50,66.0,0.0,24,66.66666666666667,0.0,34,0.0,2.9411764705882355,18,0.0,0.0,40,0.0,2.5,18,0.0,0.0,29.0,1,0.0,4.0,5.0,1,4,2
20250119TMG12,2025-01-19,1C上,2.9,3.4,4.1,43,72.09302325581395,0.0,20,60.0,0.0,36,0.0,13.88888888888889,20,0.0,10.0,46,0.0,13.043478260869565,24,0.0,4.166666666666667,30.0,2,2.0,5.0,5.0,1,4,5
20250120TMG01,2025-01-20,1C上,2.4,3.7,2.4,27,40.74074074074074,0.0,12,33.333333333333336,0.0,35,0.0,5.714285714285714,18,0.0,5.555555555555555,45,0.0,6.666666666666667,25,0.0,0.0,28.0,2,8.0,5.0,5.0,1,2,3
20250120TMG02,2025-01-20,1C上,2.3,4.2,2.9,27,37.03703703703704,0.0,11,54.54545454545455,0.0,47,0.0,2.127659574468085,29,0.0,3.4482758620689653,37,0.0,8.108108108108109,18,0.0,0.0,30.0,3,10.0,4.0,5.0,3,1,2
20250120TMG03,2025-01-20,1C下,3.7,3.3,4.2,38,42.10526315789474,0.0,17,23.529411764705884,0.0,45,0.0,8.88888888888889,20,0.0,10.0,34,0.0,2.9411764705882355,18,0.0,5.555555555555555,31.0,2,3.0,5.0,5.0,2,6,5
20250120TMG04,2025-01-20,1C上,3.3,3.7,3.5,22,22.727272727272727,0.0,10,20.0,0.0,45,0.0,4.444444444444445,22,0.0,4.545454545454546,30,0.0,16.666666666666668,15,0.0,0.0,31.0,2,2.0,5.0,4.0,2,3,1
20250120TMG05,2025-01-20,1C下,2.6,0.0,2.5,33,24.242424242424242,0.0,21,28.571428571428573,0.0,10,0.0,0.0,10,0.0,0.0,44,0.0,13.636363636363637,18,0.0,11.11111111111111,24.0,4,8.0,3.0,5.0,3,1,2
20250120TMG06,2025-01-20,1C上,2.6,3.5,4.0,41,36.58536585365854,0.0,24,29.166666666666668,0.0,45,0.0,4.444444444444445,27,0.0,0.0,45,0.0,11.11111111111111,22,0.0,9.090909090909092,28.0,2,4.0,5.0,5.0,3,2,5
20250120TMG07,2025-01-20,1C下,4.1,2.9,3.6,36,33.333333333333336,0.0,16,43.75,0.0,46,0.0,4.3478260869565215,19,0.0,0.0,45,0.0,11.11111111111111,22,0.0,18.181818181818183,24.0,4,6.0,3.0,2.0,5,6,4
20250120TMG08,2025-01-20,1C下,3.4,2.4,3.6,52,50.0,0.0,26,50.0,0.0,20,0.0,0.0,16,0.0,0.0,43,0.0,2.3255813953488373,22,0.0,0.0,28.0,1,0.0,3.0,5.0,2,5,1
20250120TMG09,2025-01-20,1C上,2.7,3.3,0.0,48,45.833333333333336,0.0,23,34.78260869565217,0.0,35,0.0,2.857142857142857,18,0.0,0.0,8,0.0,12.5,8,0.0,12.5,28.0,2,7.0,5.0,1.0,2,1,5
20250120TMG10,2025-01-20,1C上,2.8,3.9,4.1,68,73.52941176470588,0.0,34,73.52941176470588,0.0,44,0.0,11.363636363636363,22,0.0,13.636363636363637,33,0.0,3.0303030303030303,12,0.0,0.0,37.0,1,0.0,5.0,5.0,2,1,3
20250120TMG11,2025-01-20,1C下,2.5,2.3,3.0,63,71.42857142857143,0.0,29,79.3103448275862,0.0,36,0.0,16.666666666666668,17,0.0,11.764705882352942,44,0.0,22.727272727272727,20,0.0,30.0,37.0,1,0.0,5.0,4.0,1,3,5
20250120TMG12,2025-01-20,1C上,2.5,3.7,2.8,60,70.0,0.0,31,58.064516129032256,0.0,37,0.0,2.7027027027027026,17,0.0,0.0,46,0.0,17.391304347826086,23,0.0,17.391304347826086,39.0,1,0.0,5.0,5.0,1,3,2
20250121TMG01,2025-01-21,同じ,3.3,3.3,2.6,40,40.0,0.0,17,52.94117647058823,0.0,33,0.0,3.0303030303030303,16,0.0,0.0,28,0.0,0.0,15,0.0,0.0,32.0,1,0.0,5.0,3.0,1,4,2
20250121TMG02,2025-01-21,同じ,3.3,3.3,2.9,43,60.46511627906977,0.0,21,47.61904761904762,0.0,32,0.0,0.0,16,0.0,0.0,47,0.0,12.76595744680851,23,0.0,8.695652173913043,34.0,1,0.0,5.0,5.0,3,2,4
20250121TMG03,2025-01-21,同じ,2.9,2.9,4.2,30,33.333333333333336,0.0,11,45.45454545454545,0.0,31,0.0,6.451612903225806,16,0.0,6.25,30,0.0,6.666666666666667,18,0.0,5.555555555555555,32.0,1,0.0,2.0,5.0,1,5,2
20250121TMG04,2025-01-21,1C下,3.8,3.5,4.1,37,43.24324324324324,0.0,15,73.33333333333333,0.0,42,0.0,4.761904761904762,20,0.0,0.0,34,0.0,2.9411764705882355,13,0.0,0.0,22.0,4,8.0,4.0,4.0,2,1,5
20250121TMG05,2025-01-21,1C上,3.6,4.3,3.6,31,45.16129032258065,0.0,17,47.05882352941177,0.0,31,0.0,3.225806451612903,15,0.0,6.666666666666667,45,0.0,11.11111111111111,22,0.0,18.181818181818183,29.0,2,1.0,4.0,5.0,4,1,5
20250121TMG06,2025-01-21,1C上,2.8,4.1,3.4,36,44.44444444444444,0.0,20,25.0,0.0,35,0.0,2.857142857142857,18,0.0,0.0,47,0.0,6.382978723404255,24,0.0,4.166666666666667,30.0,2,4.0,5.0,1.0,5,2,3
20250121TMG07,2025-01-21,1C上,3.2,3.6,3.3,33,48.484848484848484,0.0,17,52.94117647058823,0.0,34,0.0,5.882352941176471,15,0.0,6.666666666666667,32,0.0,15.625,16,0.0,12.5,19.0,5,17.0,1.0,1.0,6,1,3
20250121TMG08,2025-01-21,1C下,3.6,3.1,3.1,59,71.1864406779661,0.0,36,72.22222222222223,0.0,32,0.0,9.375,17,0.0,11.764705882352942,36,0.0,5.555555555555555,20,0.0,5.0,38.0,1,0.0,5.0,5.0,1,2,4
20250121TMG09,2025-01-21,1C上,2.6,4.1,3.1,48,68.75,0.0,27,66.66666666666667,0.0,34,0.0,0.0,13,0.0,0.0,36,0.0,5.555555555555555,22,0.0,4.545454545454546,36.0,1,0.0,5.0,4.0,1,6,4
20250121TMG10,2025-01-21,1C上,3.1,3.6,2.5,56,62.5,0.0,27,55.55555555555556,0.0,25,0.0,4.0,14,0.0,7.142857142857143,40,0.0,25.0,16,0.0,18.75,25.0,2,9.0,3.0,5.0,1,5,2
20250121TMG11,2025-01-21,1C下,3.7,3.2,2.9,66,66.66666666666667,0.0,37,64.86486486486487,0.0,36,0.0,0.0,16,0.0,0.0,20,0.0,0.0,14,0.0,0.0,37.0,1,0.0,5.0,5.0,1,6,2
20250121TMG12,2025-01-21,1C上,2.6,3.3,2.9,58,63.793103448275865,0.0,32,59.375,0.0,36,0.0,2.7777777777777777,19,0.0,0.0,46,0.0,10.869565217391305,24,0.0,12.5,33.0,1,0.0,3.0,4.0,1,2,4
20250122TMG01,2025-01-22,1C下,3.4,2.9,2.7,27,37.03703703703704,0.0,12,50.0,0.0,46,0.0,4.3478260869565215,20,0.0,0.0,41,0.0,4.878048780487805,23,0.0,8.695652173913043,35.0,1,0.0,5.0,5.0,1,4,6
20250122TMG02,2025-01-22,1C上,0.0,3.5,2.5,4,0.0,0.0,4,0.0,0.0,35,0.0,5.714285714285714,16,0.0,12.5,44,0.0,13.636363636363637,21,0.0,9.523809523809524,38.0,1,0.0,5.0,5.0,1,6,4
20250122TMG03,2025-01-22,1C上,2.3,4.7,3.4,25,52.0,0.0,12,58.333333333333336,0.0,32,0.0,0.0,15,0.0,0.0,46,0.0,4.3478260869565215,19,0.0,0.0,36.0,2,2.0,5.0,3.0,3,1,5
20250122TMG04,2025-01-22,1C上,2.7,3.2,3.4,48,45.833333333333336,0.0,24,33.333333333333336,0.0,36,0.0,0.0,17,0.0,0.0,37,0.0,16.216216216216218,20,0.0,20.0,26.0,4,4.0,4.0,1.0,2,1,4
20250122TMG05,2025-01-22,1C上,2.6,3.2,3.6,49,69.38775510204081,0.0,28,67.85714285714286,0.0,33,0.0,3.0303030303030303,13,0.0,7.6923076923076925,33,0.0,15.151515151515152,18,0.0,22.22222222222222,27.0,3,3.0,3.0,2.0,1,5,3
20250122TMG06,2025-01-22,1C上,3.8,4.4,0.0,24,16.666666666666668,0.0,12,8.333333333333334,0.0,43,0.0,0.0,23,0.0,0.0,9,0.0,11.11111111111111,9,0.0,11.11111111111111,30.0,1,0.0,5.0,5.0,1,4,5
20250122TMG07,2025-01-22,1C下,3.8,2.9,3.1,18,0.0,0.0,8,0.0,0.0,46,0.0,4.3478260869565215,20,0.0,0.0,40,0.0,7.5,25,0.0,8.0,34.0,1,0.0,5.0,5.0,5,2,6
20250122TMG08,2025-01-22,1C下,4.0,3.9,4.1,10,0.0,0.0,7,0.0,0.0,44,0.0,11.363636363636363,23,0.0,13.043478260869565,47,0.0,12.76595744680851,25,0.0,4.0,28.0,2,6.0,5.0,5.0,1,4,5
20250122TMG09,2025-01-22,1C下,3.9,3.1,3.0,32,46.875,0.0,18,50.0,0.0,42,0.0,0.0,20,0.0,0.0,39,0.0,5.128205128205129,19,0.0,0.0,38.0,1,0.0,5.0,5.0,1,2,3
20250122TMG10,2025-01-22,1C上,2.7,3.5,3.3,51,66.66666666666667,0.0,25,68.0,0.0,46,0.0,4.3478260869565215,27,0.0,0.0,33,0.0,15.151515151515152,17,0.0,11.764705882352942,34.0,1,0.0,5.0,5.0,1,2,3
20250122TMG11,2025-01-22,1C上,2.9,3.5,2.9,44,70.45454545454545,0.0,21,57.142857142857146,0.0,43,0.0,4.651162790697675,21,0.0,0.0,38,0.0,10.526315789473685,19,0.0,5.2631578947368425,34.0,1,0.0,5.0,5.0,1,2,3
20250122TMG12,2025-01-22,1C上,2.5,3.7,4.0,64,71.875,0.0,30,80.0,0.0,36,0.0,5.555555555555555,18,0.0,5.555555555555555,46,0.0,13.043478260869565,23,0.0,13.043478260869565,33.0,1,0.0,5.0,4.0,1,3,2
20250123TMG01,2025-01-23,1C下,3.6,2.4,3.0,32,43.75,0.0,18,44.44444444444444,0.0,21,0.0,0.0,16,0.0,0.0,42,0.0,7.142857142857143,24,0.0,8.333333333333334,25.0,3,9.0,3.0,1.0,1,3,5
20250123TMG02,2025-01-23,1C下,3.7,3.3,2.1,51,64.70588235294117,0.0,25,76.0,0.0,35,0.0,2.857142857142857,18,0.0,0.0,39,0.0,2.5641025641025643,19,0.0,0.0,28.0,2,1.0,3.0,1.0,2,4,5
20250123TMG03,2025-01-23,1C上,3.3,3.7,3.4,43,58.13953488372093,0.0,22,45.45454545454545,0.0,38,0.0,2.6315789473684212,17,0.0,0.0,47,0.0,6.382978723404255,25,0.0,4.0,30.0,2,2.0,5.0,5.0,1,2,3
20250123TMG04,2025-01-23,1C上,2.9,4.0,2.5,39,53.84615384615385,0.0,21,57.142857142857146,0.0,38,0.0,0.0,19,0.0,0.0,36,0.0,11.11111111111111,17,0.0,11.764705882352942,24.0,4,12.0,2.0,2.0,5,2,6
20250123TMG05,2025-01-23,1C上,2.6,2.9,2.7,34,23.529411764705884,0.0,22,27.272727272727273,0.0,34,0.0,2.9411764705882355,13,0.0,7.6923076923076925,42,0.0,4.761904761904762,24,0.0,8.333333333333334,26.0,2,2.0,4.0,2.0,1,2,6
20250123TMG06,2025-01-23,1C上,2.7,4.3,4.2,49,44.89795918367347,0.0,25,32.0,0.0,32,0.0,3.125,16,0.0,6.25,35,0.0,2.857142857142857,19,0.0,5.2631578947368425,36.0,1,0.0,5.0,5.0,2,1,3
20250123TMG07,2025-01-23,同じ,3.7,3.7,4.1,38,42.10526315789474,0.0,18,22.22222222222222,0.0,46,0.0,4.3478260869565215,23,0.0,4.3478260869565215,36,0.0,2.7777777777777777,17,0.0,5.882352941176471,28.0,2,2.0,4.0,1.0,5,2,6
20250123TMG08,2025-01-23,1C上,2.8,3.5,3.1,69,72.46376811594203,0.0,35,71.42857142857143,0.0,23,0.0,0.0,10,0.0,0.0,41,0.0,7.317073170731708,26,0.0,7.6923076923076925,36.0,1,0.0,5.0,5.0,1,3,4
20250123TMG09,2025-01-23,1C上,2.8,4.2,2.9,37,43.24324324324324,0.0,21,23.80952380952381,0.0,48,0.0,2.0833333333333335,29,0.0,3.4482758620689653,33,0.0,9.090909090909092,17,0.0,11.764705882352942,34.0,2,1.0,4.0,5.0,1,2,3
20250123TMG10,2025-01-23,1C上,1.9,3.9,3.4,34,55.88235294117647,0.0,15,53.333333333333336,0.0,45,0.0,11.11111111111111,23,0.0,13.043478260869565,32,0.0,3.125,14,0.0,0.0,24.0,5,4.0,3.0,3.0,1,4,5
20250123TMG11,2025-01-23,1C上,3.0,3.5,3.1,44,52.27272727272727,0.0,20,50.0,0.0,35,0.0,5.714285714285714,15,0.0,13.333333333333334,37,0.0,5.405405405405405,21,0.0,4.761904761904762,25.0,2,8.0,1.0,3.0,4,5,3
20250123TMG12,2025-01-23,1C上,2.5,3.3,2.8,65,72.3076923076923,0.0,31,80.64516129032258,0.0,37,0.0,2.7027027027027026,20,0.0,0.0,47,0.0,17.02127659574468,24,0.0,16.666666666666668,34.0,1,0.0,5.0,5.0,1,3,2
20250128TMG01,2025-01-28,同じ,2.8,2.8,3.0,30,40.0,0.0,15,53.333333333333336,0.0,48,0.0,6.25,23,0.0,0.0,33,0.0,6.0606060606060606,17,0.0,5.882352941176471,30.0,2,6.0,5.0,4.0,1,3,4
20250128TMG02,2025-01-28,1C下,4.7,3.1,0.0,15,20.0,0.0,13,23.076923076923077,0.0,37,0.0,0.0,19,0.0,0.0,1,0.0,0.0,1,0.0,0.0,29.0,2,3.0,5.0,2.0,1,3,5
20250128TMG04,2025-01-28,1C上,2.1,2.8,2.4,30,60.0,0.0,14,71.42857142857143,0.0,39,0.0,2.5641025641025643,18,0.0,0.0,42,0.0,16.666666666666668,16,0.0,12.5,39.0,1,0.0,5.0,5.0,1,4,2
20250128TMG06,2025-01-28,1C上,2.8,3.4,3.7,32,37.5,0.0,11,45.45454545454545,0.0,34,0.0,2.9411764705882355,14,0.0,7.142857142857143,25,0.0,8.0,15,0.0,6.666666666666667,27.0,2,3.0,5.0,5.0,6,2,4
20250128TMG07,2025-01-28,1C上,3.3,3.9,3.7,30,53.333333333333336,0.0,13,61.53846153846154,0.0,30,0.0,6.666666666666667,12,0.0,8.333333333333334,41,0.0,9.75609756097561,20,0.0,20.0,28.0,3,5.0,3.0,5.0,5,3,1
20250128TMG08,2025-01-28,1C上,3.6,3.8,3.6,31,41.935483870967744,0.0,16,50.0,0.0,40,0.0,0.0,23,0.0,0.0,34,0.0,5.882352941176471,21,0.0,0.0,34.0,1,0.0,4.0,5.0,1,2,5
20250128TMG09,2025-01-28,1C上,2.0,4.3,2.9,37,45.945945945945944,0.0,19,47.36842105263158,0.0,36,0.0,0.0,18,0.0,0.0,36,0.0,2.7777777777777777,19,0.0,5.2631578947368425,30.0,1,0.0,5.0,2.0,1,3,5
20250128TMG10,2025-01-28,1C上,1.8,3.5,2.9,41,56.09756097560975,0.0,17,64.70588235294117,0.0,34,0.0,5.882352941176471,17,0.0,5.882352941176471,26,0.0,0.0,14,0.0,0.0,30.0,3,2.0,3.0,5.0,1,2,4
20250128TMG12,2025-01-28,1C上,2.8,3.9,2.1,46,41.30434782608695,0.0,23,47.82608695652174,0.0,22,0.0,9.090909090909092,10,0.0,0.0,39,0.0,7.6923076923076925,15,0.0,13.333333333333334,32.0,1,0.0,5.0,5.0,1,5,2
20250129TMG01,2025-01-29,1C下,4.6,2.8,3.6,13,7.6923076923076925,0.0,12,8.333333333333334,0.0,32,0.0,3.125,12,0.0,8.333333333333334,41,0.0,0.0,21,0.0,0.0,27.0,2,5.0,4.0,5.0,3,2,5
20250129TMG02,2025-01-29,1C上,3.1,3.3,4.5,36,30.555555555555557,0.0,13,15.384615384615385,0.0,41,0.0,9.75609756097561,23,0.0,13.043478260869565,29,0.0,3.4482758620689653,11,0.0,0.0,38.0,1,0.0,5.0,5.0,6,1,3
20250129TMG03,2025-01-29,1C上,2.1,4.2,3.2,33,57.57575757575758,0.0,12,41.666666666666664,0.0,39,0.0,0.0,24,0.0,0.0,38,0.0,15.789473684210526,17,0.0,17.647058823529413,29.0,2,1.0,4.0,4.0,1,2,3
20250129TMG04,2025-01-29,同じ,3.3,3.3,4.7,28,39.285714285714285,0.0,15,53.333333333333336,0.0,28,0.0,0.0,16,0.0,0.0,33,0.0,3.0303030303030303,18,0.0,5.555555555555555,32.0,1,0.0,5.0,2.0,5,4,1
20250129TMG05,2025-01-29,1C下,3.9,3.7,2.8,31,41.935483870967744,0.0,13,61.53846153846154,0.0,47,0.0,10.638297872340425,24,0.0,8.333333333333334,37,0.0,16.216216216216218,18,0.0,16.666666666666668,30.0,2,2.0,4.0,1.0,1,5,3
20250129TMG06,2025-01-29,1C上,3.9,4.0,3.3,41,48.78048780487805,0.0,20,50.0,0.0,32,0.0,0.0,18,0.0,0.0,35,0.0,11.428571428571429,16,0.0,18.75,32.0,1,0.0,5.0,5.0,1,4,2
20250129TMG07,2025-01-29,1C上,1.8,3.8,2.8,31,58.064516129032256,0.0,14,64.28571428571429,0.0,36,0.0,0.0,14,0.0,0.0,27,0.0,7.407407407407407,9,0.0,22.22222222222222,28.0,3,2.0,4.0,5.0,3,5,4
20250129TMG08,2025-01-29,1C上,2.9,4.5,2.3,37,59.45945945945946,0.0,10,60.0,0.0,26,0.0,0.0,11,0.0,0.0,35,0.0,8.571428571428571,17,0.0,5.882352941176471,32.0,1,0.0,5.0,5.0,6,3,4
20250129TMG09,2025-01-29,1C上,2.1,4.2,3.2,38,52.63157894736842,0.0,21,47.61904761904762,0.0,33,0.0,3.0303030303030303,20,0.0,5.0,33,0.0,6.0606060606060606,12,0.0,8.333333333333334,34.0,1,0.0,5.0,5.0,4,2,5
20250129TMG10,2025-01-29,1C上,2.8,3.3,2.9,27,59.25925925925926,0.0,10,40.0,0.0,28,0.0,0.0,16,0.0,0.0,37,0.0,2.7027027027027026,20,0.0,5.0,28.0,1,0.0,3.0,4.0,1,6,3
20250129TMG11,2025-01-29,1C上,2.0,4.3,2.7,64,76.5625,0.0,30,73.33333333333333,0.0,35,0.0,2.857142857142857,18,0.0,5.555555555555555,28,0.0,7.142857142857143,22,0.0,9.090909090909092,30.0,1,0.0,3.0,5.0,6,4,1
20250129TMG12,2025-01-29,1C上,2.7,3.0,2.4,36,72.22222222222223,0.0,19,57.89473684210526,0.0,46,0.0,2.1739130434782608,25,0.0,4.0,37,0.0,10.81081081081081,20,0.0,15.0,30.0,2,2.0,3.0,5.0,1,5,6
20250130TMG01,2025-01-30,1C下,3.3,2.6,3.5,24,41.666666666666664,0.0,17,52.94117647058823,0.0,36,0.0,0.0,18,0.0,0.0,36,0.0,8.333333333333334,18,0.0,11.11111111111111,33.0,2,5.0,5.0,5.0,4,6,1
20250130TMG02,2025-01-30,1C上,3.5,3.7,2.5,26,46.15384615384615,0.0,10,60.0,0.0,34,0.0,2.9411764705882355,18,0.0,0.0,31,0.0,19.35483870967742,12,0.0,16.666666666666668,28.0,2,1.0,5.0,1.0,1,3,2
20250130TMG03,2025-01-30,1C下,3.7,3.1,2.4,19,42.10526315789474,0.0,9,44.44444444444444,0.0,31,0.0,3.225806451612903,15,0.0,6.666666666666667,43,0.0,16.27906976744186,17,0.0,11.764705882352942,36.0,1,0.0,5.0,5.0,3,5,1
20250130TMG04,2025-01-30,1C上,2.3,3.9,3.9,23,47.82608695652174,0.0,11,45.45454545454545,0.0,40,0.0,2.5,19,0.0,0.0,29,0.0,6.896551724137931,18,0.0,11.11111111111111,29.0,1,0.0,4.0,4.0,1,5,3
20250130TMG05,2025-01-30,1C上,3.1,3.5,3.2,28,21.428571428571427,0.0,13,23.076923076923077,0.0,43,0.0,0.0,13,0.0,0.0,28,0.0,10.714285714285714,10,0.0,0.0,28.0,2,2.0,2.0,4.0,4,5,1
20250130TMG06,2025-01-30,1C上,3.1,3.2,3.4,21,38.095238095238095,0.0,8,25.0,0.0,28,0.0,3.5714285714285716,18,0.0,5.555555555555555,31,0.0,6.451612903225806,19,0.0,10.526315789473685,25.0,4,4.0,4.0,1.0,4,5,6
20250130TMG07,2025-01-30,1C上,2.5,3.2,2.4,19,26.31578947368421,0.0,12,33.333333333333336,0.0,27,0.0,3.7037037037037037,12,0.0,8.333333333333334,37,0.0,18.91891891891892,16,0.0,18.75,25.0,2,2.0,3.0,3.0,1,2,3
20250130TMG08,2025-01-30,1C上,2.6,4.4,4.7,46,67.3913043478261,0.0,18,66.66666666666667,0.0,22,0.0,0.0,20,0.0,0.0,34,0.0,2.9411764705882355,18,0.0,5.555555555555555,28.0,1,0.0,3.0,5.0,6,3,5
20250130TMG09,2025-01-30,1C下,2.6,0.0,3.7,34,58.8235294117647,0.0,13,69.23076923076923,0.0,0,0.0,0.0,0,0.0,0.0,37,0.0,5.405405405405405,19,0.0,5.2631578947368425,31.0,1,0.0,5.0,2.0,4,3,6
20250130TMG10,2025-01-30,1C下,4.3,3.6,3.7,35,20.0,0.0,15,13.333333333333334,0.0,32,0.0,0.0,12,0.0,0.0,32,0.0,0.0,15,0.0,0.0,28.0,3,5.0,4.0,1.0,1,2,3
20250130TMG11,2025-01-30,1C上,3.4,4.4,4.5,42,66.66666666666667,0.0,28,78.57142857142857,0.0,29,0.0,3.4482758620689653,11,0.0,0.0,29,0.0,3.4482758620689653,12,0.0,0.0,32.0,1,0.0,4.0,5.0,1,6,2
20250130TMG12,2025-01-30,1C上,2.3,3.4,2.6,53,73.58490566037736,0.0,29,79.3103448275862,0.0,32,0.0,3.125,16,0.0,0.0,44,0.0,9.090909090909092,21,0.0,9.523809523809524,28.0,3,5.0,4.0,5.0,3,1,4
20250131TMG01,2025-01-31,1C下,3.3,3.2,2.9,31,51.61290322580645,0.0,14,57.142857142857146,0.0,29,0.0,6.896551724137931,18,0.0,5.555555555555555,37,0.0,2.7027027027027026,21,0.0,4.761904761904762,28.0,2,1.0,5.0,5.0,1,2,3
20250131TMG02,2025-01-31,1C上,0.0,4.5,3.2,1,0.0,0.0,1,0.0,0.0,30,0.0,0.0,11,0.0,0.0,28,0.0,10.714285714285714,10,0.0,0.0,36.0,1,0.0,4.0,5.0,3,6,4
20250131TMG03,2025-01-31,1C上,3.7,4.5,2.6,19,31.57894736842105,0.0,13,30.76923076923077,0.0,27,0.0,0.0,12,0.0,0.0,46,0.0,26.08695652173913,21,0.0,28.571428571428573,31.0,1,0.0,5.0,5.0,3,6,5
20250131TMG04,2025-01-31,1C下,4.1,3.9,3.0,32,59.375,0.0,16,68.75,0.0,41,0.0,2.4390243902439024,20,0.0,0.0,34,0.0,5.882352941176471,17,0.0,5.882352941176471,26.0,3,5.0,2.0,2.0,1,5,6
20250131TMG05,2025-01-31,1C下,3.1,2.8,2.8,18,27.77777777777778,0.0,9,33.333333333333336,0.0,36,0.0,0.0,19,0.0,0.0,40,0.0,2.5,15,0.0,6.666666666666667,30.0,2,2.0,4.0,5.0,1,4,5
20250131TMG06,2025-01-31,1C下,4.2,2.9,2.4,21,33.333333333333336,0.0,11,45.45454545454545,0.0,41,0.0,2.4390243902439024,18,0.0,0.0,38,0.0,10.526315789473685,21,0.0,14.285714285714286,29.0,1,0.0,3.0,3.0,2,1,3
20250131TMG07,2025-01-31,1C下,4.4,3.0,3.8,24,29.166666666666668,0.0,15,33.333333333333336,0.0,47,0.0,2.127659574468085,26,0.0,3.8461538461538463,34,0.0,0.0,15,0.0,0.0,30.0,1,0.0,4.0,5.0,2,1,3
20250131TMG08,2025-01-31,1C上,2.7,3.1,3.5,37,72.97297297297297,0.0,20,60.0,0.0,38,0.0,0.0,19,0.0,0.0,37,0.0,8.108108108108109,19,0.0,10.526315789473685,34.0,1,0.0,5.0,3.0,1,2,6
20250131TMG09,2025-01-31,1C上,3.1,3.6,3.8,65,69.23076923076923,0.0,30,76.66666666666667,0.0,33,0.0,0.0,13,0.0,0.0,49,0.0,6.122448979591836,24,0.0,4.166666666666667,28.0,3,3.0,3.0,5.0,1,2,6
20250131TMG10,2025-01-31,1C下,3.4,2.8,3.8,43,67.44186046511628,0.0,29,79.3103448275862,0.0,40,0.0,2.5,18,0.0,0.0,44,0.0,4.545454545454546,20,0.0,5.0,38.0,1,0.0,5.0,4.0,4,5,6
20250131TMG11,2025-01-31,1C上,2.8,4.0,3.2,28,57.142857142857146,0.0,11,36.36363636363637,0.0,46,0.0,0.0,17,0.0,0.0,43,0.0,11.627906976744185,23,0.0,0.0,38.0,1,0.0,5.0,5.0,5,4,1
20250131TMG12,2025-01-31,1C上,2.8,3.6,3.3,47,42.5531914893617,0.0,24,50.0,0.0,22,0.0,0.0,10,0.0,0.0,35,0.0,5.714285714285714,15,0.0,13.333333333333334,35.0,1,0.0,5.0,5.0,2,1,3
20250201TMG01,2025-02-01,1C上,2.8,3.1,3.7,31,41.935483870967744,0.0,16,56.25,0.0,32,0.0,3.125,16,0.0,6.25,30,0.0,0.0,19,0.0,0.0,33.0,1,0.0,5.0,4.0,1,2,3
20250201TMG02,2025-02-01,1C下,4.1,3.3,2.6,33,60.60606060606061,0.0,17,70.58823529411765,0.0,29,0.0,0.0,18,0.0,0.0,46,0.0,26.08695652173913,22,0.0,31.818181818181817,25.0,3,1.0,3.0,1.0,3,4,5
20250201TMG03,2025-02-01,1C下,4.5,4.3,2.7,29,20.689655172413794,0.0,17,23.529411764705884,0.0,36,0.0,2.7777777777777777,18,0.0,5.555555555555555,28,0.0,7.142857142857143,23,0.0,8.695652173913043,29.0,2,3.0,5.0,2.0,1,3,6
20250201TMG05,2025-02-01,1C上,2.8,3.4,3.7,32,37.5,0.0,12,41.666666666666664,0.0,33,0.0,3.0303030303030303,17,0.0,0.0,38,0.0,5.2631578947368425,20,0.0,5.0,28.0,2,3.0,4.0,5.0,1,2,6
20250201TMG06,2025-02-01,1C上,2.1,4.4,4.7,39,51.282051282051285,0.0,21,42.857142857142854,0.0,30,0.0,3.3333333333333335,11,0.0,0.0,35,0.0,2.857142857142857,18,0.0,0.0,24.0,4,7.0,1.0,4.0,1,5,6
20250201TMG07,2025-02-01,1C上,3.5,4.7,3.8,27,48.148148148148145,0.0,11,63.63636363636363,0.0,50,0.0,2.0,24,0.0,4.166666666666667,45,0.0,4.444444444444445,21,0.0,4.761904761904762,30.0,1,0.0,5.0,5.0,1,6,5
20250201TMG08,2025-02-01,1C下,3.7,0.0,3.4,20,30.0,0.0,14,28.571428571428573,0.0,1,0.0,0.0,1,0.0,0.0,41,0.0,0.0,19,0.0,0.0,34.0,1,0.0,5.0,5.0,1,3,4
20250201TMG09,2025-02-01,1C上,1.8,4.5,3.6,42,57.142857142857146,0.0,18,66.66666666666667,0.0,31,0.0,0.0,12,0.0,0.0,38,0.0,7.894736842105263,15,0.0,6.666666666666667,32.0,1,0.0,5.0,5.0,3,5,6
20250201TMG10,2025-02-01,1C上,3.7,3.9,3.6,20,40.0,0.0,10,40.0,0.0,23,0.0,8.695652173913043,11,0.0,0.0,42,0.0,2.380952380952381,21,0.0,4.761904761904762,31.0,1,0.0,5.0,5.0,1,5,4
20250201TMG11,2025-02-01,1C上,2.7,3.7,3.7,38,73.6842105263158,0.0,21,61.904761904761905,0.0,35,0.0,2.857142857142857,19,0.0,0.0,42,0.0,9.523809523809524,21,0.0,19.047619047619047,35.0,2,1.0,5.0,5.0,1,2,5
20250201TMG12,2025-02-01,1C上,2.8,3.6,3.2,48,41.666666666666664,0.0,25,48.0,0.0,23,0.0,0.0,11,0.0,0.0,44,0.0,11.363636363636363,24,0.0,0.0,22.0,6,10.0,5.0,1.0,1,3,4
20250202TMG01,2025-02-02,1C上,3.1,4.5,3.8,36,27.77777777777778,0.0,14,14.285714285714286,0.0,28,0.0,0.0,12,0.0,0.0,50,0.0,6.0,25,0.0,4.0,32.0,1,0.0,5.0,5.0,5,1,4
20250202TMG02,2025-02-02,1C下,4.4,2.8,4.5,25,28.0,0.0,15,33.333333333333336,0.0,33,0.0,3.0303030303030303,13,0.0,7.6923076923076925,30,0.0,3.3333333333333335,13,0.0,0.0,36.0,1,0.0,5.0,5.0,1,5,2
20250202TMG03,2025-02-02,1C下,4.7,4.2,2.4,16,25.0,0.0,14,28.571428571428573,0.0,34,0.0,2.9411764705882355,21,0.0,4.761904761904762,38,0.0,10.526315789473685,22,0.0,13.636363636363637,33.0,1,0.0,5.0,5.0,3,2,4
20250202TMG04,2025-02-02,1C上,2.6,4.0,3.7,34,58.8235294117647,0.0,13,61.53846153846154,0.0,33,0.0,0.0,18,0.0,0.0,43,0.0,9.30232558139535,22,0.0,18.181818181818183,29.0,1,0.0,4.0,4.0,1,5,4
20250202TMG05,2025-02-02,1C下,3.9,3.6,3.5,42,50.0,0.0,21,52.38095238095238,0.0,24,0.0,0.0,12,0.0,0.0,38,0.0,7.894736842105263,20,0.0,10.0,26.0,4,8.0,5.0,3.0,4,2,3
20250202TMG06,2025-02-02,1C下,4.3,3.8,3.2,36,22.22222222222222,0.0,16,18.75,0.0,41,0.0,0.0,23,0.0,0.0,29,0.0,13.793103448275861,11,0.0,9.090909090909092,22.0,5,10.0,2.0,3.0,6,3,2
20250202TMG07,2025-02-02,1C下,4.3,4.2,2.5,21,14.285714285714286,0.0,10,10.0,0.0,40,0.0,0.0,25,0.0,0.0,32,0.0,18.75,13,0.0,15.384615384615385,29.0,2,4.0,3.0,5.0,5,3,2
20250202TMG08,2025-02-02,1C上,2.3,2.5,3.5,24,50.0,0.0,12,50.0,0.0,38,0.0,0.0,19,0.0,0.0,36,0.0,8.333333333333334,18,0.0,11.11111111111111,33.0,1,0.0,4.0,4.0,1,5,3
20250202TMG09,2025-02-02,1C上,2.1,2.8,3.6,40,52.5,0.0,21,47.61904761904762,0.0,36,0.0,0.0,20,0.0,0.0,39,0.0,10.256410256410257,15,0.0,13.333333333333334,29.0,2,4.0,3.0,5.0,1,4,5
20250202TMG10,2025-02-02,1C上,3.1,3.5,3.7,66,69.6969696969697,0.0,31,77.41935483870968,0.0,34,0.0,5.882352941176471,16,0.0,6.25,26,0.0,7.6923076923076925,16,0.0,6.25,28.0,4,5.0,1.0,5.0,1,3,5
20250202TMG11,2025-02-02,1C上,3.9,4.4,3.6,32,43.75,0.0,14,64.28571428571429,0.0,31,0.0,3.225806451612903,12,0.0,0.0,43,0.0,2.3255813953488373,22,0.0,4.545454545454546,38.0,1,0.0,5.0,5.0,1,4,6
20250202TMG12,2025-02-02,1C上,2.8,3.2,2.8,49,42.857142857142854,0.0,26,50.0,0.0,28,0.0,3.5714285714285716,13,0.0,7.6923076923076925,27,0.0,11.11111111111111,10,0.0,30.0,31.0,1,0.0,4.0,5.0,1,2,3
20250215TMG01,2025-02-15,1C上,2.5,3.3,3.0,28,39.285714285714285,0.0,17,58.8235294117647,0.0,51,0.0,1.9607843137254901,28,0.0,0.0,58,0.0,10.344827586206897,31,0.0,6.451612903225806,36.0,1,0.0,5.0,5.0,1,2,3
20250215TMG02,2025-02-15,1C下,3.0,2.8,3.5,35,28.571428571428573,0.0,17,29.41176470588235,0.0,43,0.0,2.3255813953488373,20,0.0,5.0,44,0.0,0.0,20,0.0,0.0,31.0,2,1.0,5.0,5.0,1,3,2
20250215TMG03,2025-02-15,1C上,2.7,3.6,3.5,27,29.62962962962963,0.0,13,23.076923076923077,0.0,42,0.0,4.761904761904762,24,0.0,8.333333333333334,48,0.0,20.833333333333332,25,0.0,20.0,27.0,2,5.0,5.0,2.0,4,2,6
20250215TMG04,2025-02-15,1C上,2.6,3.2,4.1,31,35.483870967741936,0.0,17,41.1764705882353,0.0,38,0.0,5.2631578947368425,21,0.0,9.523809523809524,46,0.0,6.521739130434782,22,0.0,0.0,30.0,2,4.0,4.0,5.0,1,3,2
20250215TMG05,2025-02-15,1C下,4.4,4.1,3.3,33,27.272727272727273,0.0,17,35.294117647058826,0.0,36,0.0,0.0,15,0.0,0.0,37,0.0,13.513513513513514,19,0.0,15.789473684210526,35.0,1,0.0,5.0,5.0,1,3,5
20250215TMG06,2025-02-15,1C上,2.4,3.7,3.5,35,45.714285714285715,0.0,17,47.05882352941177,0.0,38,0.0,2.6315789473684212,20,0.0,5.0,41,0.0,9.75609756097561,20,0.0,10.0,36.0,1,0.0,5.0,5.0,2,1,3
20250215TMG07,2025-02-15,1C上,1.9,4.0,2.8,33,48.484848484848484,0.0,15,40.0,0.0,45,0.0,2.2222222222222223,20,0.0,5.0,33,0.0,12.121212121212121,11,0.0,9.090909090909092,33.0,2,4.0,5.0,5.0,1,5,2
20250215TMG08,2025-02-15,1C上,2.1,2.9,2.8,46,45.65217391304348,0.0,24,58.333333333333336,0.0,40,0.0,0.0,20,0.0,0.0,41,0.0,0.0,24,0.0,0.0,18.0,6,16.0,1.0,2.0,4,1,5
20250215TMG09,2025-02-15,1C上,2.2,2.4,3.3,58,53.44827586206897,0.0,29,55.172413793103445,0.0,31,0.0,6.451612903225806,17,0.0,5.882352941176471,42,0.0,7.142857142857143,19,0.0,5.2631578947368425,22.0,5,9.0,2.0,1.0,1,2,4
20250215TMG10,2025-02-15,1C上,2.8,3.5,3.5,49,55.10204081632653,0.0,22,54.54545454545455,0.0,52,0.0,1.9230769230769231,22,0.0,4.545454545454546,38,0.0,13.157894736842104,20,0.0,20.0,24.0,4,8.0,1.0,5.0,1,3,2
20250215TMG11,2025-02-15,1C下,3.1,2.7,2.5,54,57.407407407407405,0.0,25,60.0,0.0,45,0.0,0.0,24,0.0,0.0,38,0.0,0.0,20,0.0,0.0,33.0,1,0.0,3.0,4.0,1,2,4
20250215TMG12,2025-02-15,1C下,3.4,2.2,2.5,54,62.96296296296296,0.0,30,76.66666666666667,0.0,45,0.0,4.444444444444445,24,0.0,0.0,41,0.0,21.951219512195124,19,0.0,15.789473684210526,29.0,2,2.0,4.0,5.0,1,2,5
20250216TMG01,2025-02-16,1C上,2.5,2.9,2.1,35,42.857142857142854,0.0,16,25.0,0.0,41,0.0,7.317073170731708,21,0.0,14.285714285714286,34,0.0,11.764705882352942,15,0.0,6.666666666666667,32.0,2,3.0,4.0,5.0,2,3,4
20250216TMG02,2025-02-16,1C下,3.9,3.5,2.3,32,31.25,0.0,15,26.666666666666668,0.0,51,0.0,3.9215686274509802,22,0.0,4.545454545454546,46,0.0,4.3478260869565215,21,0.0,9.523809523809524,28.0,1,0.0,2.0,5.0,2,6,1
20250216TMG03,2025-02-16,1C上,2.7,3.8,3.6,33,60.60606060606061,0.0,13,53.84615384615385,0.0,36,0.0,5.555555555555555,16,0.0,0.0,30,0.0,3.3333333333333335,12,0.0,0.0,22.0,5,8.0,1.0,1.0,3,4,5
20250216TMG05,2025-02-16,1C上,4.2,4.8,3.0,24,29.166666666666668,0.0,10,40.0,0.0,26,0.0,3.8461538461538463,14,0.0,7.142857142857143,53,0.0,30.18867924528302,28,0.0,39.285714285714285,23.0,4,11.0,2.0,5.0,3,5,4
20250216TMG06,2025-02-16,1C上,3.9,4.5,3.4,45,44.44444444444444,0.0,22,45.45454545454545,0.0,37,0.0,2.7027027027027026,18,0.0,5.555555555555555,34,0.0,2.9411764705882355,14,0.0,0.0,24.0,3,8.0,3.0,2.0,4,1,5
20250216TMG07,2025-02-16,1C上,3.4,3.9,3.1,31,45.16129032258065,0.0,13,30.76923076923077,0.0,34,0.0,5.882352941176471,16,0.0,0.0,41,0.0,24.390243902439025,18,0.0,38.888888888888886,24.0,3,8.0,4.0,5.0,3,1,4
20250216TMG08,2025-02-16,1C上,2.7,3.5,3.0,39,35.8974358974359,0.0,13,15.384615384615385,0.0,39,0.0,2.5641025641025643,21,0.0,0.0,23,0.0,8.695652173913043,17,0.0,11.764705882352942,28.0,1,0.0,4.0,5.0,2,1,3
20250216TMG09,2025-02-16,1C下,3.5,3.3,3.9,54,66.66666666666667,0.0,28,67.85714285714286,0.0,29,0.0,0.0,15,0.0,0.0,40,0.0,10.0,20,0.0,10.0,22.0,4,12.0,1.0,5.0,1,2,3
20250216TMG10,2025-02-16,1C上,2.6,2.9,2.6,58,72.41379310344827,0.0,25,72.0,0.0,38,0.0,0.0,19,0.0,0.0,22,0.0,22.727272727272727,11,0.0,9.090909090909092,36.0,1,0.0,5.0,5.0,1,3,4
20250216TMG12,2025-02-16,1C上,2.4,2.7,3.5,58,68.96551724137932,0.0,30,70.0,0.0,40,0.0,7.5,17,0.0,17.647058823529413,32,0.0,0.0,16,0.0,0.0,40.0,1,0.0,5.0,5.0,1,3,6
20250217TMG01,2025-02-17,1C上,3.0,3.4,2.9,24,37.5,0.0,10,30.0,0.0,47,0.0,4.25531914893617,21,0.0,4.761904761904762,39,0.0,5.128205128205129,18,0.0,0.0,29.0,1,0.0,5.0,5.0,1,2,3
20250217TMG02,2025-02-17,1C下,2.8,1.8,2.5,31,32.25806451612903,0.0,17,29.41176470588235,0.0,41,0.0,7.317073170731708,16,0.0,12.5,39,0.0,0.0,20,0.0,0.0,28.0,2,5.0,3.0,5.0,5,3,6
20250217TMG03,2025-02-17,1C下,3.3,3.2,2.7,36,30.555555555555557,0.0,17,29.41176470588235,0.0,48,0.0,8.333333333333334,22,0.0,0.0,43,0.0,39.53488372093023,21,0.0,38.095238095238095,25.0,3,13.0,4.0,5.0,2,1,3
20250217TMG04,2025-02-17,1C上,3.3,3.6,3.2,43,67.44186046511628,0.0,22,68.18181818181819,0.0,40,0.0,5.0,14,0.0,0.0,43,0.0,16.27906976744186,17,0.0,17.647058823529413,27.0,2,3.0,2.0,4.0,1,4,2
20250217TMG06,2025-02-17,1C上,2.4,3.9,3.0,34,41.1764705882353,0.0,18,50.0,0.0,35,0.0,5.714285714285714,17,0.0,0.0,52,0.0,15.384615384615385,26,0.0,7.6923076923076925,31.0,1,0.0,4.0,5.0,1,3,6
20250217TMG07,2025-02-17,1C上,2.3,3.5,2.9,49,48.97959183673469,0.0,29,37.93103448275862,0.0,42,0.0,0.0,19,0.0,0.0,45,0.0,6.666666666666667,24,0.0,8.333333333333334,32.0,1,0.0,5.0,5.0,1,2,5
20250217TMG08,2025-02-17,1C上,2.6,3.5,2.8,41,68.29268292682927,0.0,22,72.72727272727273,0.0,40,0.0,2.5,22,0.0,0.0,43,0.0,13.953488372093023,21,0.0,9.523809523809524,27.0,4,7.0,3.0,4.0,3,5,1
20250217TMG10,2025-02-17,1C上,2.1,3.1,3.5,59,74.57627118644068,0.0,29,72.41379310344827,0.0,37,0.0,5.405405405405405,19,0.0,5.2631578947368425,38,0.0,13.157894736842104,21,0.0,19.047619047619047,18.0,6,12.0,3.0,1.0,1,2,6
20250217TMG11,2025-02-17,1C上,3.0,3.3,3.5,57,64.91228070175438,0.0,25,56.0,0.0,35,0.0,0.0,21,0.0,0.0,32,0.0,0.0,17,0.0,0.0,37.0,1,0.0,5.0,5.0,1,3,5
20250217TMG12,2025-02-17,1C上,2.3,2.7,3.8,63,76.19047619047619,0.0,33,75.75757575757575,0.0,40,0.0,2.5,17,0.0,5.882352941176471,42,0.0,9.523809523809524,23,0.0,13.043478260869565,39.0,1,0.0,5.0,5.0,1,3,4
20250218TMG01,2025-02-18,1C上,1.9,4.6,2.9,34,50.0,0.0,16,43.75,0.0,46,0.0,0.0,23,0.0,0.0,37,0.0,0.0,15,0.0,0.0,38.0,1,0.0,5.0,5.0,1,4,3
20250218TMG02,2025-02-18,1C上,3.4,3.5,2.8,30,46.666666666666664,0.0,17,58.8235294117647,0.0,51,0.0,3.9215686274509802,23,0.0,4.3478260869565215,42,0.0,0.0,25,0.0,0.0,26.0,3,6.0,3.0,1.0,2,1,3
20250218TMG03,2025-02-18,1C上,3.0,4.1,2.7,25,40.0,0.0,11,36.36363636363637,0.0,36,0.0,0.0,16,0.0,0.0,47,0.0,8.51063829787234,20,0.0,0.0,38.0,1,0.0,5.0,5.0,1,2,4
20250218TMG04,2025-02-18,1C上,2.4,4.3,3.3,18,50.0,0.0,12,41.666666666666664,0.0,38,0.0,0.0,18,0.0,0.0,37,0.0,13.513513513513514,20,0.0,15.0,32.0,1,0.0,4.0,4.0,1,6,3
20250218TMG05,2025-02-18,1C下,3.6,3.3,4.0,48,33.333333333333336,0.0,18,22.22222222222222,0.0,40,0.0,0.0,22,0.0,0.0,42,0.0,14.285714285714286,17,0.0,11.764705882352942,34.0,1,0.0,5.0,5.0,1,2,5
20250218TMG06,2025-02-18,1C上,2.8,3.2,3.1,50,56.0,0.0,23,56.52173913043478,0.0,43,0.0,4.651162790697675,24,0.0,8.333333333333334,44,0.0,6.818181818181818,21,0.0,9.523809523809524,22.0,4,11.0,3.0,3.0,2,4,3
20250218TMG08,2025-02-18,1C上,3.0,3.7,3.1,18,61.111111111111114,0.0,9,77.77777777777777,0.0,39,0.0,2.5641025641025643,20,0.0,5.0,44,0.0,0.0,21,0.0,0.0,30.0,1,0.0,5.0,5.0,4,3,6
20250218TMG09,2025-02-18,1C上,2.9,3.6,2.0,25,32.0,0.0,9,44.44444444444444,0.0,41,0.0,4.878048780487805,15,0.0,0.0,38,0.0,5.2631578947368425,17,0.0,11.764705882352942,30.0,2,4.0,4.0,5.0,3,1,6
20250218TMG10,2025-02-18,1C上,2.3,3.3,3.8,63,76.19047619047619,0.0,33,75.75757575757575,0.0,36,0.0,0.0,22,0.0,0.0,43,0.0,9.30232558139535,23,0.0,13.043478260869565,40.0,1,0.0,5.0,5.0,1,6,2
20250218TMG11,2025-02-18,1C下,3.5,2.7,3.5,54,66.66666666666667,0.0,29,68.96551724137932,0.0,45,0.0,0.0,23,0.0,0.0,41,0.0,9.75609756097561,20,0.0,10.0,24.0,3,8.0,3.0,5.0,1,2,3
20250218TMG12,2025-02-18,1C上,2.4,3.5,3.5,59,69.49152542372882,0.0,30,70.0,0.0,43,0.0,0.0,19,0.0,0.0,39,0.0,12.820512820512821,22,0.0,18.181818181818183,34.0,1,0.0,4.0,5.0,1,6,5
20250219TMG01,2025-02-19,1C下,3.0,2.4,3.1,19,57.89473684210526,0.0,10,70.0,0.0,32,0.0,6.25,18,0.0,5.555555555555555,45,0.0,0.0,22,0.0,0.0,35.0,1,0.0,5.0,5.0,1,5,3
20250219TMG02,2025-02-19,1C上,2.7,3.0,2.9,39,33.333333333333336,0.0,13,7.6923076923076925,0.0,41,0.0,0.0,20,0.0,0.0,46,0.0,6.521739130434782,24,0.0,4.166666666666667,36.0,2,2.0,5.0,5.0,3,1,4
20250219TMG03,2025-02-19,1C上,2.9,4.6,3.0,26,30.76923076923077,0.0,9,33.333333333333336,0.0,47,0.0,0.0,24,0.0,0.0,53,0.0,15.09433962264151,27,0.0,7.407407407407407,31.0,2,7.0,5.0,5.0,1,3,6
20250219TMG04,2025-02-19,1C上,2.1,3.4,3.8,47,44.680851063829785,0.0,25,56.0,0.0,48,0.0,4.166666666666667,22,0.0,4.545454545454546,44,0.0,9.090909090909092,24,0.0,12.5,32.0,2,2.0,5.0,5.0,1,3,6
20250219TMG05,2025-02-19,1C下,3.4,2.9,3.5,32,43.75,0.0,14,28.571428571428573,0.0,40,0.0,0.0,21,0.0,0.0,39,0.0,12.820512820512821,23,0.0,17.391304347826086,29.0,2,1.0,5.0,5.0,1,2,3
20250219TMG06,2025-02-19,1C上,2.4,3.3,2.6,35,42.857142857142854,0.0,18,55.55555555555556,0.0,52,0.0,1.9230769230769231,28,0.0,0.0,23,0.0,21.73913043478261,12,0.0,8.333333333333334,22.0,4,12.0,4.0,1.0,3,2,5
20250219TMG07,2025-02-19,1C上,2.7,3.3,3.3,28,28.571428571428573,0.0,13,23.076923076923077,0.0,30,0.0,0.0,16,0.0,0.0,42,0.0,7.142857142857143,20,0.0,5.0,30.0,3,5.0,5.0,5.0,1,3,4
20250219TMG08,2025-02-19,1C上,2.5,3.2,3.4,35,42.857142857142854,0.0,17,23.529411764705884,0.0,44,0.0,6.818181818181818,24,0.0,12.5,34,0.0,2.9411764705882355,15,0.0,0.0,23.0,4,7.0,2.0,5.0,1,2,3
20250219TMG09,2025-02-19,1C上,2.1,3.4,2.7,15,0.0,0.0,7,0.0,0.0,22,0.0,0.0,14,0.0,0.0,43,0.0,6.976744186046512,20,0.0,10.0,32.0,1,0.0,5.0,5.0,3,4,1
20250219TMG10,2025-02-19,1C上,3.0,3.7,3.5,36,30.555555555555557,0.0,17,35.294117647058826,0.0,40,0.0,2.5,21,0.0,4.761904761904762,32,0.0,0.0,18,0.0,0.0,32.0,1,0.0,5.0,5.0,2,1,5
20250219TMG11,2025-02-19,1C上,3.4,3.5,3.3,54,64.81481481481481,0.0,29,75.86206896551724,0.0,44,0.0,0.0,20,0.0,0.0,53,0.0,7.547169811320755,23,0.0,8.695652173913043,30.0,2,2.0,5.0,5.0,3,1,4
20250219TMG12,2025-02-19,1C上,2.4,3.6,3.1,59,71.1864406779661,0.0,31,70.96774193548387,0.0,42,0.0,4.761904761904762,25,0.0,8.0,41,0.0,21.951219512195124,18,0.0,38.888888888888886,36.0,1,0.0,4.0,5.0,1,3,6
20250223TMG01,2025-02-23,1C上,2.0,2.9,2.8,25,44.0,0.0,11,27.272727272727273,0.0,44,0.0,9.090909090909092,26,0.0,11.538461538461538,28,0.0,0.0,16,0.0,0.0,32.0,2,5.0,4.0,5.0,1,4,3
20250223TMG02,2025-02-23,1C上,3.0,4.9,3.3,26,42.30769230769231,0.0,11,36.36363636363637,0.0,45,0.0,4.444444444444445,20,0.0,10.0,29,0.0,6.896551724137931,10,0.0,20.0,38.0,1,0.0,5.0,5.0,1,2,5
20250223TMG03,2025-02-23,1C上,3.0,3.4,3.3,14,42.857142857142854,0.0,6,16.666666666666668,0.0,39,0.0,5.128205128205129,18,0.0,5.555555555555555,41,0.0,7.317073170731708,17,0.0,11.764705882352942,24.0,6,4.0,3.0,5.0,3,2,5
20250223TMG04,2025-02-23,1C上,2.9,3.9,2.8,47,65.95744680851064,0.0,27,74.07407407407408,0.0,29,0.0,0.0,11,0.0,0.0,40,0.0,20.0,17,0.0,11.764705882352942,31.0,1,0.0,5.0,5.0,1,6,2
20250223TMG05,2025-02-23,1C下,3.8,2.9,2.6,25,64.0,0.0,18,72.22222222222223,0.0,52,0.0,3.8461538461538463,26,0.0,3.8461538461538463,39,0.0,10.256410256410257,18,0.0,11.11111111111111,26.0,3,9.0,3.0,2.0,3,1,2
20250223TMG06,2025-02-23,1C上,2.4,3.8,2.1,25,8.0,0.0,8,12.5,0.0,33,0.0,0.0,16,0.0,0.0,40,0.0,15.0,17,0.0,23.529411764705884,22.0,4,6.0,2.0,5.0,2,1,6
20250223TMG07,2025-02-23,1C上,3.6,3.7,3.4,57,61.40350877192982,0.0,33,60.60606060606061,0.0,87,0.0,2.2988505747126435,42,0.0,4.761904761904762,45,0.0,13.333333333333334,20,0.0,10.0,30.0,2,3.0,5.0,5.0,3,1,4
20250223TMG08,2025-02-23,1C上,2.4,3.1,2.4,33,57.57575757575758,0.0,19,57.89473684210526,0.0,39,0.0,0.0,19,0.0,0.0,29,0.0,13.793103448275861,16,0.0,18.75,32.0,2,1.0,5.0,5.0,1,2,3
20250223TMG09,2025-02-23,同じ,3.5,3.5,3.5,48,58.333333333333336,0.0,24,62.5,0.0,40,0.0,2.5,19,0.0,5.2631578947368425,26,0.0,0.0,10,0.0,0.0,26.0,2,6.0,3.0,5.0,1,3,5
20250223TMG10,2025-02-23,同じ,2.9,2.9,3.2,47,63.829787234042556,0.0,25,72.0,0.0,39,0.0,2.5641025641025643,20,0.0,5.0,37,0.0,5.405405405405405,14,0.0,0.0,26.0,3,12.0,4.0,1.0,6,1,2
20250223TMG11,2025-02-23,1C下,3.0,2.5,3.3,48,62.5,0.0,27,55.55555555555556,0.0,43,0.0,9.30232558139535,22,0.0,13.636363636363637,53,0.0,5.660377358490566,22,0.0,4.545454545454546,37.0,1,0.0,5.0,5.0,1,2,3
20250223TMG12,2025-02-23,1C上,2.3,3.7,3.6,47,57.4468085106383,0.0,23,47.82608695652174,0.0,87,0.0,2.2988505747126435,42,0.0,4.761904761904762,42,0.0,9.523809523809524,20,0.0,10.0,33.0,1,0.0,5.0,5.0,1,3,6
20250224TMG01,2025-02-24,1C下,3.3,2.5,2.6,29,41.37931034482759,0.0,14,35.714285714285715,0.0,28,0.0,14.285714285714286,11,0.0,18.181818181818183,31,0.0,9.67741935483871,11,0.0,0.0,28.0,2,3.0,4.0,5.0,4,2,1
20250224TMG02,2025-02-24,1C下,4.0,3.2,4.1,19,26.31578947368421,0.0,9,22.22222222222222,0.0,39,0.0,2.5641025641025643,17,0.0,0.0,32,0.0,0.0,16,0.0,0.0,19.0,4,13.0,1.0,4.0,2,5,4
20250224TMG03,2025-02-24,1C上,3.1,3.6,3.0,35,57.142857142857146,0.0,17,64.70588235294117,0.0,33,0.0,3.0303030303030303,13,0.0,0.0,42,0.0,19.047619047619047,20,0.0,15.0,26.0,3,9.0,2.0,5.0,2,3,5
20250224TMG04,2025-02-24,1C上,2.8,3.7,3.3,21,14.285714285714286,0.0,10,20.0,0.0,23,0.0,0.0,10,0.0,0.0,88,0.0,12.5,44,0.0,11.363636363636363,34.0,1,0.0,5.0,4.0,3,2,4
20250224TMG05,2025-02-24,1C下,3.9,2.5,2.8,26,26.923076923076923,0.0,11,27.272727272727273,0.0,45,0.0,8.88888888888889,24,0.0,8.333333333333334,27,0.0,0.0,15,0.0,0.0,32.0,2,1.0,4.0,5.0,2,1,5
20250224TMG06,2025-02-24,1C上,2.4,4.2,2.2,52,48.07692307692308,0.0,24,54.166666666666664,0.0,40,0.0,2.5,23,0.0,0.0,45,0.0,2.2222222222222223,22,0.0,0.0,30.0,1,0.0,4.0,4.0,1,2,4
20250224TMG07,2025-02-24,1C上,4.1,4.4,4.1,56,35.714285714285715,0.0,27,37.03703703703704,0.0,35,0.0,5.714285714285714,16,0.0,6.25,24,0.0,8.333333333333334,10,0.0,0.0,34.0,1,0.0,5.0,5.0,4,2,1
20250224TMG08,2025-02-24,1C上,2.9,3.5,2.8,47,57.4468085106383,0.0,24,66.66666666666667,0.0,38,0.0,7.894736842105263,20,0.0,5.0,20,0.0,0.0,7,0.0,0.0,32.0,1,0.0,5.0,5.0,1,2,3
20250224TMG09,2025-02-24,1C上,2.6,4.2,2.9,40,65.0,0.0,18,66.66666666666667,0.0,40,0.0,0.0,15,0.0,0.0,43,0.0,2.3255813953488373,20,0.0,5.0,36.0,1,0.0,5.0,5.0,1,3,4
20250224TMG10,2025-02-24,1C上,3.4,3.5,3.0,57,49.12280701754386,0.0,30,50.0,0.0,34,0.0,8.823529411764707,19,0.0,10.526315789473685,44,0.0,6.818181818181818,23,0.0,4.3478260869565215,39.0,1,0.0,5.0,5.0,1,2,3
20250224TMG11,2025-02-24,1C上,2.6,3.4,3.4,54,64.81481481481481,0.0,27,66.66666666666667,0.0,34,0.0,0.0,13,0.0,0.0,28,0.0,3.5714285714285716,13,0.0,7.6923076923076925,30.0,2,2.0,3.0,5.0,1,2,6
20250224TMG12,2025-02-24,1C上,2.6,3.1,3.2,71,50.70422535211268,0.0,29,55.172413793103445,0.0,24,0.0,0.0,16,0.0,0.0,40,0.0,20.0,24,0.0,20.833333333333332,34.0,2,2.0,5.0,3.0,1,2,3
20250225TMG02,2025-02-25,1C下,3.9,3.2,2.8,36,61.111111111111114,0.0,20,40.0,0.0,40,0.0,5.0,18,0.0,5.555555555555555,29,0.0,0.0,17,0.0,0.0,34.0,1,0.0,3.0,5.0,1,2,4
20250225TMG03,2025-02-25,1C上,2.9,3.3,3.5,25,64.0,0.0,10,70.0,0.0,45,0.0,6.666666666666667,18,0.0,11.11111111111111,31,0.0,6.451612903225806,13,0.0,7.6923076923076925,17.0,6,13.0,1.0,3.0,1,4,5
20250225TMG04,2025-02-25,同じ,2.4,2.4,3.0,36,55.55555555555556,0.0,15,46.666666666666664,0.0,38,0.0,2.6315789473684212,21,0.0,0.0,36,0.0,8.333333333333334,15,0.0,13.333333333333334,31.0,2,5.0,5.0,1.0,3,6,4
20250225TMG05,2025-02-25,同じ,3.7,3.7,3.2,28,42.857142857142854,0.0,16,56.25,0.0,89,0.0,2.247191011235955,44,0.0,4.545454545454546,41,0.0,19.51219512195122,24,0.0,20.833333333333332,22.0,6,14.0,1.0,3.0,4,2,3
20250225TMG06,2025-02-25,1C上,3.3,4.2,2.7,14,28.571428571428573,0.0,4,25.0,0.0,24,0.0,0.0,9,0.0,0.0,43,0.0,11.627906976744185,19,0.0,10.526315789473685,23.0,5,10.0,2.0,2.0,3,2,4
20250225TMG07,2025-02-25,1C上,3.0,3.7,3.3,49,48.97959183673469,0.0,21,52.38095238095238,0.0,19,0.0,0.0,10,0.0,0.0,40,0.0,25.0,18,0.0,33.333333333333336,25.0,1,0.0,4.0,1.0,1,4,3
20250225TMG08,2025-02-25,1C上,3.0,3.9,3.4,39,56.41025641025641,0.0,17,64.70588235294117,0.0,23,0.0,0.0,9,0.0,0.0,45,0.0,15.555555555555555,21,0.0,14.285714285714286,31.0,1,0.0,5.0,2.0,1,3,4
20250225TMG09,2025-02-25,1C上,2.3,3.8,2.8,49,61.224489795918366,0.0,24,70.83333333333333,0.0,38,0.0,2.6315789473684212,18,0.0,0.0,21,0.0,0.0,7,0.0,0.0,22.0,5,12.0,1.0,1.0,1,6,4
20250225TMG10,2025-02-25,1C上,1.9,3.8,3.6,61,73.77049180327869,0.0,32,68.75,0.0,34,0.0,0.0,16,0.0,0.0,31,0.0,6.451612903225806,22,0.0,9.090909090909092,35.0,1,0.0,5.0,5.0,5,3,1
20250225TMG11,2025-02-25,1C上,2.4,3.4,2.1,47,57.4468085106383,0.0,29,65.51724137931035,0.0,36,0.0,5.555555555555555,20,0.0,5.0,24,0.0,0.0,11,0.0,0.0,35.0,1,0.0,3.0,5.0,1,2,6
20250225TMG12,2025-02-25,1C上,3.1,4.0,2.4,64,75.0,0.0,32,71.875,0.0,45,0.0,6.666666666666667,20,0.0,0.0,30,0.0,0.0,13,0.0,0.0,38.0,1,0.0,5.0,5.0,5,4,1
20250226TMG01,2025-02-26,1C上,2.4,3.6,2.1,53,49.056603773584904,0.0,25,56.0,0.0,34,0.0,5.882352941176471,14,0.0,7.142857142857143,38,0.0,7.894736842105263,17,0.0,11.764705882352942,33.0,2,1.0,5.0,5.0,1,6,2
20250226TMG02,2025-02-26,1C上,3.1,3.4,3.3,27,37.03703703703704,0.0,12,33.333333333333336,0.0,34,0.0,0.0,13,0.0,0.0,31,0.0,12.903225806451612,20,0.0,15.0,29.0,2,2.0,3.0,4.0,2,3,1
20250226TMG03,2025-02-26,1C下,3.8,3.1,2.6,17,35.294117647058826,0.0,9,33.333333333333336,0.0,20,0.0,5.0,8,0.0,0.0,33,0.0,6.0606060606060606,12,0.0,0.0,24.0,4,10.0,3.0,5.0,2,3,1
20250226TMG04,2025-02-26,1C上,2.9,4.9,3.2,48,58.333333333333336,0.0,25,68.0,0.0,46,0.0,4.3478260869565215,21,0.0,9.523809523809524,40,0.0,7.5,15,0.0,6.666666666666667,28.0,3,8.0,4.0,5.0,2,1,6
20250226TMG05,2025-02-26,1C下,2.7,2.4,3.7,18,33.333333333333336,0.0,10,50.0,0.0,39,0.0,2.5641025641025643,22,0.0,0.0,31,0.0,0.0,14,0.0,0.0,29.0,2,3.0,5.0,5.0,1,2,3
20250226TMG06,2025-02-26,1C下,3.9,3.3,3.6,24,33.333333333333336,0.0,12,41.666666666666664,0.0,46,0.0,6.521739130434782,19,0.0,10.526315789473685,32,0.0,6.25,23,0.0,8.695652173913043,34.0,1,0.0,5.0,5.0,2,3,4
20250226TMG07,2025-02-26,1C上,3.1,4.1,4.2,26,38.46153846153846,0.0,11,45.45454545454545,0.0,36,0.0,16.666666666666668,17,0.0,11.764705882352942,22,0.0,0.0,9,0.0,0.0,24.0,3,6.0,3.0,5.0,1,4,5
20250226TMG08,2025-02-26,1C下,3.4,2.9,2.9,58,50.0,0.0,30,53.333333333333336,0.0,25,0.0,0.0,14,0.0,0.0,38,0.0,5.2631578947368425,16,0.0,6.25,32.0,2,5.0,5.0,5.0,1,4,6
20250226TMG09,2025-02-26,1C上,2.9,3.2,3.4,48,66.66666666666667,0.0,28,75.0,0.0,21,0.0,0.0,10,0.0,0.0,28,0.0,3.5714285714285716,14,0.0,7.142857142857143,34.0,1,0.0,5.0,5.0,1,3,4
20250226TMG10,2025-02-26,1C上,1.9,4.2,2.6,62,72.58064516129032,0.0,33,66.66666666666667,0.0,41,0.0,2.4390243902439024,22,0.0,0.0,40,0.0,12.5,19,0.0,15.789473684210526,28.0,2,1.0,4.0,5.0,4,1,6
20250226TMG11,2025-02-26,1C上,3.0,4.4,3.0,49,63.265306122448976,0.0,28,57.142857142857146,0.0,36,0.0,5.555555555555555,17,0.0,5.882352941176471,43,0.0,18.6046511627907,21,0.0,14.285714285714286,32.0,1,0.0,5.0,5.0,1,3,6
20250227TMG01,2025-02-27,1C上,2.4,3.9,2.2,26,7.6923076923076925,0.0,9,11.11111111111111,0.0,24,0.0,0.0,10,0.0,0.0,46,0.0,2.1739130434782608,23,0.0,0.0,30.0,2,3.0,5.0,2.0,3,4,2
20250227TMG02,2025-02-27,1C下,4.1,3.4,3.2,57,35.08771929824562,0.0,27,33.333333333333336,0.0,38,0.0,5.2631578947368425,19,0.0,5.2631578947368425,42,0.0,19.047619047619047,24,0.0,20.833333333333332,28.0,2,3.0,5.0,5.0,3,1,2
20250227TMG03,2025-02-27,1C下,3.9,2.5,2.9,27,25.925925925925927,0.0,12,25.0,0.0,43,0.0,9.30232558139535,23,0.0,13.043478260869565,39,0.0,5.128205128205129,17,0.0,5.882352941176471,30.0,2,2.0,3.0,4.0,4,5,3
20250227TMG05,2025-02-27,1C上,2.1,3.3,3.5,20,60.0,0.0,12,58.333333333333336,0.0,47,0.0,8.51063829787234,20,0.0,15.0,31,0.0,6.451612903225806,14,0.0,7.142857142857143,26.0,4,7.0,3.0,5.0,4,5,2
20250227TMG06,2025-02-27,1C下,2.8,2.4,3.6,22,13.636363636363637,0.0,11,18.181818181818183,0.0,40,0.0,2.5,23,0.0,0.0,33,0.0,6.0606060606060606,24,0.0,8.333333333333334,22.0,5,16.0,3.0,2.0,1,2,4
20250227TMG07,2025-02-27,1C上,3.1,3.8,4.2,36,55.55555555555556,0.0,18,61.111111111111114,0.0,39,0.0,2.5641025641025643,19,0.0,0.0,23,0.0,0.0,10,0.0,0.0,21.0,6,8.0,2.0,5.0,2,4,5
20250227TMG08,2025-02-27,1C上,2.3,4.2,2.1,27,44.44444444444444,0.0,15,53.333333333333336,0.0,41,0.0,0.0,16,0.0,0.0,24,0.0,0.0,12,0.0,0.0,34.0,1,0.0,5.0,5.0,1,2,5
20250227TMG09,2025-02-27,1C上,2.3,3.4,3.7,50,62.0,0.0,24,70.83333333333333,0.0,35,0.0,0.0,13,0.0,0.0,32,0.0,0.0,15,0.0,0.0,36.0,1,0.0,5.0,5.0,1,3,2
20250227TMG10,2025-02-27,同じ,3.5,3.5,3.0,48,58.333333333333336,0.0,24,62.5,0.0,35,0.0,8.571428571428571,20,0.0,10.0,45,0.0,6.666666666666667,24,0.0,4.166666666666667,34.0,1,0.0,5.0,5.0,1,5,2
20250227TMG11,2025-02-27,1C上,2.9,3.7,3.3,49,57.142857142857146,0.0,26,65.38461538461539,0.0,90,0.0,2.2222222222222223,43,0.0,4.651162790697675,41,0.0,24.390243902439025,19,0.0,31.57894736842105,32.0,1,0.0,5.0,5.0,1,6,5
20250227TMG12,2025-02-27,1C上,2.3,3.4,3.3,49,59.183673469387756,0.0,24,50.0,0.0,37,0.0,5.405405405405405,21,0.0,4.761904761904762,32,0.0,12.5,21,0.0,14.285714285714286,34.0,2,1.0,5.0,5.0,1,2,6
20250308TMG01,2025-03-08,1C上,2.4,3.5,2.4,29,58.62068965517241,0.0,13,38.46153846153846,0.0,33,0.0,6.0606060606060606,16,0.0,0.0,31,0.0,3.225806451612903,16,0.0,6.25,29.0,2,2.0,5.0,5.0,4,5,1
20250308TMG02,2025-03-08,1C上,3.0,3.4,3.4,33,57.57575757575758,0.0,17,58.8235294117647,0.0,29,0.0,0.0,13,0.0,0.0,45,0.0,13.333333333333334,21,0.0,0.0,37.0,1,0.0,5.0,5.0,1,6,2
20250308TMG03,2025-03-08,1C下,4.5,3.6,3.7,44,40.90909090909091,0.0,17,47.05882352941177,0.0,32,0.0,9.375,11,0.0,9.090909090909092,30,0.0,3.3333333333333335,12,0.0,8.333333333333334,39.0,1,0.0,5.0,5.0,2,4,6
20250308TMG04,2025-03-08,1C上,2.8,3.3,4.3,28,46.42857142857143,0.0,13,61.53846153846154,0.0,39,0.0,2.5641025641025643,23,0.0,4.3478260869565215,29,0.0,0.0,11,0.0,0.0,29.0,3,3.0,5.0,4.0,4,2,6
20250308TMG05,2025-03-08,1C上,2.6,4.1,2.6,31,45.16129032258065,0.0,11,54.54545454545455,0.0,27,0.0,0.0,16,0.0,0.0,41,0.0,12.195121951219512,24,0.0,20.833333333333332,32.0,2,1.0,4.0,5.0,1,4,3
20250308TMG06,2025-03-08,1C下,4.6,3.9,2.3,32,28.125,0.0,20,25.0,0.0,36,0.0,5.555555555555555,18,0.0,0.0,24,0.0,8.333333333333334,10,0.0,0.0,19.0,6,18.0,1.0,5.0,3,2,5
20250308TMG07,2025-03-08,1C上,2.4,3.3,4.3,32,56.25,0.0,15,53.333333333333336,0.0,29,0.0,3.4482758620689653,13,0.0,7.6923076923076925,30,0.0,0.0,6,0.0,0.0,30.0,2,2.0,4.0,5.0,1,5,4
20250308TMG08,2025-03-08,1C上,2.8,3.1,2.8,28,57.142857142857146,0.0,14,42.857142857142854,0.0,32,0.0,3.125,13,0.0,0.0,29,0.0,0.0,10,0.0,0.0,39.0,1,0.0,5.0,5.0,1,2,6
20250308TMG09,2025-03-08,同じ,2.8,2.8,3.5,31,54.83870967741935,0.0,14,71.42857142857143,0.0,40,0.0,0.0,15,0.0,0.0,32,0.0,12.5,19,0.0,10.526315789473685,30.0,2,4.0,5.0,5.0,2,6,4
20250308TMG11,2025-03-08,1C上,3.4,4.3,3.6,38,52.63157894736842,0.0,21,38.095238095238095,0.0,39,0.0,5.128205128205129,14,0.0,0.0,41,0.0,2.4390243902439024,22,0.0,4.545454545454546,28.0,1,0.0,5.0,1.0,1,3,4
20250308TMG12,2025-03-08,1C下,2.9,2.3,3.3,52,63.46153846153846,0.0,25,60.0,0.0,37,0.0,2.7027027027027026,16,0.0,0.0,43,0.0,13.953488372093023,19,0.0,15.789473684210526,32.0,2,2.0,5.0,3.0,1,6,2
20250309TMG01,2025-03-09,1C上,2.6,3.7,3.9,43,72.09302325581395,0.0,20,80.0,0.0,27,0.0,0.0,15,0.0,0.0,41,0.0,12.195121951219512,23,0.0,17.391304347826086,28.0,3,6.0,4.0,5.0,1,3,6
20250309TMG02,2025-03-09,同じ,3.3,3.3,3.3,33,54.54545454545455,0.0,15,46.666666666666664,0.0,45,0.0,4.444444444444445,19,0.0,10.526315789473685,38,0.0,0.0,15,0.0,0.0,36.0,1,0.0,5.0,5.0,1,2,3
20250309TMG03,2025-03-09,1C上,2.4,3.9,3.1,55,70.9090909090909,0.0,22,72.72727272727273,0.0,38,0.0,2.6315789473684212,18,0.0,0.0,33,0.0,15.151515151515152,14,0.0,21.428571428571427,37.0,1,0.0,5.0,5.0,1,2,3
20250309TMG04,2025-03-09,1C下,3.3,2.9,3.6,19,31.57894736842105,0.0,8,25.0,0.0,37,0.0,2.7027027027027026,20,0.0,0.0,42,0.0,9.523809523809524,24,0.0,8.333333333333334,28.0,3,2.0,4.0,5.0,2,1,3
20250309TMG06,2025-03-09,1C下,4.4,3.7,3.7,34,44.11764705882353,0.0,18,44.44444444444444,0.0,44,0.0,0.0,16,0.0,0.0,23,0.0,13.043478260869565,10,0.0,20.0,25.0,3,3.0,3.0,5.0,1,3,5
20250309TMG07,2025-03-09,1C下,3.3,3.0,3.6,24,54.166666666666664,0.0,12,33.333333333333336,0.0,29,0.0,6.896551724137931,11,0.0,0.0,27,0.0,3.7037037037037037,11,0.0,9.090909090909092,30.0,2,4.0,5.0,5.0,1,6,5
20250309TMG08,2025-03-09,1C下,2.6,2.4,3.0,51,64.70588235294117,0.0,21,57.142857142857146,0.0,33,0.0,0.0,19,0.0,0.0,33,0.0,6.0606060606060606,17,0.0,11.764705882352942,36.0,1,0.0,5.0,5.0,1,3,2
20250309TMG09,2025-03-09,1C上,2.7,3.6,2.5,57,70.17543859649123,0.0,25,76.0,0.0,24,0.0,0.0,14,0.0,0.0,27,0.0,11.11111111111111,14,0.0,21.428571428571427,35.0,1,0.0,5.0,4.0,4,5,3
20250309TMG10,2025-03-09,1C上,1.8,3.9,3.4,51,74.50980392156863,0.0,21,76.19047619047619,0.0,44,0.0,2.272727272727273,22,0.0,4.545454545454546,36,0.0,8.333333333333334,19,0.0,5.2631578947368425,36.0,1,0.0,5.0,5.0,1,6,2
20250309TMG11,2025-03-09,1C下,4.2,2.5,2.9,57,71.9298245614035,0.0,31,77.41935483870968,0.0,45,0.0,0.0,21,0.0,0.0,29,0.0,10.344827586206897,12,0.0,8.333333333333334,32.0,1,0.0,3.0,5.0,5,1,6
20250309TMG12,2025-03-09,1C下,3.5,3.3,2.3,58,68.96551724137932,0.0,27,74.07407407407408,0.0,43,0.0,2.3255813953488373,17,0.0,5.882352941176471,25,0.0,12.0,11,0.0,9.090909090909092,37.0,1,0.0,5.0,5.0,3,1,4
20250310TMG01,2025-03-10,1C上,3.2,3.4,3.3,27,51.851851851851855,0.0,13,38.46153846153846,0.0,35,0.0,2.857142857142857,14,0.0,0.0,39,0.0,0.0,16,0.0,0.0,29.0,2,5.0,3.0,5.0,1,2,6
20250310TMG02,2025-03-10,1C下,4.8,2.5,3.3,19,5.2631578947368425,0.0,8,12.5,0.0,27,0.0,0.0,13,0.0,0.0,33,0.0,15.151515151515152,17,0.0,23.529411764705884,27.0,3,7.0,5.0,1.0,4,2,5
20250310TMG03,2025-03-10,1C上,2.8,3.9,3.7,29,34.48275862068966,0.0,15,13.333333333333334,0.0,37,0.0,5.405405405405405,19,0.0,0.0,46,0.0,6.521739130434782,21,0.0,9.523809523809524,19.0,5,19.0,2.0,3.0,2,1,6
20250310TMG04,2025-03-10,1C下,3.3,2.2,2.9,19,10.526315789473685,0.0,7,0.0,0.0,47,0.0,6.382978723404255,24,0.0,0.0,39,0.0,17.94871794871795,17,0.0,17.647058823529413,25.0,4,10.0,4.0,1.0,3,2,4
20250310TMG05,2025-03-10,1C上,3.0,3.7,4.1,20,30.0,0.0,11,54.54545454545455,0.0,37,0.0,0.0,20,0.0,0.0,31,0.0,12.903225806451612,20,0.0,20.0,25.0,5,3.0,3.0,1.0,4,2,5
20250310TMG06,2025-03-10,1C上,3.1,4.0,2.9,26,34.61538461538461,0.0,14,21.428571428571427,0.0,24,0.0,0.0,14,0.0,0.0,27,0.0,18.51851851851852,13,0.0,23.076923076923077,26.0,3,4.0,3.0,5.0,4,1,6
20250310TMG07,2025-03-10,1C下,3.6,3.1,2.9,26,19.23076923076923,0.0,11,18.181818181818183,0.0,39,0.0,0.0,19,0.0,0.0,37,0.0,18.91891891891892,17,0.0,29.41176470588235,23.0,4,13.0,2.0,5.0,3,2,5
20250310TMG08,2025-03-10,1C下,3.8,3.7,2.7,32,46.875,0.0,14,57.142857142857146,0.0,43,0.0,4.651162790697675,21,0.0,4.761904761904762,46,0.0,28.26086956521739,22,0.0,31.818181818181817,36.0,1,0.0,5.0,4.0,1,3,2
20250310TMG10,2025-03-10,1C上,1.7,2.3,3.1,49,59.183673469387756,0.0,26,65.38461538461539,0.0,25,0.0,0.0,14,0.0,0.0,37,0.0,5.405405405405405,15,0.0,0.0,33.0,1,0.0,4.0,5.0,1,5,4
20250310TMG11,2025-03-10,1C上,2.6,2.7,2.0,38,44.73684210526316,0.0,21,57.142857142857146,0.0,34,0.0,11.764705882352942,17,0.0,5.882352941176471,9,0.0,0.0,9,0.0,0.0,30.0,2,2.0,5.0,5.0,5,2,1
20250310TMG12,2025-03-10,1C上,2.9,3.1,2.3,51,62.745098039215684,0.0,23,60.869565217391305,0.0,43,0.0,6.976744186046512,22,0.0,4.545454545454546,26,0.0,15.384615384615385,12,0.0,16.666666666666668,23.0,4,10.0,2.0,5.0,1,6,2
20250311TMG01,2025-03-11,1C上,3.3,4.8,3.3,38,36.8421052631579,0.0,20,25.0,0.0,29,0.0,0.0,10,0.0,0.0,45,0.0,13.333333333333334,21,0.0,23.80952380952381,29.0,2,1.0,5.0,5.0,3,1,4
20250311TMG02,2025-03-11,1C上,2.6,3.1,2.8,32,46.875,0.0,12,58.333333333333336,0.0,29,0.0,0.0,15,0.0,0.0,30,0.0,0.0,11,0.0,0.0,33.0,1,0.0,5.0,5.0,3,1,5
20250311TMG03,2025-03-11,同じ,3.4,3.4,4.1,27,40.74074074074074,0.0,10,40.0,0.0,37,0.0,5.405405405405405,18,0.0,5.555555555555555,38,0.0,5.2631578947368425,18,0.0,5.555555555555555,30.0,2,3.0,4.0,5.0,3,4,6
20250311TMG05,2025-03-11,1C上,3.4,4.2,2.0,20,25.0,0.0,14,21.428571428571427,0.0,33,0.0,3.0303030303030303,14,0.0,0.0,10,0.0,0.0,10,0.0,0.0,26.0,3,6.0,3.0,5.0,1,6,5
20250311TMG06,2025-03-11,1C下,3.8,2.4,3.2,37,40.54054054054054,0.0,15,40.0,0.0,34,0.0,0.0,20,0.0,0.0,48,0.0,10.416666666666666,21,0.0,4.761904761904762,37.0,1,0.0,5.0,4.0,1,6,4
20250311TMG07,2025-03-11,1C上,2.8,3.1,2.9,31,51.61290322580645,0.0,15,66.66666666666667,0.0,40,0.0,0.0,20,0.0,0.0,38,0.0,5.2631578947368425,18,0.0,5.555555555555555,21.0,6,15.0,5.0,1.0,1,2,3
20250311TMG08,2025-03-11,1C上,2.4,4.2,3.6,29,55.172413793103445,0.0,14,35.714285714285715,0.0,32,0.0,0.0,18,0.0,0.0,42,0.0,2.380952380952381,23,0.0,4.3478260869565215,35.0,1,0.0,5.0,5.0,1,3,5
20250311TMG09,2025-03-11,1C上,2.6,4.1,4.2,28,57.142857142857146,0.0,15,60.0,0.0,21,0.0,0.0,7,0.0,0.0,33,0.0,6.0606060606060606,14,0.0,7.142857142857143,34.0,1,0.0,5.0,5.0,5,4,3
20250311TMG10,2025-03-11,1C上,2.4,3.3,2.4,55,69.0909090909091,0.0,23,69.56521739130434,0.0,46,0.0,4.3478260869565215,18,0.0,11.11111111111111,31,0.0,3.225806451612903,17,0.0,5.882352941176471,36.0,1,0.0,5.0,5.0,1,2,4
20250311TMG11,2025-03-11,1C上,2.6,2.8,2.3,44,72.72727272727273,0.0,21,80.95238095238095,0.0,41,0.0,2.4390243902439024,16,0.0,6.25,26,0.0,15.384615384615385,13,0.0,15.384615384615385,29.0,2,7.0,4.0,5.0,1,2,3
20250311TMG12,2025-03-11,1C上,2.9,3.4,2.2,53,64.15094339622641,0.0,26,61.53846153846154,0.0,30,0.0,0.0,14,0.0,0.0,54,0.0,11.11111111111111,25,0.0,12.0,28.0,3,3.0,4.0,1.0,1,3,4
20250312TMG01,2025-03-12,1C上,3.2,4.2,2.9,37,59.45945945945946,0.0,17,35.294117647058826,0.0,32,0.0,0.0,19,0.0,0.0,28,0.0,17.857142857142858,14,0.0,21.428571428571427,31.0,1,0.0,4.0,5.0,1,3,2
20250312TMG02,2025-03-12,1C上,2.4,3.1,4.3,32,59.375,0.0,16,56.25,0.0,30,0.0,0.0,16,0.0,0.0,31,0.0,0.0,7,0.0,0.0,29.0,1,0.0,5.0,1.0,1,5,3
20250312TMG04,2025-03-12,1C下,4.6,3.1,2.9,32,28.125,0.0,20,25.0,0.0,36,0.0,0.0,14,0.0,0.0,40,0.0,20.0,18,0.0,22.22222222222222,21.0,5,12.0,1.0,5.0,3,2,1
20250312TMG05,2025-03-12,1C上,1.7,3.9,3.6,50,60.0,0.0,27,66.66666666666667,0.0,39,0.0,2.5641025641025643,19,0.0,0.0,28,0.0,3.5714285714285716,12,0.0,8.333333333333334,28.0,2,4.0,4.0,5.0,1,6,2
20250312TMG06,2025-03-12,1C上,2.6,3.4,3.3,29,55.172413793103445,0.0,16,56.25,0.0,31,0.0,0.0,15,0.0,0.0,34,0.0,14.705882352941176,16,0.0,25.0,35.0,2,1.0,5.0,4.0,4,2,1
20250312TMG07,2025-03-12,1C下,3.8,1.5,3.3,33,48.484848484848484,0.0,15,60.0,0.0,13,0.0,0.0,13,0.0,0.0,45,0.0,15.555555555555555,22,0.0,27.272727272727273,37.0,1,0.0,5.0,5.0,1,2,3
20250312TMG08,2025-03-12,1C上,3.8,4.0,3.4,38,42.10526315789474,0.0,16,43.75,0.0,25,0.0,0.0,15,0.0,0.0,44,0.0,9.090909090909092,22,0.0,0.0,36.0,1,0.0,5.0,5.0,5,4,1
20250312TMG09,2025-03-12,1C上,2.4,3.9,3.7,30,56.666666666666664,0.0,15,40.0,0.0,43,0.0,2.3255813953488373,22,0.0,4.545454545454546,32,0.0,6.25,17,0.0,5.882352941176471,32.0,1,0.0,4.0,5.0,1,5,4
20250312TMG10,2025-03-12,1C上,2.7,3.7,3.6,19,31.57894736842105,0.0,9,44.44444444444444,0.0,44,0.0,4.545454545454546,22,0.0,4.545454545454546,43,0.0,9.30232558139535,25,0.0,8.0,31.0,1,0.0,5.0,3.0,4,3,5
20250312TMG11,2025-03-12,1C下,3.3,3.1,2.1,34,55.88235294117647,0.0,16,50.0,0.0,41,0.0,0.0,21,0.0,0.0,30,0.0,23.333333333333332,12,0.0,25.0,28.0,3,6.0,5.0,5.0,1,2,5
20250312TMG12,2025-03-12,1C上,2.9,3.6,2.5,54,64.81481481481481,0.0,27,62.96296296296296,0.0,33,0.0,12.121212121212121,12,0.0,16.666666666666668,27,0.0,11.11111111111111,15,0.0,20.0,27.0,3,1.0,5.0,1.0,1,5,3
20250320TMG01,2025-03-20,同じ,3.3,3.3,2.4,29,34.48275862068966,0.0,12,25.0,0.0,43,0.0,0.0,22,0.0,0.0,39,0.0,17.94871794871795,21,0.0,19.047619047619047,29.0,1,0.0,5.0,3.0,3,1,2
20250320TMG02,2025-03-20,1C下,4.1,3.8,3.1,28,14.285714285714286,0.0,11,27.272727272727273,0.0,36,0.0,0.0,13,0.0,0.0,62,0.0,8.064516129032258,25,0.0,12.0,23.0,4,7.0,3.0,4.0,4,5,2
20250320TMG03,2025-03-20,1C下,3.5,2.7,3.0,36,33.333333333333336,0.0,21,38.095238095238095,0.0,23,0.0,8.695652173913043,9,0.0,22.22222222222222,29,0.0,6.896551724137931,14,0.0,7.142857142857143,27.0,2,3.0,3.0,4.0,3,2,4
20250320TMG04,2025-03-20,1C上,2.9,4.6,3.4,38,55.26315789473684,0.0,23,69.56521739130434,0.0,36,0.0,2.7777777777777777,18,0.0,5.555555555555555,42,0.0,7.142857142857143,21,0.0,4.761904761904762,32.0,1,0.0,4.0,5.0,1,5,6
20250320TMG05,2025-03-20,1C下,3.5,3.2,3.1,27,40.74074074074074,0.0,16,50.0,0.0,34,0.0,8.823529411764707,18,0.0,16.666666666666668,57,0.0,8.771929824561404,29,0.0,10.344827586206897,34.0,1,0.0,5.0,5.0,1,6,5
20250320TMG06,2025-03-20,1C下,3.2,2.4,2.6,32,37.5,0.0,15,40.0,0.0,18,0.0,0.0,9,0.0,0.0,34,0.0,0.0,14,0.0,0.0,30.0,1,0.0,5.0,5.0,1,2,4
20250320TMG07,2025-03-20,1C上,2.6,4.1,3.4,32,56.25,0.0,14,50.0,0.0,36,0.0,2.7777777777777777,22,0.0,0.0,49,0.0,8.16326530612245,25,0.0,8.0,30.0,2,5.0,5.0,5.0,4,5,6
20250320TMG08,2025-03-20,1C上,3.4,3.9,2.9,46,52.17391304347826,0.0,25,48.0,0.0,46,0.0,6.521739130434782,23,0.0,13.043478260869565,35,0.0,5.714285714285714,13,0.0,0.0,36.0,1,0.0,5.0,5.0,1,5,3
20250320TMG09,2025-03-20,1C上,2.3,3.1,2.9,42,64.28571428571429,0.0,20,60.0,0.0,50,0.0,0.0,25,0.0,0.0,44,0.0,6.818181818181818,21,0.0,9.523809523809524,29.0,2,4.0,3.0,5.0,2,4,5
20250320TMG10,2025-03-20,1C上,2.4,3.6,2.8,43,60.46511627906977,0.0,26,57.69230769230769,0.0,33,0.0,18.181818181818183,16,0.0,31.25,43,0.0,16.27906976744186,20,0.0,20.0,34.0,1,0.0,5.0,5.0,1,2,3
20250320TMG12,2025-03-20,1C上,3.4,3.6,2.5,64,67.1875,0.0,26,57.69230769230769,0.0,56,0.0,1.7857142857142858,26,0.0,0.0,46,0.0,10.869565217391305,20,0.0,10.0,25.0,4,4.0,1.0,4.0,1,3,2
20250321TMG01,2025-03-21,1C上,3.3,3.4,3.1,23,8.695652173913043,0.0,9,22.22222222222222,0.0,38,0.0,5.2631578947368425,17,0.0,0.0,35,0.0,22.857142857142858,20,0.0,10.0,28.0,1,0.0,5.0,5.0,3,2,4
20250321TMG02,2025-03-21,1C上,1.7,3.4,3.0,27,55.55555555555556,0.0,11,45.45454545454545,0.0,41,0.0,9.75609756097561,25,0.0,12.0,34,0.0,17.647058823529413,27,0.0,18.51851851851852,26.0,3,3.0,5.0,1.0,3,5,1
20250321TMG03,2025-03-21,1C下,3.5,3.3,2.6,35,25.714285714285715,0.0,18,27.77777777777778,0.0,20,0.0,0.0,14,0.0,0.0,34,0.0,8.823529411764707,16,0.0,12.5,24.0,4,7.0,4.0,1.0,1,2,5
20250321TMG04,2025-03-21,1C上,2.8,3.6,2.5,37,40.54054054054054,0.0,21,42.857142857142854,0.0,51,0.0,1.9607843137254901,24,0.0,4.166666666666667,33,0.0,3.0303030303030303,15,0.0,0.0,38.0,1,0.0,5.0,5.0,5,4,6
20250321TMG05,2025-03-21,1C上,3.5,3.8,3.1,27,22.22222222222222,0.0,14,21.428571428571427,0.0,39,0.0,7.6923076923076925,16,0.0,0.0,29,0.0,6.896551724137931,13,0.0,7.6923076923076925,24.0,4,3.0,2.0,1.0,1,2,5
20250321TMG07,2025-03-21,1C上,3.0,3.4,3.0,55,60.0,0.0,26,53.84615384615385,0.0,39,0.0,0.0,16,0.0,0.0,18,0.0,5.555555555555555,11,0.0,9.090909090909092,33.0,1,0.0,5.0,5.0,1,5,6
20250321TMG08,2025-03-21,1C上,3.1,4.2,2.9,54,55.55555555555556,0.0,27,55.55555555555556,0.0,38,0.0,0.0,22,0.0,0.0,43,0.0,6.976744186046512,22,0.0,4.545454545454546,32.0,2,4.0,4.0,5.0,2,4,1
20250321TMG09,2025-03-21,1C上,2.5,3.2,4.2,33,75.75757575757575,0.0,23,78.26086956521739,0.0,37,0.0,5.405405405405405,14,0.0,7.142857142857143,41,0.0,2.4390243902439024,21,0.0,4.761904761904762,32.0,1,0.0,5.0,5.0,1,6,4
20250321TMG10,2025-03-21,1C上,2.7,2.8,3.8,37,70.27027027027027,0.0,22,81.81818181818181,0.0,37,0.0,0.0,17,0.0,0.0,35,0.0,5.714285714285714,19,0.0,0.0,25.0,2,1.0,3.0,5.0,1,2,4
20250321TMG11,2025-03-21,1C下,3.1,2.4,2.9,63,71.42857142857143,0.0,24,66.66666666666667,0.0,33,0.0,3.0303030303030303,18,0.0,0.0,37,0.0,0.0,21,0.0,0.0,31.0,2,1.0,3.0,5.0,1,2,4
20250321TMG12,2025-03-21,1C上,3.1,3.8,2.4,58,72.41379310344827,0.0,22,77.27272727272727,0.0,33,0.0,0.0,16,0.0,0.0,35,0.0,17.142857142857142,15,0.0,13.333333333333334,29.0,2,2.0,4.0,5.0,1,3,5
20250322TMG01,2025-03-22,1C上,2.7,3.5,3.3,28,25.0,0.0,12,33.333333333333336,0.0,34,0.0,0.0,14,0.0,0.0,29,0.0,6.896551724137931,12,0.0,8.333333333333334,26.0,3,2.0,3.0,4.0,1,2,3
20250322TMG02,2025-03-22,1C上,2.8,3.1,2.7,26,34.61538461538461,0.0,14,28.571428571428573,0.0,27,0.0,0.0,12,0.0,0.0,50,0.0,16.0,19,0.0,21.05263157894737,25.0,3,9.0,5.0,1.0,3,1,4
20250322TMG03,2025-03-22,1C上,2.1,3.3,3.8,32,43.75,0.0,16,43.75,0.0,43,0.0,2.3255813953488373,20,0.0,5.0,28,0.0,7.142857142857143,15,0.0,6.666666666666667,31.0,2,1.0,5.0,5.0,1,2,4
20250322TMG04,2025-03-22,1C下,3.4,3.3,3.0,46,45.65217391304348,0.0,23,52.17391304347826,0.0,32,0.0,9.375,18,0.0,11.11111111111111,18,0.0,5.555555555555555,11,0.0,9.090909090909092,31.0,2,1.0,4.0,5.0,1,2,3
20250322TMG05,2025-03-22,1C下,4.4,2.5,3.0,30,26.666666666666668,0.0,14,35.714285714285715,0.0,28,0.0,3.5714285714285716,14,0.0,7.142857142857143,40,0.0,15.0,18,0.0,16.666666666666668,29.0,2,1.0,4.0,5.0,5,4,2
20250322TMG06,2025-03-22,1C上,3.4,4.0,4.6,19,47.36842105263158,0.0,13,53.84615384615385,0.0,38,0.0,2.6315789473684212,24,0.0,4.166666666666667,40,0.0,0.0,20,0.0,0.0,29.0,1,0.0,4.0,5.0,4,1,5
20250322TMG07,2025-03-22,1C上,2.4,3.1,3.1,28,50.0,0.0,13,61.53846153846154,0.0,39,0.0,12.820512820512821,18,0.0,11.11111111111111,39,0.0,7.6923076923076925,23,0.0,4.3478260869565215,21.0,5,10.0,2.0,1.0,2,1,5
20250322TMG08,2025-03-22,1C上,2.5,3.4,2.7,41,53.65853658536585,0.0,26,50.0,0.0,37,0.0,0.0,18,0.0,0.0,43,0.0,13.953488372093023,20,0.0,10.0,36.0,1,0.0,5.0,5.0,1,3,2
20250322TMG10,2025-03-22,1C上,2.6,3.2,3.5,51,56.86274509803921,0.0,20,50.0,0.0,39,0.0,0.0,18,0.0,0.0,36,0.0,2.7777777777777777,20,0.0,5.0,32.0,1,0.0,5.0,2.0,1,4,5
20250322TMG11,2025-03-22,1C上,2.5,4.0,3.0,47,70.2127659574468,0.0,19,57.89473684210526,0.0,33,0.0,0.0,19,0.0,0.0,43,0.0,2.3255813953488373,18,0.0,5.555555555555555,14.0,6,20.0,3.0,1.0,1,6,5
20250322TMG12,2025-03-22,1C上,3.5,4.6,3.0,60,48.333333333333336,0.0,28,53.57142857142857,0.0,32,0.0,0.0,19,0.0,0.0,36,0.0,13.88888888888889,20,0.0,20.0,28.0,4,6.0,5.0,1.0,5,3,1
20250323TMG01,2025-03-23,1C上,3.3,4.6,2.7,40,57.5,0.0,21,57.142857142857146,0.0,37,0.0,0.0,16,0.0,0.0,44,0.0,13.636363636363637,21,0.0,9.523809523809524,33.0,2,1.0,5.0,5.0,1,3,4
20250323TMG03,2025-03-23,1C上,3.5,3.6,3.4,61,47.540983606557376,0.0,29,51.724137931034484,0.0,36,0.0,0.0,22,0.0,0.0,44,0.0,6.818181818181818,20,0.0,10.0,34.0,1,0.0,5.0,5.0,5,1,2
20250323TMG04,2025-03-23,1C上,3.5,4.4,3.6,35,28.571428571428573,0.0,18,33.333333333333336,0.0,44,0.0,2.272727272727273,25,0.0,4.0,40,0.0,10.0,25,0.0,12.0,20.0,5,8.0,3.0,1.0,1,2,4
20250323TMG05,2025-03-23,1C上,3.0,4.4,3.1,29,48.275862068965516,0.0,13,30.76923076923077,0.0,43,0.0,0.0,22,0.0,0.0,30,0.0,6.666666666666667,14,0.0,7.142857142857143,22.0,4,8.0,3.0,5.0,2,1,4
20250323TMG06,2025-03-23,1C上,3.4,3.6,3.0,47,53.191489361702125,0.0,26,50.0,0.0,23,0.0,4.3478260869565215,16,0.0,0.0,30,0.0,6.666666666666667,15,0.0,6.666666666666667,29.0,1,0.0,5.0,5.0,1,4,2
20250323TMG07,2025-03-23,同じ,4.0,4.0,3.1,35,48.57142857142857,0.0,20,60.0,0.0,34,0.0,0.0,19,0.0,0.0,40,0.0,7.5,24,0.0,4.166666666666667,27.0,2,7.0,4.0,5.0,5,2,4
20250323TMG08,2025-03-23,1C下,3.8,3.0,1.5,23,21.73913043478261,0.0,10,20.0,0.0,35,0.0,0.0,14,0.0,0.0,28,0.0,10.714285714285714,15,0.0,6.666666666666667,23.0,6,9.0,2.0,5.0,1,3,5
20250324TMG02,2025-03-24,1C上,2.4,3.9,3.3,43,60.46511627906977,0.0,27,59.25925925925926,0.0,40,0.0,0.0,17,0.0,0.0,51,0.0,13.72549019607843,26,0.0,19.23076923076923,23.0,3,9.0,2.0,2.0,3,1,4
20250324TMG03,2025-03-24,1C上,3.2,4.6,3.6,33,39.39393939393939,0.0,16,43.75,0.0,36,0.0,2.7777777777777777,19,0.0,5.2631578947368425,41,0.0,9.75609756097561,25,0.0,12.0,27.0,2,3.0,3.0,5.0,1,2,3
20250324TMG05,2025-03-24,1C上,2.8,3.6,2.5,38,39.473684210526315,0.0,21,42.857142857142854,0.0,37,0.0,0.0,23,0.0,0.0,47,0.0,10.638297872340425,21,0.0,9.523809523809524,32.0,1,0.0,3.0,5.0,4,2,1
20250324TMG06,2025-03-24,1C上,2.3,2.4,4.6,42,64.28571428571429,0.0,21,57.142857142857146,0.0,18,0.0,0.0,10,0.0,0.0,41,0.0,0.0,21,0.0,0.0,33.0,2,1.0,5.0,5.0,2,6,3
20250324TMG07,2025-03-24,1C下,4.4,3.1,2.5,31,25.806451612903224,0.0,15,33.333333333333336,0.0,50,0.0,0.0,26,0.0,0.0,34,0.0,2.9411764705882355,16,0.0,0.0,27.0,2,7.0,3.0,5.0,1,6,2
20250324TMG08,2025-03-24,1C上,2.6,3.8,3.1,33,54.54545454545455,0.0,15,46.666666666666664,0.0,37,0.0,0.0,14,0.0,0.0,58,0.0,8.620689655172415,30,0.0,10.0,34.0,1,0.0,5.0,5.0,1,2,3
20250324TMG09,2025-03-24,1C上,3.8,4.1,3.1,24,25.0,0.0,11,27.272727272727273,0.0,39,0.0,5.128205128205129,18,0.0,0.0,31,0.0,6.451612903225806,15,0.0,6.666666666666667,29.0,1,0.0,4.0,4.0,1,2,5
20250324TMG10,2025-03-24,1C下,3.4,2.7,3.0,64,67.1875,0.0,27,59.25925925925926,0.0,24,0.0,8.333333333333334,10,0.0,20.0,31,0.0,6.451612903225806,16,0.0,6.25,32.0,1,0.0,4.0,4.0,1,2,5
20250324TMG11,2025-03-24,1C上,2.5,2.8,4.3,48,70.83333333333333,0.0,20,60.0,0.0,37,0.0,0.0,18,0.0,0.0,37,0.0,5.405405405405405,18,0.0,0.0,31.0,1,0.0,4.0,4.0,2,5,4
20250324TMG12,2025-03-24,1C上,3.0,3.3,3.1,56,60.714285714285715,0.0,28,57.142857142857146,0.0,44,0.0,2.272727272727273,21,0.0,4.761904761904762,36,0.0,25.0,19,0.0,15.789473684210526,30.0,1,0.0,5.0,4.0,1,3,4
20250327TMG01,2025-03-27,1C上,3.0,3.1,2.8,23,30.434782608695652,0.0,4,25.0,0.0,41,0.0,2.4390243902439024,24,0.0,4.166666666666667,31,0.0,6.451612903225806,16,0.0,0.0,27.0,3,6.0,5.0,1.0,1,3,2
20250327TMG02,2025-03-27,1C下,2.9,0.0,2.2,23,39.130434782608695,0.0,6,50.0,0.0,18,0.0,0.0,18,0.0,0.0,43,0.0,16.27906976744186,19,0.0,10.526315789473685,30.0,2,6.0,4.0,5.0,2,1,5
20250327TMG03,2025-03-27,1C上,2.9,3.9,3.6,27,29.62962962962963,0.0,10,30.0,0.0,27,0.0,0.0,10,0.0,0.0,47,0.0,6.382978723404255,22,0.0,9.090909090909092,31.0,1,0.0,5.0,5.0,2,3,4
20250327TMG04,2025-03-27,1C下,4.4,3.0,3.5,30,20.0,0.0,14,21.428571428571427,0.0,30,0.0,0.0,13,0.0,0.0,33,0.0,3.0303030303030303,19,0.0,5.2631578947368425,24.0,4,7.0,5.0,2.0,1,4,5
20250327TMG05,2025-03-27,1C上,3.7,4.0,3.7,32,31.25,0.0,14,21.428571428571427,0.0,41,0.0,0.0,23,0.0,0.0,33,0.0,3.0303030303030303,17,0.0,5.882352941176471,24.0,3,7.0,3.0,5.0,3,5,2
20250327TMG06,2025-03-27,1C上,2.2,3.7,3.6,31,45.16129032258065,0.0,14,42.857142857142854,0.0,35,0.0,0.0,18,0.0,0.0,40,0.0,20.0,19,0.0,26.31578947368421,23.0,3,5.0,2.0,5.0,5,1,4
20250327TMG07,2025-03-27,1C上,2.8,3.1,3.9,37,56.75675675675676,0.0,22,54.54545454545455,0.0,46,0.0,6.521739130434782,22,0.0,9.090909090909092,27,0.0,7.407407407407407,11,0.0,9.090909090909092,26.0,1,0.0,5.0,1.0,1,2,4
20250327TMG08,2025-03-27,1C上,2.7,2.9,3.4,45,44.44444444444444,0.0,20,35.0,0.0,35,0.0,8.571428571428571,17,0.0,17.647058823529413,37,0.0,2.7027027027027026,14,0.0,0.0,32.0,1,0.0,5.0,5.0,5,3,1
20250327TMG09,2025-03-27,1C上,2.1,3.4,4.1,60,63.333333333333336,0.0,30,63.333333333333336,0.0,30,0.0,0.0,12,0.0,0.0,43,0.0,6.976744186046512,23,0.0,8.695652173913043,36.0,1,0.0,4.0,5.0,1,4,6
20250327TMG10,2025-03-27,1C下,3.0,1.8,3.2,50,40.0,0.0,27,37.03703703703704,0.0,40,0.0,15.0,20,0.0,15.0,25,0.0,4.0,4,0.0,0.0,28.0,2,4.0,3.0,5.0,1,2,5
20250327TMG11,2025-03-27,1C上,2.2,3.3,4.0,45,71.11111111111111,0.0,23,73.91304347826087,0.0,46,0.0,2.1739130434782608,21,0.0,4.761904761904762,41,0.0,9.75609756097561,24,0.0,8.333333333333334,33.0,1,0.0,5.0,5.0,1,2,4
20250327TMG12,2025-03-27,1C上,2.4,2.7,3.3,63,82.53968253968254,0.0,35,82.85714285714286,0.0,41,0.0,7.317073170731708,19,0.0,5.2631578947368425,47,0.0,19.148936170212767,21,0.0,19.047619047619047,29.0,1,0.0,4.0,5.0,1,2,5
20250328TMG01,2025-03-28,1C上,2.8,3.7,2.1,24,20.833333333333332,0.0,8,12.5,0.0,34,0.0,5.882352941176471,16,0.0,12.5,40,0.0,17.5,20,0.0,15.0,25.0,2,1.0,4.0,1.0,5,2,1
20250328TMG02,2025-03-28,1C下,3.6,2.8,3.6,27,37.03703703703704,0.0,12,25.0,0.0,35,0.0,0.0,17,0.0,0.0,27,0.0,3.7037037037037037,12,0.0,0.0,27.0,2,5.0,5.0,5.0,6,2,5
20250328TMG03,2025-03-28,1C上,2.4,3.9,3.3,36,36.111111111111114,0.0,16,37.5,0.0,34,0.0,0.0,18,0.0,0.0,35,0.0,2.857142857142857,14,0.0,7.142857142857143,26.0,1,0.0,5.0,1.0,5,2,4
20250328TMG04,2025-03-28,1C上,2.5,2.7,2.5,26,46.15384615384615,0.0,15,40.0,0.0,43,0.0,4.651162790697675,19,0.0,5.2631578947368425,37,0.0,18.91891891891892,17,0.0,17.647058823529413,29.0,1,0.0,4.0,4.0,1,4,2
20250328TMG05,2025-03-28,1C上,3.5,4.3,2.9,50,56.0,0.0,25,64.0,0.0,41,0.0,4.878048780487805,20,0.0,5.0,39,0.0,12.820512820512821,16,0.0,6.25,20.0,5,7.0,3.0,1.0,4,6,2
20250328TMG06,2025-03-28,1C下,4.4,3.6,3.1,39,48.717948717948715,0.0,21,42.857142857142854,0.0,29,0.0,0.0,17,0.0,0.0,34,0.0,17.647058823529413,17,0.0,23.529411764705884,30.0,2,1.0,3.0,4.0,1,3,2
20250328TMG07,2025-03-28,1C上,1.9,3.2,2.5,28,60.714285714285715,0.0,13,53.84615384615385,0.0,40,0.0,7.5,22,0.0,4.545454545454546,35,0.0,8.571428571428571,19,0.0,5.2631578947368425,18.0,5,16.0,2.0,1.0,1,5,2
20250328TMG08,2025-03-28,1C上,3.2,4.3,3.1,43,53.48837209302326,0.0,20,45.0,0.0,19,0.0,0.0,5,0.0,0.0,40,0.0,5.0,20,0.0,5.0,30.0,1,0.0,4.0,5.0,1,5,3
20250328TMG09,2025-03-28,1C上,2.6,3.2,2.9,41,48.78048780487805,0.0,18,44.44444444444444,0.0,40,0.0,2.5,17,0.0,0.0,56,0.0,19.642857142857142,29,0.0,27.586206896551722,38.0,1,0.0,5.0,5.0,1,5,4
20250328TMG10,2025-03-28,1C上,2.3,4.0,3.7,39,74.35897435897436,0.0,22,86.36363636363636,0.0,38,0.0,0.0,14,0.0,0.0,40,0.0,5.0,18,0.0,5.555555555555555,27.0,2,3.0,5.0,5.0,2,1,3
20250328TMG11,2025-03-28,1C上,2.8,3.9,3.8,65,67.6923076923077,0.0,31,58.064516129032256,0.0,37,0.0,0.0,16,0.0,0.0,48,0.0,10.416666666666666,27,0.0,11.11111111111111,36.0,1,0.0,5.0,5.0,1,5,3
20250328TMG12,2025-03-28,1C上,3.6,3.8,3.6,69,59.42028985507246,0.0,33,60.60606060606061,0.0,23,0.0,8.695652173913043,11,0.0,9.090909090909092,34,0.0,2.9411764705882355,15,0.0,0.0,28.0,1,0.0,5.0,5.0,1,4,3
20250329TMG01,2025-03-29,1C下,3.5,2.8,3.9,27,25.925925925925927,0.0,10,30.0,0.0,41,0.0,12.195121951219512,28,0.0,7.142857142857143,32,0.0,9.375,11,0.0,0.0,28.0,3,4.0,4.0,3.0,4,5,2
20250329TMG02,2025-03-29,1C上,2.5,3.6,2.8,32,37.5,0.0,15,33.333333333333336,0.0,19,0.0,0.0,7,0.0,0.0,32,0.0,6.25,17,0.0,0.0,20.0,5,8.0,2.0,3.0,4,5,2
20250329TMG03,2025-03-29,1C上,2.8,3.8,0.0,16,31.25,0.0,8,25.0,0.0,40,0.0,0.0,23,0.0,0.0,17,0.0,5.882352941176471,17,0.0,5.882352941176471,26.0,3,2.0,4.0,1.0,3,4,1
20250329TMG04,2025-03-29,1C上,2.8,3.4,3.6,31,38.70967741935484,0.0,14,35.714285714285715,0.0,43,0.0,11.627906976744185,24,0.0,4.166666666666667,46,0.0,26.08695652173913,24,0.0,29.166666666666668,28.0,2,1.0,3.0,5.0,1,2,4
20250329TMG05,2025-03-29,1C上,2.8,4.0,3.1,22,54.54545454545455,0.0,12,75.0,0.0,70,0.0,7.142857142857143,25,0.0,12.0,34,0.0,5.882352941176471,15,0.0,6.666666666666667,28.0,2,3.0,5.0,1.0,1,2,4
20250329TMG06,2025-03-29,1C上,1.6,3.3,3.9,46,67.3913043478261,0.0,26,69.23076923076923,0.0,46,0.0,8.695652173913043,23,0.0,4.3478260869565215,33,0.0,0.0,15,0.0,0.0,36.0,2,2.0,5.0,5.0,2,1,3
20250329TMG07,2025-03-29,1C下,3.0,2.3,4.7,49,51.02040816326531,0.0,24,45.833333333333336,0.0,33,0.0,6.0606060606060606,14,0.0,7.142857142857143,25,0.0,4.0,14,0.0,7.142857142857143,28.0,2,3.0,5.0,3.0,1,3,4
20250329TMG08,2025-03-29,1C上,3.5,3.9,3.7,44,43.18181818181818,0.0,21,42.857142857142854,0.0,32,0.0,3.125,16,0.0,0.0,41,0.0,4.878048780487805,18,0.0,5.555555555555555,36.0,1,0.0,4.0,5.0,1,3,4
20250329TMG09,2025-03-29,1C上,2.6,3.0,2.5,48,54.166666666666664,0.0,26,61.53846153846154,0.0,44,0.0,0.0,20,0.0,0.0,36,0.0,8.333333333333334,18,0.0,16.666666666666668,34.0,1,0.0,5.0,5.0,3,4,2
20250329TMG10,2025-03-29,1C下,3.5,3.2,4.0,57,56.14035087719298,0.0,27,70.37037037037037,0.0,33,0.0,0.0,16,0.0,0.0,69,0.0,13.043478260869565,34,0.0,5.882352941176471,39.0,1,0.0,5.0,5.0,1,4,6
20250329TMG11,2025-03-29,1C上,3.5,4.0,2.7,51,72.54901960784314,0.0,25,76.0,0.0,30,0.0,0.0,14,0.0,0.0,34,0.0,2.9411764705882355,15,0.0,0.0,34.0,1,0.0,5.0,4.0,1,6,2
20250329TMG12,2025-03-29,同じ,2.4,2.4,3.6,42,57.142857142857146,0.0,23,52.17391304347826,0.0,41,0.0,9.75609756097561,23,0.0,13.043478260869565,25,0.0,4.0,7,0.0,0.0,31.0,1,0.0,5.0,1.0,1,4,2
20250330TMG01,2025-03-30,1C下,3.7,2.8,2.6,32,56.25,0.0,17,52.94117647058823,0.0,36,0.0,0.0,17,0.0,0.0,32,0.0,6.25,15,0.0,13.333333333333334,34.0,1,0.0,5.0,5.0,1,2,3
20250330TMG02,2025-03-30,1C上,2.0,3.7,2.9,29,48.275862068965516,0.0,13,53.84615384615385,0.0,32,0.0,3.125,17,0.0,5.882352941176471,56,0.0,19.642857142857142,30,0.0,26.666666666666668,34.0,1,0.0,5.0,5.0,1,5,3
20250330TMG03,2025-03-30,1C上,2.6,4.1,2.2,42,50.0,0.0,18,50.0,0.0,35,0.0,0.0,14,0.0,0.0,44,0.0,15.909090909090908,20,0.0,10.0,36.0,1,0.0,5.0,5.0,1,2,3
20250330TMG04,2025-03-30,1C下,2.8,2.7,3.5,25,20.0,0.0,9,11.11111111111111,0.0,43,0.0,4.651162790697675,20,0.0,5.0,34,0.0,2.9411764705882355,20,0.0,5.0,30.0,2,1.0,5.0,1.0,4,5,6
20250330TMG05,2025-03-30,1C上,0.0,4.0,3.9,12,33.333333333333336,0.0,12,33.333333333333336,0.0,71,0.0,7.042253521126761,26,0.0,11.538461538461538,34,0.0,0.0,16,0.0,0.0,30.0,1,0.0,3.0,5.0,2,1,5
20250330TMG06,2025-03-30,1C上,2.2,3.9,3.6,31,45.16129032258065,0.0,15,40.0,0.0,28,0.0,3.5714285714285716,11,0.0,9.090909090909092,47,0.0,25.53191489361702,24,0.0,25.0,34.0,1,0.0,4.0,5.0,1,2,3
20250330TMG07,2025-03-30,1C下,4.4,3.6,3.6,40,50.0,0.0,22,45.45454545454545,0.0,19,0.0,0.0,8,0.0,0.0,28,0.0,3.5714285714285716,13,0.0,0.0,29.0,1,0.0,5.0,1.0,2,4,3
20250330TMG08,2025-03-30,1C上,2.4,3.5,3.4,43,58.13953488372093,0.0,24,54.166666666666664,0.0,34,0.0,2.9411764705882355,12,0.0,8.333333333333334,38,0.0,2.6315789473684212,15,0.0,0.0,34.0,1,0.0,5.0,4.0,1,5,2
20250330TMG09,2025-03-30,1C上,3.2,3.3,3.3,44,54.54545454545455,0.0,21,47.61904761904762,0.0,46,0.0,0.0,24,0.0,0.0,36,0.0,2.7777777777777777,15,0.0,6.666666666666667,30.0,1,0.0,5.0,5.0,1,6,4
20250330TMG10,2025-03-30,1C上,2.3,4.3,3.4,40,72.5,0.0,23,82.6086956521739,0.0,42,0.0,4.761904761904762,20,0.0,5.0,41,0.0,14.634146341463415,17,0.0,5.882352941176471,28.0,2,2.0,3.0,5.0,1,3,4
20250330TMG11,2025-03-30,同じ,2.8,2.8,3.6,65,67.6923076923077,0.0,32,59.375,0.0,42,0.0,11.904761904761905,29,0.0,6.896551724137931,34,0.0,2.9411764705882355,16,0.0,0.0,31.0,3,3.0,5.0,5.0,1,2,5
20250330TMG12,2025-03-30,1C下,3.5,1.8,3.6,51,72.54901960784314,0.0,25,76.0,0.0,41,0.0,14.634146341463415,21,0.0,14.285714285714286,48,0.0,6.25,23,0.0,8.695652173913043,36.0,1,0.0,5.0,5.0,2,3,4
20250331TMG01,2025-03-31,1C上,3.7,3.8,4.7,33,57.57575757575758,0.0,18,55.55555555555556,0.0,24,0.0,8.333333333333334,12,0.0,8.333333333333334,26,0.0,3.8461538461538463,15,0.0,6.666666666666667,38.0,1,0.0,5.0,5.0,1,2,6
20250331TMG02,2025-03-31,1C上,3.0,3.3,3.9,24,33.333333333333336,0.0,5,40.0,0.0,47,0.0,0.0,25,0.0,0.0,28,0.0,7.142857142857143,12,0.0,8.333333333333334,37.0,1,0.0,5.0,5.0,1,3,2
20250331TMG03,2025-03-31,1C上,3.5,4.0,4.0,28,25.0,0.0,11,27.272727272727273,0.0,42,0.0,0.0,24,0.0,0.0,70,0.0,12.857142857142858,35,0.0,5.714285714285714,24.0,4,6.0,4.0,1.0,3,4,2
20250331TMG04,2025-03-31,1C上,2.4,4.0,2.5,36,36.111111111111114,0.0,17,35.294117647058826,0.0,39,0.0,0.0,14,0.0,0.0,36,0.0,8.333333333333334,20,0.0,5.0,30.0,2,4.0,4.0,5.0,4,2,1
20250331TMG05,2025-03-31,1C上,2.7,2.8,3.9,46,43.47826086956522,0.0,21,33.333333333333336,0.0,37,0.0,0.0,18,0.0,0.0,33,0.0,9.090909090909092,12,0.0,0.0,30.0,3,2.0,5.0,5.0,4,1,5
20250331TMG06,2025-03-31,1C上,2.4,3.7,4.1,44,59.09090909090909,0.0,25,56.0,0.0,33,0.0,3.0303030303030303,18,0.0,5.555555555555555,44,0.0,6.818181818181818,23,0.0,8.695652173913043,37.0,1,0.0,5.0,5.0,5,1,4
20250331TMG07,2025-03-31,1C上,2.2,3.9,3.6,32,46.875,0.0,16,43.75,0.0,37,0.0,0.0,17,0.0,0.0,35,0.0,2.857142857142857,17,0.0,0.0,34.0,1,0.0,5.0,5.0,2,4,1
20250331TMG08,2025-03-31,1C上,2.9,3.2,2.5,28,28.571428571428573,0.0,11,27.272727272727273,0.0,41,0.0,2.4390243902439024,18,0.0,0.0,37,0.0,8.108108108108109,19,0.0,15.789473684210526,30.0,2,1.0,4.0,5.0,1,5,4
20250331TMG09,2025-03-31,1C上,3.2,3.6,0.0,45,55.55555555555556,0.0,22,50.0,0.0,20,0.0,5.0,9,0.0,11.11111111111111,18,0.0,5.555555555555555,18,0.0,5.555555555555555,34.0,1,0.0,4.0,5.0,1,4,2
20250331TMG10,2025-03-31,1C上,2.1,2.7,2.6,61,63.9344262295082,0.0,31,64.51612903225806,0.0,44,0.0,4.545454545454546,21,0.0,4.761904761904762,29,0.0,10.344827586206897,12,0.0,16.666666666666668,27.0,2,3.0,4.0,1.0,1,3,2
20250331TMG11,2025-03-31,1C上,2.4,3.4,3.8,64,82.8125,0.0,35,82.85714285714286,0.0,43,0.0,11.627906976744185,25,0.0,4.0,49,0.0,10.204081632653061,27,0.0,11.11111111111111,30.0,2,2.0,5.0,5.0,1,2,4
20250331TMG12,2025-03-31,1C上,2.8,3.8,3.6,65,67.6923076923077,0.0,33,60.60606060606061,0.0,41,0.0,0.0,24,0.0,0.0,41,0.0,19.51219512195122,19,0.0,26.31578947368421,35.0,1,0.0,5.0,5.0,1,2,3
20250409TMG01,2025-04-09,1C上,3.3,3.8,4.1,25,44.0,0.0,10,30.0,0.0,30,0.0,0.0,17,0.0,0.0,38,0.0,2.6315789473684212,20,0.0,0.0,35.0,1,0.0,5.0,5.0,1,2,3
20250409TMG02,2025-04-09,1C下,4.1,2.4,3.6,29,31.03448275862069,0.0,14,35.714285714285715,0.0,35,0.0,2.857142857142857,20,0.0,0.0,33,0.0,6.0606060606060606,17,0.0,0.0,32.0,2,2.0,5.0,5.0,2,1,3
20250409TMG03,2025-04-09,1C下,2.6,2.2,2.9,30,40.0,0.0,15,53.333333333333336,0.0,36,0.0,2.7777777777777777,17,0.0,0.0,34,0.0,26.470588235294116,18,0.0,27.77777777777778,19.0,4,14.0,3.0,2.0,3,5,2
20250409TMG04,2025-04-09,1C下,3.6,2.9,2.6,33,36.36363636363637,0.0,18,33.333333333333336,0.0,53,0.0,5.660377358490566,22,0.0,4.545454545454546,36,0.0,8.333333333333334,14,0.0,0.0,28.0,2,10.0,4.0,2.0,2,1,3
20250409TMG05,2025-04-09,1C下,3.9,3.2,3.7,26,23.076923076923077,0.0,11,9.090909090909092,0.0,37,0.0,5.405405405405405,15,0.0,0.0,43,0.0,9.30232558139535,19,0.0,10.526315789473685,27.0,2,1.0,5.0,1.0,4,1,5
20250409TMG06,2025-04-09,1C上,3.3,3.9,3.4,30,43.333333333333336,0.0,16,50.0,0.0,45,0.0,0.0,25,0.0,0.0,31,0.0,0.0,11,0.0,0.0,26.0,2,12.0,3.0,5.0,1,2,4
20250409TMG07,2025-04-09,1C上,2.2,3.0,6.0,42,54.76190476190476,0.0,22,68.18181818181819,0.0,127,0.0,0.7874015748031497,63,0.0,1.5873015873015872,12,0.0,0.0,6,0.0,0.0,32.0,2,1.0,4.0,4.0,1,4,5
20250409TMG08,2025-04-09,1C下,3.7,2.9,3.5,27,40.74074074074074,0.0,14,35.714285714285715,0.0,36,0.0,0.0,12,0.0,0.0,31,0.0,16.129032258064516,17,0.0,23.529411764705884,26.0,2,3.0,4.0,5.0,4,5,6
20250409TMG09,2025-04-09,1C上,2.5,3.8,3.1,40,50.0,0.0,27,48.148148148148145,0.0,32,0.0,3.125,17,0.0,5.882352941176471,43,0.0,0.0,24,0.0,0.0,34.0,1,0.0,5.0,5.0,3,6,1
20250409TMG10,2025-04-09,1C上,3.8,4.3,2.9,48,50.0,0.0,26,53.84615384615385,0.0,30,0.0,3.3333333333333335,14,0.0,0.0,40,0.0,15.0,21,0.0,23.80952380952381,29.0,2,3.0,4.0,5.0,1,2,5
20250409TMG11,2025-04-09,1C上,2.5,3.1,3.5,52,57.69230769230769,0.0,26,69.23076923076923,0.0,30,0.0,6.666666666666667,13,0.0,0.0,41,0.0,4.878048780487805,19,0.0,5.2631578947368425,30.0,1,0.0,5.0,5.0,1,3,5
20250409TMG12,2025-04-09,1C上,2.7,3.2,3.2,67,70.14925373134328,0.0,28,60.714285714285715,0.0,45,0.0,2.2222222222222223,22,0.0,0.0,53,0.0,9.433962264150944,29,0.0,10.344827586206897,25.0,3,9.0,2.0,5.0,5,1,4
20250410TMG01,2025-04-10,1C上,2.6,4.7,2.6,27,29.62962962962963,0.0,14,21.428571428571427,0.0,79,0.0,0.0,48,0.0,0.0,36,0.0,8.333333333333334,15,0.0,0.0,32.0,1,0.0,5.0,5.0,3,1,2
20250410TMG02,2025-04-10,1C上,3.9,4.5,3.0,29,44.827586206896555,0.0,15,40.0,0.0,29,0.0,3.4482758620689653,15,0.0,6.666666666666667,34,0.0,8.823529411764707,14,0.0,0.0,25.0,3,14.0,5.0,3.0,2,4,3
20250410TMG03,2025-04-10,1C上,2.7,4.8,3.3,34,58.8235294117647,0.0,15,53.333333333333336,0.0,29,0.0,3.4482758620689653,16,0.0,6.25,42,0.0,16.666666666666668,18,0.0,16.666666666666668,16.0,6,15.0,1.0,1.0,1,2,5
20250410TMG04,2025-04-10,1C上,3.2,3.3,2.8,42,47.61904761904762,0.0,18,55.55555555555556,0.0,31,0.0,6.451612903225806,18,0.0,5.555555555555555,30,0.0,3.3333333333333335,15,0.0,6.666666666666667,27.0,1,0.0,4.0,2.0,1,3,5
20250410TMG05,2025-04-10,1C上,2.5,3.1,3.0,23,30.434782608695652,0.0,9,11.11111111111111,0.0,41,0.0,0.0,20,0.0,0.0,36,0.0,13.88888888888889,19,0.0,21.05263157894737,18.0,6,14.0,3.0,1.0,2,3,4
20250410TMG06,2025-04-10,1C下,3.6,3.0,2.9,30,40.0,0.0,11,27.272727272727273,0.0,128,0.0,0.78125,64,0.0,1.5625,39,0.0,5.128205128205129,19,0.0,5.2631578947368425,23.0,3,9.0,3.0,1.0,4,2,3
20250410TMG07,2025-04-10,1C下,2.9,2.2,3.1,27,18.51851851851852,0.0,12,16.666666666666668,0.0,20,0.0,0.0,9,0.0,0.0,48,0.0,0.0,24,0.0,0.0,29.0,2,1.0,4.0,4.0,2,5,3
20250410TMG08,2025-04-10,1C上,2.5,3.6,3.8,20,30.0,0.0,8,50.0,0.0,42,0.0,0.0,19,0.0,0.0,38,0.0,7.894736842105263,18,0.0,11.11111111111111,27.0,2,3.0,4.0,5.0,4,3,5
20250410TMG10,2025-04-10,1C上,3.6,3.7,3.5,62,64.51612903225806,0.0,25,56.0,0.0,45,0.0,0.0,23,0.0,0.0,50,0.0,6.0,22,0.0,4.545454545454546,34.0,1,0.0,5.0,5.0,1,6,3
20250410TMG11,2025-04-10,1C上,3.0,3.6,2.8,73,65.75342465753425,0.0,35,68.57142857142857,0.0,40,0.0,0.0,19,0.0,0.0,44,0.0,13.636363636363637,19,0.0,15.789473684210526,25.0,3,7.0,3.0,5.0,5,3,1
20250410TMG12,2025-04-10,1C上,3.4,4.2,2.4,57,71.9298245614035,0.0,27,66.66666666666667,0.0,27,0.0,3.7037037037037037,15,0.0,6.666666666666667,54,0.0,18.51851851851852,26,0.0,15.384615384615385,36.0,1,0.0,5.0,5.0,1,3,5
20250411TMG01,2025-04-11,1C下,3.0,2.9,3.2,18,55.55555555555556,0.0,8,62.5,0.0,31,0.0,0.0,14,0.0,0.0,35,0.0,8.571428571428571,16,0.0,12.5,24.0,2,2.0,3.0,5.0,1,2,6
20250411TMG02,2025-04-11,1C上,2.3,4.1,3.3,23,47.82608695652174,0.0,10,50.0,0.0,33,0.0,0.0,16,0.0,0.0,26,0.0,3.8461538461538463,14,0.0,7.142857142857143,27.0,2,2.0,5.0,5.0,5,1,2
20250411TMG03,2025-04-11,1C上,2.8,3.0,3.4,36,63.888888888888886,0.0,18,61.111111111111114,0.0,129,0.0,0.7751937984496124,65,0.0,1.5384615384615385,32,0.0,0.0,12,0.0,0.0,32.0,2,2.0,4.0,5.0,4,5,6
20250411TMG04,2025-04-11,1C下,3.8,3.3,3.8,45,57.77777777777778,0.0,25,60.0,0.0,32,0.0,6.25,19,0.0,5.2631578947368425,28,0.0,7.142857142857143,14,0.0,7.142857142857143,29.0,2,1.0,5.0,5.0,1,2,4
20250411TMG06,2025-04-11,1C上,2.2,3.8,2.6,50,60.0,0.0,22,59.09090909090909,0.0,43,0.0,0.0,19,0.0,0.0,25,0.0,20.0,12,0.0,16.666666666666668,26.0,3,4.0,4.0,4.0,1,5,4
20250411TMG07,2025-04-11,同じ,2.3,2.3,2.8,21,23.80952380952381,0.0,11,27.272727272727273,0.0,34,0.0,11.764705882352942,14,0.0,7.142857142857143,45,0.0,13.333333333333334,20,0.0,15.0,32.0,1,0.0,5.0,5.0,3,1,6
20250411TMG09,2025-04-11,1C上,2.6,4.5,2.6,45,68.88888888888889,0.0,20,80.0,0.0,30,0.0,3.3333333333333335,13,0.0,0.0,29,0.0,6.896551724137931,12,0.0,8.333333333333334,32.0,1,0.0,5.0,5.0,1,2,5
20250411TMG10,2025-04-11,1C上,2.5,3.3,2.8,32,50.0,0.0,17,58.8235294117647,0.0,49,0.0,4.081632653061225,20,0.0,0.0,48,0.0,8.333333333333334,21,0.0,9.523809523809524,34.0,1,0.0,3.0,5.0,1,5,2
20250411TMG11,2025-04-11,1C上,2.1,4.7,2.9,65,75.38461538461539,0.0,28,75.0,0.0,80,0.0,0.0,49,0.0,0.0,40,0.0,5.0,20,0.0,5.0,30.0,3,5.0,5.0,5.0,4,1,6
20250412TMG01,2025-04-12,1C下,4.2,3.7,2.8,26,7.6923076923076925,0.0,11,0.0,0.0,29,0.0,0.0,19,0.0,0.0,49,0.0,8.16326530612245,22,0.0,9.090909090909092,26.0,2,4.0,4.0,5.0,3,1,5
20250412TMG02,2025-04-12,1C上,3.1,3.9,2.6,30,50.0,0.0,13,53.84615384615385,0.0,35,0.0,0.0,16,0.0,0.0,36,0.0,8.333333333333334,16,0.0,0.0,26.0,2,1.0,3.0,5.0,3,1,6
20250412TMG03,2025-04-12,1C上,2.2,3.7,2.4,43,55.81395348837209,0.0,23,69.56521739130434,0.0,46,0.0,0.0,24,0.0,0.0,55,0.0,18.181818181818183,27,0.0,14.814814814814815,23.0,4,7.0,5.0,1.0,3,4,5
20250412TMG04,2025-04-12,1C下,4.4,3.7,3.6,21,9.523809523809524,0.0,9,11.11111111111111,0.0,31,0.0,3.225806451612903,15,0.0,0.0,45,0.0,2.2222222222222223,22,0.0,0.0,25.0,4,3.0,3.0,4.0,6,1,3
20250412TMG05,2025-04-12,1C下,2.9,2.2,3.3,27,22.22222222222222,0.0,15,26.666666666666668,0.0,21,0.0,4.761904761904762,10,0.0,10.0,27,0.0,3.7037037037037037,15,0.0,6.666666666666667,25.0,3,6.0,1.0,5.0,2,5,4
20250412TMG06,2025-04-12,1C下,3.8,2.2,4.4,46,58.69565217391305,0.0,26,61.53846153846154,0.0,36,0.0,2.7777777777777777,18,0.0,0.0,32,0.0,3.125,19,0.0,5.2631578947368425,34.0,1,0.0,5.0,4.0,1,2,5
20250412TMG07,2025-04-12,1C上,2.8,3.8,4.1,37,62.16216216216216,0.0,19,57.89473684210526,0.0,33,0.0,3.0303030303030303,18,0.0,5.555555555555555,34,0.0,0.0,14,0.0,0.0,26.0,3,3.0,4.0,2.0,1,6,5
20250412TMG09,2025-04-12,1C上,3.9,4.3,3.1,19,10.526315789473685,0.0,11,0.0,0.0,36,0.0,0.0,20,0.0,0.0,36,0.0,2.7777777777777777,18,0.0,5.555555555555555,26.0,1,0.0,4.0,5.0,2,4,5
20250412TMG10,2025-04-12,1C上,2.7,2.9,3.3,68,69.11764705882354,0.0,28,60.714285714285715,0.0,54,0.0,5.555555555555555,23,0.0,4.3478260869565215,44,0.0,2.272727272727273,19,0.0,0.0,23.0,5,8.0,4.0,2.0,1,3,2
20250412TMG11,2025-04-12,同じ,2.5,2.5,3.6,33,51.515151515151516,0.0,18,61.111111111111114,0.0,40,0.0,7.5,21,0.0,9.523809523809524,48,0.0,8.333333333333334,19,0.0,5.2631578947368425,37.0,1,0.0,5.0,5.0,2,1,6
20250412TMG12,2025-04-12,1C上,3.8,3.9,3.8,49,51.02040816326531,0.0,26,53.84615384615385,0.0,46,0.0,0.0,25,0.0,0.0,39,0.0,7.6923076923076925,19,0.0,10.526315789473685,36.0,1,0.0,5.0,5.0,1,2,3
20250413TMG01,2025-04-13,1C上,2.5,3.7,3.4,24,29.166666666666668,0.0,9,11.11111111111111,0.0,30,0.0,0.0,20,0.0,0.0,33,0.0,0.0,13,0.0,0.0,33.0,1,0.0,5.0,4.0,1,5,2
20250413TMG02,2025-04-13,1C下,3.9,3.8,3.6,20,10.0,0.0,12,0.0,0.0,31,0.0,0.0,18,0.0,0.0,46,0.0,2.1739130434782608,23,0.0,0.0,29.0,2,1.0,5.0,5.0,5,3,6
20250413TMG03,2025-04-13,1C上,2.3,3.0,2.6,22,22.727272727272727,0.0,12,25.0,0.0,131,0.0,0.7633587786259542,65,0.0,1.5384615384615385,30,0.0,6.666666666666667,13,0.0,7.6923076923076925,27.0,2,2.0,3.0,5.0,1,5,2
20250413TMG04,2025-04-13,1C上,3.3,4.5,3.1,31,45.16129032258065,0.0,15,46.666666666666664,0.0,31,0.0,3.225806451612903,14,0.0,0.0,36,0.0,2.7777777777777777,19,0.0,5.2631578947368425,21.0,5,17.0,2.0,3.0,1,4,3
20250413TMG05,2025-04-13,1C上,3.0,3.9,3.0,73,64.38356164383562,0.0,35,68.57142857142857,0.0,36,0.0,0.0,17,0.0,0.0,31,0.0,6.451612903225806,11,0.0,18.181818181818183,31.0,1,0.0,5.0,5.0,5,6,4
20250413TMG06,2025-04-13,1C下,4.2,4.0,6.0,27,7.407407407407407,0.0,12,0.0,0.0,44,0.0,2.272727272727273,26,0.0,3.8461538461538463,13,0.0,0.0,8,0.0,0.0,28.0,3,5.0,4.0,5.0,4,3,5
20250413TMG07,2025-04-13,1C上,2.6,4.1,3.6,31,38.70967741935484,0.0,16,50.0,0.0,44,0.0,0.0,21,0.0,0.0,34,0.0,5.882352941176471,17,0.0,0.0,31.0,1,0.0,5.0,2.0,1,4,5
20250413TMG08,2025-04-13,1C上,3.2,3.6,4.4,43,48.83720930232558,0.0,19,57.89473684210526,0.0,41,0.0,0.0,19,0.0,0.0,33,0.0,3.0303030303030303,20,0.0,5.0,32.0,1,0.0,5.0,5.0,2,1,4
20250413TMG10,2025-04-13,1C下,3.6,2.3,3.5,63,65.07936507936508,0.0,26,57.69230769230769,0.0,35,0.0,11.428571428571429,15,0.0,6.666666666666667,42,0.0,4.761904761904762,20,0.0,5.0,30.0,1,0.0,5.0,5.0,1,2,3
20250413TMG11,2025-04-13,同じ,3.4,3.4,2.4,58,72.41379310344827,0.0,27,66.66666666666667,0.0,39,0.0,7.6923076923076925,18,0.0,5.555555555555555,55,0.0,20.0,28,0.0,17.857142857142858,38.0,1,0.0,5.0,5.0,3,2,5
20250413TMG12,2025-04-13,1C下,3.8,2.4,3.3,50,52.0,0.0,27,55.55555555555556,0.0,37,0.0,2.7027027027027026,21,0.0,4.761904761904762,43,0.0,16.27906976744186,19,0.0,15.789473684210526,35.0,1,0.0,3.0,5.0,1,3,4
20250418TMG01,2025-04-18,1C下,3.4,3.1,3.2,35,37.142857142857146,0.0,18,44.44444444444444,0.0,35,0.0,0.0,21,0.0,0.0,39,0.0,7.6923076923076925,26,0.0,7.6923076923076925,31.0,1,0.0,5.0,5.0,1,4,3
20250418TMG02,2025-04-18,1C上,3.4,3.6,3.4,47,42.5531914893617,0.0,27,51.851851851851855,0.0,34,0.0,5.882352941176471,16,0.0,0.0,33,0.0,6.0606060606060606,17,0.0,0.0,30.0,1,0.0,3.0,5.0,1,5,4
20250418TMG03,2025-04-18,1C上,3.8,4.0,3.2,44,50.0,0.0,17,29.41176470588235,0.0,39,0.0,0.0,21,0.0,0.0,54,0.0,0.0,31,0.0,0.0,24.0,3,8.0,4.0,4.0,1,5,4
20250418TMG04,2025-04-18,1C上,2.0,3.5,4.7,33,39.39393939393939,0.0,14,42.857142857142854,0.0,34,0.0,0.0,17,0.0,0.0,22,0.0,13.636363636363637,21,0.0,14.285714285714286,24.0,4,10.0,4.0,2.0,2,1,3
20250418TMG05,2025-04-18,1C上,2.7,4.0,3.4,25,28.0,0.0,14,28.571428571428573,0.0,47,0.0,0.0,24,0.0,0.0,31,0.0,16.129032258064516,19,0.0,26.31578947368421,23.0,3,8.0,5.0,1.0,1,4,3
20250418TMG06,2025-04-18,同じ,3.5,3.5,2.8,26,42.30769230769231,0.0,14,50.0,0.0,41,0.0,9.75609756097561,17,0.0,17.647058823529413,39,0.0,12.820512820512821,22,0.0,18.181818181818183,22.0,4,4.0,2.0,2.0,4,5,1
20250418TMG07,2025-04-18,1C下,4.1,3.9,4.0,38,36.8421052631579,0.0,20,40.0,0.0,29,0.0,3.4482758620689653,15,0.0,6.666666666666667,34,0.0,2.9411764705882355,12,0.0,0.0,28.0,2,4.0,4.0,2.0,4,5,6
20250418TMG08,2025-04-18,1C下,4.9,2.8,3.6,51,49.01960784313726,0.0,31,41.935483870967744,0.0,43,0.0,2.3255813953488373,20,0.0,0.0,38,0.0,7.894736842105263,18,0.0,16.666666666666668,32.0,1,0.0,4.0,5.0,1,2,3
20250418TMG09,2025-04-18,1C上,2.9,3.6,4.9,36,47.22222222222222,0.0,21,38.095238095238095,0.0,43,0.0,0.0,21,0.0,0.0,32,0.0,12.5,19,0.0,21.05263157894737,26.0,2,4.0,5.0,1.0,1,5,4
20250418TMG10,2025-04-18,1C下,3.4,2.5,2.9,58,60.3448275862069,0.0,30,63.333333333333336,0.0,29,0.0,6.896551724137931,12,0.0,8.333333333333334,45,0.0,8.88888888888889,18,0.0,16.666666666666668,34.0,1,0.0,5.0,5.0,1,3,5
20250418TMG11,2025-04-18,1C下,3.0,2.7,3.7,50,66.0,0.0,21,71.42857142857143,0.0,32,0.0,3.125,15,0.0,0.0,34,0.0,14.705882352941176,14,0.0,14.285714285714286,37.0,1,0.0,5.0,5.0,1,3,5
20250418TMG12,2025-04-18,1C上,2.9,3.1,2.4,54,70.37037037037037,0.0,26,65.38461538461539,0.0,38,0.0,2.6315789473684212,20,0.0,5.0,40,0.0,17.5,15,0.0,20.0,32.0,1,0.0,5.0,5.0,1,3,4
20250419TMG01,2025-04-19,1C下,3.9,3.7,3.1,27,18.51851851851852,0.0,13,15.384615384615385,0.0,24,0.0,0.0,14,0.0,0.0,39,0.0,5.128205128205129,19,0.0,10.526315789473685,26.0,2,2.0,4.0,5.0,3,4,5
20250419TMG02,2025-04-19,1C上,3.8,4.3,3.0,19,31.57894736842105,0.0,9,33.333333333333336,0.0,20,0.0,5.0,18,0.0,5.555555555555555,45,0.0,13.333333333333334,18,0.0,16.666666666666668,36.0,1,0.0,5.0,5.0,1,3,5
20250419TMG03,2025-04-19,1C上,3.0,3.1,2.8,20,40.0,0.0,8,50.0,0.0,45,0.0,2.2222222222222223,21,0.0,0.0,39,0.0,12.820512820512821,23,0.0,17.391304347826086,26.0,3,10.0,5.0,2.0,2,4,3
20250419TMG04,2025-04-19,1C下,5.8,3.7,3.2,25,24.0,0.0,17,23.529411764705884,0.0,37,0.0,0.0,14,0.0,0.0,54,0.0,0.0,32,0.0,0.0,22.0,3,11.0,3.0,4.0,3,5,4
20250419TMG05,2025-04-19,1C上,3.9,4.1,2.6,31,32.25806451612903,0.0,21,23.80952380952381,0.0,44,0.0,9.090909090909092,22,0.0,9.090909090909092,40,0.0,10.0,18,0.0,11.11111111111111,18.0,5,14.0,1.0,1.0,5,6,1
20250419TMG06,2025-04-19,1C下,3.5,2.8,3.1,22,59.09090909090909,0.0,8,75.0,0.0,43,0.0,2.3255813953488373,19,0.0,0.0,36,0.0,19.444444444444443,16,0.0,25.0,34.0,1,0.0,5.0,5.0,3,4,5
20250419TMG07,2025-04-19,1C上,3.2,3.8,4.3,54,46.2962962962963,0.0,23,60.869565217391305,0.0,29,0.0,3.4482758620689653,16,0.0,6.25,29,0.0,6.896551724137931,14,0.0,14.285714285714286,24.0,3,6.0,1.0,2.0,1,2,6
20250419TMG08,2025-04-19,1C上,1.9,3.7,3.3,40,47.5,0.0,21,47.61904761904762,0.0,82,0.0,0.0,41,0.0,0.0,26,0.0,0.0,10,0.0,0.0,31.0,2,3.0,4.0,5.0,6,4,5
20250419TMG09,2025-04-19,1C上,2.9,3.7,2.3,43,60.46511627906977,0.0,19,47.36842105263158,0.0,37,0.0,0.0,17,0.0,0.0,31,0.0,9.67741935483871,11,0.0,9.090909090909092,34.0,1,0.0,5.0,5.0,3,6,4
20250419TMG10,2025-04-19,1C上,2.2,3.1,3.5,52,69.23076923076923,0.0,29,72.41379310344827,0.0,40,0.0,10.0,19,0.0,10.526315789473685,25,0.0,8.0,12,0.0,0.0,36.0,1,0.0,5.0,5.0,1,2,5
20250419TMG11,2025-04-19,1C下,3.4,2.7,2.8,58,63.793103448275865,0.0,30,60.0,0.0,32,0.0,0.0,16,0.0,0.0,45,0.0,8.88888888888889,21,0.0,9.523809523809524,28.0,1,0.0,3.0,5.0,1,3,2
20250419TMG12,2025-04-19,1C上,2.1,4.1,2.3,56,69.64285714285714,0.0,28,64.28571428571429,0.0,44,0.0,9.090909090909092,22,0.0,9.090909090909092,43,0.0,13.953488372093023,22,0.0,18.181818181818183,33.0,1,0.0,4.0,4.0,1,3,6
20250420TMG01,2025-04-20,1C上,3.0,3.4,2.9,11,0.0,0.0,11,0.0,0.0,31,0.0,3.225806451612903,18,0.0,5.555555555555555,35,0.0,2.857142857142857,18,0.0,0.0,30.0,1,0.0,5.0,5.0,6,5,3
20250420TMG02,2025-04-20,同じ,3.7,3.7,3.9,31,35.483870967741936,0.0,17,35.294117647058826,0.0,41,0.0,2.4390243902439024,19,0.0,0.0,34,0.0,2.9411764705882355,19,0.0,5.2631578947368425,24.0,3,5.0,2.0,1.0,1,3,6
20250420TMG03,2025-04-20,1C上,2.4,4.0,3.0,30,46.666666666666664,0.0,13,46.15384615384615,0.0,40,0.0,0.0,20,0.0,0.0,39,0.0,7.6923076923076925,18,0.0,11.11111111111111,20.0,5,8.0,2.0,5.0,2,4,3
20250420TMG04,2025-04-20,1C上,3.1,3.2,3.5,26,23.076923076923077,0.0,15,20.0,0.0,25,0.0,8.0,12,0.0,8.333333333333334,38,0.0,7.894736842105263,15,0.0,20.0,26.0,3,5.0,5.0,5.0,1,2,3
20250420TMG05,2025-04-20,1C上,3.1,4.2,4.2,22,40.90909090909091,0.0,10,40.0,0.0,33,0.0,6.0606060606060606,15,0.0,6.666666666666667,46,0.0,34.78260869565217,27,0.0,40.74074074074074,36.0,1,0.0,5.0,5.0,3,5,2
20250420TMG06,2025-04-20,1C下,3.5,3.4,2.9,35,51.42857142857143,0.0,19,57.89473684210526,0.0,41,0.0,2.4390243902439024,20,0.0,0.0,32,0.0,6.25,14,0.0,0.0,26.0,2,5.0,5.0,2.0,2,6,1
20250420TMG07,2025-04-20,1C上,2.3,4.6,2.3,48,72.91666666666667,0.0,23,69.56521739130434,0.0,32,0.0,6.25,24,0.0,4.166666666666667,36,0.0,5.555555555555555,20,0.0,10.0,34.0,1,0.0,4.0,5.0,1,3,5
20250420TMG08,2025-04-20,1C上,2.7,3.9,2.7,42,59.523809523809526,0.0,22,59.09090909090909,0.0,48,0.0,4.166666666666667,21,0.0,9.523809523809524,36,0.0,5.555555555555555,21,0.0,9.523809523809524,18.0,6,15.0,2.0,2.0,1,3,5
20250420TMG09,2025-04-20,1C上,2.5,4.0,3.6,61,63.9344262295082,0.0,31,58.064516129032256,0.0,42,0.0,7.142857142857143,24,0.0,8.333333333333334,42,0.0,7.142857142857143,19,0.0,15.789473684210526,32.0,1,0.0,3.0,5.0,1,2,5
20250420TMG10,2025-04-20,1C上,2.3,2.9,3.3,56,73.21428571428571,0.0,22,68.18181818181819,0.0,42,0.0,4.761904761904762,21,0.0,0.0,27,0.0,0.0,11,0.0,0.0,34.0,1,0.0,5.0,4.0,1,2,3
20250420TMG12,2025-04-20,1C上,2.9,3.3,2.5,55,70.9090909090909,0.0,27,66.66666666666667,0.0,29,0.0,6.896551724137931,18,0.0,5.555555555555555,44,0.0,6.818181818181818,21,0.0,9.523809523809524,34.0,1,0.0,5.0,5.0,1,4,2
20250422TMG01,2025-04-22,1C下,3.4,3.1,4.9,47,44.680851063829785,0.0,26,57.69230769230769,0.0,41,0.0,9.75609756097561,20,0.0,10.0,33,0.0,12.121212121212121,20,0.0,20.0,28.0,2,4.0,4.0,5.0,3,1,4
20250422TMG02,2025-04-22,1C下,3.5,2.3,3.3,34,14.705882352941176,0.0,18,22.22222222222222,0.0,32,0.0,0.0,17,0.0,0.0,28,0.0,0.0,12,0.0,0.0,32.0,2,4.0,4.0,5.0,4,5,1
20250422TMG03,2025-04-22,1C下,3.1,2.9,3.1,18,27.77777777777778,0.0,10,20.0,0.0,35,0.0,5.714285714285714,18,0.0,5.555555555555555,40,0.0,7.5,20,0.0,15.0,30.0,2,5.0,5.0,2.0,2,4,1
20250422TMG05,2025-04-22,1C下,3.5,2.7,2.3,36,50.0,0.0,19,57.89473684210526,0.0,33,0.0,0.0,17,0.0,0.0,43,0.0,11.627906976744185,23,0.0,17.391304347826086,22.0,3,14.0,5.0,1.0,1,5,3
20250422TMG06,2025-04-22,1C上,2.9,4.0,2.4,43,60.46511627906977,0.0,20,45.0,0.0,40,0.0,2.5,21,0.0,4.761904761904762,34,0.0,17.647058823529413,13,0.0,7.6923076923076925,38.0,1,0.0,5.0,5.0,3,4,5
20250422TMG07,2025-04-22,1C下,2.9,2.8,3.2,37,48.648648648648646,0.0,20,40.0,0.0,36,0.0,2.7777777777777777,16,0.0,6.25,55,0.0,1.8181818181818181,33,0.0,3.0303030303030303,24.0,5,4.0,4.0,1.0,2,3,6
20250422TMG09,2025-04-22,1C上,2.1,4.4,4.7,50,60.0,0.0,27,66.66666666666667,0.0,28,0.0,0.0,13,0.0,0.0,23,0.0,13.043478260869565,21,0.0,14.285714285714286,32.0,1,0.0,5.0,3.0,1,5,2
20250422TMG10,2025-04-22,1C上,2.2,2.8,2.6,53,69.81132075471699,0.0,30,73.33333333333333,0.0,43,0.0,2.3255813953488373,21,0.0,0.0,31,0.0,0.0,18,0.0,0.0,34.0,1,0.0,4.0,4.0,1,4,5
20250422TMG11,2025-04-22,1C上,2.9,3.2,4.2,56,71.42857142857143,0.0,28,67.85714285714286,0.0,26,0.0,7.6923076923076925,13,0.0,7.6923076923076925,47,0.0,36.170212765957444,28,0.0,42.857142857142854,34.0,2,1.0,5.0,4.0,4,3,6
20250422TMG12,2025-04-22,1C上,3.0,3.1,3.0,51,66.66666666666667,0.0,22,72.72727272727273,0.0,39,0.0,2.5641025641025643,20,0.0,5.0,46,0.0,13.043478260869565,19,0.0,15.789473684210526,28.0,2,2.0,4.0,5.0,1,5,2
20250423TMG01,2025-04-23,1C下,5.8,3.9,3.6,26,23.076923076923077,0.0,18,22.22222222222222,0.0,30,0.0,3.3333333333333335,16,0.0,6.25,41,0.0,7.317073170731708,18,0.0,16.666666666666668,26.0,2,1.0,3.0,3.0,5,1,3
20250423TMG02,2025-04-23,1C下,3.4,3.2,2.9,24,37.5,0.0,13,46.15384615384615,0.0,27,0.0,7.407407407407407,14,0.0,7.142857142857143,46,0.0,8.695652173913043,19,0.0,15.789473684210526,28.0,2,10.0,5.0,5.0,1,2,4
20250423TMG03,2025-04-23,1C上,2.4,3.6,3.5,31,45.16129032258065,0.0,13,38.46153846153846,0.0,34,0.0,2.9411764705882355,17,0.0,0.0,26,0.0,7.6923076923076925,13,0.0,0.0,19.0,5,8.0,2.0,5.0,4,6,2
20250423TMG04,2025-04-23,1C上,3.4,3.5,3.4,48,43.75,0.0,27,55.55555555555556,0.0,41,0.0,9.75609756097561,17,0.0,11.764705882352942,34,0.0,5.882352941176471,17,0.0,0.0,31.0,1,0.0,5.0,5.0,3,4,1
20250423TMG05,2025-04-23,同じ,3.7,3.7,3.4,32,37.5,0.0,18,38.888888888888886,0.0,83,0.0,0.0,42,0.0,0.0,43,0.0,13.953488372093023,18,0.0,16.666666666666668,25.0,3,7.0,2.0,5.0,1,3,4
20250423TMG06,2025-04-23,1C下,3.2,2.3,3.3,31,41.935483870967744,0.0,12,41.666666666666664,0.0,33,0.0,21.21212121212121,16,0.0,12.5,29,0.0,0.0,13,0.0,0.0,28.0,2,5.0,5.0,5.0,3,2,5
20250423TMG07,2025-04-23,1C上,3.2,3.7,2.3,29,34.48275862068966,0.0,15,26.666666666666668,0.0,25,0.0,0.0,15,0.0,0.0,32,0.0,12.5,12,0.0,16.666666666666668,24.0,3,12.0,4.0,3.0,3,6,4
20250423TMG08,2025-04-23,1C上,1.9,4.3,2.5,41,46.34146341463415,0.0,22,45.45454545454545,0.0,21,0.0,4.761904761904762,18,0.0,0.0,45,0.0,6.666666666666667,22,0.0,9.090909090909092,27.0,2,4.0,5.0,5.0,1,6,4
20250423TMG09,2025-04-23,1C上,3.5,3.7,2.6,37,51.351351351351354,0.0,20,60.0,0.0,83,0.0,0.0,42,0.0,0.0,41,0.0,17.073170731707318,20,0.0,10.0,27.0,1,0.0,5.0,4.0,4,2,1
20250423TMG10,2025-04-23,1C下,3.4,3.3,2.6,35,40.0,0.0,19,47.36842105263158,0.0,30,0.0,6.666666666666667,18,0.0,0.0,32,0.0,0.0,19,0.0,0.0,34.0,1,0.0,5.0,5.0,3,1,6
20250423TMG11,2025-04-23,1C上,2.5,3.7,2.6,62,64.51612903225806,0.0,30,56.666666666666664,0.0,42,0.0,2.380952380952381,20,0.0,0.0,41,0.0,9.75609756097561,19,0.0,10.526315789473685,29.0,3,3.0,3.0,5.0,1,4,2
20250423TMG12,2025-04-23,1C下,3.0,2.9,3.3,52,67.3076923076923,0.0,22,72.72727272727273,0.0,42,0.0,4.761904761904762,22,0.0,0.0,46,0.0,10.869565217391305,24,0.0,20.833333333333332,36.0,1,0.0,5.0,5.0,1,2,3
20250426TMG01,2025-04-26,1C上,2.6,3.1,3.9,39,25.641025641025642,0.0,18,38.888888888888886,0.0,26,0.0,0.0,12,0.0,0.0,44,0.0,4.545454545454546,18,0.0,5.555555555555555,29.0,3,4.0,5.0,5.0,1,2,5
20250426TMG02,2025-04-26,1C上,3.2,3.5,2.5,36,44.44444444444444,0.0,17,58.8235294117647,0.0,36,0.0,2.7777777777777777,18,0.0,0.0,39,0.0,12.820512820512821,17,0.0,17.647058823529413,37.0,1,0.0,4.0,5.0,1,3,5
20250426TMG03,2025-04-26,1C上,3.2,3.9,3.3,37,48.648648648648646,0.0,15,53.333333333333336,0.0,39,0.0,0.0,17,0.0,0.0,42,0.0,16.666666666666668,20,0.0,25.0,34.0,1,0.0,5.0,5.0,3,4,1
20250426TMG05,2025-04-26,1C下,5.1,3.8,2.5,17,23.529411764705884,0.0,5,20.0,0.0,37,0.0,0.0,17,0.0,0.0,42,0.0,14.285714285714286,18,0.0,5.555555555555555,26.0,3,10.0,4.0,1.0,4,3,5
20250426TMG06,2025-04-26,1C上,2.9,3.6,2.1,27,25.925925925925927,0.0,13,30.76923076923077,0.0,38,0.0,2.6315789473684212,20,0.0,5.0,45,0.0,20.0,17,0.0,29.41176470588235,29.0,2,2.0,2.0,5.0,3,2,4
20250426TMG07,2025-04-26,1C上,2.7,3.4,3.5,33,39.39393939393939,0.0,18,50.0,0.0,29,0.0,0.0,13,0.0,0.0,43,0.0,4.651162790697675,24,0.0,4.166666666666667,26.0,3,2.0,3.0,5.0,4,2,5
20250426TMG08,2025-04-26,1C上,3.0,4.4,3.5,64,76.5625,0.0,29,82.75862068965517,0.0,36,0.0,0.0,16,0.0,0.0,34,0.0,11.764705882352942,18,0.0,5.555555555555555,36.0,2,1.0,5.0,5.0,2,4,1
20250426TMG09,2025-04-26,1C上,2.0,3.1,2.2,39,71.7948717948718,0.0,20,80.0,0.0,49,0.0,2.0408163265306123,30,0.0,0.0,40,0.0,25.0,17,0.0,35.294117647058826,37.0,1,0.0,5.0,5.0,1,4,3
20250426TMG10,2025-04-26,同じ,2.5,2.5,3.1,40,65.0,0.0,24,70.83333333333333,0.0,43,0.0,9.30232558139535,23,0.0,4.3478260869565215,38,0.0,2.6315789473684212,20,0.0,0.0,35.0,1,0.0,5.0,5.0,1,2,4
20250426TMG11,2025-04-26,1C上,2.7,3.4,3.6,55,54.54545454545455,0.0,24,62.5,0.0,26,0.0,7.6923076923076925,10,0.0,10.0,42,0.0,9.523809523809524,21,0.0,4.761904761904762,32.0,1,0.0,5.0,2.0,2,1,6
20250426TMG12,2025-04-26,1C下,3.5,3.2,2.8,59,64.40677966101696,0.0,26,65.38461538461539,0.0,35,0.0,2.857142857142857,18,0.0,5.555555555555555,32,0.0,18.75,21,0.0,9.523809523809524,35.0,1,0.0,5.0,5.0,4,1,3
20250427TMG01,2025-04-27,1C上,3.3,4.0,3.5,33,33.333333333333336,0.0,16,25.0,0.0,32,0.0,6.25,14,0.0,7.142857142857143,40,0.0,2.5,20,0.0,0.0,28.0,2,2.0,4.0,5.0,1,3,4
20250427TMG02,2025-04-27,1C下,4.0,3.8,2.2,22,18.181818181818183,0.0,13,30.76923076923077,0.0,22,0.0,0.0,7,0.0,0.0,39,0.0,5.128205128205129,13,0.0,7.6923076923076925,27.0,3,4.0,4.0,4.0,2,4,6
20250427TMG03,2025-04-27,1C上,2.9,4.3,3.4,31,54.83870967741935,0.0,15,60.0,0.0,30,0.0,0.0,12,0.0,0.0,37,0.0,18.91891891891892,20,0.0,5.0,27.0,2,6.0,4.0,1.0,1,2,3
20250427TMG06,2025-04-27,1C上,2.4,3.4,3.6,29,51.724137931034484,0.0,13,53.84615384615385,0.0,39,0.0,2.5641025641025643,18,0.0,0.0,36,0.0,8.333333333333334,21,0.0,14.285714285714286,30.0,1,0.0,4.0,5.0,3,2,1
20250427TMG07,2025-04-27,同じ,2.3,2.3,3.5,22,50.0,0.0,10,20.0,0.0,34,0.0,5.882352941176471,17,0.0,0.0,31,0.0,12.903225806451612,14,0.0,14.285714285714286,26.0,3,3.0,5.0,3.0,1,3,4
20250427TMG08,2025-04-27,1C上,2.8,4.1,3.8,49,73.46938775510205,0.0,23,73.91304347826087,0.0,29,0.0,0.0,15,0.0,0.0,31,0.0,9.67741935483871,18,0.0,11.11111111111111,30.0,2,4.0,4.0,5.0,1,5,6
20250427TMG09,2025-04-27,1C上,3.8,4.2,3.1,44,56.81818181818182,0.0,22,63.63636363636363,0.0,36,0.0,5.555555555555555,18,0.0,5.555555555555555,43,0.0,9.30232558139535,16,0.0,12.5,32.0,1,0.0,3.0,5.0,1,6,2
20250427TMG11,2025-04-27,1C上,3.5,4.4,2.6,52,59.61538461538461,0.0,26,69.23076923076923,0.0,39,0.0,2.5641025641025643,19,0.0,5.2631578947368425,24,0.0,8.333333333333334,8,0.0,0.0,32.0,1,0.0,5.0,5.0,1,2,
20250427TMG12,2025-04-27,1C上,2.3,3.3,3.3,59,66.10169491525424,0.0,30,70.0,0.0,31,0.0,9.67741935483871,15,0.0,6.666666666666667,37,0.0,13.513513513513514,17,0.0,17.647058823529413,21.0,5,11.0,3.0,1.0,3,1,5
20250428TMG01,2025-04-28,1C下,4.7,2.9,3.8,27,51.851851851851855,0.0,16,62.5,0.0,38,0.0,5.2631578947368425,20,0.0,5.0,27,0.0,7.407407407407407,11,0.0,0.0,34.0,1,0.0,5.0,5.0,4,1,2
20250428TMG02,2025-04-28,1C上,2.8,4.3,3.8,31,35.483870967741936,0.0,12,33.333333333333336,0.0,16,0.0,6.25,6,0.0,0.0,36,0.0,11.11111111111111,16,0.0,12.5,28.0,2,2.0,2.0,4.0,1,3,2
20250428TMG03,2025-04-28,1C下,3.9,3.1,2.4,18,22.22222222222222,0.0,7,42.857142857142854,0.0,50,0.0,2.0,31,0.0,0.0,51,0.0,9.803921568627452,21,0.0,14.285714285714286,30.0,1,0.0,5.0,5.0,1,4,6
20250428TMG04,2025-04-28,1C上,2.6,3.8,3.3,32,50.0,0.0,14,42.857142857142854,0.0,44,0.0,9.090909090909092,19,0.0,15.789473684210526,34,0.0,2.9411764705882355,18,0.0,5.555555555555555,36.0,1,0.0,5.0,5.0,2,1,5
20250428TMG05,2025-04-28,1C上,3.0,3.6,2.5,18,5.555555555555555,0.0,9,11.11111111111111,0.0,41,0.0,7.317073170731708,22,0.0,4.545454545454546,33,0.0,12.121212121212121,13,0.0,0.0,27.0,2,3.0,3.0,5.0,2,1,3
20250428TMG06,2025-04-28,1C下,3.6,3.3,3.5,41,29.26829268292683,0.0,18,27.77777777777778,0.0,37,0.0,0.0,18,0.0,0.0,34,0.0,8.823529411764707,18,0.0,11.11111111111111,19.0,5,13.0,4.0,1.0,1,3,2
20250428TMG07,2025-04-28,1C下,3.8,3.1,3.2,33,63.63636363636363,0.0,18,72.22222222222223,0.0,36,0.0,8.333333333333334,20,0.0,10.0,48,0.0,6.25,23,0.0,4.3478260869565215,23.0,3,5.0,3.0,4.0,1,2,3
20250428TMG08,2025-04-28,1C上,3.0,3.7,3.5,40,42.5,0.0,26,42.30769230769231,0.0,30,0.0,6.666666666666667,9,0.0,11.11111111111111,52,0.0,5.769230769230769,29,0.0,6.896551724137931,24.0,3,8.0,3.0,2.0,5,1,3
20250428TMG09,2025-04-28,1C下,2.3,1.7,3.3,50,60.0,0.0,26,61.53846153846154,0.0,38,0.0,7.894736842105263,17,0.0,0.0,21,0.0,4.761904761904762,11,0.0,9.090909090909092,32.0,1,0.0,5.0,3.0,1,2,4
20250428TMG10,2025-04-28,1C上,2.9,3.3,2.4,48,68.75,0.0,26,73.07692307692308,0.0,32,0.0,9.375,16,0.0,6.25,51,0.0,9.803921568627452,21,0.0,14.285714285714286,34.0,1,0.0,5.0,5.0,1,5,2
20250428TMG12,2025-04-28,1C上,2.5,3.7,2.6,40,65.0,0.0,24,70.83333333333333,0.0,33,0.0,3.0303030303030303,15,0.0,6.666666666666667,39,0.0,15.384615384615385,16,0.0,6.25,33.0,1,0.0,5.0,5.0,1,4,2
20250429TMG01,2025-04-29,1C上,3.4,4.5,2.0,30,33.333333333333336,0.0,16,37.5,0.0,34,0.0,2.9411764705882355,21,0.0,4.761904761904762,12,0.0,0.0,9,0.0,0.0,31.0,1,0.0,3.0,5.0,2,3,6
20250429TMG03,2025-04-29,1C上,2.6,3.0,3.4,36,38.888888888888886,0.0,19,36.8421052631579,0.0,43,0.0,0.0,20,0.0,0.0,40,0.0,20.0,21,0.0,28.571428571428573,30.0,1,0.0,5.0,5.0,2,5,3
20250429TMG04,2025-04-29,1C下,3.5,3.3,4.2,27,29.62962962962963,0.0,15,33.333333333333336,0.0,37,0.0,0.0,19,0.0,0.0,29,0.0,3.4482758620689653,17,0.0,5.882352941176471,24.0,4,12.0,3.0,1.0,2,5,3
20250429TMG05,2025-04-29,1C上,2.8,3.8,2.5,36,63.888888888888886,0.0,14,78.57142857142857,0.0,46,0.0,0.0,21,0.0,0.0,36,0.0,8.333333333333334,18,0.0,0.0,36.0,1,0.0,5.0,5.0,5,2,6
20250429TMG06,2025-04-29,1C下,3.0,1.7,3.1,64,75.0,0.0,30,80.0,0.0,39,0.0,7.6923076923076925,18,0.0,0.0,41,0.0,7.317073170731708,25,0.0,4.0,30.0,1,0.0,5.0,5.0,5,1,2
20250429TMG08,2025-04-29,1C下,3.5,1.5,2.5,59,62.71186440677966,0.0,27,62.96296296296296,0.0,16,0.0,0.0,12,0.0,0.0,34,0.0,11.764705882352942,14,0.0,0.0,27.0,3,3.0,5.0,5.0,1,2,4
20250429TMG09,2025-04-29,1C上,3.5,3.9,3.5,33,45.45454545454545,0.0,12,58.333333333333336,0.0,32,0.0,12.5,23,0.0,8.695652173913043,38,0.0,21.05263157894737,22,0.0,27.272727272727273,29.0,2,1.0,4.0,5.0,1,2,5
20250429TMG10,2025-04-29,1C上,2.3,3.4,2.8,59,64.40677966101696,0.0,31,67.74193548387096,0.0,32,0.0,15.625,14,0.0,14.285714285714286,34,0.0,17.647058823529413,23,0.0,8.695652173913043,30.0,1,0.0,5.0,1.0,1,4,3
20250429TMG11,2025-04-29,1C上,1.8,2.3,3.5,52,80.76923076923077,0.0,21,71.42857142857143,0.0,27,0.0,0.0,12,0.0,0.0,35,0.0,8.571428571428571,19,0.0,10.526315789473685,31.0,2,2.0,4.0,5.0,1,5,4
20250429TMG12,2025-04-29,1C上,2.3,3.6,2.9,51,60.78431372549019,0.0,27,62.96296296296296,0.0,42,0.0,7.142857142857143,23,0.0,4.3478260869565215,36,0.0,13.88888888888889,15,0.0,13.333333333333334,32.0,1,0.0,4.0,5.0,1,3,6
20250430TMG01,2025-04-30,1C上,2.6,3.8,3.9,40,27.5,0.0,18,44.44444444444444,0.0,22,0.0,4.545454545454546,8,0.0,12.5,45,0.0,4.444444444444445,17,0.0,5.882352941176471,28.0,2,2.0,5.0,5.0,1,3,4
20250430TMG02,2025-04-30,1C上,3.5,3.7,3.5,41,60.97560975609756,0.0,24,70.83333333333333,0.0,34,0.0,2.9411764705882355,16,0.0,6.25,40,0.0,2.5,21,0.0,0.0,34.0,1,0.0,5.0,3.0,5,1,4
20250430TMG04,2025-04-30,1C上,3.3,4.2,3.4,34,35.294117647058826,0.0,17,29.41176470588235,0.0,36,0.0,5.555555555555555,19,0.0,5.2631578947368425,38,0.0,18.42105263157895,21,0.0,4.761904761904762,30.0,1,0.0,4.0,5.0,1,3,4
20250430TMG05,2025-04-30,1C下,2.8,2.5,2.5,41,68.29268292682927,0.0,25,56.0,0.0,44,0.0,9.090909090909092,22,0.0,4.545454545454546,37,0.0,8.108108108108109,18,0.0,0.0,32.0,1,0.0,4.0,4.0,3,1,6
20250430TMG06,2025-04-30,1C上,2.3,3.5,3.8,23,52.17391304347826,0.0,11,27.272727272727273,0.0,37,0.0,2.7027027027027026,19,0.0,0.0,36,0.0,8.333333333333334,17,0.0,11.764705882352942,33.0,1,0.0,5.0,2.0,1,5,4
20250430TMG07,2025-04-30,1C上,2.8,4.5,3.6,31,38.70967741935484,0.0,13,38.46153846153846,0.0,35,0.0,2.857142857142857,22,0.0,4.545454545454546,43,0.0,9.30232558139535,22,0.0,4.545454545454546,30.0,1,0.0,5.0,3.0,1,2,4
20250430TMG08,2025-04-30,1C上,3.6,3.9,2.8,48,50.0,0.0,27,40.74074074074074,0.0,40,0.0,0.0,16,0.0,0.0,35,0.0,17.142857142857142,24,0.0,8.333333333333334,37.0,1,0.0,5.0,5.0,1,3,2
20250430TMG09,2025-04-30,1C上,2.0,3.7,2.4,40,72.5,0.0,21,80.95238095238095,0.0,31,0.0,6.451612903225806,10,0.0,10.0,52,0.0,9.615384615384615,23,0.0,13.043478260869565,37.0,1,0.0,5.0,5.0,1,2,5
20250430TMG10,2025-04-30,1C上,2.9,3.6,2.9,48,68.75,0.0,27,74.07407407407408,0.0,39,0.0,2.5641025641025643,20,0.0,5.0,43,0.0,4.651162790697675,16,0.0,6.25,33.0,1,0.0,5.0,5.0,1,4,
20250430TMG12,2025-04-30,1C下,3.5,3.1,2.5,52,59.61538461538461,0.0,27,70.37037037037037,0.0,36,0.0,8.333333333333334,20,0.0,10.0,42,0.0,14.285714285714286,19,0.0,5.2631578947368425,38.0,1,0.0,5.0,5.0,1,3,5
20250501TMG01,2025-05-01,1C上,2.1,2.7,3.8,37,37.83783783783784,0.0,20,35.0,0.0,33,0.0,6.0606060606060606,18,0.0,0.0,39,0.0,2.5641025641025643,19,0.0,0.0,34.0,1,0.0,5.0,5.0,1,2,3
20250501TMG02,2025-05-01,1C上,2.4,3.4,3.4,22,27.272727272727273,0.0,10,30.0,0.0,32,0.0,9.375,17,0.0,5.882352941176471,44,0.0,9.090909090909092,16,0.0,12.5,33.0,1,0.0,4.0,5.0,1,4,3
20250501TMG04,2025-05-01,1C上,2.0,2.6,2.7,54,51.851851851851855,0.0,23,60.869565217391305,0.0,50,0.0,2.0,30,0.0,0.0,40,0.0,20.0,21,0.0,28.571428571428573,35.0,1,0.0,4.0,4.0,1,4,5
20250501TMG05,2025-05-01,1C上,2.3,3.8,3.5,34,47.05882352941177,0.0,13,61.53846153846154,0.0,38,0.0,0.0,18,0.0,0.0,36,0.0,16.666666666666668,25,0.0,8.0,28.0,2,2.0,4.0,5.0,1,3,5
20250501TMG07,2025-05-01,1C下,3.2,2.1,2.6,28,28.571428571428573,0.0,16,31.25,0.0,40,0.0,2.5,21,0.0,4.761904761904762,38,0.0,10.526315789473685,18,0.0,5.555555555555555,35.0,1,0.0,5.0,3.0,1,6,4
20250501TMG08,2025-05-01,1C下,4.2,3.7,3.1,16,25.0,0.0,6,16.666666666666668,0.0,26,0.0,0.0,13,0.0,0.0,32,0.0,9.375,19,0.0,10.526315789473685,30.0,3,2.0,5.0,5.0,5,1,4
20250501TMG09,2025-05-01,1C上,2.8,4.0,3.3,49,51.02040816326531,0.0,28,42.857142857142854,0.0,38,0.0,0.0,18,0.0,0.0,52,0.0,3.8461538461538463,29,0.0,6.896551724137931,32.0,1,0.0,3.0,5.0,1,5,3
20250501TMG10,2025-05-01,1C上,3.0,3.6,1.8,31,54.83870967741935,0.0,16,62.5,0.0,37,0.0,8.108108108108109,21,0.0,9.523809523809524,45,0.0,22.22222222222222,19,0.0,31.57894736842105,30.0,1,0.0,3.0,5.0,6,2,5
20250501TMG12,2025-05-01,1C上,2.5,3.4,2.8,53,60.37735849056604,0.0,28,71.42857142857143,0.0,33,0.0,12.121212121212121,24,0.0,8.333333333333334,31,0.0,12.903225806451612,15,0.0,13.333333333333334,26.0,4,12.0,4.0,2.0,1,2,3
20250506TMG01,2025-05-06,1C上,3.2,3.5,3.0,27,25.925925925925927,0.0,16,25.0,0.0,42,0.0,7.142857142857143,21,0.0,0.0,45,0.0,8.88888888888889,23,0.0,4.3478260869565215,30.0,2,2.0,5.0,5.0,2,1,3
20250506TMG02,2025-05-06,1C上,3.1,3.2,4.0,38,34.21052631578947,0.0,17,29.41176470588235,0.0,28,0.0,7.142857142857143,14,0.0,0.0,50,0.0,4.0,26,0.0,0.0,28.0,2,4.0,5.0,5.0,1,5,3
20250506TMG03,2025-05-06,1C上,1.9,3.0,2.9,30,40.0,0.0,15,33.333333333333336,0.0,35,0.0,2.857142857142857,24,0.0,4.166666666666667,38,0.0,13.157894736842104,22,0.0,13.636363636363637,33.0,1,0.0,5.0,5.0,4,5,1
20250506TMG04,2025-05-06,1C上,2.6,2.7,4.0,36,58.333333333333336,0.0,26,69.23076923076923,0.0,39,0.0,2.5641025641025643,22,0.0,0.0,20,0.0,5.0,8,0.0,12.5,30.0,3,4.0,4.0,5.0,1,3,2
20250506TMG07,2025-05-06,1C上,1.7,3.7,3.8,53,66.0377358490566,0.0,24,66.66666666666667,0.0,32,0.0,9.375,17,0.0,0.0,37,0.0,18.91891891891892,18,0.0,22.22222222222222,26.0,2,1.0,3.0,1.0,1,5,3
20250506TMG08,2025-05-06,1C下,3.5,3.3,3.4,53,58.490566037735846,0.0,27,66.66666666666667,0.0,42,0.0,0.0,19,0.0,0.0,37,0.0,8.108108108108109,20,0.0,10.0,26.0,3,5.0,4.0,1.0,1,3,2
20250506TMG09,2025-05-06,1C上,2.5,3.6,2.4,49,46.93877551020408,0.0,27,40.74074074074074,0.0,33,0.0,0.0,15,0.0,0.0,32,0.0,6.25,14,0.0,7.142857142857143,31.0,1,0.0,5.0,3.0,1,3,4
20250506TMG10,2025-05-06,1C上,2.6,3.7,2.5,53,66.0377358490566,0.0,27,59.25925925925926,0.0,30,0.0,3.3333333333333335,16,0.0,6.25,30,0.0,6.666666666666667,13,0.0,7.6923076923076925,28.0,2,4.0,5.0,1.0,1,6,4
20250506TMG11,2025-05-06,1C上,2.7,3.2,2.6,43,65.11627906976744,0.0,19,63.1578947368421,0.0,48,0.0,6.25,24,0.0,12.5,40,0.0,10.0,19,0.0,10.526315789473685,26.0,2,10.0,3.0,5.0,1,2,5
20250506TMG12,2025-05-06,1C上,3.0,3.3,2.1,60,68.33333333333333,0.0,34,76.47058823529412,0.0,31,0.0,9.67741935483871,18,0.0,5.555555555555555,26,0.0,26.923076923076923,10,0.0,40.0,32.0,1,0.0,4.0,4.0,3,1,6
20250507TMG01,2025-05-07,同じ,1.8,1.8,3.2,33,63.63636363636363,0.0,20,50.0,0.0,13,0.0,0.0,3,0.0,0.0,35,0.0,2.857142857142857,12,0.0,0.0,34.0,1,0.0,4.0,5.0,1,3,4
20250507TMG02,2025-05-07,1C下,2.7,2.4,3.3,31,41.935483870967744,0.0,17,58.8235294117647,0.0,36,0.0,0.0,18,0.0,0.0,37,0.0,0.0,23,0.0,0.0,28.0,3,8.0,4.0,3.0,1,3,2
20250507TMG03,2025-05-07,1C下,3.6,0.0,2.2,26,46.15384615384615,0.0,8,37.5,0.0,0,0.0,0.0,0,0.0,0.0,44,0.0,13.636363636363637,24,0.0,8.333333333333334,30.0,2,1.0,5.0,5.0,1,6,2
20250507TMG04,2025-05-07,1C下,2.4,2.3,3.3,34,35.294117647058826,0.0,15,40.0,0.0,33,0.0,3.0303030303030303,12,0.0,8.333333333333334,35,0.0,0.0,16,0.0,0.0,26.0,4,7.0,5.0,2.0,1,5,2
20250507TMG05,2025-05-07,1C下,3.3,2.9,2.9,25,44.0,0.0,11,45.45454545454545,0.0,37,0.0,5.405405405405405,20,0.0,10.0,28,0.0,14.285714285714286,13,0.0,23.076923076923077,27.0,3,3.0,2.0,5.0,1,3,2
20250507TMG06,2025-05-07,1C下,3.1,0.0,2.8,34,50.0,0.0,14,28.571428571428573,0.0,7,0.0,0.0,0,0.0,0.0,40,0.0,10.0,21,0.0,9.523809523809524,24.0,4,6.0,5.0,1.0,3,6,5
20250507TMG07,2025-05-07,1C上,2.8,3.3,0.0,39,66.66666666666667,0.0,21,71.42857142857143,0.0,23,0.0,0.0,9,0.0,0.0,0,0.0,0.0,0,0.0,0.0,30.0,3,6.0,5.0,1.0,2,6,5
20250507TMG08,2025-05-07,1C上,2.4,2.8,2.9,49,57.142857142857146,0.0,24,58.333333333333336,0.0,44,0.0,11.363636363636363,19,0.0,10.526315789473685,44,0.0,2.272727272727273,18,0.0,5.555555555555555,25.0,4,9.0,5.0,2.0,1,2,4
20250507TMG09,2025-05-07,1C上,3.3,3.4,3.7,38,50.0,0.0,18,44.44444444444444,0.0,50,0.0,0.0,25,0.0,0.0,52,0.0,21.153846153846153,26,0.0,19.23076923076923,36.0,1,0.0,5.0,5.0,2,1,3
20250507TMG10,2025-05-07,1C上,2.7,3.1,2.7,50,74.0,0.0,27,85.18518518518519,0.0,23,0.0,8.695652173913043,10,0.0,0.0,39,0.0,0.0,18,0.0,0.0,30.0,2,4.0,5.0,5.0,2,1,6
20250507TMG11,2025-05-07,1C上,2.5,3.2,3.8,43,60.46511627906977,0.0,23,60.869565217391305,0.0,47,0.0,4.25531914893617,23,0.0,0.0,45,0.0,4.444444444444445,18,0.0,0.0,29.0,1,0.0,5.0,5.0,3,4,1
20250507TMG12,2025-05-07,1C上,2.7,3.4,2.7,49,69.38775510204081,0.0,28,64.28571428571429,0.0,24,0.0,0.0,8,0.0,0.0,52,0.0,11.538461538461538,21,0.0,23.80952380952381,30.0,1,0.0,5.0,5.0,2,4,1
20250508TMG01,2025-05-08,1C上,3.1,4.9,3.9,39,46.15384615384615,0.0,18,61.111111111111114,0.0,39,0.0,7.6923076923076925,16,0.0,6.25,26,0.0,0.0,15,0.0,0.0,29.0,1,0.0,4.0,5.0,1,4,5
20250508TMG02,2025-05-08,1C上,2.5,3.8,1.8,29,37.93103448275862,0.0,13,30.76923076923077,0.0,39,0.0,0.0,22,0.0,0.0,41,0.0,17.073170731707318,18,0.0,27.77777777777778,24.0,4,6.0,3.0,5.0,1,2,3
20250508TMG03,2025-05-08,1C上,2.0,3.1,0.0,23,43.47826086956522,0.0,9,44.44444444444444,0.0,27,0.0,7.407407407407407,11,0.0,0.0,6,0.0,0.0,0,0.0,0.0,30.0,1,0.0,4.0,5.0,3,5,6
20250508TMG04,2025-05-08,1C下,4.4,3.7,2.3,40,45.0,0.0,16,56.25,0.0,36,0.0,0.0,18,0.0,0.0,53,0.0,7.547169811320755,28,0.0,10.714285714285714,30.0,1,0.0,4.0,5.0,3,2,4
20250508TMG05,2025-05-08,1C上,3.0,3.6,5.0,25,44.0,0.0,14,35.714285714285715,0.0,34,0.0,2.9411764705882355,18,0.0,5.555555555555555,16,0.0,0.0,4,0.0,0.0,24.0,3,8.0,2.0,5.0,1,2,4
20250508TMG06,2025-05-08,1C上,2.1,3.0,3.2,30,36.666666666666664,0.0,13,46.15384615384615,0.0,36,0.0,2.7777777777777777,16,0.0,6.25,43,0.0,9.30232558139535,21,0.0,9.523809523809524,24.0,4,11.0,5.0,1.0,3,4,5
20250508TMG07,2025-05-08,1C上,3.1,4.3,3.1,40,35.0,0.0,23,21.73913043478261,0.0,44,0.0,2.272727272727273,22,0.0,4.545454545454546,26,0.0,7.6923076923076925,12,0.0,0.0,31.0,1,0.0,5.0,5.0,1,2,3
20250508TMG08,2025-05-08,1C下,2.8,2.5,2.8,48,72.91666666666667,0.0,26,73.07692307692308,0.0,34,0.0,8.823529411764707,15,0.0,13.333333333333334,43,0.0,11.627906976744185,21,0.0,23.80952380952381,35.0,1,0.0,5.0,5.0,1,3,5
20250508TMG09,2025-05-08,1C下,2.5,2.4,3.5,51,49.01960784313726,0.0,24,41.666666666666664,0.0,33,0.0,3.0303030303030303,17,0.0,0.0,35,0.0,8.571428571428571,16,0.0,0.0,19.0,6,17.0,1.0,2.0,1,4,2
20250508TMG10,2025-05-08,1C下,2.3,2.2,2.9,58,56.89655172413793,0.0,28,57.142857142857146,0.0,41,0.0,4.878048780487805,22,0.0,4.545454545454546,46,0.0,8.695652173913043,22,0.0,13.636363636363637,33.0,1,0.0,5.0,5.0,3,5,1
20250508TMG11,2025-05-08,同じ,3.2,3.2,3.8,63,74.60317460317461,0.0,35,71.42857142857143,0.0,45,0.0,2.2222222222222223,24,0.0,0.0,45,0.0,6.666666666666667,19,0.0,5.2631578947368425,36.0,1,0.0,5.0,5.0,1,5,2
20250508TMG12,2025-05-08,1C上,2.7,3.7,2.7,41,58.53658536585366,0.0,16,68.75,0.0,37,0.0,0.0,17,0.0,0.0,52,0.0,9.615384615384615,29,0.0,10.344827586206897,30.0,1,0.0,4.0,5.0,5,3,1
20250509TMG01,2025-05-09,1C上,0.0,2.7,3.4,5,0.0,0.0,0,0.0,0.0,31,0.0,6.451612903225806,14,0.0,14.285714285714286,41,0.0,7.317073170731708,15,0.0,6.666666666666667,33.0,1,0.0,5.0,5.0,2,4,3
20250509TMG02,2025-05-09,1C上,2.1,3.8,2.5,27,40.74074074074074,0.0,13,61.53846153846154,0.0,40,0.0,0.0,23,0.0,0.0,36,0.0,8.333333333333334,15,0.0,13.333333333333334,37.0,1,0.0,5.0,5.0,3,4,6
20250509TMG03,2025-05-09,1C下,4.2,3.6,4.0,16,18.75,0.0,6,0.0,0.0,33,0.0,0.0,15,0.0,0.0,51,0.0,3.9215686274509802,27,0.0,0.0,24.0,3,11.0,2.0,4.0,5,2,3
20250509TMG04,2025-05-09,1C下,3.1,3.0,3.0,40,47.5,0.0,18,61.111111111111114,0.0,27,0.0,0.0,15,0.0,0.0,32,0.0,6.25,11,0.0,18.181818181818183,34.0,1,0.0,5.0,5.0,1,3,2
20250509TMG05,2025-05-09,1C下,3.6,3.3,3.0,27,48.148148148148145,0.0,9,44.44444444444444,0.0,32,0.0,0.0,18,0.0,0.0,46,0.0,8.695652173913043,24,0.0,4.166666666666667,23.0,4,7.0,4.0,1.0,1,5,3
20250509TMG06,2025-05-09,1C下,2.4,1.8,3.5,34,38.23529411764706,0.0,16,43.75,0.0,14,0.0,0.0,4,0.0,0.0,41,0.0,4.878048780487805,17,0.0,0.0,26.0,3,8.0,4.0,5.0,3,4,5
20250509TMG07,2025-05-09,1C上,3.0,3.8,0.0,61,67.21311475409836,0.0,35,74.28571428571429,0.0,34,0.0,0.0,16,0.0,0.0,7,0.0,14.285714285714286,1,0.0,100.0,29.0,2,4.0,2.0,5.0,1,2,4
20250509TMG08,2025-05-09,1C上,1.9,3.9,2.9,30,36.666666666666664,0.0,15,33.333333333333336,0.0,45,0.0,2.2222222222222223,19,0.0,5.2631578947368425,39,0.0,12.820512820512821,22,0.0,13.636363636363637,26.0,2,8.0,1.0,4.0,1,2,3
20250509TMG09,2025-05-09,1C下,3.3,3.0,3.1,39,48.717948717948715,0.0,19,42.10526315789474,0.0,35,0.0,2.857142857142857,24,0.0,4.166666666666667,27,0.0,7.407407407407407,13,0.0,0.0,36.0,1,0.0,5.0,5.0,3,5,1
20250509TMG10,2025-05-09,1C下,4.4,3.3,2.7,41,43.90243902439025,0.0,17,52.94117647058823,0.0,42,0.0,0.0,20,0.0,0.0,51,0.0,11.764705882352942,21,0.0,23.80952380952381,28.0,2,2.0,5.0,1.0,2,1,4
20250509TMG11,2025-05-09,1C上,2.7,2.9,3.4,31,41.935483870967744,0.0,18,61.111111111111114,0.0,38,0.0,5.2631578947368425,20,0.0,10.0,38,0.0,7.894736842105263,21,0.0,9.523809523809524,30.0,1,0.0,5.0,4.0,1,3,2
20250510TMG01,2025-05-10,1C下,3.6,3.3,3.3,22,22.727272727272727,0.0,12,16.666666666666668,0.0,24,0.0,0.0,10,0.0,0.0,36,0.0,0.0,17,0.0,0.0,28.0,2,6.0,4.0,5.0,4,1,2
20250510TMG02,2025-05-10,1C上,1.8,2.4,3.0,33,63.63636363636363,0.0,20,55.0,0.0,37,0.0,0.0,19,0.0,0.0,33,0.0,6.0606060606060606,12,0.0,16.666666666666668,32.0,1,0.0,4.0,5.0,1,5,2
20250510TMG03,2025-05-10,1C上,2.4,4.9,2.6,35,37.142857142857146,0.0,16,37.5,0.0,40,0.0,7.5,17,0.0,5.882352941176471,39,0.0,7.6923076923076925,16,0.0,6.25,25.0,3,5.0,3.0,5.0,4,1,5
20250510TMG04,2025-05-10,1C上,3.8,3.9,3.3,11,18.181818181818183,0.0,3,0.0,0.0,46,0.0,2.1739130434782608,20,0.0,5.0,38,0.0,0.0,23,0.0,0.0,24.0,4,3.0,2.0,5.0,2,6,5
20250510TMG05,2025-05-10,1C上,2.5,3.7,2.2,51,49.01960784313726,0.0,25,44.0,0.0,33,0.0,9.090909090909092,18,0.0,0.0,44,0.0,13.636363636363637,25,0.0,8.0,20.0,6,9.0,2.0,2.0,1,3,5
20250510TMG06,2025-05-10,1C下,4.2,3.0,2.5,17,17.647058823529413,0.0,7,0.0,0.0,28,0.0,0.0,16,0.0,0.0,30,0.0,6.666666666666667,13,0.0,7.6923076923076925,27.0,2,1.0,4.0,1.0,1,2,4
20250510TMG07,2025-05-10,1C下,4.1,3.0,2.3,23,30.434782608695652,0.0,12,16.666666666666668,0.0,37,0.0,2.7027027027027026,16,0.0,6.25,54,0.0,9.25925925925926,29,0.0,13.793103448275861,18.0,4,16.0,3.0,1.0,1,2,4
20250510TMG08,2025-05-10,1C下,2.5,2.3,3.2,44,59.09090909090909,0.0,22,59.09090909090909,0.0,34,0.0,2.9411764705882355,13,0.0,7.6923076923076925,36,0.0,2.7777777777777777,13,0.0,0.0,30.0,1,0.0,4.0,5.0,1,3,5
20250510TMG09,2025-05-10,1C上,2.5,3.7,2.7,30,40.0,0.0,13,38.46153846153846,0.0,37,0.0,0.0,18,0.0,0.0,40,0.0,0.0,19,0.0,0.0,32.0,3,4.0,5.0,5.0,3,1,4
20250510TMG10,2025-05-10,1C上,1.7,4.3,3.5,54,66.66666666666667,0.0,25,68.0,0.0,45,0.0,2.2222222222222223,23,0.0,4.3478260869565215,42,0.0,7.142857142857143,18,0.0,5.555555555555555,33.0,1,0.0,5.0,5.0,1,3,4
20250510TMG11,2025-05-10,1C上,2.6,3.5,3.0,54,66.66666666666667,0.0,25,56.0,0.0,42,0.0,7.142857142857143,20,0.0,0.0,47,0.0,8.51063829787234,25,0.0,4.0,32.0,1,0.0,3.0,5.0,1,2,4
20250510TMG12,2025-05-10,1C上,2.7,3.7,2.7,43,58.13953488372093,0.0,17,70.58823529411765,0.0,37,0.0,0.0,19,0.0,0.0,53,0.0,9.433962264150944,30,0.0,10.0,30.0,1,0.0,4.0,5.0,1,2,5
20250517TMG01,2025-05-17,1C上,2.6,3.2,3.3,35,48.57142857142857,0.0,18,66.66666666666667,0.0,39,0.0,0.0,16,0.0,0.0,49,0.0,4.081632653061225,24,0.0,0.0,33.0,1,0.0,5.0,5.0,5,1,3
20250517TMG02,2025-05-17,1C下,3.4,2.6,3.4,26,38.46153846153846,0.0,13,15.384615384615385,0.0,46,0.0,2.1739130434782608,18,0.0,5.555555555555555,42,0.0,7.142857142857143,18,0.0,0.0,28.0,3,2.0,5.0,5.0,3,1,5
20250517TMG03,2025-05-17,同じ,2.9,2.9,3.2,17,29.41176470588235,0.0,5,20.0,0.0,30,0.0,3.3333333333333335,15,0.0,6.666666666666667,42,0.0,19.047619047619047,22,0.0,22.727272727272727,28.0,2,4.0,4.0,5.0,3,2,1
20250517TMG04,2025-05-17,1C下,4.1,3.6,4.2,27,37.03703703703704,0.0,12,25.0,0.0,130,0.0,7.6923076923076925,57,0.0,7.017543859649122,44,0.0,2.272727272727273,20,0.0,0.0,26.0,2,4.0,3.0,1.0,1,2,4
20250517TMG05,2025-05-17,1C下,3.1,1.9,3.2,32,37.5,0.0,17,35.294117647058826,0.0,29,0.0,0.0,11,0.0,0.0,43,0.0,16.27906976744186,25,0.0,16.0,23.0,3,10.0,1.0,5.0,2,3,4
20250517TMG06,2025-05-17,1C上,2.5,2.7,2.6,39,46.15384615384615,0.0,15,40.0,0.0,11,0.0,0.0,4,0.0,0.0,38,0.0,10.526315789473685,12,0.0,8.333333333333334,29.0,1,0.0,5.0,3.0,1,4,3
20250517TMG08,2025-05-17,1C下,3.8,2.7,3.5,28,60.714285714285715,0.0,10,40.0,0.0,32,0.0,3.125,18,0.0,5.555555555555555,19,0.0,10.526315789473685,17,0.0,11.764705882352942,25.0,2,9.0,5.0,1.0,4,5,6
20250517TMG09,2025-05-17,1C上,1.9,3.6,4.4,41,56.09756097560975,0.0,17,52.94117647058823,0.0,43,0.0,2.3255813953488373,20,0.0,0.0,31,0.0,9.67741935483871,15,0.0,6.666666666666667,29.0,1,0.0,5.0,5.0,1,4,2
20250517TMG10,2025-05-17,1C上,2.6,4.3,3.2,45,51.111111111111114,0.0,23,47.82608695652174,0.0,40,0.0,0.0,20,0.0,0.0,39,0.0,0.0,15,0.0,0.0,31.0,1,0.0,5.0,5.0,1,6,4
20250517TMG11,2025-05-17,1C上,2.4,3.6,3.4,57,56.14035087719298,0.0,28,53.57142857142857,0.0,39,0.0,0.0,18,0.0,0.0,40,0.0,12.5,25,0.0,16.0,27.0,1,0.0,5.0,5.0,1,3,2
20250517TMG12,2025-05-17,1C上,2.5,3.3,3.7,54,77.77777777777777,0.0,34,79.41176470588235,0.0,32,0.0,9.375,21,0.0,4.761904761904762,62,0.0,6.451612903225806,26,0.0,3.8461538461538463,30.0,2,4.0,5.0,4.0,2,1,4
20250518TMG01,2025-05-18,1C上,2.9,3.6,2.6,31,29.032258064516128,0.0,13,30.76923076923077,0.0,33,0.0,3.0303030303030303,15,0.0,6.666666666666667,19,0.0,0.0,10,0.0,0.0,26.0,1,0.0,4.0,5.0,1,4,3
20250518TMG02,2025-05-18,1C下,4.1,4.0,3.7,15,26.666666666666668,0.0,8,12.5,0.0,20,0.0,0.0,12,0.0,0.0,39,0.0,7.6923076923076925,21,0.0,4.761904761904762,32.0,1,0.0,5.0,5.0,1,5,3
20250518TMG03,2025-05-18,1C下,4.0,3.4,2.1,26,19.23076923076923,0.0,16,12.5,0.0,39,0.0,2.5641025641025643,15,0.0,0.0,45,0.0,26.666666666666668,22,0.0,27.272727272727273,28.0,2,2.0,5.0,1.0,1,5,6
20250518TMG04,2025-05-18,1C上,3.0,4.2,2.9,32,40.625,0.0,17,41.1764705882353,0.0,20,0.0,0.0,18,0.0,0.0,42,0.0,19.047619047619047,21,0.0,14.285714285714286,29.0,2,3.0,4.0,5.0,1,2,3
20250518TMG05,2025-05-18,1C下,4.1,3.6,2.9,39,25.641025641025642,0.0,18,27.77777777777778,0.0,131,0.0,7.633587786259542,58,0.0,6.896551724137931,24,0.0,20.833333333333332,8,0.0,12.5,27.0,2,10.0,3.0,5.0,2,3,1
20250518TMG06,2025-05-18,1C上,2.5,3.3,2.0,24,37.5,0.0,13,30.76923076923077,0.0,47,0.0,0.0,29,0.0,0.0,37,0.0,0.0,15,0.0,0.0,32.0,1,0.0,4.0,5.0,6,3,2
20250518TMG07,2025-05-18,1C上,2.4,2.9,2.9,48,54.166666666666664,0.0,24,50.0,0.0,41,0.0,0.0,19,0.0,0.0,39,0.0,0.0,18,0.0,0.0,29.0,2,2.0,5.0,5.0,1,2,4
20250518TMG08,2025-05-18,1C上,3.1,3.7,0.0,48,52.083333333333336,0.0,24,50.0,0.0,40,0.0,0.0,18,0.0,0.0,0,0.0,0.0,0,0.0,0.0,26.0,2,4.0,3.0,2.0,1,5,4
20250518TMG09,2025-05-18,1C上,2.4,3.3,4.5,43,58.13953488372093,0.0,20,50.0,0.0,45,0.0,4.444444444444445,25,0.0,4.0,33,0.0,0.0,17,0.0,0.0,32.0,2,2.0,5.0,4.0,2,1,3
20250518TMG10,2025-05-18,1C上,3.0,3.4,3.9,68,57.35294117647059,0.0,32,53.125,0.0,44,0.0,4.545454545454546,21,0.0,9.523809523809524,39,0.0,0.0,15,0.0,0.0,34.0,1,0.0,5.0,4.0,1,2,4
20250518TMG11,2025-05-18,1C上,3.0,3.4,3.2,57,54.3859649122807,0.0,34,61.76470588235294,0.0,26,0.0,0.0,13,0.0,0.0,37,0.0,16.216216216216218,16,0.0,12.5,27.0,3,7.0,3.0,5.0,1,6,3
20250518TMG12,2025-05-18,1C上,3.5,3.7,2.8,38,76.3157894736842,0.0,18,77.77777777777777,0.0,38,0.0,5.2631578947368425,16,0.0,0.0,43,0.0,9.30232558139535,22,0.0,13.636363636363637,31.0,2,3.0,5.0,5.0,1,5,6
20250519TMG01,2025-05-19,1C上,2.1,3.7,2.9,33,36.36363636363637,0.0,15,13.333333333333334,0.0,37,0.0,0.0,20,0.0,0.0,35,0.0,0.0,18,0.0,0.0,22.0,5,9.0,3.0,2.0,2,3,6
20250519TMG02,2025-05-19,1C上,2.3,3.6,2.6,33,42.42424242424242,0.0,18,55.55555555555556,0.0,132,0.0,8.333333333333334,59,0.0,8.474576271186441,39,0.0,10.256410256410257,13,0.0,7.6923076923076925,30.0,1,0.0,5.0,4.0,2,3,4
20250519TMG03,2025-05-19,1C上,3.5,3.7,3.6,23,47.82608695652174,0.0,12,25.0,0.0,39,0.0,5.128205128205129,17,0.0,0.0,30,0.0,0.0,14,0.0,0.0,23.0,2,9.0,2.0,5.0,2,1,6
20250519TMG05,2025-05-19,1C上,2.6,3.5,3.1,28,53.57142857142857,0.0,13,53.84615384615385,0.0,45,0.0,0.0,19,0.0,0.0,45,0.0,11.11111111111111,20,0.0,15.0,28.0,2,1.0,4.0,5.0,2,1,6
20250519TMG06,2025-05-19,1C下,3.5,2.5,2.8,43,67.44186046511628,0.0,20,70.0,0.0,48,0.0,4.166666666666667,21,0.0,0.0,44,0.0,9.090909090909092,22,0.0,13.636363636363637,28.0,2,4.0,5.0,5.0,2,1,4
20250519TMG07,2025-05-19,1C上,3.0,3.5,4.1,41,60.97560975609756,0.0,12,66.66666666666667,0.0,41,0.0,2.4390243902439024,21,0.0,4.761904761904762,38,0.0,0.0,18,0.0,0.0,30.0,1,0.0,2.0,5.0,4,1,5
20250519TMG10,2025-05-19,1C上,2.6,3.3,2.7,50,60.0,0.0,28,60.714285714285715,0.0,30,0.0,0.0,21,0.0,0.0,48,0.0,12.5,27,0.0,14.814814814814815,34.0,1,0.0,5.0,5.0,3,1,5
20250519TMG11,2025-05-19,1C上,2.4,3.6,3.3,64,70.3125,0.0,32,75.0,0.0,132,0.0,8.333333333333334,59,0.0,8.474576271186441,38,0.0,15.789473684210526,19,0.0,15.789473684210526,25.0,3,4.0,2.0,5.0,2,1,6
20250519TMG12,2025-05-19,1C上,3.8,4.3,2.9,46,82.6086956521739,0.0,23,78.26086956521739,0.0,40,0.0,7.5,17,0.0,0.0,29,0.0,31.03448275862069,17,0.0,29.41176470588235,37.0,1,0.0,5.0,5.0,1,3,5
20250520TMG01,2025-05-20,1C上,2.8,4.3,3.9,30,56.666666666666664,0.0,13,61.53846153846154,0.0,24,0.0,0.0,10,0.0,0.0,27,0.0,11.11111111111111,16,0.0,6.25,28.0,1,0.0,2.0,2.0,1,5,4
20250520TMG02,2025-05-20,1C上,1.7,3.1,3.2,11,9.090909090909092,0.0,5,20.0,0.0,39,0.0,0.0,19,0.0,0.0,38,0.0,15.789473684210526,16,0.0,12.5,27.0,2,4.0,4.0,2.0,1,3,4
20250520TMG03,2025-05-20,1C上,3.5,4.3,3.6,24,45.833333333333336,0.0,13,23.076923076923077,0.0,41,0.0,7.317073170731708,18,0.0,0.0,32,0.0,3.125,18,0.0,5.555555555555555,23.0,3,5.0,1.0,3.0,1,2,4
20250520TMG04,2025-05-20,1C下,2.9,2.5,3.4,32,31.25,0.0,14,35.714285714285715,0.0,48,0.0,4.166666666666667,22,0.0,0.0,45,0.0,8.88888888888889,19,0.0,15.789473684210526,28.0,2,6.0,4.0,3.0,2,1,4
20250520TMG05,2025-05-20,1C上,3.1,3.8,3.1,49,53.06122448979592,0.0,25,52.0,0.0,34,0.0,0.0,14,0.0,0.0,46,0.0,6.521739130434782,21,0.0,0.0,28.0,1,0.0,4.0,2.0,2,6,1
20250520TMG06,2025-05-20,1C上,2.7,3.6,2.9,49,48.97959183673469,0.0,21,38.095238095238095,0.0,19,0.0,5.2631578947368425,8,0.0,0.0,35,0.0,8.571428571428571,20,0.0,10.0,32.0,2,2.0,4.0,5.0,1,2,6
20250520TMG07,2025-05-20,1C上,3.0,3.6,3.2,33,42.42424242424242,0.0,17,41.1764705882353,0.0,134,0.0,9.701492537313433,61,0.0,11.475409836065573,44,0.0,15.909090909090908,26,0.0,15.384615384615385,33.0,1,0.0,5.0,5.0,2,4,1
20250520TMG08,2025-05-20,1C上,3.0,3.2,2.0,42,59.523809523809526,0.0,13,61.53846153846154,0.0,42,0.0,2.380952380952381,20,0.0,5.0,38,0.0,0.0,15,0.0,0.0,36.0,1,0.0,5.0,5.0,1,4,2
20250520TMG09,2025-05-20,1C上,2.4,4.1,0.0,44,56.81818181818182,0.0,20,45.0,0.0,37,0.0,0.0,14,0.0,0.0,1,0.0,0.0,1,0.0,0.0,34.0,1,0.0,5.0,5.0,1,4,3
20250520TMG10,2025-05-20,1C上,2.6,3.4,3.4,45,53.333333333333336,0.0,23,52.17391304347826,0.0,44,0.0,4.545454545454546,22,0.0,9.090909090909092,42,0.0,9.523809523809524,19,0.0,5.2631578947368425,35.0,1,0.0,5.0,5.0,1,3,6
20250520TMG11,2025-05-20,1C下,3.8,3.3,3.3,47,82.97872340425532,0.0,24,79.16666666666667,0.0,48,0.0,0.0,29,0.0,0.0,49,0.0,4.081632653061225,25,0.0,0.0,28.0,2,2.0,4.0,5.0,1,2,3
20250520TMG12,2025-05-20,1C下,3.0,2.9,3.8,69,57.971014492753625,0.0,33,54.54545454545455,0.0,42,0.0,0.0,20,0.0,0.0,30,0.0,26.666666666666668,15,0.0,20.0,34.0,1,0.0,5.0,4.0,1,5,2
20250521TMG01,2025-05-21,1C上,2.3,3.3,2.9,34,41.1764705882353,0.0,19,52.63157894736842,0.0,31,0.0,0.0,22,0.0,0.0,42,0.0,19.047619047619047,22,0.0,13.636363636363637,33.0,1,0.0,5.0,5.0,1,5,2
20250521TMG02,2025-05-21,1C下,3.5,3.4,0.0,20,25.0,0.0,13,23.076923076923077,0.0,27,0.0,0.0,14,0.0,0.0,2,0.0,0.0,2,0.0,0.0,28.0,2,2.0,5.0,1.0,2,5,1
20250521TMG03,2025-05-21,1C上,2.5,3.2,2.0,40,47.5,0.0,16,43.75,0.0,39,0.0,0.0,17,0.0,0.0,37,0.0,0.0,16,0.0,0.0,23.0,5,8.0,4.0,1.0,1,2,4
20250521TMG04,2025-05-21,1C下,4.1,2.7,4.1,28,39.285714285714285,0.0,12,25.0,0.0,31,0.0,3.225806451612903,19,0.0,5.2631578947368425,39,0.0,0.0,19,0.0,0.0,29.0,1,0.0,4.0,5.0,1,4,5
20250521TMG05,2025-05-21,1C下,4.1,3.6,3.9,40,25.0,0.0,18,27.77777777777778,0.0,20,0.0,5.0,9,0.0,0.0,39,0.0,0.0,16,0.0,0.0,27.0,3,3.0,4.0,5.0,1,5,3
20250521TMG06,2025-05-21,1C下,2.9,2.7,2.9,33,30.303030303030305,0.0,15,33.333333333333336,0.0,12,0.0,0.0,5,0.0,0.0,36,0.0,0.0,19,0.0,0.0,26.0,2,1.0,3.0,5.0,3,5,4
20250521TMG07,2025-05-21,1C下,3.4,3.3,2.9,26,38.46153846153846,0.0,14,14.285714285714286,0.0,33,0.0,9.090909090909092,21,0.0,4.761904761904762,39,0.0,0.0,19,0.0,0.0,31.0,1,0.0,5.0,5.0,1,3,2
20250521TMG08,2025-05-21,1C上,2.6,4.3,2.6,51,58.8235294117647,0.0,29,58.62068965517241,0.0,25,0.0,0.0,11,0.0,0.0,27,0.0,7.407407407407407,16,0.0,6.25,33.0,1,0.0,5.0,5.0,2,1,4
20250521TMG09,2025-05-21,1C上,3.5,4.3,3.3,25,48.0,0.0,14,28.571428571428573,0.0,42,0.0,7.142857142857143,19,0.0,0.0,38,0.0,15.789473684210526,20,0.0,15.0,25.0,3,9.0,2.0,5.0,1,3,2
20250521TMG10,2025-05-21,1C下,2.7,2.6,3.4,49,55.10204081632653,0.0,26,57.69230769230769,0.0,46,0.0,2.1739130434782608,19,0.0,5.2631578947368425,46,0.0,8.695652173913043,20,0.0,15.0,30.0,1,0.0,2.0,4.0,3,2,4
20250521TMG11,2025-05-21,1C上,2.4,3.0,2.6,47,53.191489361702125,0.0,24,50.0,0.0,43,0.0,2.3255813953488373,23,0.0,0.0,40,0.0,10.0,14,0.0,7.142857142857143,29.0,1,0.0,4.0,5.0,5,3,1
20250521TMG12,2025-05-21,1C上,3.0,3.3,2.9,70,58.57142857142857,0.0,34,55.88235294117647,0.0,46,0.0,4.3478260869565215,26,0.0,3.8461538461538463,30,0.0,30.0,18,0.0,27.77777777777778,32.0,1,0.0,5.0,5.0,1,2,4
20250525TMG01,2025-05-25,1C上,2.9,4.1,3.9,30,43.333333333333336,0.0,15,26.666666666666668,0.0,34,0.0,0.0,16,0.0,0.0,32,0.0,3.125,12,0.0,8.333333333333334,34.0,1,0.0,4.0,5.0,3,5,4
20250525TMG02,2025-05-25,1C下,3.2,2.8,2.8,35,37.142857142857146,0.0,15,66.66666666666667,0.0,32,0.0,3.125,14,0.0,0.0,37,0.0,5.405405405405405,14,0.0,0.0,23.0,4,9.0,1.0,5.0,3,2,5
20250525TMG03,2025-05-25,1C上,2.4,4.1,3.1,34,38.23529411764706,0.0,19,42.10526315789474,0.0,30,0.0,0.0,17,0.0,0.0,36,0.0,5.555555555555555,13,0.0,0.0,28.0,2,1.0,5.0,1.0,1,2,5
20250525TMG06,2025-05-25,1C上,3.1,3.7,3.1,31,51.61290322580645,0.0,17,52.94117647058823,0.0,30,0.0,3.3333333333333335,15,0.0,6.666666666666667,39,0.0,10.256410256410257,21,0.0,9.523809523809524,35.0,1,0.0,5.0,5.0,2,1,4
20250525TMG07,2025-05-25,1C上,2.5,3.1,3.3,54,51.851851851851855,0.0,30,60.0,0.0,33,0.0,9.090909090909092,13,0.0,0.0,43,0.0,16.27906976744186,17,0.0,17.647058823529413,26.0,3,2.0,3.0,5.0,2,1,4
20250525TMG08,2025-05-25,1C上,2.3,3.4,2.9,31,35.483870967741936,0.0,17,41.1764705882353,0.0,42,0.0,2.380952380952381,17,0.0,0.0,49,0.0,20.408163265306122,19,0.0,36.8421052631579,30.0,1,0.0,4.0,5.0,1,3,6
20250525TMG09,2025-05-25,1C上,2.3,3.3,2.7,52,50.0,0.0,27,55.55555555555556,0.0,38,0.0,5.2631578947368425,20,0.0,5.0,32,0.0,0.0,13,0.0,0.0,34.0,1,0.0,5.0,5.0,1,3,5
20250525TMG10,2025-05-25,1C上,2.5,2.8,3.5,58,77.58620689655173,0.0,28,75.0,0.0,46,0.0,2.1739130434782608,24,0.0,4.166666666666667,43,0.0,4.651162790697675,21,0.0,4.761904761904762,36.0,1,0.0,5.0,5.0,1,3,2
20250525TMG11,2025-05-25,1C上,2.0,2.3,4.0,49,73.46938775510205,0.0,27,66.66666666666667,0.0,29,0.0,3.4482758620689653,17,0.0,0.0,59,0.0,8.474576271186441,31,0.0,16.129032258064516,26.0,4,5.0,3.0,5.0,1,3,4
20250525TMG12,2025-05-25,1C上,2.2,3.7,3.4,50,52.0,0.0,27,48.148148148148145,0.0,45,0.0,4.444444444444445,22,0.0,4.545454545454546,37,0.0,13.513513513513514,17,0.0,17.647058823529413,25.0,5,8.0,4.0,5.0,1,2,3
20250526TMG01,2025-05-26,1C上,2.4,4.5,1.7,33,60.60606060606061,0.0,17,70.58823529411765,0.0,17,0.0,0.0,3,0.0,0.0,44,0.0,18.181818181818183,19,0.0,21.05263157894737,29.0,1,0.0,4.0,5.0,1,3,5
20250526TMG02,2025-05-26,1C上,2.5,4.5,3.2,29,41.37931034482759,0.0,16,25.0,0.0,32,0.0,0.0,14,0.0,0.0,28,0.0,0.0,11,0.0,0.0,26.0,2,4.0,3.0,3.0,3,2,5
20250526TMG04,2025-05-26,1C下,4.2,2.6,3.7,28,10.714285714285714,0.0,13,7.6923076923076925,0.0,51,0.0,3.9215686274509802,27,0.0,3.7037037037037037,23,0.0,4.3478260869565215,15,0.0,0.0,26.0,3,5.0,1.0,5.0,2,6,4
20250526TMG05,2025-05-26,1C下,3.6,3.1,3.4,29,13.793103448275861,0.0,16,12.5,0.0,45,0.0,6.666666666666667,20,0.0,10.0,18,0.0,0.0,5,0.0,0.0,30.0,2,3.0,4.0,4.0,6,2,4
20250526TMG06,2025-05-26,1C上,3.1,4.3,3.0,26,46.15384615384615,0.0,9,44.44444444444444,0.0,40,0.0,0.0,21,0.0,0.0,37,0.0,16.216216216216218,19,0.0,10.526315789473685,32.0,1,0.0,5.0,5.0,4,3,2
20250526TMG07,2025-05-26,1C上,2.6,4.4,3.2,28,28.571428571428573,0.0,15,26.666666666666668,0.0,41,0.0,4.878048780487805,24,0.0,8.333333333333334,50,0.0,10.0,21,0.0,14.285714285714286,26.0,4,2.0,3.0,3.0,4,2,1
20250526TMG08,2025-05-26,1C下,3.5,3.1,3.7,40,45.0,0.0,23,26.08695652173913,0.0,31,0.0,0.0,14,0.0,0.0,37,0.0,2.7027027027027026,17,0.0,5.882352941176471,32.0,2,1.0,5.0,5.0,1,3,5
20250526TMG09,2025-05-26,1C上,3.2,3.3,4.4,50,44.0,0.0,24,37.5,0.0,45,0.0,8.88888888888889,22,0.0,13.636363636363637,39,0.0,0.0,20,0.0,0.0,31.0,1,0.0,5.0,1.0,1,4,2
20250526TMG11,2025-05-26,1C下,2.8,2.5,2.7,44,68.18181818181819,0.0,20,75.0,0.0,37,0.0,5.405405405405405,19,0.0,5.2631578947368425,55,0.0,21.818181818181817,31,0.0,29.032258064516128,30.0,1,0.0,5.0,5.0,3,1,4
20250526TMG12,2025-05-26,1C上,3.0,3.8,3.2,66,72.72727272727273,0.0,30,63.333333333333336,0.0,38,0.0,2.6315789473684212,16,0.0,0.0,38,0.0,2.6315789473684212,21,0.0,0.0,36.0,1,0.0,5.0,5.0,5,1,6
20250527TMG01,2025-05-27,1C上,3.0,3.3,3.8,31,54.83870967741935,0.0,16,56.25,0.0,29,0.0,0.0,17,0.0,0.0,37,0.0,8.108108108108109,19,0.0,10.526315789473685,31.0,2,3.0,4.0,3.0,2,1,3
20250527TMG02,2025-05-27,1C上,2.9,3.2,2.9,25,40.0,0.0,9,55.55555555555556,0.0,14,0.0,7.142857142857143,8,0.0,0.0,44,0.0,15.909090909090908,20,0.0,20.0,28.0,2,4.0,5.0,1.0,3,1,6
20250527TMG03,2025-05-27,1C下,3.8,3.5,2.4,13,46.15384615384615,0.0,9,44.44444444444444,0.0,37,0.0,0.0,18,0.0,0.0,52,0.0,7.6923076923076925,27,0.0,11.11111111111111,32.0,1,0.0,5.0,5.0,1,3,4
20250527TMG05,2025-05-27,1C上,2.1,2.6,3.2,24,25.0,0.0,14,21.428571428571427,0.0,40,0.0,7.5,22,0.0,9.090909090909092,35,0.0,5.714285714285714,17,0.0,5.882352941176471,34.0,1,0.0,5.0,5.0,1,2,5
20250527TMG07,2025-05-27,1C上,3.4,3.8,2.1,28,64.28571428571429,0.0,13,61.53846153846154,0.0,17,0.0,5.882352941176471,11,0.0,9.090909090909092,41,0.0,12.195121951219512,18,0.0,11.11111111111111,29.0,3,3.0,4.0,5.0,1,2,3
20250527TMG08,2025-05-27,1C上,2.3,3.6,3.2,59,55.932203389830505,0.0,26,61.53846153846154,0.0,32,0.0,0.0,16,0.0,0.0,41,0.0,2.4390243902439024,23,0.0,4.3478260869565215,34.0,1,0.0,5.0,4.0,4,6,2
20250527TMG09,2025-05-27,1C上,2.4,3.3,3.3,44,54.54545454545455,0.0,22,68.18181818181819,0.0,32,0.0,6.25,15,0.0,6.666666666666667,36,0.0,11.11111111111111,18,0.0,16.666666666666668,31.0,1,0.0,4.0,5.0,1,2,6
20250527TMG10,2025-05-27,1C上,2.3,3.5,3.2,54,72.22222222222223,0.0,26,73.07692307692308,0.0,39,0.0,5.128205128205129,21,0.0,4.761904761904762,34,0.0,14.705882352941176,13,0.0,7.6923076923076925,34.0,1,0.0,5.0,5.0,1,3,4
20250527TMG11,2025-05-27,1C上,2.4,3.1,2.9,58,68.96551724137932,0.0,25,76.0,0.0,32,0.0,3.125,13,0.0,7.6923076923076925,42,0.0,14.285714285714286,20,0.0,10.0,32.0,1,0.0,5.0,5.0,1,3,6
20250527TMG12,2025-05-27,1C上,2.2,2.5,1.9,47,65.95744680851064,0.0,17,64.70588235294117,0.0,42,0.0,7.142857142857143,19,0.0,0.0,32,0.0,21.875,17,0.0,17.647058823529413,34.0,1,0.0,5.0,5.0,1,2,6
20250528TMG01,2025-05-28,1C下,3.9,3.1,3.8,28,28.571428571428573,0.0,15,20.0,0.0,32,0.0,0.0,17,0.0,0.0,34,0.0,0.0,18,0.0,0.0,36.0,1,0.0,5.0,4.0,4,3,5
20250528TMG02,2025-05-28,1C下,4.3,3.3,3.1,18,16.666666666666668,0.0,7,42.857142857142854,0.0,27,0.0,3.7037037037037037,16,0.0,6.25,37,0.0,16.216216216216218,19,0.0,26.31578947368421,29.0,1,0.0,5.0,3.0,1,3,4
20250528TMG03,2025-05-28,1C上,3.0,3.2,3.5,14,28.571428571428573,0.0,3,0.0,0.0,33,0.0,3.0303030303030303,18,0.0,5.555555555555555,44,0.0,4.545454545454546,22,0.0,4.545454545454546,28.0,3,3.0,4.0,5.0,3,2,4
20250528TMG04,2025-05-28,1C上,2.6,3.3,4.0,28,28.571428571428573,0.0,16,25.0,0.0,43,0.0,6.976744186046512,17,0.0,11.764705882352942,60,0.0,8.333333333333334,31,0.0,12.903225806451612,32.0,1,0.0,5.0,5.0,5,1,2
20250528TMG05,2025-05-28,1C下,3.3,2.6,3.3,20,20.0,0.0,8,12.5,0.0,41,0.0,7.317073170731708,23,0.0,8.695652173913043,40,0.0,5.0,22,0.0,4.545454545454546,29.0,2,1.0,4.0,5.0,4,3,5
20250528TMG06,2025-05-28,1C上,3.1,3.7,3.7,55,74.54545454545455,0.0,31,70.96774193548387,0.0,46,0.0,4.3478260869565215,23,0.0,4.3478260869565215,38,0.0,2.6315789473684212,18,0.0,5.555555555555555,35.0,1,0.0,4.0,5.0,1,2,5
20250528TMG07,2025-05-28,1C上,2.4,3.8,3.0,59,69.49152542372882,0.0,26,76.92307692307692,0.0,33,0.0,0.0,17,0.0,0.0,29,0.0,3.4482758620689653,18,0.0,5.555555555555555,28.0,3,4.0,5.0,2.0,4,5,1
20250528TMG08,2025-05-28,1C下,4.0,3.3,2.4,14,28.571428571428573,0.0,8,25.0,0.0,46,0.0,2.1739130434782608,24,0.0,4.166666666666667,53,0.0,7.547169811320755,28,0.0,10.714285714285714,32.0,1,0.0,5.0,4.0,2,5,1
20250528TMG09,2025-05-28,1C上,3.4,3.5,3.6,26,42.30769230769231,0.0,11,45.45454545454545,0.0,40,0.0,5.0,22,0.0,4.545454545454546,26,0.0,11.538461538461538,19,0.0,10.526315789473685,22.0,4,8.0,2.0,5.0,2,1,4
20250528TMG10,2025-05-28,1C上,2.3,2.5,3.9,31,38.70967741935484,0.0,18,44.44444444444444,0.0,43,0.0,6.976744186046512,20,0.0,0.0,33,0.0,3.0303030303030303,13,0.0,7.6923076923076925,30.0,1,0.0,5.0,5.0,2,1,4
20250528TMG11,2025-05-28,1C上,2.8,3.3,3.4,45,66.66666666666667,0.0,21,71.42857142857143,0.0,46,0.0,8.695652173913043,22,0.0,13.636363636363637,29,0.0,6.896551724137931,11,0.0,9.090909090909092,28.0,1,0.0,4.0,5.0,2,1,4
20250528TMG12,2025-05-28,1C上,2.3,3.1,3.5,55,72.72727272727273,0.0,27,74.07407407407408,0.0,34,0.0,8.823529411764707,14,0.0,0.0,37,0.0,5.405405405405405,21,0.0,4.761904761904762,30.0,2,2.0,5.0,2.0,1,2,3
20250529TMG01,2025-05-29,1C上,2.4,2.5,3.8,34,61.76470588235294,0.0,18,72.22222222222223,0.0,38,0.0,5.2631578947368425,18,0.0,5.555555555555555,43,0.0,6.976744186046512,26,0.0,7.6923076923076925,29.0,1,0.0,4.0,5.0,4,3,5
20250529TMG02,2025-05-29,1C上,3.0,3.1,3.2,32,53.125,0.0,17,52.94117647058823,0.0,33,0.0,0.0,18,0.0,0.0,42,0.0,2.380952380952381,23,0.0,4.3478260869565215,32.0,1,0.0,5.0,5.0,1,2,3
20250529TMG03,2025-05-29,1C上,2.4,3.7,2.9,35,40.0,0.0,19,47.36842105263158,0.0,31,0.0,3.225806451612903,16,0.0,6.25,49,0.0,20.408163265306122,20,0.0,35.0,26.0,2,8.0,5.0,1.0,1,2,5
20250529TMG05,2025-05-29,1C下,3.5,3.3,3.8,41,46.34146341463415,0.0,24,29.166666666666668,0.0,29,0.0,0.0,14,0.0,0.0,38,0.0,7.894736842105263,20,0.0,10.0,30.0,3,4.0,2.0,5.0,2,1,4
20250529TMG06,2025-05-29,同じ,3.4,3.4,2.6,29,62.06896551724138,0.0,14,57.142857142857146,0.0,43,0.0,2.3255813953488373,17,0.0,0.0,27,0.0,3.7037037037037037,14,0.0,7.142857142857143,24.0,3,6.0,3.0,5.0,1,2,5
20250529TMG07,2025-05-29,1C下,4.2,2.8,3.1,28,10.714285714285714,0.0,14,7.142857142857143,0.0,33,0.0,3.0303030303030303,15,0.0,0.0,37,0.0,5.405405405405405,13,0.0,0.0,23.0,4,11.0,3.0,1.0,2,5,1
20250529TMG08,2025-05-29,1C上,2.9,3.8,3.7,31,41.935483870967744,0.0,15,26.666666666666668,0.0,18,0.0,5.555555555555555,12,0.0,8.333333333333334,39,0.0,2.5641025641025643,19,0.0,5.2631578947368425,32.0,1,0.0,5.0,4.0,1,2,5
20250529TMG10,2025-05-29,1C下,3.2,2.8,3.2,51,45.09803921568628,0.0,25,40.0,0.0,45,0.0,2.2222222222222223,25,0.0,4.0,51,0.0,9.803921568627452,22,0.0,13.636363636363637,28.0,3,4.0,3.0,2.0,2,3,1
20250529TMG11,2025-05-29,1C上,2.0,3.1,2.9,50,74.0,0.0,27,70.37037037037037,0.0,46,0.0,6.521739130434782,20,0.0,10.0,42,0.0,11.904761904761905,21,0.0,9.523809523809524,35.0,1,0.0,4.0,5.0,1,2,4
20250529TMG12,2025-05-29,1C上,2.3,2.5,2.9,56,73.21428571428571,0.0,28,75.0,0.0,44,0.0,6.818181818181818,21,0.0,0.0,45,0.0,17.77777777777778,20,0.0,25.0,38.0,1,0.0,5.0,5.0,1,3,6
20250601TMG01,2025-06-01,1C下,4.0,3.4,2.8,17,11.764705882352942,0.0,4,25.0,0.0,20,0.0,0.0,18,0.0,0.0,36,0.0,11.11111111111111,19,0.0,5.2631578947368425,36.0,1,0.0,5.0,5.0,2,1,3
20250601TMG02,2025-06-01,1C下,2.6,2.4,2.6,47,44.680851063829785,0.0,20,50.0,0.0,40,0.0,5.0,22,0.0,0.0,24,0.0,4.166666666666667,13,0.0,0.0,34.0,1,0.0,5.0,4.0,2,1,5
20250601TMG05,2025-06-01,1C上,1.9,4.3,3.0,13,46.15384615384615,0.0,5,60.0,0.0,23,0.0,0.0,13,0.0,0.0,33,0.0,12.121212121212121,14,0.0,0.0,30.0,1,0.0,2.0,5.0,1,3,5
20250601TMG06,2025-06-01,1C上,2.7,3.6,3.5,18,27.77777777777778,0.0,8,50.0,0.0,37,0.0,0.0,20,0.0,0.0,41,0.0,7.317073170731708,22,0.0,0.0,30.0,1,0.0,5.0,5.0,2,5,1
20250601TMG08,2025-06-01,1C上,2.3,3.3,2.3,32,46.875,0.0,17,47.05882352941177,0.0,31,0.0,3.225806451612903,15,0.0,6.666666666666667,15,0.0,0.0,11,0.0,0.0,36.0,1,0.0,5.0,5.0,1,3,2
20250601TMG09,2025-06-01,1C上,2.6,4.2,3.9,35,65.71428571428571,0.0,20,65.0,0.0,24,0.0,4.166666666666667,11,0.0,9.090909090909092,26,0.0,3.8461538461538463,12,0.0,0.0,33.0,1,0.0,5.0,5.0,1,3,5
20250601TMG10,2025-06-01,1C上,2.6,4.4,3.2,56,67.85714285714286,0.0,29,68.96551724137932,0.0,34,0.0,2.9411764705882355,14,0.0,0.0,24,0.0,4.166666666666667,15,0.0,0.0,28.0,2,2.0,5.0,5.0,1,2,4
20250601TMG11,2025-06-01,1C上,2.9,3.9,2.2,42,42.857142857142854,0.0,23,43.47826086956522,0.0,23,0.0,0.0,10,0.0,0.0,21,0.0,9.523809523809524,11,0.0,9.090909090909092,34.0,1,0.0,4.0,5.0,1,2,5
20250601TMG12,2025-06-01,1C上,2.1,4.5,2.2,71,76.05633802816901,0.0,41,90.2439024390244,0.0,49,0.0,4.081632653061225,20,0.0,0.0,51,0.0,17.647058823529413,27,0.0,18.51851851851852,36.0,1,0.0,5.0,5.0,2,1,4
20250602TMG01,2025-06-02,1C下,3.3,3.0,4.6,19,21.05263157894737,0.0,11,18.181818181818183,0.0,29,0.0,24.137931034482758,20,0.0,10.0,26,0.0,3.8461538461538463,10,0.0,0.0,25.0,3,11.0,4.0,1.0,1,2,3
20250602TMG03,2025-06-02,1C下,4.1,3.0,2.9,20,15.0,0.0,12,0.0,0.0,26,0.0,3.8461538461538463,13,0.0,7.6923076923076925,18,0.0,0.0,12,0.0,0.0,24.0,3,4.0,4.0,1.0,1,3,5
20250602TMG04,2025-06-02,同じ,3.3,3.3,3.5,21,23.80952380952381,0.0,8,12.5,0.0,39,0.0,5.128205128205129,16,0.0,6.25,34,0.0,14.705882352941176,18,0.0,11.11111111111111,19.0,5,11.0,2.0,1.0,2,3,6
20250602TMG05,2025-06-02,1C下,4.5,4.2,4.3,26,11.538461538461538,0.0,10,20.0,0.0,13,0.0,7.6923076923076925,8,0.0,12.5,24,0.0,8.333333333333334,6,0.0,0.0,32.0,1,0.0,5.0,3.0,2,6,4
20250602TMG06,2025-06-02,1C下,4.1,2.7,2.5,31,41.935483870967744,0.0,12,33.333333333333336,0.0,32,0.0,12.5,19,0.0,10.526315789473685,25,0.0,4.0,9,0.0,11.11111111111111,34.0,1,0.0,5.0,4.0,3,1,2
20250602TMG07,2025-06-02,1C上,2.5,4.8,3.6,4,0.0,0.0,4,0.0,0.0,16,0.0,0.0,14,0.0,0.0,13,0.0,7.6923076923076925,7,0.0,14.285714285714286,30.0,1,0.0,5.0,5.0,4,6,1
20250602TMG08,2025-06-02,1C上,2.2,3.6,3.3,54,72.22222222222223,0.0,25,76.0,0.0,20,0.0,0.0,16,0.0,0.0,38,0.0,5.2631578947368425,15,0.0,6.666666666666667,36.0,1,0.0,5.0,5.0,1,3,4
20250602TMG09,2025-06-02,1C上,1.9,3.8,3.4,53,67.9245283018868,0.0,28,71.42857142857143,0.0,32,0.0,0.0,12,0.0,0.0,41,0.0,7.317073170731708,19,0.0,10.526315789473685,35.0,1,0.0,5.0,5.0,1,2,3
20250602TMG10,2025-06-02,1C上,2.1,3.9,3.0,52,55.76923076923077,0.0,23,60.869565217391305,0.0,27,0.0,0.0,11,0.0,0.0,25,0.0,4.0,21,0.0,4.761904761904762,36.0,1,0.0,5.0,5.0,1,4,
20250602TMG11,2025-06-02,1C上,2.0,3.4,2.5,39,64.1025641025641,0.0,19,78.94736842105263,0.0,23,0.0,0.0,13,0.0,0.0,42,0.0,16.666666666666668,21,0.0,19.047619047619047,35.0,1,0.0,5.0,5.0,2,1,3
20250602TMG12,2025-06-02,1C上,2.4,3.9,2.9,40,75.0,0.0,22,86.36363636363636,0.0,34,0.0,2.9411764705882355,16,0.0,6.25,39,0.0,17.94871794871795,23,0.0,26.08695652173913,28.0,1,0.0,3.0,5.0,1,3,6
20250603TMG01,2025-06-03,1C下,3.0,2.7,4.5,10,40.0,0.0,7,42.857142857142854,0.0,40,0.0,7.5,20,0.0,5.0,19,0.0,0.0,11,0.0,0.0,38.0,1,0.0,5.0,5.0,2,1,5
20250603TMG02,2025-06-03,1C下,3.9,2.1,4.4,22,36.36363636363637,0.0,11,36.36363636363637,0.0,42,0.0,19.047619047619047,18,0.0,22.22222222222222,30,0.0,6.666666666666667,15,0.0,6.666666666666667,35.0,1,0.0,5.0,5.0,2,1,3
20250603TMG03,2025-06-03,1C下,4.3,3.2,2.6,26,46.15384615384615,0.0,8,37.5,0.0,34,0.0,2.9411764705882355,13,0.0,7.6923076923076925,30,0.0,23.333333333333332,17,0.0,17.647058823529413,36.0,1,0.0,5.0,5.0,1,3,2
20250603TMG04,2025-06-03,1C上,1.7,2.8,4.5,28,46.42857142857143,0.0,14,50.0,0.0,25,0.0,8.0,10,0.0,0.0,24,0.0,0.0,11,0.0,0.0,30.0,1,0.0,4.0,5.0,5,4,6
20250603TMG05,2025-06-03,1C下,4.5,3.1,4.8,4,0.0,0.0,4,0.0,0.0,36,0.0,8.333333333333334,20,0.0,10.0,33,0.0,3.0303030303030303,13,0.0,0.0,28.0,3,11.0,5.0,5.0,2,6,3
20250603TMG08,2025-06-03,1C上,2.7,3.6,2.9,35,57.142857142857146,0.0,18,44.44444444444444,0.0,23,0.0,4.3478260869565215,13,0.0,0.0,38,0.0,7.894736842105263,19,0.0,10.526315789473685,32.0,1,0.0,5.0,5.0,1,3,4
20250603TMG09,2025-06-03,1C上,2.4,2.7,3.5,45,60.0,0.0,24,66.66666666666667,0.0,27,0.0,3.7037037037037037,9,0.0,0.0,31,0.0,3.225806451612903,21,0.0,4.761904761904762,28.0,2,2.0,5.0,1.0,1,4,2
20250603TMG10,2025-06-03,1C上,2.6,3.5,1.9,24,54.166666666666664,0.0,12,41.666666666666664,0.0,39,0.0,0.0,21,0.0,0.0,36,0.0,19.444444444444443,15,0.0,26.666666666666668,31.0,1,0.0,5.0,5.0,3,1,4
20250603TMG11,2025-06-03,1C上,3.0,4.3,3.2,47,72.34042553191489,0.0,22,77.27272727272727,0.0,24,0.0,4.166666666666667,11,0.0,0.0,28,0.0,0.0,12,0.0,0.0,31.0,1,0.0,4.0,5.0,1,3,5
20250603TMG12,2025-06-03,1C下,3.7,2.7,4.2,50,62.0,0.0,26,57.69230769230769,0.0,19,0.0,0.0,13,0.0,0.0,24,0.0,8.333333333333334,11,0.0,18.181818181818183,31.0,2,2.0,5.0,5.0,1,6,4
20250604TMG01,2025-06-04,1C下,5.3,3.6,4.3,8,0.0,0.0,7,0.0,0.0,24,0.0,4.166666666666667,14,0.0,0.0,25,0.0,8.0,7,0.0,0.0,28.0,2,10.0,3.0,5.0,3,1,5
20250604TMG02,2025-06-04,1C上,3.3,3.6,3.3,12,8.333333333333334,0.0,9,11.11111111111111,0.0,37,0.0,0.0,21,0.0,0.0,9,0.0,0.0,6,0.0,0.0,26.0,1,0.0,3.0,1.0,1,2,3
20250604TMG03,2025-06-04,1C上,3.0,4.3,2.6,19,26.31578947368421,0.0,9,22.22222222222222,0.0,25,0.0,4.0,12,0.0,0.0,31,0.0,22.580645161290324,18,0.0,16.666666666666668,28.0,2,1.0,5.0,5.0,1,4,3
20250604TMG04,2025-06-04,1C下,4.1,2.7,3.4,16,12.5,0.0,8,25.0,0.0,41,0.0,7.317073170731708,21,0.0,4.761904761904762,41,0.0,7.317073170731708,20,0.0,10.0,34.0,1,0.0,4.0,5.0,3,2,1
20250604TMG05,2025-06-04,1C下,3.0,2.1,2.3,16,12.5,0.0,14,14.285714285714286,0.0,43,0.0,18.6046511627907,19,0.0,21.05263157894737,41,0.0,9.75609756097561,18,0.0,5.555555555555555,30.0,1,0.0,4.0,2.0,2,3,1
20250604TMG06,2025-06-04,1C下,3.4,3.1,1.9,45,57.77777777777778,0.0,21,61.904761904761905,0.0,8,0.0,0.0,7,0.0,0.0,37,0.0,18.91891891891892,16,0.0,25.0,30.0,1,0.0,5.0,4.0,1,3,4
20250604TMG08,2025-06-04,1C上,1.0,4.1,4.5,8,62.5,0.0,4,75.0,0.0,29,0.0,0.0,17,0.0,0.0,9,0.0,11.11111111111111,9,0.0,11.11111111111111,24.0,2,9.0,3.0,5.0,1,5,2
20250604TMG09,2025-06-04,1C上,2.6,4.7,4.5,57,68.42105263157895,0.0,30,70.0,0.0,29,0.0,6.896551724137931,17,0.0,0.0,6,0.0,0.0,6,0.0,0.0,36.0,1,0.0,5.0,5.0,5,1,6
20250604TMG10,2025-06-04,1C下,3.7,2.3,3.2,50,62.0,0.0,27,59.25925925925926,0.0,36,0.0,0.0,19,0.0,0.0,29,0.0,0.0,13,0.0,0.0,32.0,1,0.0,4.0,5.0,2,4,5
20250604TMG11,2025-06-04,1C上,3.0,3.3,3.6,47,72.34042553191489,0.0,23,78.26086956521739,0.0,36,0.0,2.7777777777777777,18,0.0,0.0,35,0.0,8.571428571428571,20,0.0,10.0,28.0,2,4.0,5.0,5.0,1,2,4
20250604TMG12,2025-06-04,1C上,2.1,3.6,2.1,71,76.05633802816901,0.0,42,88.0952380952381,0.0,44,0.0,9.090909090909092,22,0.0,9.090909090909092,39,0.0,20.512820512820515,22,0.0,27.272727272727273,39.0,1,0.0,5.0,5.0,2,5,1
20250605TMG01,2025-06-05,1C上,1.8,4.2,4.6,21,52.38095238095238,0.0,9,55.55555555555556,0.0,14,0.0,14.285714285714286,9,0.0,22.22222222222222,27,0.0,3.7037037037037037,11,0.0,0.0,24.0,3,9.0,2.0,5.0,3,2,1
20250605TMG02,2025-06-05,1C下,4.1,3.9,2.9,21,19.047619047619047,0.0,13,7.6923076923076925,0.0,24,0.0,0.0,11,0.0,0.0,19,0.0,0.0,13,0.0,0.0,31.0,1,0.0,5.0,1.0,1,4,5
20250605TMG03,2025-06-05,1C下,4.1,3.0,2.7,32,40.625,0.0,13,30.76923076923077,0.0,9,0.0,0.0,5,0.0,0.0,21,0.0,9.523809523809524,7,0.0,14.285714285714286,35.0,2,3.0,5.0,3.0,4,6,5
20250605TMG04,2025-06-05,1C下,3.3,2.7,4.2,20,20.0,0.0,12,16.666666666666668,0.0,32,0.0,12.5,20,0.0,10.0,25,0.0,8.0,13,0.0,7.6923076923076925,25.0,4,3.0,4.0,1.0,5,2,4
20250605TMG06,2025-06-05,1C上,3.0,3.8,3.4,17,11.764705882352942,0.0,15,13.333333333333334,0.0,33,0.0,0.0,13,0.0,0.0,41,0.0,7.317073170731708,21,0.0,9.523809523809524,26.0,2,2.0,3.0,4.0,3,1,6
20250605TMG07,2025-06-05,1C上,2.3,4.3,4.2,33,48.484848484848484,0.0,18,50.0,0.0,24,0.0,0.0,14,0.0,0.0,25,0.0,8.0,12,0.0,16.666666666666668,31.0,1,0.0,5.0,2.0,1,3,5
20250605TMG08,2025-06-05,1C上,3.3,3.6,2.9,21,23.80952380952381,0.0,8,12.5,0.0,38,0.0,0.0,22,0.0,0.0,10,0.0,0.0,8,0.0,0.0,28.0,2,2.0,4.0,5.0,1,5,3
20250605TMG09,2025-06-05,1C上,3.9,4.8,3.0,23,34.78260869565217,0.0,12,33.333333333333336,0.0,17,0.0,0.0,14,0.0,0.0,34,0.0,11.764705882352942,15,0.0,0.0,28.0,1,0.0,5.0,1.0,1,3,5
20250605TMG10,2025-06-05,1C上,2.1,2.5,3.3,53,56.60377358490566,0.0,24,62.5,0.0,50,0.0,8.0,25,0.0,16.0,39,0.0,5.128205128205129,16,0.0,6.25,34.0,2,3.0,4.0,4.0,1,2,3
20250605TMG11,2025-06-05,1C下,3.0,2.7,3.6,48,72.91666666666667,0.0,24,79.16666666666667,0.0,20,0.0,0.0,14,0.0,0.0,33,0.0,21.21212121212121,14,0.0,14.285714285714286,32.0,1,0.0,4.0,3.0,1,2,5
20250605TMG12,2025-06-05,1C上,2.2,3.6,2.5,55,72.72727272727273,0.0,26,76.92307692307692,0.0,45,0.0,8.88888888888889,23,0.0,8.695652173913043,43,0.0,16.27906976744186,22,0.0,18.181818181818183,30.0,2,2.0,5.0,5.0,1,4,3
20250606TMG01,2025-06-06,1C上,2.7,3.1,3.5,19,26.31578947368421,0.0,9,44.44444444444444,0.0,9,0.0,0.0,8,0.0,0.0,42,0.0,7.142857142857143,23,0.0,0.0,22.0,4,9.0,1.0,5.0,1,2,5
20250606TMG02,2025-06-06,1C下,4.0,2.7,3.4,18,11.11111111111111,0.0,5,20.0,0.0,27,0.0,3.7037037037037037,10,0.0,0.0,42,0.0,9.523809523809524,22,0.0,13.636363636363637,32.0,1,0.0,5.0,3.0,4,3,2
20250606TMG03,2025-06-06,1C上,3.0,4.4,3.6,18,11.11111111111111,0.0,15,13.333333333333334,0.0,35,0.0,2.857142857142857,15,0.0,0.0,36,0.0,8.333333333333334,21,0.0,9.523809523809524,24.0,6,3.0,4.0,1.0,3,1,4
20250606TMG04,2025-06-06,1C下,4.6,4.3,2.2,12,25.0,0.0,7,28.571428571428573,0.0,26,0.0,3.8461538461538463,13,0.0,0.0,22,0.0,9.090909090909092,11,0.0,9.090909090909092,22.0,3,11.0,2.0,5.0,4,5,3
20250606TMG05,2025-06-06,1C上,4.5,4.7,2.5,26,11.538461538461538,0.0,10,20.0,0.0,7,0.0,0.0,7,0.0,0.0,24,0.0,8.333333333333334,10,0.0,20.0,32.0,1,0.0,5.0,5.0,5,3,1
20250606TMG06,2025-06-06,1C上,2.9,3.6,3.5,43,44.18604651162791,0.0,24,45.833333333333336,0.0,25,0.0,4.0,15,0.0,0.0,32,0.0,3.125,21,0.0,4.761904761904762,33.0,1,0.0,5.0,3.0,4,3,1
20250606TMG07,2025-06-06,1C上,3.0,4.8,2.8,20,30.0,0.0,10,30.0,0.0,18,0.0,0.0,15,0.0,0.0,37,0.0,10.81081081081081,18,0.0,5.555555555555555,27.0,2,1.0,5.0,2.0,4,5,1
20250606TMG08,2025-06-06,1C上,2.4,3.6,3.2,45,62.22222222222222,0.0,24,66.66666666666667,0.0,21,0.0,0.0,17,0.0,0.0,25,0.0,4.0,16,0.0,0.0,35.0,1,0.0,5.0,5.0,2,1,6
20250606TMG09,2025-06-06,1C上,3.9,4.2,3.8,24,37.5,0.0,13,38.46153846153846,0.0,25,0.0,4.0,11,0.0,9.090909090909092,38,0.0,2.6315789473684212,22,0.0,0.0,34.0,1,0.0,5.0,5.0,3,4,2
20250606TMG10,2025-06-06,1C上,2.6,3.6,4.4,36,66.66666666666667,0.0,21,66.66666666666667,0.0,39,0.0,0.0,23,0.0,0.0,31,0.0,6.451612903225806,16,0.0,6.25,32.0,2,1.0,5.0,5.0,2,1,3
20250606TMG11,2025-06-06,1C上,2.6,2.7,3.2,48,43.75,0.0,21,47.61904761904762,0.0,33,0.0,12.121212121212121,21,0.0,9.523809523809524,30,0.0,0.0,14,0.0,0.0,30.0,1,0.0,5.0,4.0,2,1,3
20250606TMG12,2025-06-06,1C上,2.2,3.1,1.9,55,72.72727272727273,0.0,27,77.77777777777777,0.0,36,0.0,8.333333333333334,21,0.0,9.523809523809524,38,0.0,18.42105263157895,17,0.0,23.529411764705884,30.0,2,4.0,3.0,5.0,4,6,5
20250614TMG01,2025-06-14,1C上,2.6,2.8,2.9,37,45.945945945945944,0.0,19,57.89473684210526,0.0,29,0.0,0.0,10,0.0,0.0,38,0.0,13.157894736842104,16,0.0,18.75,27.0,2,5.0,3.0,5.0,5,4,2
20250614TMG02,2025-06-14,1C下,3.7,2.4,3.2,38,47.36842105263158,0.0,18,55.55555555555556,0.0,45,0.0,6.666666666666667,21,0.0,14.285714285714286,38,0.0,15.789473684210526,15,0.0,13.333333333333334,30.0,1,0.0,4.0,5.0,2,3,6
20250614TMG03,2025-06-14,1C上,2.4,3.3,2.8,36,52.77777777777778,0.0,15,60.0,0.0,42,0.0,16.666666666666668,19,0.0,10.526315789473685,38,0.0,23.68421052631579,18,0.0,22.22222222222222,29.0,2,4.0,5.0,5.0,1,5,3
20250614TMG04,2025-06-14,1C上,2.3,3.1,3.9,31,80.64516129032258,0.0,16,75.0,0.0,38,0.0,2.6315789473684212,19,0.0,0.0,40,0.0,12.5,21,0.0,14.285714285714286,32.0,2,1.0,3.0,5.0,4,2,5
20250614TMG05,2025-06-14,1C下,3.5,3.0,3.7,47,40.42553191489362,0.0,19,57.89473684210526,0.0,44,0.0,9.090909090909092,25,0.0,12.0,41,0.0,7.317073170731708,17,0.0,17.647058823529413,24.0,4,9.0,1.0,5.0,1,2,6
20250614TMG06,2025-06-14,1C上,2.0,3.1,2.7,36,63.888888888888886,0.0,15,80.0,0.0,30,0.0,3.3333333333333335,16,0.0,0.0,42,0.0,21.428571428571427,19,0.0,26.31578947368421,35.0,1,0.0,5.0,5.0,1,6,3
20250614TMG07,2025-06-14,1C上,2.6,3.5,2.9,37,67.56756756756756,0.0,19,73.6842105263158,0.0,44,0.0,4.545454545454546,23,0.0,4.3478260869565215,37,0.0,8.108108108108109,18,0.0,16.666666666666668,34.0,1,0.0,5.0,5.0,1,5,6
20250614TMG08,2025-06-14,1C上,3.1,3.4,3.0,35,60.0,0.0,16,56.25,0.0,33,0.0,6.0606060606060606,14,0.0,7.142857142857143,32,0.0,12.5,9,0.0,11.11111111111111,36.0,1,0.0,5.0,5.0,2,1,3
20250614TMG09,2025-06-14,1C上,2.0,3.7,4.0,56,71.42857142857143,0.0,26,65.38461538461539,0.0,48,0.0,6.25,24,0.0,4.166666666666667,40,0.0,17.5,20,0.0,20.0,33.0,1,0.0,5.0,5.0,1,4,3
20250614TMG10,2025-06-14,1C下,3.3,2.6,3.1,48,70.83333333333333,0.0,22,68.18181818181819,0.0,40,0.0,15.0,23,0.0,13.043478260869565,26,0.0,15.384615384615385,10,0.0,10.0,29.0,2,6.0,4.0,5.0,1,3,5
20250614TMG11,2025-06-14,1C上,2.6,3.1,2.6,59,74.57627118644068,0.0,32,71.875,0.0,36,0.0,5.555555555555555,19,0.0,5.2631578947368425,38,0.0,10.526315789473685,20,0.0,10.0,29.0,2,4.0,4.0,5.0,1,3,5
20250614TMG12,2025-06-14,1C上,2.4,3.3,3.1,58,86.20689655172414,0.0,23,82.6086956521739,0.0,37,0.0,10.81081081081081,15,0.0,0.0,41,0.0,19.51219512195122,24,0.0,16.666666666666668,29.0,1,0.0,2.0,5.0,5,1,6
20250615TMG01,2025-06-15,1C上,2.4,2.9,2.9,29,51.724137931034484,0.0,11,36.36363636363637,0.0,32,0.0,12.5,14,0.0,21.428571428571427,37,0.0,5.405405405405405,18,0.0,5.555555555555555,19.0,6,9.0,1.0,2.0,2,5,3
20250615TMG02,2025-06-15,1C上,2.7,2.9,2.8,39,56.41025641025641,0.0,19,78.94736842105263,0.0,34,0.0,0.0,16,0.0,0.0,34,0.0,14.705882352941176,16,0.0,25.0,21.0,4,12.0,2.0,3.0,1,4,2
20250615TMG04,2025-06-15,1C下,3.7,2.7,2.1,30,36.666666666666664,0.0,11,18.181818181818183,0.0,36,0.0,8.333333333333334,17,0.0,5.882352941176471,41,0.0,14.634146341463415,20,0.0,25.0,23.0,3,5.0,3.0,5.0,1,2,5
20250615TMG05,2025-06-15,1C上,2.8,3.0,3.2,52,67.3076923076923,0.0,31,64.51612903225806,0.0,39,0.0,2.5641025641025643,20,0.0,5.0,43,0.0,27.906976744186046,20,0.0,25.0,34.0,1,0.0,4.0,5.0,3,4,1
20250615TMG07,2025-06-15,1C上,2.6,2.9,3.9,27,55.55555555555556,0.0,19,47.36842105263158,0.0,36,0.0,0.0,16,0.0,0.0,31,0.0,22.580645161290324,15,0.0,20.0,26.0,3,4.0,4.0,5.0,3,4,1
20250615TMG08,2025-06-15,1C上,2.6,3.4,2.6,44,47.72727272727273,0.0,20,35.0,0.0,39,0.0,5.128205128205129,20,0.0,10.0,40,0.0,15.0,13,0.0,0.0,34.0,2,4.0,4.0,5.0,4,2,1
20250615TMG09,2025-06-15,同じ,2.6,2.6,3.1,44,65.9090909090909,0.0,29,58.62068965517241,0.0,51,0.0,15.686274509803921,25,0.0,20.0,32,0.0,6.25,21,0.0,9.523809523809524,35.0,1,0.0,5.0,5.0,1,3,6
20250615TMG10,2025-06-15,1C下,3.1,3.0,2.2,56,66.07142857142857,0.0,25,64.0,0.0,44,0.0,9.090909090909092,21,0.0,4.761904761904762,42,0.0,21.428571428571427,21,0.0,28.571428571428573,28.0,2,3.0,4.0,5.0,2,3,1
20250615TMG11,2025-06-15,1C下,3.5,2.5,2.4,54,74.07407407407408,0.0,25,68.0,0.0,49,0.0,4.081632653061225,25,0.0,0.0,24,0.0,20.833333333333332,16,0.0,25.0,26.0,3,8.0,5.0,2.0,1,2,6
20250615TMG12,2025-06-15,1C上,2.3,3.6,2.8,44,70.45454545454545,0.0,22,72.72727272727273,0.0,37,0.0,13.513513513513514,17,0.0,17.647058823529413,49,0.0,16.3265306122449,26,0.0,19.23076923076923,31.0,1,0.0,5.0,5.0,3,1,5
20250616TMG01,2025-06-16,1C上,1.8,4.5,4.0,41,58.53658536585366,0.0,19,57.89473684210526,0.0,45,0.0,4.444444444444445,21,0.0,0.0,39,0.0,10.256410256410257,21,0.0,9.523809523809524,30.0,2,2.0,5.0,5.0,1,6,5
20250616TMG02,2025-06-16,1C上,2.5,2.6,2.8,29,51.724137931034484,0.0,14,57.142857142857146,0.0,34,0.0,0.0,16,0.0,0.0,39,0.0,23.076923076923077,19,0.0,21.05263157894737,18.0,5,20.0,3.0,1.0,2,3,5
20250616TMG03,2025-06-16,1C上,2.6,2.8,3.9,36,61.111111111111114,0.0,20,70.0,0.0,27,0.0,22.22222222222222,16,0.0,18.75,22,0.0,0.0,7,0.0,0.0,28.0,1,0.0,5.0,5.0,1,5,3
20250616TMG04,2025-06-16,1C下,2.9,2.5,2.9,37,59.45945945945946,0.0,24,66.66666666666667,0.0,30,0.0,3.3333333333333335,17,0.0,5.882352941176471,31,0.0,16.129032258064516,12,0.0,16.666666666666668,26.0,2,1.0,4.0,5.0,1,4,2
20250616TMG05,2025-06-16,1C上,2.6,4.1,2.6,45,68.88888888888889,0.0,22,68.18181818181819,0.0,32,0.0,3.125,15,0.0,6.666666666666667,34,0.0,2.9411764705882355,19,0.0,5.2631578947368425,32.0,1,0.0,4.0,5.0,1,4,2
20250616TMG06,2025-06-16,1C上,3.7,3.8,3.1,43,65.11627906976744,0.0,21,66.66666666666667,0.0,48,0.0,10.416666666666666,24,0.0,8.333333333333334,36,0.0,8.333333333333334,15,0.0,13.333333333333334,34.0,1,0.0,5.0,5.0,1,3,4
20250616TMG07,2025-06-16,1C上,1.6,3.1,3.2,44,59.09090909090909,0.0,25,68.0,0.0,22,0.0,4.545454545454546,6,0.0,0.0,43,0.0,6.976744186046512,17,0.0,0.0,29.0,2,1.0,4.0,5.0,4,3,1
20250616TMG08,2025-06-16,1C上,2.9,3.4,3.1,37,48.648648648648646,0.0,23,43.47826086956522,0.0,34,0.0,2.9411764705882355,16,0.0,6.25,37,0.0,13.513513513513514,11,0.0,9.090909090909092,32.0,1,0.0,4.0,5.0,1,5,4
20250616TMG09,2025-06-16,1C上,2.2,3.1,3.0,45,82.22222222222223,0.0,23,91.30434782608695,0.0,41,0.0,2.4390243902439024,12,0.0,0.0,47,0.0,4.25531914893617,19,0.0,5.2631578947368425,31.0,3,4.0,4.0,5.0,1,4,5
20250616TMG10,2025-06-16,1C上,1.7,3.2,3.1,68,77.94117647058823,0.0,33,81.81818181818181,0.0,44,0.0,18.181818181818183,21,0.0,19.047619047619047,36,0.0,19.444444444444443,15,0.0,13.333333333333334,28.0,3,7.0,5.0,3.0,2,3,5
20250616TMG11,2025-06-16,1C下,3.3,3.0,2.4,60,81.66666666666667,0.0,22,86.36363636363636,0.0,44,0.0,13.636363636363637,21,0.0,14.285714285714286,45,0.0,22.22222222222222,21,0.0,19.047619047619047,36.0,1,0.0,5.0,4.0,1,3,6
20250616TMG12,2025-06-16,1C上,2.1,3.5,2.4,62,75.80645161290323,0.0,27,74.07407407407408,0.0,35,0.0,5.714285714285714,16,0.0,6.25,38,0.0,13.157894736842104,17,0.0,11.764705882352942,36.0,1,0.0,5.0,5.0,1,4,2
20250628TMG01,2025-06-28,1C上,2.4,3.7,3.3,33,33.333333333333336,0.0,18,44.44444444444444,0.0,40,0.0,5.0,22,0.0,4.545454545454546,44,0.0,6.818181818181818,25,0.0,8.0,25.0,3,9.0,3.0,1.0,3,2,5
20250628TMG02,2025-06-28,1C上,3.1,3.7,4.3,39,28.205128205128204,0.0,20,30.0,0.0,37,0.0,0.0,19,0.0,0.0,17,0.0,0.0,11,0.0,0.0,28.0,1,0.0,3.0,5.0,5,2,4
20250628TMG03,2025-06-28,1C上,2.0,2.8,2.8,23,60.869565217391305,0.0,9,66.66666666666667,0.0,50,0.0,0.0,25,0.0,0.0,32,0.0,12.5,8,0.0,0.0,14.0,6,12.0,2.0,1.0,3,2,1
20250628TMG06,2025-06-28,1C上,3.0,3.5,2.8,10,30.0,0.0,6,33.333333333333336,0.0,32,0.0,0.0,16,0.0,0.0,33,0.0,12.121212121212121,12,0.0,16.666666666666668,34.0,1,0.0,4.0,5.0,1,4,3
20250628TMG07,2025-06-28,1C上,1.9,3.1,2.7,51,52.94117647058823,0.0,23,39.130434782608695,0.0,31,0.0,0.0,12,0.0,0.0,33,0.0,3.0303030303030303,13,0.0,0.0,28.0,1,0.0,5.0,1.0,5,4,6
20250628TMG08,2025-06-28,1C上,1.7,3.0,4.1,34,64.70588235294117,0.0,18,72.22222222222223,0.0,36,0.0,0.0,16,0.0,0.0,28,0.0,3.5714285714285716,17,0.0,0.0,28.0,1,0.0,5.0,1.0,1,2,4
20250628TMG09,2025-06-28,1C上,2.5,2.9,2.8,41,41.46341463414634,0.0,23,43.47826086956522,0.0,31,0.0,0.0,14,0.0,0.0,28,0.0,21.428571428571427,17,0.0,23.529411764705884,26.0,2,3.0,2.0,5.0,1,3,5
20250628TMG12,2025-06-28,1C上,2.2,3.3,2.1,55,65.45454545454545,0.0,27,66.66666666666667,0.0,52,0.0,1.9230769230769231,23,0.0,0.0,42,0.0,9.523809523809524,16,0.0,6.25,24.0,5,3.0,3.0,1.0,1,3,5
20250629TMG02,2025-06-29,1C上,3.7,3.8,2.8,22,22.727272727272727,0.0,11,9.090909090909092,0.0,39,0.0,2.5641025641025643,20,0.0,5.0,34,0.0,11.764705882352942,13,0.0,15.384615384615385,30.0,1,0.0,4.0,2.0,2,5,4
20250629TMG03,2025-06-29,1C上,2.0,3.4,3.9,32,46.875,0.0,12,41.666666666666664,0.0,41,0.0,4.878048780487805,21,0.0,4.761904761904762,33,0.0,0.0,16,0.0,0.0,31.0,2,5.0,4.0,5.0,2,3,6
20250629TMG04,2025-06-29,1C上,1.6,2.0,3.1,37,59.45945945945946,0.0,15,66.66666666666667,0.0,37,0.0,8.108108108108109,17,0.0,11.764705882352942,44,0.0,9.090909090909092,23,0.0,8.695652173913043,36.0,1,0.0,5.0,5.0,4,1,3
20250629TMG05,2025-06-29,1C下,3.4,1.9,3.0,33,39.39393939393939,0.0,17,23.529411764705884,0.0,34,0.0,23.529411764705884,22,0.0,27.272727272727273,58,0.0,3.4482758620689653,22,0.0,0.0,28.0,1,0.0,4.0,5.0,3,2,1
20250629TMG06,2025-06-29,1C上,2.6,4.7,3.1,38,63.1578947368421,0.0,18,61.111111111111114,0.0,18,0.0,0.0,11,0.0,0.0,35,0.0,8.571428571428571,15,0.0,13.333333333333334,28.0,1,0.0,4.0,5.0,1,2,3
20250629TMG07,2025-06-29,1C上,2.1,4.3,2.8,42,73.80952380952381,0.0,9,66.66666666666667,0.0,35,0.0,8.571428571428571,16,0.0,6.25,33,0.0,12.121212121212121,16,0.0,12.5,28.0,1,0.0,5.0,5.0,1,2,3
20250629TMG08,2025-06-29,1C上,2.9,3.1,2.0,51,27.45098039215686,0.0,21,23.80952380952381,0.0,32,0.0,6.25,13,0.0,0.0,40,0.0,20.0,26,0.0,26.923076923076923,24.0,4,6.0,4.0,1.0,4,3,1
20250629TMG09,2025-06-29,1C上,2.2,4.1,2.7,41,41.46341463414634,0.0,20,30.0,0.0,33,0.0,0.0,16,0.0,0.0,39,0.0,17.94871794871795,21,0.0,19.047619047619047,16.0,6,18.0,2.0,1.0,4,3,2
20250629TMG10,2025-06-29,1C下,2.3,1.9,3.8,63,68.25396825396825,0.0,32,75.0,0.0,35,0.0,20.0,14,0.0,14.285714285714286,40,0.0,0.0,25,0.0,0.0,32.0,1,0.0,4.0,3.0,1,2,6
20250629TMG11,2025-06-29,1C上,2.4,2.5,2.4,67,70.14925373134328,0.0,32,62.5,0.0,36,0.0,2.7777777777777777,18,0.0,5.555555555555555,29,0.0,0.0,14,0.0,0.0,36.0,1,0.0,4.0,5.0,6,4,1
20250630TMG01,2025-06-30,1C上,3.1,3.9,3.0,21,23.80952380952381,0.0,13,38.46153846153846,0.0,43,0.0,4.651162790697675,26,0.0,3.8461538461538463,39,0.0,10.256410256410257,19,0.0,5.2631578947368425,22.0,4,7.0,3.0,3.0,5,3,1
20250630TMG03,2025-06-30,1C上,3.0,3.5,2.2,26,50.0,0.0,11,45.45454545454545,0.0,29,0.0,3.4482758620689653,14,0.0,7.142857142857143,37,0.0,5.405405405405405,13,0.0,7.6923076923076925,21.0,6,11.0,2.0,1.0,4,5,1
20250630TMG04,2025-06-30,1C上,3.6,3.9,2.9,20,25.0,0.0,12,25.0,0.0,27,0.0,3.7037037037037037,11,0.0,9.090909090909092,48,0.0,10.416666666666666,24,0.0,12.5,38.0,1,0.0,5.0,5.0,1,3,5
20250630TMG06,2025-06-30,1C下,2.8,2.7,2.3,37,45.945945945945944,0.0,15,46.666666666666664,0.0,37,0.0,8.108108108108109,24,0.0,12.5,50,0.0,20.0,29,0.0,24.137931034482758,28.0,2,2.0,4.0,5.0,1,2,3
20250630TMG08,2025-06-30,1C上,2.7,2.9,4.0,45,75.55555555555556,0.0,27,70.37037037037037,0.0,29,0.0,3.4482758620689653,13,0.0,0.0,43,0.0,0.0,20,0.0,0.0,26.0,3,4.0,5.0,5.0,1,4,2
20250630TMG09,2025-06-30,同じ,2.3,2.3,2.9,48,75.0,0.0,25,60.0,0.0,46,0.0,6.521739130434782,26,0.0,3.8461538461538463,30,0.0,6.666666666666667,12,0.0,8.333333333333334,33.0,2,1.0,5.0,5.0,1,3,4
20250630TMG10,2025-06-30,1C下,3.2,2.7,3.2,49,55.10204081632653,0.0,22,50.0,0.0,34,0.0,2.9411764705882355,16,0.0,0.0,42,0.0,7.142857142857143,16,0.0,12.5,36.0,1,0.0,5.0,5.0,1,2,4
20250630TMG11,2025-06-30,1C上,2.7,3.9,2.3,40,62.5,0.0,26,61.53846153846154,0.0,51,0.0,0.0,24,0.0,0.0,42,0.0,9.523809523809524,19,0.0,10.526315789473685,30.0,1,0.0,4.0,5.0,1,3,2
20250630TMG12,2025-06-30,1C上,2.1,3.1,3.0,43,74.4186046511628,0.0,10,70.0,0.0,40,0.0,0.0,21,0.0,0.0,43,0.0,6.976744186046512,20,0.0,5.0,34.0,1,0.0,5.0,5.0,5,1,4
20250701TMG01,2025-07-01,1C上,2.7,3.5,2.2,17,11.764705882352942,0.0,9,11.11111111111111,0.0,33,0.0,0.0,18,0.0,0.0,38,0.0,5.2631578947368425,14,0.0,7.142857142857143,32.0,1,0.0,5.0,3.0,3,4,6
20250701TMG02,2025-07-01,1C下,2.6,1.9,3.1,25,60.0,0.0,9,44.44444444444444,0.0,35,0.0,22.857142857142858,23,0.0,26.08695652173913,30,0.0,6.666666666666667,15,0.0,6.666666666666667,32.0,1,0.0,3.0,5.0,1,5,4
20250701TMG03,2025-07-01,1C下,3.6,3.5,2.0,29,41.37931034482759,0.0,13,15.384615384615385,0.0,33,0.0,0.0,13,0.0,0.0,41,0.0,19.51219512195122,27,0.0,25.925925925925927,33.0,3,4.0,5.0,5.0,3,2,1
20250701TMG04,2025-07-01,1C下,4.5,4.0,2.2,20,10.0,0.0,10,10.0,0.0,37,0.0,0.0,19,0.0,0.0,30,0.0,16.666666666666668,17,0.0,11.764705882352942,27.0,1,0.0,3.0,5.0,2,3,1
20250701TMG05,2025-07-01,1C上,3.2,3.4,3.4,27,22.22222222222222,0.0,12,25.0,0.0,43,0.0,0.0,20,0.0,0.0,30,0.0,6.666666666666667,13,0.0,0.0,32.0,2,1.0,5.0,5.0,3,4,2
20250701TMG06,2025-07-01,1C上,2.4,3.5,3.8,67,70.14925373134328,0.0,33,60.60606060606061,0.0,29,0.0,0.0,12,0.0,0.0,49,0.0,6.122448979591836,24,0.0,4.166666666666667,34.0,1,0.0,5.0,5.0,1,3,5
20250701TMG07,2025-07-01,1C上,2.6,3.4,3.9,42,57.142857142857146,0.0,25,64.0,0.0,33,0.0,0.0,13,0.0,0.0,40,0.0,7.5,14,0.0,7.142857142857143,28.0,2,8.0,4.0,5.0,1,3,2
20250701TMG08,2025-07-01,1C下,3.2,2.0,3.2,49,55.10204081632653,0.0,22,54.54545454545455,0.0,37,0.0,8.108108108108109,17,0.0,11.764705882352942,32,0.0,3.125,16,0.0,6.25,35.0,1,0.0,5.0,5.0,1,4,2
20250701TMG09,2025-07-01,1C上,3.0,3.1,3.3,41,75.60975609756098,0.0,27,85.18518518518519,0.0,16,0.0,0.0,5,0.0,0.0,36,0.0,8.333333333333334,14,0.0,14.285714285714286,36.0,1,0.0,5.0,4.0,1,4,6
20250701TMG12,2025-07-01,1C上,2.2,2.3,3.3,53,66.0377358490566,0.0,28,67.85714285714286,0.0,46,0.0,4.3478260869565215,27,0.0,3.7037037037037037,42,0.0,4.761904761904762,20,0.0,5.0,19.0,5,10.0,3.0,3.0,1,3,4
20250702TMG01,2025-07-02,1C下,3.1,1.9,1.0,40,27.5,0.0,20,30.0,0.0,36,0.0,19.444444444444443,15,0.0,13.333333333333334,4,0.0,0.0,3,0.0,0.0,27.0,2,3.0,4.0,5.0,2,1,3
20250702TMG02,2025-07-02,1C下,4.5,3.1,2.2,21,9.523809523809524,0.0,11,9.090909090909092,0.0,31,0.0,0.0,13,0.0,0.0,39,0.0,7.6923076923076925,15,0.0,13.333333333333334,27.0,3,3.0,4.0,5.0,5,6,2
20250702TMG04,2025-07-02,1C上,2.9,3.5,3.1,51,27.45098039215686,0.0,22,22.727272727272727,0.0,34,0.0,0.0,19,0.0,0.0,31,0.0,6.451612903225806,15,0.0,6.666666666666667,28.0,2,2.0,4.0,5.0,1,4,5
20250702TMG06,2025-07-02,1C下,3.6,1.9,3.8,20,30.0,0.0,13,30.76923076923077,0.0,36,0.0,22.22222222222222,24,0.0,25.0,41,0.0,0.0,26,0.0,0.0,29.0,2,1.0,5.0,5.0,2,1,4
20250702TMG08,2025-07-02,1C上,1.9,2.3,3.0,51,50.98039215686274,0.0,23,39.130434782608695,0.0,47,0.0,4.25531914893617,28,0.0,3.5714285714285716,44,0.0,6.818181818181818,20,0.0,5.0,32.0,1,0.0,5.0,5.0,1,3,2
20250702TMG09,2025-07-02,1C上,3.0,3.1,3.0,35,51.42857142857143,0.0,15,53.333333333333336,0.0,17,0.0,0.0,6,0.0,0.0,57,0.0,8.771929824561404,33,0.0,3.0303030303030303,36.0,1,0.0,5.0,5.0,3,1,4
20250702TMG11,2025-07-02,1C上,2.2,3.3,2.2,54,66.66666666666667,0.0,29,68.96551724137932,0.0,52,0.0,1.9230769230769231,23,0.0,0.0,31,0.0,16.129032258064516,18,0.0,11.11111111111111,22.0,5,8.0,3.0,1.0,1,3,5
20250703TMG01,2025-07-03,1C上,2.0,3.4,1.8,24,58.333333333333336,0.0,10,60.0,0.0,33,0.0,0.0,14,0.0,0.0,15,0.0,6.666666666666667,7,0.0,14.285714285714286,25.0,2,7.0,3.0,2.0,1,5,2
20250703TMG02,2025-07-03,1C上,3.7,4.7,2.8,23,21.73913043478261,0.0,11,9.090909090909092,0.0,18,0.0,0.0,12,0.0,0.0,34,0.0,11.764705882352942,14,0.0,14.285714285714286,27.0,1,0.0,5.0,5.0,2,1,5
20250703TMG03,2025-07-03,1C上,3.1,4.1,3.8,22,22.727272727272727,0.0,14,35.714285714285715,0.0,28,0.0,0.0,13,0.0,0.0,42,0.0,0.0,27,0.0,0.0,30.0,2,1.0,4.0,5.0,2,1,3
20250703TMG04,2025-07-03,1C下,3.4,2.7,3.3,34,38.23529411764706,0.0,17,23.529411764705884,0.0,38,0.0,7.894736842105263,25,0.0,12.0,37,0.0,8.108108108108109,15,0.0,13.333333333333334,34.0,1,0.0,5.0,5.0,2,5,6
20250703TMG05,2025-07-03,1C上,2.9,3.7,2.2,58,46.55172413793103,0.0,33,45.45454545454545,0.0,38,0.0,0.0,19,0.0,0.0,40,0.0,7.5,16,0.0,12.5,26.0,3,6.0,4.0,1.0,1,5,3
20250703TMG06,2025-07-03,1C上,1.9,2.5,3.1,30,36.666666666666664,0.0,15,40.0,0.0,38,0.0,2.6315789473684212,19,0.0,5.2631578947368425,45,0.0,8.88888888888889,23,0.0,8.695652173913043,32.0,1,0.0,4.0,5.0,1,6,3
20250703TMG07,2025-07-03,1C下,3.2,3.1,2.8,50,58.0,0.0,22,59.09090909090909,0.0,32,0.0,0.0,14,0.0,0.0,34,0.0,11.764705882352942,17,0.0,11.764705882352942,36.0,1,0.0,5.0,5.0,1,2,3
20250703TMG08,2025-07-03,1C上,2.2,3.9,3.1,42,40.476190476190474,0.0,20,25.0,0.0,44,0.0,4.545454545454546,26,0.0,3.8461538461538463,32,0.0,6.25,16,0.0,6.25,25.0,3,9.0,5.0,1.0,1,3,2
20250703TMG09,2025-07-03,1C下,3.6,2.0,2.4,31,41.935483870967744,0.0,15,20.0,0.0,38,0.0,7.894736842105263,18,0.0,11.11111111111111,30,0.0,0.0,15,0.0,0.0,36.0,1,0.0,5.0,5.0,2,6,4
20250703TMG10,2025-07-03,1C下,2.7,1.9,3.1,40,65.0,0.0,27,62.96296296296296,0.0,37,0.0,21.62162162162162,25,0.0,24.0,36,0.0,8.333333333333334,16,0.0,12.5,28.0,1,0.0,3.0,5.0,4,5,6
20250703TMG11,2025-07-03,1C上,2.1,3.3,3.8,42,73.80952380952381,0.0,11,63.63636363636363,0.0,53,0.0,1.8867924528301887,24,0.0,0.0,50,0.0,6.0,25,0.0,4.0,36.0,1,0.0,5.0,5.0,1,2,5
20250703TMG12,2025-07-03,1C下,3.2,3.1,2.2,51,56.86274509803921,0.0,24,58.333333333333336,0.0,41,0.0,0.0,22,0.0,0.0,41,0.0,0.0,19,0.0,0.0,34.0,1,0.0,5.0,5.0,1,2,4
20250708TMG01,2025-07-08,1C上,2.4,3.9,3.6,20,45.0,0.0,12,33.333333333333336,0.0,45,0.0,2.2222222222222223,21,0.0,0.0,34,0.0,0.0,18,0.0,0.0,14.0,6,15.0,2.0,1.0,4,5,3
20250708TMG02,2025-07-08,1C上,2.6,4.6,2.2,20,40.0,0.0,11,9.090909090909092,0.0,45,0.0,4.444444444444445,20,0.0,5.0,29,0.0,6.896551724137931,17,0.0,11.764705882352942,28.0,2,5.0,5.0,1.0,3,4,5
20250708TMG03,2025-07-08,1C上,2.2,3.1,3.2,29,55.172413793103445,0.0,13,76.92307692307692,0.0,45,0.0,4.444444444444445,21,0.0,4.761904761904762,46,0.0,6.521739130434782,20,0.0,10.0,34.0,1,0.0,5.0,5.0,2,4,1
20250708TMG04,2025-07-08,1C下,3.5,3.0,2.1,28,50.0,0.0,11,45.45454545454545,0.0,37,0.0,5.405405405405405,19,0.0,10.526315789473685,34,0.0,8.823529411764707,7,0.0,14.285714285714286,24.0,3,6.0,1.0,5.0,1,3,2
20250708TMG05,2025-07-08,1C下,3.6,3.2,2.9,21,47.61904761904762,0.0,11,54.54545454545455,0.0,31,0.0,9.67741935483871,17,0.0,11.764705882352942,59,0.0,16.949152542372882,27,0.0,14.814814814814815,23.0,4,3.0,2.0,5.0,1,3,2
20250708TMG06,2025-07-08,1C上,2.7,3.2,4.8,35,54.285714285714285,0.0,19,68.42105263157895,0.0,38,0.0,0.0,21,0.0,0.0,29,0.0,0.0,18,0.0,0.0,19.0,5,10.0,2.0,4.0,6,5,4
20250708TMG07,2025-07-08,1C上,1.7,2.5,2.5,59,66.10169491525424,0.0,31,61.29032258064516,0.0,40,0.0,7.5,19,0.0,5.2631578947368425,50,0.0,12.0,19,0.0,15.789473684210526,34.0,1,0.0,5.0,5.0,3,1,4
20250708TMG08,2025-07-08,1C上,2.8,3.7,3.5,54,50.0,0.0,26,53.84615384615385,0.0,32,0.0,0.0,14,0.0,0.0,18,0.0,5.555555555555555,11,0.0,9.090909090909092,32.0,1,0.0,4.0,5.0,5,4,6
20250708TMG09,2025-07-08,1C上,2.5,3.8,3.0,39,53.84615384615385,0.0,19,68.42105263157895,0.0,32,0.0,0.0,19,0.0,0.0,46,0.0,17.391304347826086,21,0.0,23.80952380952381,26.0,3,7.0,5.0,1.0,1,3,2
20250708TMG10,2025-07-08,1C上,3.9,4.1,3.5,50,46.0,0.0,30,43.333333333333336,0.0,32,0.0,0.0,18,0.0,0.0,41,0.0,4.878048780487805,22,0.0,9.090909090909092,25.0,3,9.0,3.0,5.0,2,3,5
20250708TMG11,2025-07-08,1C上,2.4,2.6,2.9,56,62.5,0.0,33,66.66666666666667,0.0,34,0.0,17.647058823529413,18,0.0,16.666666666666668,38,0.0,5.2631578947368425,15,0.0,6.666666666666667,30.0,1,0.0,5.0,1.0,1,3,2
20250708TMG12,2025-07-08,1C上,2.9,3.6,2.1,62,75.80645161290323,0.0,32,78.125,0.0,69,0.0,8.695652173913043,30,0.0,13.333333333333334,37,0.0,24.324324324324323,19,0.0,26.31578947368421,30.0,2,2.0,2.0,4.0,1,3,4
20250709TMG02,2025-07-09,1C上,2.1,3.5,2.9,22,13.636363636363637,0.0,9,11.11111111111111,0.0,34,0.0,2.9411764705882355,15,0.0,0.0,41,0.0,21.951219512195124,12,0.0,33.333333333333336,22.0,4,6.0,2.0,1.0,3,2,1
20250709TMG03,2025-07-09,1C下,4.1,3.2,3.1,27,33.333333333333336,0.0,15,33.333333333333336,0.0,35,0.0,0.0,13,0.0,0.0,39,0.0,17.94871794871795,18,0.0,22.22222222222222,32.0,1,0.0,5.0,5.0,5,3,6
20250709TMG04,2025-07-09,同じ,2.9,2.9,3.2,35,37.142857142857146,0.0,15,26.666666666666668,0.0,35,0.0,5.714285714285714,18,0.0,11.11111111111111,53,0.0,5.660377358490566,29,0.0,10.344827586206897,23.0,4,8.0,3.0,4.0,5,6,2
20250709TMG05,2025-07-09,1C下,4.0,2.1,2.1,9,22.22222222222222,0.0,9,22.22222222222222,0.0,27,0.0,0.0,11,0.0,0.0,31,0.0,6.451612903225806,16,0.0,6.25,25.0,3,6.0,4.0,1.0,5,3,2
20250709TMG06,2025-07-09,1C上,2.6,3.1,3.8,36,38.888888888888886,0.0,14,42.857142857142854,0.0,52,0.0,3.8461538461538463,24,0.0,4.166666666666667,40,0.0,7.5,20,0.0,15.0,25.0,4,9.0,4.0,1.0,2,6,3
20250709TMG07,2025-07-09,1C上,1.9,4.4,2.4,34,79.41176470588235,0.0,14,57.142857142857146,0.0,37,0.0,2.7027027027027026,19,0.0,0.0,67,0.0,16.417910447761194,31,0.0,22.580645161290324,27.0,3,6.0,3.0,5.0,1,3,5
20250709TMG08,2025-07-09,1C上,2.7,3.7,4.3,44,63.63636363636363,0.0,22,59.09090909090909,0.0,38,0.0,0.0,17,0.0,0.0,28,0.0,0.0,9,0.0,0.0,32.0,1,0.0,5.0,5.0,1,2,4
20250709TMG09,2025-07-09,1C上,2.5,2.9,4.2,44,54.54545454545455,0.0,22,59.09090909090909,0.0,29,0.0,0.0,13,0.0,0.0,30,0.0,3.3333333333333335,12,0.0,0.0,32.0,1,0.0,4.0,5.0,4,6,3
20250709TMG10,2025-07-09,1C上,1.7,5.1,2.1,53,69.81132075471699,0.0,27,66.66666666666667,0.0,25,0.0,4.0,14,0.0,0.0,37,0.0,13.513513513513514,16,0.0,12.5,37.0,1,0.0,5.0,5.0,1,2,6
20250709TMG11,2025-07-09,1C上,1.7,3.9,1.9,52,71.15384615384616,0.0,25,68.0,0.0,40,0.0,0.0,18,0.0,0.0,27,0.0,0.0,10,0.0,0.0,36.0,1,0.0,5.0,5.0,1,3,2
20250710TMG01,2025-07-10,1C下,4.5,2.0,2.9,37,48.648648648648646,0.0,18,50.0,0.0,23,0.0,4.3478260869565215,4,0.0,0.0,30,0.0,20.0,17,0.0,23.529411764705884,30.0,2,2.0,4.0,5.0,1,5,2
20250710TMG02,2025-07-10,1C上,1.8,3.9,3.0,12,25.0,0.0,7,28.571428571428573,0.0,32,0.0,3.125,15,0.0,0.0,47,0.0,17.02127659574468,22,0.0,22.727272727272727,26.0,3,4.0,3.0,5.0,4,1,5
20250710TMG03,2025-07-10,1C下,2.8,2.5,3.8,26,34.61538461538461,0.0,13,46.15384615384615,0.0,37,0.0,2.7027027027027026,13,0.0,0.0,70,0.0,12.857142857142858,34,0.0,11.764705882352942,28.0,1,0.0,5.0,5.0,1,5,3
20250710TMG05,2025-07-10,1C下,2.8,2.2,2.6,37,51.351351351351354,0.0,13,38.46153846153846,0.0,37,0.0,5.405405405405405,18,0.0,5.555555555555555,34,0.0,0.0,12,0.0,0.0,26.0,3,5.0,5.0,5.0,1,3,2
20250710TMG06,2025-07-10,1C下,3.6,2.5,2.8,15,13.333333333333334,0.0,8,12.5,0.0,23,0.0,4.3478260869565215,14,0.0,7.142857142857143,43,0.0,11.627906976744185,19,0.0,10.526315789473685,31.0,2,2.0,5.0,5.0,2,4,5
20250710TMG07,2025-07-10,1C上,2.0,3.4,3.2,50,54.0,0.0,26,61.53846153846154,0.0,39,0.0,2.5641025641025643,21,0.0,4.761904761904762,30,0.0,3.3333333333333335,18,0.0,5.555555555555555,34.0,1,0.0,5.0,5.0,3,2,4
20250710TMG08,2025-07-10,1C上,2.9,3.1,2.7,63,60.317460317460316,0.0,32,59.375,0.0,48,0.0,4.166666666666667,20,0.0,0.0,30,0.0,3.3333333333333335,15,0.0,6.666666666666667,32.0,1,0.0,5.0,5.0,2,3,6
20250710TMG09,2025-07-10,1C上,2.4,3.3,2.7,42,66.66666666666667,0.0,7,42.857142857142854,0.0,39,0.0,2.5641025641025643,16,0.0,6.25,40,0.0,7.5,16,0.0,18.75,33.0,1,0.0,5.0,5.0,6,2,4
20250710TMG10,2025-07-10,1C上,1.7,2.9,3.0,46,73.91304347826087,0.0,21,66.66666666666667,0.0,78,0.0,2.5641025641025643,33,0.0,6.0606060606060606,41,0.0,9.75609756097561,26,0.0,11.538461538461538,30.0,1,0.0,5.0,5.0,3,5,2
20250710TMG11,2025-07-10,1C下,2.6,2.5,2.8,50,60.0,0.0,25,56.0,0.0,56,0.0,5.357142857142857,29,0.0,6.896551724137931,46,0.0,19.565217391304348,24,0.0,16.666666666666668,28.0,3,7.0,4.0,1.0,1,2,3
20250710TMG12,2025-07-10,1C上,2.4,3.4,2.9,57,63.1578947368421,0.0,34,67.6470588235294,0.0,31,0.0,6.451612903225806,11,0.0,9.090909090909092,42,0.0,23.80952380952381,13,0.0,38.46153846153846,24.0,3,8.0,4.0,2.0,1,4,3
20250711TMG01,2025-07-11,1C上,3.3,4.1,2.4,28,21.428571428571427,0.0,15,26.666666666666668,0.0,34,0.0,0.0,16,0.0,0.0,43,0.0,2.3255813953488373,20,0.0,5.0,30.0,1,0.0,5.0,5.0,2,1,4
20250711TMG02,2025-07-11,1C上,2.8,3.1,2.8,38,52.63157894736842,0.0,14,42.857142857142854,0.0,52,0.0,5.769230769230769,25,0.0,8.0,40,0.0,15.0,16,0.0,25.0,28.0,2,1.0,5.0,5.0,1,2,3
20250711TMG03,2025-07-11,1C下,3.5,2.2,2.4,27,22.22222222222222,0.0,14,7.142857142857143,0.0,38,0.0,5.2631578947368425,19,0.0,5.2631578947368425,13,0.0,15.384615384615385,13,0.0,15.384615384615385,32.0,1,0.0,4.0,5.0,2,4,5
20250711TMG05,2025-07-11,同じ,2.6,2.6,3.1,24,54.166666666666664,0.0,9,55.55555555555556,0.0,35,0.0,17.142857142857142,19,0.0,15.789473684210526,40,0.0,2.5,15,0.0,0.0,29.0,1,0.0,5.0,5.0,5,4,1
20250711TMG06,2025-07-11,1C下,3.4,2.9,2.9,20,30.0,0.0,12,25.0,0.0,37,0.0,2.7027027027027026,19,0.0,0.0,39,0.0,7.6923076923076925,21,0.0,4.761904761904762,32.0,1,0.0,4.0,5.0,2,4,1
20250711TMG07,2025-07-11,1C上,2.7,3.0,2.6,45,64.44444444444444,0.0,23,60.869565217391305,0.0,12,0.0,0.0,12,0.0,0.0,44,0.0,0.0,23,0.0,0.0,34.0,1,0.0,5.0,5.0,6,3,1
20250711TMG08,2025-07-11,1C上,1.9,2.9,2.8,34,79.41176470588235,0.0,15,60.0,0.0,27,0.0,0.0,16,0.0,0.0,47,0.0,19.148936170212767,25,0.0,16.0,30.0,1,0.0,5.0,5.0,1,3,4
20250711TMG09,2025-07-11,1C下,3.3,2.9,4.3,34,44.11764705882353,0.0,19,42.10526315789474,0.0,79,0.0,2.5316455696202533,34,0.0,5.882352941176471,36,0.0,5.555555555555555,18,0.0,11.11111111111111,23.0,4,11.0,2.0,5.0,1,2,5
20250711TMG11,2025-07-11,1C上,3.1,3.6,2.9,55,61.81818181818182,0.0,27,55.55555555555556,0.0,70,0.0,8.571428571428571,30,0.0,13.333333333333334,39,0.0,5.128205128205129,16,0.0,6.25,27.0,3,5.0,4.0,3.0,1,5,6
20250711TMG12,2025-07-11,1C上,2.9,4.0,3.5,61,77.04918032786885,0.0,33,78.78787878787878,0.0,28,0.0,3.5714285714285716,13,0.0,0.0,42,0.0,4.761904761904762,23,0.0,8.695652173913043,29.0,2,5.0,4.0,1.0,1,6,3
20250712TMG01,2025-07-12,1C上,2.1,3.2,2.6,36,38.888888888888886,0.0,17,41.1764705882353,0.0,39,0.0,0.0,22,0.0,0.0,44,0.0,0.0,24,0.0,0.0,26.0,4,2.0,4.0,4.0,1,3,4
20250712TMG02,2025-07-12,1C上,3.4,3.7,2.8,21,28.571428571428573,0.0,13,23.076923076923077,0.0,33,0.0,0.0,15,0.0,0.0,44,0.0,11.363636363636363,20,0.0,10.0,30.0,1,0.0,5.0,5.0,1,3,6
20250712TMG03,2025-07-12,1C上,1.9,4.6,3.5,47,44.680851063829785,0.0,22,54.54545454545455,0.0,46,0.0,4.3478260869565215,20,0.0,5.0,19,0.0,5.2631578947368425,12,0.0,8.333333333333334,32.0,1,0.0,5.0,5.0,1,3,5
20250712TMG04,2025-07-12,1C上,2.8,2.9,3.0,55,49.09090909090909,0.0,27,51.851851851851855,0.0,28,0.0,0.0,17,0.0,0.0,42,0.0,11.904761904761905,27,0.0,14.814814814814815,28.0,1,0.0,5.0,5.0,4,1,6
20250712TMG05,2025-07-12,1C上,2.5,4.1,2.9,45,53.333333333333336,0.0,23,56.52173913043478,0.0,35,0.0,0.0,17,0.0,0.0,42,0.0,23.80952380952381,14,0.0,35.714285714285715,32.0,1,0.0,5.0,5.0,5,3,4
20250712TMG06,2025-07-12,1C下,2.7,2.0,3.2,36,52.77777777777778,0.0,20,65.0,0.0,24,0.0,4.166666666666667,5,0.0,0.0,31,0.0,3.225806451612903,19,0.0,5.2631578947368425,28.0,3,2.0,2.0,5.0,2,1,3
20250712TMG07,2025-07-12,1C上,2.6,3.1,2.1,25,52.0,0.0,10,50.0,0.0,46,0.0,6.521739130434782,21,0.0,9.523809523809524,38,0.0,13.157894736842104,17,0.0,11.764705882352942,28.0,2,1.0,5.0,5.0,6,1,2
20250712TMG09,2025-07-12,1C上,2.9,3.2,3.1,64,59.375,0.0,29,55.172413793103445,0.0,36,0.0,0.0,14,0.0,0.0,40,0.0,2.5,16,0.0,0.0,28.0,2,2.0,3.0,5.0,1,2,4
20250712TMG10,2025-07-12,1C上,2.9,3.1,2.6,62,77.41935483870968,0.0,34,79.41176470588235,0.0,27,0.0,11.11111111111111,13,0.0,7.6923076923076925,34,0.0,0.0,13,0.0,0.0,32.0,1,0.0,4.0,5.0,1,3,5
20250712TMG11,2025-07-12,1C上,2.4,3.2,2.9,57,63.1578947368421,0.0,35,68.57142857142857,0.0,32,0.0,9.375,18,0.0,11.11111111111111,42,0.0,23.80952380952381,14,0.0,35.714285714285715,32.0,2,2.0,5.0,5.0,2,1,4
20250712TMG12,2025-07-12,1C上,1.7,2.9,2.5,52,71.15384615384616,0.0,26,69.23076923076923,0.0,80,0.0,2.5,35,0.0,5.714285714285714,51,0.0,13.72549019607843,19,0.0,15.789473684210526,30.0,2,5.0,3.0,5.0,1,5,3
20250713TMG01,2025-07-13,1C下,3.6,3.0,3.2,16,12.5,0.0,8,12.5,0.0,13,0.0,0.0,13,0.0,0.0,46,0.0,6.521739130434782,20,0.0,10.0,29.0,2,4.0,5.0,4.0,2,5,4
20250713TMG02,2025-07-13,1C上,2.6,3.9,2.8,22,40.90909090909091,0.0,13,15.384615384615385,0.0,32,0.0,3.125,16,0.0,0.0,41,0.0,14.634146341463415,17,0.0,23.529411764705884,33.0,1,0.0,5.0,5.0,1,3,2
20250713TMG03,2025-07-13,1C上,1.7,2.9,2.7,59,64.40677966101696,0.0,32,59.375,0.0,30,0.0,0.0,13,0.0,0.0,45,0.0,6.666666666666667,20,0.0,5.0,30.0,1,0.0,4.0,5.0,1,4,2
20250713TMG04,2025-07-13,1C上,2.0,4.6,3.2,51,52.94117647058823,0.0,27,59.25925925925926,0.0,46,0.0,4.3478260869565215,21,0.0,4.761904761904762,32,0.0,3.125,20,0.0,5.0,32.0,1,0.0,4.0,5.0,5,4,6
20250713TMG05,2025-07-13,1C上,3.3,3.4,2.9,35,45.714285714285715,0.0,20,45.0,0.0,32,0.0,6.25,12,0.0,8.333333333333334,31,0.0,19.35483870967742,18,0.0,22.22222222222222,24.0,3,7.0,5.0,1.0,1,2,5
20250713TMG07,2025-07-13,1C上,2.9,3.7,2.9,35,34.285714285714285,0.0,16,25.0,0.0,39,0.0,0.0,19,0.0,0.0,44,0.0,22.727272727272727,16,0.0,31.25,24.0,4,10.0,3.0,5.0,1,3,6
20250713TMG08,2025-07-13,1C下,3.5,2.1,2.7,28,21.428571428571427,0.0,15,6.666666666666667,0.0,28,0.0,0.0,11,0.0,0.0,39,0.0,7.6923076923076925,17,0.0,17.647058823529413,34.0,1,0.0,5.0,5.0,3,5,6
20250713TMG09,2025-07-13,1C上,2.7,3.6,2.1,37,51.351351351351354,0.0,21,61.904761904761905,0.0,71,0.0,8.450704225352112,31,0.0,12.903225806451612,32,0.0,6.25,17,0.0,5.882352941176471,23.0,3,8.0,2.0,5.0,1,2,3
20250713TMG10,2025-07-13,1C上,1.7,2.9,4.2,47,72.34042553191489,0.0,21,66.66666666666667,0.0,81,0.0,2.4691358024691357,36,0.0,5.555555555555555,30,0.0,3.3333333333333335,13,0.0,0.0,34.0,1,0.0,4.0,5.0,3,5,6
20250713TMG11,2025-07-13,1C上,2.4,3.1,2.7,43,65.11627906976744,0.0,7,28.571428571428573,0.0,28,0.0,10.714285714285714,14,0.0,7.142857142857143,30,0.0,3.3333333333333335,16,0.0,6.25,22.0,3,12.0,5.0,1.0,1,2,4
20250713TMG12,2025-07-13,1C上,1.7,2.5,2.9,53,71.69811320754717,0.0,27,70.37037037037037,0.0,57,0.0,5.2631578947368425,30,0.0,6.666666666666667,39,0.0,5.128205128205129,17,0.0,5.882352941176471,23.0,3,9.0,3.0,1.0,2,1,3
20250716TMG01,2025-07-16,1C上,2.6,3.2,3.3,34,47.05882352941177,0.0,15,53.333333333333336,0.0,33,0.0,0.0,14,0.0,0.0,29,0.0,10.344827586206897,16,0.0,12.5,31.0,1,0.0,5.0,5.0,3,1,5
20250716TMG02,2025-07-16,1C上,2.6,3.3,3.0,25,36.0,0.0,8,25.0,0.0,27,0.0,0.0,21,0.0,0.0,46,0.0,13.043478260869565,27,0.0,11.11111111111111,28.0,2,2.0,5.0,5.0,1,4,3
20250716TMG03,2025-07-16,1C上,3.2,3.8,3.3,30,30.0,0.0,16,12.5,0.0,44,0.0,0.0,26,0.0,0.0,41,0.0,4.878048780487805,21,0.0,9.523809523809524,32.0,2,5.0,5.0,5.0,4,5,1
20250716TMG04,2025-07-16,1C上,2.6,3.2,2.9,25,40.0,0.0,12,33.333333333333336,0.0,44,0.0,0.0,21,0.0,0.0,27,0.0,3.7037037037037037,12,0.0,0.0,30.0,1,0.0,4.0,4.0,1,4,5
20250716TMG05,2025-07-16,1C下,3.3,2.6,3.6,22,18.181818181818183,0.0,12,25.0,0.0,49,0.0,2.0408163265306123,34,0.0,2.9411764705882355,33,0.0,3.0303030303030303,22,0.0,4.545454545454546,29.0,1,0.0,5.0,5.0,2,1,3
20250716TMG06,2025-07-16,1C上,1.9,3.8,2.2,25,64.0,0.0,12,66.66666666666667,0.0,48,0.0,4.166666666666667,24,0.0,4.166666666666667,34,0.0,17.647058823529413,16,0.0,12.5,23.0,5,9.0,3.0,1.0,4,5,2
20250716TMG07,2025-07-16,1C下,4.5,3.7,2.3,28,28.571428571428573,0.0,16,31.25,0.0,29,0.0,0.0,19,0.0,0.0,15,0.0,0.0,9,0.0,0.0,28.0,2,8.0,5.0,2.0,2,1,4
20250716TMG08,2025-07-16,1C上,2.4,3.2,3.3,35,40.0,0.0,21,42.857142857142854,0.0,48,0.0,6.25,25,0.0,0.0,39,0.0,5.128205128205129,17,0.0,5.882352941176471,24.0,3,6.0,4.0,1.0,1,2,4
20250716TMG09,2025-07-16,1C上,2.6,4.0,4.1,52,44.23076923076923,0.0,28,53.57142857142857,0.0,42,0.0,2.380952380952381,21,0.0,4.761904761904762,31,0.0,6.451612903225806,15,0.0,0.0,29.0,1,0.0,4.0,5.0,1,4,6
20250716TMG10,2025-07-16,1C上,2.4,4.9,2.8,46,69.56521739130434,0.0,30,80.0,0.0,35,0.0,2.857142857142857,16,0.0,0.0,50,0.0,26.0,18,0.0,22.22222222222222,32.0,1,0.0,5.0,5.0,1,2,4
20250716TMG11,2025-07-16,1C上,3.7,4.3,3.3,75,62.666666666666664,0.0,34,55.88235294117647,0.0,35,0.0,2.857142857142857,15,0.0,0.0,28,0.0,0.0,17,0.0,0.0,38.0,1,0.0,5.0,5.0,1,2,3
20250716TMG12,2025-07-16,1C上,2.8,3.2,3.3,57,64.91228070175438,0.0,25,72.0,0.0,48,0.0,6.25,24,0.0,4.166666666666667,42,0.0,7.142857142857143,16,0.0,6.25,32.0,1,0.0,3.0,5.0,1,2,6
20250717TMG02,2025-07-17,1C上,3.0,3.5,4.0,23,34.78260869565217,0.0,14,28.571428571428573,0.0,30,0.0,0.0,16,0.0,0.0,32,0.0,0.0,16,0.0,0.0,21.0,5,9.0,3.0,1.0,2,3,6
20250717TMG03,2025-07-17,1C上,2.8,3.6,2.4,28,50.0,0.0,14,50.0,0.0,49,0.0,4.081632653061225,21,0.0,9.523809523809524,35,0.0,5.714285714285714,16,0.0,6.25,24.0,2,6.0,3.0,2.0,5,4,2
20250717TMG04,2025-07-17,1C下,3.6,2.9,3.2,27,11.11111111111111,0.0,19,15.789473684210526,0.0,40,0.0,2.5,20,0.0,5.0,34,0.0,0.0,10,0.0,0.0,24.0,4,7.0,2.0,5.0,1,2,4
20250717TMG05,2025-07-17,同じ,3.9,3.9,4.1,34,35.294117647058826,0.0,11,54.54545454545455,0.0,28,0.0,3.5714285714285716,17,0.0,0.0,33,0.0,0.0,19,0.0,0.0,32.0,1,0.0,5.0,5.0,1,2,4
20250717TMG06,2025-07-17,1C下,3.4,2.5,3.8,29,44.827586206896555,0.0,14,35.714285714285715,0.0,21,0.0,14.285714285714286,13,0.0,23.076923076923077,43,0.0,0.0,26,0.0,0.0,24.0,4,2.0,1.0,5.0,5,2,4
20250717TMG08,2025-07-17,1C下,3.4,2.8,3.6,55,54.54545454545455,0.0,29,51.724137931034484,0.0,30,0.0,0.0,15,0.0,0.0,27,0.0,3.7037037037037037,16,0.0,6.25,36.0,1,0.0,5.0,5.0,1,5,4
20250717TMG09,2025-07-17,1C上,3.4,4.1,3.5,45,55.55555555555556,0.0,13,69.23076923076923,0.0,32,0.0,0.0,16,0.0,0.0,43,0.0,13.953488372093023,21,0.0,19.047619047619047,28.0,2,6.0,2.0,5.0,5,3,4
20250717TMG10,2025-07-17,1C上,2.1,3.3,2.9,50,70.0,0.0,19,63.1578947368421,0.0,37,0.0,0.0,24,0.0,0.0,38,0.0,7.894736842105263,20,0.0,5.0,28.0,2,5.0,4.0,2.0,1,2,4
20250717TMG11,2025-07-17,1C下,3.5,3.2,3.5,52,69.23076923076923,0.0,21,66.66666666666667,0.0,35,0.0,8.571428571428571,18,0.0,5.555555555555555,37,0.0,2.7027027027027026,18,0.0,0.0,38.0,1,0.0,5.0,5.0,1,2,3
20250717TMG12,2025-07-17,1C上,2.6,3.0,0.0,51,56.86274509803921,0.0,29,55.172413793103445,0.0,45,0.0,0.0,22,0.0,0.0,2,0.0,50.0,2,0.0,50.0,34.0,1,0.0,5.0,5.0,1,2,5
20250718TMG01,2025-07-18,1C上,3.2,3.6,3.7,18,22.22222222222222,0.0,13,30.76923076923077,0.0,33,0.0,3.0303030303030303,17,0.0,0.0,44,0.0,11.363636363636363,23,0.0,8.695652173913043,28.0,1,0.0,5.0,1.0,1,4,3
20250718TMG02,2025-07-18,1C上,2.6,3.2,2.8,24,16.666666666666668,0.0,14,21.428571428571427,0.0,31,0.0,0.0,11,0.0,0.0,34,0.0,11.764705882352942,20,0.0,15.0,32.0,1,0.0,5.0,4.0,5,3,2
20250718TMG03,2025-07-18,1C上,2.9,3.2,2.8,17,5.882352941176471,0.0,8,12.5,0.0,31,0.0,3.225806451612903,12,0.0,8.333333333333334,46,0.0,15.217391304347826,25,0.0,16.0,32.0,1,0.0,4.0,5.0,2,1,4
20250718TMG04,2025-07-18,1C上,2.5,3.5,3.3,22,59.09090909090909,0.0,12,83.33333333333333,0.0,40,0.0,0.0,18,0.0,0.0,35,0.0,0.0,20,0.0,0.0,29.0,2,2.0,3.0,5.0,2,1,3
20250718TMG05,2025-07-18,1C下,2.1,0.0,3.8,23,34.78260869565217,0.0,15,46.666666666666664,0.0,4,0.0,25.0,4,0.0,25.0,34,0.0,5.882352941176471,24,0.0,4.166666666666667,31.0,1,0.0,4.0,4.0,4,5,6
20250718TMG06,2025-07-18,1C上,2.9,3.0,3.1,23,43.47826086956522,0.0,11,45.45454545454545,0.0,25,0.0,4.0,10,0.0,10.0,50,0.0,10.0,25,0.0,12.0,30.0,1,0.0,5.0,1.0,1,3,5
20250718TMG07,2025-07-18,1C上,4.0,4.4,2.6,29,17.24137931034483,0.0,16,18.75,0.0,40,0.0,5.0,21,0.0,4.761904761904762,31,0.0,19.35483870967742,14,0.0,14.285714285714286,34.0,1,0.0,4.0,5.0,1,5,6
20250718TMG08,2025-07-18,1C上,2.6,2.8,2.9,35,71.42857142857143,0.0,18,66.66666666666667,0.0,42,0.0,0.0,22,0.0,0.0,48,0.0,14.583333333333334,24,0.0,16.666666666666668,36.0,1,0.0,5.0,5.0,4,6,2
20250718TMG09,2025-07-18,1C上,3.2,3.6,4.1,24,50.0,0.0,16,62.5,0.0,43,0.0,0.0,20,0.0,0.0,40,0.0,0.0,19,0.0,0.0,30.0,1,0.0,5.0,5.0,4,1,2
20250718TMG10,2025-07-18,1C上,2.7,3.4,2.8,54,57.407407407407405,0.0,26,53.84615384615385,0.0,34,0.0,5.882352941176471,15,0.0,13.333333333333334,37,0.0,0.0,19,0.0,0.0,31.0,2,4.0,5.0,5.0,6,1,4
20250718TMG11,2025-07-18,1C上,3.0,4.2,4.4,54,75.92592592592592,0.0,28,75.0,0.0,41,0.0,7.317073170731708,18,0.0,5.555555555555555,41,0.0,0.0,16,0.0,0.0,28.0,2,2.0,4.0,5.0,2,1,3
20250718TMG12,2025-07-18,1C上,3.2,3.7,2.5,62,66.12903225806451,0.0,29,72.41379310344827,0.0,32,0.0,0.0,17,0.0,0.0,28,0.0,21.428571428571427,8,0.0,12.5,30.0,1,0.0,5.0,4.0,1,5,4
20250719TMG01,2025-07-19,1C下,4.1,2.3,3.7,26,42.30769230769231,0.0,14,42.857142857142854,0.0,13,0.0,0.0,9,0.0,0.0,45,0.0,11.11111111111111,24,0.0,8.333333333333334,20.0,6,12.0,4.0,1.0,3,6,4
20250719TMG02,2025-07-19,1C下,3.3,0.0,2.8,28,32.142857142857146,0.0,16,50.0,0.0,5,0.0,20.0,5,0.0,20.0,35,0.0,11.428571428571429,21,0.0,14.285714285714286,25.0,2,6.0,2.0,5.0,3,4,1
20250719TMG03,2025-07-19,1C上,2.6,3.2,3.8,26,42.30769230769231,0.0,13,38.46153846153846,0.0,32,0.0,0.0,11,0.0,0.0,44,0.0,6.818181818181818,21,0.0,14.285714285714286,27.0,3,4.0,3.0,5.0,2,4,1
20250719TMG04,2025-07-19,1C下,4.2,2.5,3.9,29,41.37931034482759,0.0,17,52.94117647058823,0.0,22,0.0,13.636363636363637,14,0.0,21.428571428571427,39,0.0,2.5641025641025643,20,0.0,0.0,28.0,2,5.0,3.0,5.0,1,4,2
20250719TMG05,2025-07-19,1C下,3.4,3.2,4.4,45,53.333333333333336,0.0,14,64.28571428571429,0.0,32,0.0,6.25,13,0.0,15.384615384615385,42,0.0,0.0,17,0.0,0.0,30.0,2,1.0,5.0,5.0,1,4,3
20250719TMG08,2025-07-19,1C上,3.4,4.3,3.8,56,55.357142857142854,0.0,30,53.333333333333336,0.0,32,0.0,0.0,16,0.0,0.0,44,0.0,0.0,27,0.0,0.0,32.0,1,0.0,4.0,5.0,5,1,4
20250719TMG10,2025-07-19,1C下,3.5,3.1,3.3,53,69.81132075471699,0.0,21,66.66666666666667,0.0,24,0.0,0.0,12,0.0,0.0,42,0.0,4.761904761904762,22,0.0,9.090909090909092,37.0,1,0.0,5.0,5.0,1,2,4
20250719TMG11,2025-07-19,1C上,2.6,3.2,3.3,52,57.69230769230769,0.0,29,58.62068965517241,0.0,36,0.0,8.333333333333334,18,0.0,5.555555555555555,40,0.0,5.0,18,0.0,5.555555555555555,32.0,1,0.0,5.0,5.0,3,2,5
20250719TMG12,2025-07-19,1C上,3.7,3.9,2.3,74,64.86486486486487,0.0,34,58.8235294117647,0.0,29,0.0,3.4482758620689653,18,0.0,0.0,33,0.0,3.0303030303030303,14,0.0,0.0,35.0,1,0.0,5.0,5.0,3,1,2
20250720TMG02,2025-07-20,1C上,0.0,3.0,2.3,3,66.66666666666667,0.0,3,66.66666666666667,0.0,26,0.0,3.8461538461538463,11,0.0,9.090909090909092,16,0.0,0.0,10,0.0,0.0,28.0,1,0.0,5.0,1.0,1,2,4
20250720TMG03,2025-07-20,同じ,3.6,3.6,3.3,28,14.285714285714286,0.0,19,15.789473684210526,0.0,34,0.0,2.9411764705882355,18,0.0,0.0,30,0.0,0.0,19,0.0,0.0,26.0,4,10.0,4.0,5.0,3,4,5
20250720TMG04,2025-07-20,1C上,3.3,4.0,2.8,29,31.03448275862069,0.0,17,47.05882352941177,0.0,42,0.0,2.380952380952381,22,0.0,4.545454545454546,37,0.0,0.0,20,0.0,0.0,24.0,3,4.0,2.0,5.0,1,2,5
20250720TMG05,2025-07-20,同じ,3.2,3.2,4.4,19,26.31578947368421,0.0,14,35.714285714285715,0.0,33,0.0,6.0606060606060606,14,0.0,14.285714285714286,42,0.0,0.0,18,0.0,0.0,35.0,1,0.0,5.0,5.0,1,3,2
20250720TMG06,2025-07-20,1C上,2.9,3.5,2.7,18,5.555555555555555,0.0,9,11.11111111111111,0.0,40,0.0,0.0,18,0.0,0.0,32,0.0,3.125,23,0.0,4.3478260869565215,30.0,1,0.0,4.0,5.0,3,5,2
20250720TMG07,2025-07-20,同じ,3.2,3.2,2.8,25,48.0,0.0,16,56.25,0.0,34,0.0,0.0,14,0.0,0.0,47,0.0,14.893617021276595,26,0.0,15.384615384615385,34.0,1,0.0,5.0,5.0,1,2,4
20250720TMG08,2025-07-20,1C上,3.3,3.8,0.0,23,17.391304347826086,0.0,13,23.076923076923077,0.0,45,0.0,0.0,26,0.0,0.0,3,0.0,33.333333333333336,3,0.0,33.333333333333336,29.0,2,2.0,5.0,5.0,1,3,2
20250720TMG09,2025-07-20,1C上,3.4,4.9,2.6,57,54.3859649122807,0.0,31,51.61290322580645,0.0,35,0.0,2.857142857142857,17,0.0,0.0,41,0.0,17.073170731707318,19,0.0,31.57894736842105,25.0,2,10.0,3.0,5.0,3,1,2
20250720TMG10,2025-07-20,1C上,2.8,3.2,4.1,58,65.51724137931035,0.0,26,73.07692307692308,0.0,33,0.0,3.0303030303030303,12,0.0,8.333333333333334,31,0.0,3.225806451612903,16,0.0,0.0,29.0,1,0.0,5.0,5.0,1,5,3
20250720TMG11,2025-07-20,1C上,2.4,3.6,3.6,46,71.73913043478261,0.0,31,80.64516129032258,0.0,44,0.0,0.0,21,0.0,0.0,34,0.0,2.9411764705882355,22,0.0,4.545454545454546,32.0,1,0.0,5.0,5.0,1,6,2
20250720TMG12,2025-07-20,1C下,3.5,2.8,3.3,53,69.81132075471699,0.0,22,68.18181818181819,0.0,31,0.0,0.0,16,0.0,0.0,41,0.0,7.317073170731708,19,0.0,10.526315789473685,35.0,1,0.0,5.0,4.0,5,1,4
20250725TMG01,2025-07-25,1C上,2.8,3.9,3.7,34,41.1764705882353,0.0,20,50.0,0.0,36,0.0,0.0,18,0.0,0.0,41,0.0,7.317073170731708,18,0.0,5.555555555555555,31.0,1,0.0,5.0,5.0,4,2,5
20250725TMG02,2025-07-25,1C上,2.1,3.4,3.5,40,50.0,0.0,23,56.52173913043478,0.0,141,0.0,1.4184397163120568,68,0.0,2.9411764705882355,38,0.0,7.894736842105263,24,0.0,4.166666666666667,32.0,1,0.0,5.0,5.0,1,5,3
20250725TMG03,2025-07-25,1C上,3.4,3.7,2.7,29,20.689655172413794,0.0,18,5.555555555555555,0.0,33,0.0,0.0,17,0.0,0.0,46,0.0,2.1739130434782608,24,0.0,4.166666666666667,20.0,5,14.0,2.0,4.0,1,5,2
20250725TMG04,2025-07-25,1C上,2.3,3.4,3.6,22,59.09090909090909,0.0,14,57.142857142857146,0.0,40,0.0,0.0,17,0.0,0.0,38,0.0,2.6315789473684212,21,0.0,4.761904761904762,36.0,1,0.0,5.0,5.0,1,5,4
20250725TMG05,2025-07-25,1C下,3.5,3.0,3.1,30,23.333333333333332,0.0,10,20.0,0.0,32,0.0,6.25,16,0.0,6.25,33,0.0,3.0303030303030303,21,0.0,0.0,26.0,2,3.0,5.0,1.0,3,1,5
20250725TMG06,2025-07-25,1C上,3.5,3.8,3.4,27,14.814814814814815,0.0,13,7.6923076923076925,0.0,38,0.0,2.6315789473684212,18,0.0,5.555555555555555,33,0.0,6.0606060606060606,21,0.0,4.761904761904762,23.0,4,9.0,3.0,3.0,2,3,6
20250725TMG07,2025-07-25,1C上,2.1,3.1,3.7,51,60.78431372549019,0.0,24,54.166666666666664,0.0,48,0.0,6.25,24,0.0,4.166666666666667,45,0.0,4.444444444444445,26,0.0,7.6923076923076925,32.0,1,0.0,5.0,5.0,3,1,5
20250725TMG08,2025-07-25,1C上,3.0,3.4,2.7,46,67.3913043478261,0.0,18,83.33333333333333,0.0,141,0.0,1.4184397163120568,68,0.0,2.9411764705882355,48,0.0,27.083333333333332,30,0.0,36.666666666666664,21.0,5,15.0,4.0,2.0,1,5,3
20250725TMG09,2025-07-25,1C上,1.9,3.3,3.0,33,72.72727272727273,0.0,16,81.25,0.0,38,0.0,5.2631578947368425,23,0.0,4.3478260869565215,28,0.0,21.428571428571427,15,0.0,13.333333333333334,28.0,2,1.0,4.0,5.0,1,2,3
20250725TMG10,2025-07-25,1C上,3.3,3.8,3.5,39,51.282051282051285,0.0,21,38.095238095238095,0.0,28,0.0,3.5714285714285716,13,0.0,7.6923076923076925,27,0.0,7.407407407407407,13,0.0,15.384615384615385,25.0,3,9.0,3.0,5.0,1,5,4
20250725TMG11,2025-07-25,1C下,3.4,2.5,3.5,45,68.88888888888889,0.0,22,68.18181818181819,0.0,40,0.0,5.0,16,0.0,0.0,22,0.0,0.0,6,0.0,0.0,30.0,1,0.0,2.0,5.0,1,5,6
20250725TMG12,2025-07-25,1C上,2.2,3.4,2.2,59,76.27118644067797,0.0,38,86.84210526315789,0.0,46,0.0,0.0,21,0.0,0.0,38,0.0,15.789473684210526,19,0.0,21.05263157894737,31.0,1,0.0,5.0,1.0,3,2,6
20250726TMG01,2025-07-26,1C上,2.6,4.2,3.0,41,34.146341463414636,0.0,22,36.36363636363637,0.0,31,0.0,0.0,14,0.0,0.0,35,0.0,17.142857142857142,16,0.0,18.75,22.0,5,10.0,1.0,5.0,1,4,3
20250726TMG02,2025-07-26,1C上,3.1,3.3,2.9,30,36.666666666666664,0.0,14,21.428571428571427,0.0,46,0.0,8.695652173913043,20,0.0,5.0,23,0.0,21.73913043478261,15,0.0,26.666666666666668,27.0,3,7.0,5.0,1.0,1,3,2
20250726TMG03,2025-07-26,1C下,4.6,3.0,2.3,19,31.57894736842105,0.0,9,33.333333333333336,0.0,50,0.0,2.0,21,0.0,0.0,50,0.0,20.0,23,0.0,17.391304347826086,33.0,1,0.0,5.0,4.0,3,4,5
20250726TMG04,2025-07-26,1C下,4.4,3.4,3.2,42,38.095238095238095,0.0,23,47.82608695652174,0.0,26,0.0,0.0,19,0.0,0.0,34,0.0,20.58823529411765,14,0.0,28.571428571428573,20.0,5,13.0,4.0,2.0,2,3,1
20250726TMG05,2025-07-26,1C下,3.9,3.2,2.6,29,48.275862068965516,0.0,23,52.17391304347826,0.0,43,0.0,4.651162790697675,23,0.0,4.3478260869565215,34,0.0,20.58823529411765,16,0.0,25.0,32.0,2,1.0,5.0,5.0,3,4,2
20250726TMG07,2025-07-26,1C上,2.5,3.9,3.1,49,44.89795918367347,0.0,22,36.36363636363637,0.0,42,0.0,2.380952380952381,19,0.0,5.2631578947368425,34,0.0,5.882352941176471,14,0.0,0.0,31.0,1,0.0,5.0,5.0,1,4,5
20250726TMG08,2025-07-26,1C上,1.8,3.4,3.3,22,45.45454545454545,0.0,11,36.36363636363637,0.0,26,0.0,3.8461538461538463,10,0.0,0.0,27,0.0,0.0,13,0.0,0.0,31.0,1,0.0,5.0,3.0,2,4,5
20250726TMG09,2025-07-26,1C上,3.3,3.6,2.2,25,48.0,0.0,16,37.5,0.0,50,0.0,0.0,24,0.0,0.0,33,0.0,15.151515151515152,14,0.0,21.428571428571427,34.0,1,0.0,4.0,5.0,1,4,3
20250726TMG10,2025-07-26,1C下,3.3,3.0,2.7,46,60.869565217391305,0.0,29,65.51724137931035,0.0,48,0.0,2.0833333333333335,27,0.0,3.7037037037037037,38,0.0,13.157894736842104,19,0.0,10.526315789473685,36.0,1,0.0,5.0,5.0,2,1,3
20250726TMG11,2025-07-26,1C上,3.0,3.6,3.2,38,52.63157894736842,0.0,21,52.38095238095238,0.0,39,0.0,10.256410256410257,16,0.0,6.25,36,0.0,16.666666666666668,12,0.0,25.0,35.0,1,0.0,5.0,5.0,5,1,4
20250726TMG12,2025-07-26,1C上,1.8,3.8,2.5,62,67.74193548387096,0.0,28,60.714285714285715,0.0,40,0.0,2.5,25,0.0,0.0,35,0.0,14.285714285714286,12,0.0,16.666666666666668,31.0,1,0.0,5.0,5.0,4,1,6
20250727TMG01,2025-07-27,1C上,2.4,2.9,3.7,25,40.0,0.0,10,10.0,0.0,34,0.0,5.882352941176471,18,0.0,11.11111111111111,50,0.0,8.0,27,0.0,3.7037037037037037,27.0,2,3.0,5.0,5.0,3,4,5
20250727TMG02,2025-07-27,1C下,3.4,2.6,3.6,33,15.151515151515152,0.0,16,25.0,0.0,32,0.0,3.125,16,0.0,6.25,39,0.0,2.5641025641025643,22,0.0,4.545454545454546,18.0,6,14.0,3.0,1.0,1,2,5
20250727TMG03,2025-07-27,1C下,3.4,3.1,3.5,30,33.333333333333336,0.0,15,26.666666666666668,0.0,28,0.0,7.142857142857143,21,0.0,9.523809523809524,28,0.0,7.142857142857143,14,0.0,14.285714285714286,30.0,2,5.0,3.0,4.0,4,5,1
20250727TMG04,2025-07-27,1C上,2.6,3.4,2.3,33,48.484848484848484,0.0,13,46.15384615384615,0.0,40,0.0,0.0,20,0.0,0.0,51,0.0,19.607843137254903,24,0.0,16.666666666666668,31.0,1,0.0,3.0,5.0,3,5,1
20250727TMG05,2025-07-27,1C上,3.5,4.2,4.7,41,41.46341463414634,0.0,20,40.0,0.0,33,0.0,3.0303030303030303,17,0.0,0.0,16,0.0,0.0,4,0.0,0.0,30.0,1,0.0,4.0,5.0,1,4,2
20250727TMG06,2025-07-27,1C上,2.7,3.7,3.3,43,53.48837209302326,0.0,26,46.15384615384615,0.0,31,0.0,0.0,21,0.0,0.0,28,0.0,0.0,14,0.0,0.0,33.0,1,0.0,5.0,5.0,2,4,1
20250727TMG07,2025-07-27,1C下,2.8,2.7,4.3,32,56.25,0.0,17,70.58823529411765,0.0,38,0.0,2.6315789473684212,20,0.0,0.0,38,0.0,0.0,17,0.0,0.0,30.0,1,0.0,5.0,1.0,1,3,5
20250727TMG08,2025-07-27,同じ,2.8,2.8,2.7,54,61.111111111111114,0.0,27,70.37037037037037,0.0,41,0.0,19.51219512195122,25,0.0,16.0,49,0.0,26.53061224489796,30,0.0,36.666666666666664,32.0,1,0.0,5.0,5.0,1,3,2
20250727TMG09,2025-07-27,1C上,3.2,4.6,3.5,49,67.34693877551021,0.0,20,65.0,0.0,46,0.0,4.3478260869565215,22,0.0,4.545454545454546,39,0.0,7.6923076923076925,25,0.0,4.0,30.0,1,0.0,5.0,5.0,1,2,3
20250727TMG10,2025-07-27,1C上,2.6,3.8,3.3,51,72.54901960784314,0.0,26,84.61538461538461,0.0,31,0.0,3.225806451612903,10,0.0,0.0,42,0.0,4.761904761904762,20,0.0,5.0,31.0,1,0.0,5.0,5.0,1,5,4
20250727TMG11,2025-07-27,1C上,3.0,3.4,2.2,51,66.66666666666667,0.0,25,76.0,0.0,142,0.0,1.408450704225352,68,0.0,2.9411764705882355,39,0.0,17.94871794871795,20,0.0,25.0,25.0,3,7.0,4.0,1.0,3,5,6
20250727TMG12,2025-07-27,1C上,2.6,4.9,3.9,55,72.72727272727273,0.0,24,62.5,0.0,40,0.0,5.0,21,0.0,4.761904761904762,30,0.0,0.0,18,0.0,0.0,26.0,1,0.0,5.0,2.0,4,5,6
20250728TMG01,2025-07-28,1C上,3.5,4.2,2.9,25,32.0,0.0,13,30.76923076923077,0.0,35,0.0,0.0,15,0.0,0.0,33,0.0,3.0303030303030303,22,0.0,4.545454545454546,22.0,5,9.0,4.0,2.0,1,4,2
20250728TMG02,2025-07-28,1C下,4.0,3.4,3.7,31,16.129032258064516,0.0,15,6.666666666666667,0.0,141,0.0,1.4184397163120568,67,0.0,2.985074626865672,51,0.0,9.803921568627452,28,0.0,7.142857142857143,31.0,1,0.0,5.0,4.0,4,3,1
20250728TMG04,2025-07-28,1C上,3.5,4.6,3.5,42,42.857142857142854,0.0,21,42.857142857142854,0.0,33,0.0,3.0303030303030303,16,0.0,6.25,45,0.0,4.444444444444445,25,0.0,8.0,30.0,1,0.0,5.0,5.0,4,2,6
20250728TMG05,2025-07-28,1C上,2.6,3.6,2.5,34,47.05882352941177,0.0,14,42.857142857142854,0.0,40,0.0,10.0,17,0.0,5.882352941176471,43,0.0,9.30232558139535,23,0.0,8.695652173913043,27.0,2,2.0,5.0,1.0,4,1,5
20250728TMG06,2025-07-28,1C上,2.6,3.9,3.0,52,73.07692307692308,0.0,27,85.18518518518519,0.0,36,0.0,0.0,18,0.0,0.0,29,0.0,20.689655172413794,16,0.0,12.5,28.0,2,1.0,5.0,5.0,4,5,1
20250728TMG07,2025-07-28,1C上,1.9,4.2,4.3,34,73.52941176470588,0.0,17,82.3529411764706,0.0,34,0.0,2.9411764705882355,18,0.0,0.0,36,0.0,5.555555555555555,17,0.0,5.882352941176471,30.0,1,0.0,3.0,5.0,1,5,4
20250728TMG08,2025-07-28,1C上,2.6,4.7,2.7,56,71.42857142857143,0.0,25,60.0,0.0,30,0.0,3.3333333333333335,11,0.0,0.0,50,0.0,26.0,31,0.0,35.483870967741936,26.0,2,6.0,5.0,1.0,3,1,5
20250728TMG09,2025-07-28,1C下,3.0,2.7,4.4,46,67.3913043478261,0.0,19,84.21052631578948,0.0,39,0.0,2.5641025641025643,21,0.0,0.0,37,0.0,13.513513513513514,20,0.0,15.0,27.0,3,3.0,5.0,2.0,1,4,3
20250728TMG10,2025-07-28,1C上,3.2,3.4,2.6,49,69.38775510204081,0.0,21,66.66666666666667,0.0,27,0.0,3.7037037037037037,20,0.0,5.0,47,0.0,23.404255319148938,24,0.0,25.0,30.0,1,0.0,5.0,5.0,1,2,6
20250728TMG12,2025-07-28,1C上,2.3,2.8,2.2,23,60.869565217391305,0.0,15,60.0,0.0,42,0.0,19.047619047619047,26,0.0,15.384615384615385,40,0.0,17.5,21,0.0,23.80952380952381,32.0,2,4.0,5.0,4.0,1,3,2
20250729TMG01,2025-07-29,1C上,2.4,4.3,2.5,26,38.46153846153846,0.0,11,9.090909090909092,0.0,40,0.0,0.0,20,0.0,0.0,36,0.0,13.88888888888889,13,0.0,15.384615384615385,28.0,1,0.0,5.0,5.0,1,4,3
20250729TMG02,2025-07-29,1C上,2.8,3.7,3.4,35,40.0,0.0,21,47.61904761904762,0.0,32,0.0,0.0,22,0.0,0.0,38,0.0,2.6315789473684212,22,0.0,4.545454545454546,30.0,2,1.0,5.0,5.0,2,1,4
20250729TMG03,2025-07-29,1C上,2.5,3.4,3.3,33,27.272727272727273,0.0,15,20.0,0.0,141,0.0,1.4184397163120568,66,0.0,1.5151515151515151,43,0.0,4.651162790697675,21,0.0,4.761904761904762,28.0,2,1.0,5.0,5.0,2,1,5
20250729TMG04,2025-07-29,1C下,4.5,4.2,2.9,37,48.648648648648646,0.0,18,50.0,0.0,36,0.0,0.0,16,0.0,0.0,34,0.0,2.9411764705882355,23,0.0,4.3478260869565215,22.0,3,10.0,4.0,1.0,2,1,3
20250729TMG05,2025-07-29,1C上,3.5,3.9,2.7,28,14.285714285714286,0.0,14,7.142857142857143,0.0,38,0.0,0.0,20,0.0,0.0,51,0.0,27.45098039215686,32,0.0,37.5,23.0,4,12.0,4.0,1.0,5,1,6
20250729TMG06,2025-07-29,1C上,3.1,4.7,3.4,31,38.70967741935484,0.0,15,26.666666666666668,0.0,44,0.0,0.0,24,0.0,0.0,34,0.0,5.882352941176471,22,0.0,4.545454545454546,22.0,5,7.0,3.0,1.0,4,5,3
20250729TMG07,2025-07-29,1C上,3.0,3.4,4.4,39,51.282051282051285,0.0,22,50.0,0.0,141,0.0,1.4184397163120568,66,0.0,1.5151515151515151,38,0.0,13.157894736842104,21,0.0,14.285714285714286,20.0,5,13.0,2.0,2.0,1,3,5
20250729TMG08,2025-07-29,同じ,3.0,3.0,4.3,52,65.38461538461539,0.0,26,73.07692307692308,0.0,50,0.0,2.0,22,0.0,0.0,36,0.0,5.555555555555555,18,0.0,5.555555555555555,32.0,1,0.0,5.0,5.0,1,4,2
20250729TMG09,2025-07-29,1C上,3.0,3.3,3.0,46,67.3913043478261,0.0,20,85.0,0.0,47,0.0,8.51063829787234,21,0.0,4.761904761904762,36,0.0,16.666666666666668,17,0.0,17.647058823529413,29.0,1,0.0,5.0,5.0,1,2,4
20250729TMG10,2025-07-29,1C上,2.8,3.4,2.2,55,61.81818181818182,0.0,28,71.42857142857143,0.0,41,0.0,0.0,21,0.0,0.0,32,0.0,15.625,14,0.0,14.285714285714286,31.0,2,6.0,5.0,4.0,1,2,4
20250729TMG11,2025-07-29,1C上,3.3,3.9,2.6,39,48.717948717948715,0.0,20,40.0,0.0,43,0.0,2.3255813953488373,20,0.0,5.0,48,0.0,22.916666666666668,25,0.0,24.0,15.0,6,17.0,1.0,1.0,1,3,2
20250729TMG12,2025-07-29,1C上,2.3,3.8,3.0,24,62.5,0.0,16,62.5,0.0,38,0.0,5.2631578947368425,19,0.0,10.526315789473685,30,0.0,20.0,17,0.0,11.764705882352942,39.0,1,0.0,5.0,5.0,3,6,5
20250810TMG01,2025-08-10,1C上,2.6,4.3,0.0,29,34.48275862068966,0.0,15,26.666666666666668,0.0,24,0.0,0.0,10,0.0,0.0,12,0.0,0.0,12,0.0,0.0,38.0,1,0.0,5.0,5.0,1,5,2
20250810TMG02,2025-08-10,1C上,2.9,3.9,3.7,32,40.625,0.0,15,60.0,0.0,33,0.0,0.0,13,0.0,0.0,35,0.0,5.714285714285714,20,0.0,5.0,34.0,1,0.0,5.0,5.0,1,4,3
20250810TMG03,2025-08-10,1C上,2.9,5.6,2.0,24,20.833333333333332,0.0,12,25.0,0.0,37,0.0,0.0,18,0.0,0.0,41,0.0,24.390243902439025,16,0.0,18.75,21.0,4,15.0,3.0,1.0,2,3,1
20250810TMG04,2025-08-10,1C上,2.5,3.2,3.3,24,58.333333333333336,0.0,12,75.0,0.0,32,0.0,12.5,19,0.0,15.789473684210526,61,0.0,8.19672131147541,29,0.0,13.793103448275861,32.0,1,0.0,5.0,5.0,1,4,2
20250810TMG05,2025-08-10,1C上,1.9,3.8,2.7,25,56.0,0.0,9,22.22222222222222,0.0,39,0.0,0.0,23,0.0,0.0,44,0.0,9.090909090909092,22,0.0,13.636363636363637,30.0,1,0.0,3.0,5.0,1,5,3
20250810TMG06,2025-08-10,1C上,1.6,2.3,2.2,39,61.53846153846154,0.0,15,53.333333333333336,0.0,37,0.0,5.405405405405405,21,0.0,9.523809523809524,25,0.0,28.0,13,0.0,30.76923076923077,32.0,3,2.0,4.0,3.0,3,1,2
20250810TMG07,2025-08-10,1C上,2.5,3.4,2.8,52,50.0,0.0,27,44.44444444444444,0.0,24,0.0,4.166666666666667,15,0.0,6.666666666666667,48,0.0,16.666666666666668,26,0.0,19.23076923076923,30.0,1,0.0,5.0,5.0,1,3,2
20250810TMG08,2025-08-10,1C上,1.8,3.9,3.2,52,71.15384615384616,0.0,25,72.0,0.0,37,0.0,0.0,18,0.0,0.0,33,0.0,12.121212121212121,18,0.0,5.555555555555555,30.0,2,4.0,5.0,3.0,3,1,4
20250810TMG09,2025-08-10,1C下,3.1,2.8,3.9,36,50.0,0.0,18,55.55555555555556,0.0,40,0.0,2.5,20,0.0,5.0,39,0.0,10.256410256410257,22,0.0,13.636363636363637,34.0,1,0.0,5.0,4.0,4,6,2
20250810TMG10,2025-08-10,1C上,2.9,3.1,2.5,45,77.77777777777777,0.0,25,68.0,0.0,31,0.0,0.0,14,0.0,0.0,32,0.0,6.25,16,0.0,6.25,24.0,3,4.0,3.0,5.0,2,5,1
20250810TMG11,2025-08-10,1C上,2.5,3.1,3.7,47,72.34042553191489,0.0,23,78.26086956521739,0.0,28,0.0,0.0,11,0.0,0.0,42,0.0,7.142857142857143,18,0.0,16.666666666666668,31.0,2,7.0,5.0,5.0,2,1,3
20250810TMG12,2025-08-10,1C上,2.7,3.3,2.3,57,70.17543859649123,0.0,28,71.42857142857143,0.0,42,0.0,14.285714285714286,25,0.0,24.0,46,0.0,28.26086956521739,23,0.0,17.391304347826086,35.0,1,0.0,5.0,5.0,1,3,5
20250811TMG02,2025-08-11,1C上,2.3,3.4,2.5,28,32.142857142857146,0.0,14,28.571428571428573,0.0,14,0.0,0.0,5,0.0,0.0,31,0.0,6.451612903225806,7,0.0,14.285714285714286,24.0,5,8.0,5.0,1.0,3,4,5
20250811TMG03,2025-08-11,1C下,3.5,3.0,3.4,34,47.05882352941177,0.0,12,50.0,0.0,40,0.0,2.5,20,0.0,0.0,24,0.0,8.333333333333334,19,0.0,10.526315789473685,30.0,1,0.0,4.0,2.0,1,3,5
20250811TMG04,2025-08-11,1C上,2.2,2.9,3.2,34,58.8235294117647,0.0,18,55.55555555555556,0.0,33,0.0,0.0,16,0.0,0.0,42,0.0,23.80952380952381,24,0.0,25.0,31.0,2,5.0,5.0,5.0,1,4,2
20250811TMG05,2025-08-11,1C上,2.9,4.4,3.2,15,26.666666666666668,0.0,5,0.0,0.0,39,0.0,0.0,20,0.0,0.0,39,0.0,17.94871794871795,17,0.0,0.0,14.0,6,20.0,1.0,1.0,5,1,3
20250811TMG07,2025-08-11,1C上,2.6,3.2,3.5,20,10.0,0.0,10,10.0,0.0,25,0.0,4.0,12,0.0,0.0,27,0.0,3.7037037037037037,18,0.0,5.555555555555555,28.0,1,0.0,4.0,5.0,6,1,5
20250811TMG08,2025-08-11,1C上,2.3,2.5,2.9,43,62.7906976744186,0.0,21,76.19047619047619,0.0,36,0.0,5.555555555555555,22,0.0,4.545454545454546,42,0.0,19.047619047619047,21,0.0,19.047619047619047,29.0,1,0.0,5.0,5.0,1,3,4
20250811TMG09,2025-08-11,1C上,2.7,4.1,3.2,53,71.69811320754717,0.0,24,75.0,0.0,26,0.0,3.8461538461538463,22,0.0,4.545454545454546,40,0.0,7.5,23,0.0,8.695652173913043,24.0,4,4.0,2.0,5.0,4,1,3
20250811TMG10,2025-08-11,1C上,2.1,3.3,3.2,40,72.5,0.0,10,40.0,0.0,32,0.0,0.0,11,0.0,0.0,50,0.0,18.0,23,0.0,26.08695652173913,33.0,1,0.0,5.0,5.0,1,3,6
20250811TMG11,2025-08-11,1C下,4.2,3.3,2.2,46,52.17391304347826,0.0,14,50.0,0.0,30,0.0,0.0,17,0.0,0.0,45,0.0,6.666666666666667,20,0.0,10.0,36.0,1,0.0,5.0,5.0,1,2,3
20250811TMG12,2025-08-11,1C上,2.0,3.6,3.5,59,62.71186440677966,0.0,31,61.29032258064516,0.0,33,0.0,9.090909090909092,16,0.0,6.25,52,0.0,11.538461538461538,28,0.0,3.5714285714285716,30.0,1,0.0,5.0,5.0,1,2,4
20250812TMG01,2025-08-12,1C上,2.9,4.0,3.4,39,46.15384615384615,0.0,23,47.82608695652174,0.0,39,0.0,0.0,27,0.0,0.0,38,0.0,2.6315789473684212,18,0.0,0.0,30.0,1,0.0,4.0,5.0,4,1,2
20250812TMG02,2025-08-12,1C下,3.0,2.6,4.0,13,30.76923076923077,0.0,6,33.333333333333336,0.0,56,0.0,1.7857142857142858,28,0.0,3.5714285714285716,36,0.0,8.333333333333334,17,0.0,11.764705882352942,39.0,1,0.0,5.0,5.0,1,2,5
20250812TMG03,2025-08-12,1C下,5.4,2.7,3.4,27,18.51851851851852,0.0,15,26.666666666666668,0.0,21,0.0,4.761904761904762,9,0.0,11.11111111111111,34,0.0,11.764705882352942,19,0.0,10.526315789473685,34.0,1,0.0,4.0,5.0,4,3,6
20250812TMG04,2025-08-12,1C上,2.6,3.1,2.9,26,50.0,0.0,14,57.142857142857146,0.0,32,0.0,3.125,14,0.0,7.142857142857143,49,0.0,10.204081632653061,22,0.0,4.545454545454546,29.0,2,1.0,5.0,5.0,1,6,2
20250812TMG05,2025-08-12,1C上,1.8,3.4,2.9,26,42.30769230769231,0.0,20,45.0,0.0,32,0.0,3.125,19,0.0,5.2631578947368425,37,0.0,5.405405405405405,19,0.0,5.2631578947368425,21.0,6,11.0,3.0,4.0,1,4,2
20250812TMG06,2025-08-12,1C上,3.1,3.4,3.3,23,30.434782608695652,0.0,12,41.666666666666664,0.0,42,0.0,9.523809523809524,17,0.0,0.0,18,0.0,22.22222222222222,10,0.0,20.0,30.0,2,4.0,5.0,1.0,1,2,4
20250812TMG07,2025-08-12,1C上,3.1,4.1,2.4,37,24.324324324324323,0.0,21,23.80952380952381,0.0,32,0.0,0.0,23,0.0,0.0,21,0.0,9.523809523809524,8,0.0,12.5,28.0,3,6.0,5.0,5.0,4,1,6
20250812TMG08,2025-08-12,1C上,2.2,3.8,4.2,49,67.34693877551021,0.0,23,69.56521739130434,0.0,27,0.0,3.7037037037037037,9,0.0,11.11111111111111,26,0.0,3.8461538461538463,16,0.0,0.0,32.0,1,0.0,5.0,4.0,4,1,2
20250812TMG09,2025-08-12,1C上,2.6,2.7,2.8,55,58.18181818181818,0.0,30,63.333333333333336,0.0,37,0.0,2.7027027027027026,17,0.0,0.0,29,0.0,6.896551724137931,9,0.0,11.11111111111111,32.0,1,0.0,5.0,5.0,3,2,5
20250812TMG10,2025-08-12,1C上,3.2,4.1,3.9,51,56.86274509803921,0.0,22,50.0,0.0,37,0.0,0.0,20,0.0,0.0,34,0.0,5.882352941176471,17,0.0,5.882352941176471,25.0,3,9.0,3.0,5.0,6,5,1
20250812TMG11,2025-08-12,1C上,2.2,3.0,3.9,52,51.92307692307692,0.0,28,53.57142857142857,0.0,41,0.0,0.0,20,0.0,0.0,31,0.0,6.451612903225806,19,0.0,5.2631578947368425,24.0,4,6.0,4.0,1.0,2,1,4
20250812TMG12,2025-08-12,1C上,2.4,3.3,2.7,72,83.33333333333333,0.0,35,88.57142857142857,0.0,45,0.0,4.444444444444445,19,0.0,0.0,32,0.0,0.0,15,0.0,0.0,34.0,1,0.0,5.0,5.0,1,2,5
20250813TMG01,2025-08-13,1C下,2.8,0.0,3.4,32,50.0,0.0,14,50.0,0.0,11,0.0,0.0,11,0.0,0.0,32,0.0,3.125,17,0.0,5.882352941176471,32.0,2,2.0,5.0,5.0,1,4,5
20250813TMG02,2025-08-13,1C上,2.2,2.6,1.8,21,38.095238095238095,0.0,5,40.0,0.0,50,0.0,2.0,29,0.0,3.4482758620689653,37,0.0,2.7027027027027026,20,0.0,0.0,31.0,2,1.0,5.0,5.0,1,6,2
20250813TMG03,2025-08-13,1C下,3.1,2.8,2.5,32,43.75,0.0,18,27.77777777777778,0.0,43,0.0,4.651162790697675,19,0.0,0.0,35,0.0,2.857142857142857,19,0.0,5.2631578947368425,31.0,1,0.0,5.0,5.0,2,1,3
20250813TMG04,2025-08-13,1C上,3.6,3.8,3.2,26,19.23076923076923,0.0,19,15.789473684210526,0.0,28,0.0,3.5714285714285716,10,0.0,10.0,45,0.0,8.88888888888889,24,0.0,12.5,28.0,1,0.0,4.0,5.0,3,4,5
20250813TMG05,2025-08-13,1C上,2.8,3.6,2.3,46,63.04347826086956,0.0,19,68.42105263157895,0.0,43,0.0,4.651162790697675,27,0.0,0.0,46,0.0,19.565217391304348,24,0.0,25.0,30.0,1,0.0,5.0,5.0,1,4,3
20250813TMG06,2025-08-13,1C上,0.0,3.3,2.6,6,16.666666666666668,0.0,6,16.666666666666668,0.0,38,0.0,2.6315789473684212,18,0.0,5.555555555555555,32,0.0,6.25,17,0.0,11.764705882352942,28.0,2,1.0,3.0,5.0,3,4,5
20250813TMG07,2025-08-13,1C下,5.2,3.3,3.4,29,10.344827586206897,0.0,12,16.666666666666668,0.0,42,0.0,14.285714285714286,26,0.0,23.076923076923077,28,0.0,7.142857142857143,12,0.0,8.333333333333334,38.0,1,0.0,5.0,5.0,1,5,4
20250813TMG08,2025-08-13,1C上,3.6,3.8,3.3,26,30.76923076923077,0.0,14,28.571428571428573,0.0,39,0.0,2.5641025641025643,16,0.0,0.0,24,0.0,4.166666666666667,19,0.0,5.2631578947368425,22.0,4,5.0,4.0,1.0,4,2,3
20250813TMG09,2025-08-13,1C上,1.8,2.6,2.2,39,69.23076923076923,0.0,23,78.26086956521739,0.0,44,0.0,11.363636363636363,21,0.0,14.285714285714286,26,0.0,30.76923076923077,14,0.0,35.714285714285715,30.0,1,0.0,5.0,5.0,5,1,6
20250813TMG10,2025-08-13,1C上,2.9,3.4,3.2,46,76.08695652173913,0.0,26,65.38461538461539,0.0,38,0.0,5.2631578947368425,18,0.0,11.11111111111111,42,0.0,23.80952380952381,24,0.0,20.833333333333332,30.0,2,2.0,5.0,5.0,1,2,3
20250813TMG11,2025-08-13,1C上,2.0,2.8,5.6,60,63.333333333333336,0.0,31,64.51612903225806,0.0,27,0.0,7.407407407407407,16,0.0,0.0,38,0.0,0.0,19,0.0,0.0,35.0,1,0.0,5.0,5.0,1,2,4
20250813TMG12,2025-08-13,1C上,2.7,3.4,2.8,58,70.6896551724138,0.0,27,70.37037037037037,0.0,42,0.0,2.380952380952381,24,0.0,4.166666666666667,49,0.0,16.3265306122449,27,0.0,18.51851851851852,36.0,1,0.0,5.0,5.0,1,4,3
20250814TMG01,2025-08-14,1C上,1.6,3.3,3.4,39,58.97435897435897,0.0,16,50.0,0.0,45,0.0,4.444444444444445,20,0.0,0.0,29,0.0,6.896551724137931,13,0.0,7.6923076923076925,39.0,1,0.0,5.0,5.0,1,2,4
20250814TMG02,2025-08-14,1C上,2.5,2.6,3.9,25,60.0,0.0,13,76.92307692307692,0.0,57,0.0,1.7543859649122806,29,0.0,3.4482758620689653,32,0.0,6.25,20,0.0,5.0,30.0,1,0.0,5.0,5.0,1,3,4
20250814TMG03,2025-08-14,1C下,3.5,3.4,2.3,35,48.57142857142857,0.0,13,53.84615384615385,0.0,42,0.0,2.380952380952381,25,0.0,4.0,47,0.0,19.148936170212767,25,0.0,24.0,32.0,1,0.0,5.0,5.0,1,5,3
20250814TMG04,2025-08-14,1C上,2.9,3.4,3.7,33,42.42424242424242,0.0,16,62.5,0.0,32,0.0,3.125,19,0.0,5.2631578947368425,36,0.0,5.555555555555555,20,0.0,5.0,27.0,3,5.0,2.0,5.0,1,6,2
20250814TMG05,2025-08-14,1C上,2.4,3.8,3.3,72,84.72222222222223,0.0,35,88.57142857142857,0.0,40,0.0,0.0,24,0.0,0.0,19,0.0,21.05263157894737,11,0.0,18.181818181818183,34.0,1,0.0,5.0,4.0,1,4,2
20250814TMG06,2025-08-14,1C上,3.1,3.2,5.6,37,48.648648648648646,0.0,18,50.0,0.0,33,0.0,12.121212121212121,20,0.0,15.0,39,0.0,0.0,20,0.0,0.0,31.0,1,0.0,4.0,5.0,4,1,5
20250814TMG07,2025-08-14,1C上,3.1,3.8,3.3,38,23.68421052631579,0.0,20,20.0,0.0,40,0.0,2.5,17,0.0,0.0,25,0.0,4.0,20,0.0,5.0,25.0,3,10.0,3.0,5.0,2,1,4
20250814TMG08,2025-08-14,1C上,2.2,4.0,3.4,53,50.943396226415096,0.0,28,53.57142857142857,0.0,40,0.0,0.0,27,0.0,0.0,25,0.0,8.0,19,0.0,10.526315789473685,24.0,3,8.0,5.0,1.0,1,6,4
20250814TMG09,2025-08-14,1C上,2.6,3.0,2.4,56,57.142857142857146,0.0,30,63.333333333333336,0.0,41,0.0,2.4390243902439024,21,0.0,0.0,21,0.0,9.523809523809524,9,0.0,11.11111111111111,34.0,1,0.0,5.0,5.0,1,2,5
20250814TMG10,2025-08-14,1C上,2.3,3.3,3.3,44,63.63636363636363,0.0,22,77.27272727272727,0.0,31,0.0,0.0,18,0.0,0.0,38,0.0,13.157894736842104,20,0.0,15.0,33.0,1,0.0,5.0,5.0,1,3,4
20250814TMG11,2025-08-14,1C上,2.7,3.1,3.2,59,71.1864406779661,0.0,28,71.42857142857143,0.0,32,0.0,3.125,15,0.0,6.666666666666667,40,0.0,17.5,18,0.0,0.0,33.0,1,0.0,5.0,5.0,1,6,5
20250814TMG12,2025-08-14,1C上,2.0,3.1,2.3,61,63.9344262295082,0.0,32,65.625,0.0,29,0.0,0.0,11,0.0,0.0,46,0.0,28.26086956521739,23,0.0,17.391304347826086,36.0,1,0.0,5.0,5.0,1,2,6
20250815TMG01,2025-08-15,1C上,3.6,4.3,3.4,27,18.51851851851852,0.0,20,15.0,0.0,24,0.0,0.0,11,0.0,0.0,30,0.0,6.666666666666667,14,0.0,7.142857142857143,29.0,1,0.0,4.0,5.0,1,2,5
20250815TMG02,2025-08-15,1C上,0.0,2.5,3.2,7,14.285714285714286,0.0,7,14.285714285714286,0.0,36,0.0,5.555555555555555,22,0.0,4.545454545454546,41,0.0,7.317073170731708,24,0.0,8.333333333333334,32.0,1,0.0,5.0,5.0,5,1,2
20250815TMG03,2025-08-15,1C上,2.5,4.1,2.7,26,61.53846153846154,0.0,14,78.57142857142857,0.0,27,0.0,3.7037037037037037,23,0.0,4.3478260869565215,33,0.0,0.0,16,0.0,0.0,30.0,1,0.0,5.0,5.0,1,3,5
20250815TMG04,2025-08-15,1C上,1.8,3.1,4.0,40,67.5,0.0,23,73.91304347826087,0.0,32,0.0,3.125,16,0.0,6.25,36,0.0,8.333333333333334,18,0.0,11.11111111111111,30.0,1,0.0,4.0,5.0,5,4,1
20250815TMG05,2025-08-15,1C上,2.4,5.6,2.9,73,84.93150684931507,0.0,35,88.57142857142857,0.0,38,0.0,0.0,18,0.0,0.0,38,0.0,5.2631578947368425,19,0.0,5.2631578947368425,38.0,1,0.0,5.0,5.0,5,1,2
20250815TMG06,2025-08-15,1C下,3.0,2.9,3.2,14,35.714285714285715,0.0,7,42.857142857142854,0.0,34,0.0,0.0,17,0.0,0.0,46,0.0,10.869565217391305,25,0.0,16.0,32.0,1,0.0,5.0,5.0,1,3,6
20250815TMG07,2025-08-15,1C上,3.1,3.9,2.9,33,42.42424242424242,0.0,18,22.22222222222222,0.0,38,0.0,0.0,19,0.0,0.0,49,0.0,10.204081632653061,23,0.0,4.3478260869565215,32.0,1,0.0,5.0,5.0,4,3,6
20250815TMG08,2025-08-15,1C上,1.8,2.7,3.3,52,69.23076923076923,0.0,25,68.0,0.0,21,0.0,4.761904761904762,10,0.0,10.0,60,0.0,8.333333333333334,30,0.0,13.333333333333334,36.0,1,0.0,5.0,5.0,1,3,2
20250815TMG09,2025-08-15,1C上,1.6,2.6,3.8,40,60.0,0.0,17,52.94117647058823,0.0,51,0.0,1.9607843137254901,30,0.0,3.3333333333333335,44,0.0,0.0,28,0.0,0.0,36.0,1,0.0,5.0,5.0,1,4,6
20250815TMG10,2025-08-15,1C上,2.9,3.3,2.3,47,76.59574468085107,0.0,27,66.66666666666667,0.0,32,0.0,0.0,19,0.0,0.0,47,0.0,27.659574468085108,24,0.0,16.666666666666668,32.0,1,0.0,5.0,3.0,3,1,2
20250815TMG11,2025-08-15,1C上,2.5,3.3,3.9,52,50.0,0.0,27,48.148148148148145,0.0,42,0.0,14.285714285714286,26,0.0,23.076923076923077,33,0.0,6.0606060606060606,21,0.0,4.761904761904762,28.0,2,1.0,5.0,5.0,1,3,5
20250820TMG02,2025-08-20,1C下,3.2,3.0,2.7,27,18.51851851851852,0.0,12,16.666666666666668,0.0,40,0.0,2.5,17,0.0,0.0,52,0.0,7.6923076923076925,26,0.0,0.0,24.0,5,4.0,2.0,2.0,1,4,3
20250820TMG03,2025-08-20,1C上,2.1,3.9,3.2,23,17.391304347826086,0.0,12,16.666666666666668,0.0,33,0.0,0.0,15,0.0,0.0,40,0.0,20.0,21,0.0,14.285714285714286,36.0,1,0.0,5.0,5.0,3,1,4
20250820TMG04,2025-08-20,1C上,3.7,4.1,2.8,27,40.74074074074074,0.0,16,50.0,0.0,36,0.0,5.555555555555555,21,0.0,4.761904761904762,50,0.0,6.0,22,0.0,4.545454545454546,39.0,1,0.0,5.0,5.0,1,6,2
20250820TMG05,2025-08-20,1C下,3.1,2.9,3.8,48,39.583333333333336,0.0,29,34.48275862068966,0.0,36,0.0,8.333333333333334,16,0.0,18.75,40,0.0,5.0,18,0.0,5.555555555555555,28.0,3,2.0,3.0,4.0,4,5,6
20250820TMG06,2025-08-20,1C下,3.0,2.6,2.4,38,71.05263157894737,0.0,17,76.47058823529412,0.0,38,0.0,5.2631578947368425,19,0.0,5.2631578947368425,39,0.0,7.6923076923076925,17,0.0,5.882352941176471,33.0,1,0.0,5.0,5.0,1,4,5
20250820TMG07,2025-08-20,1C上,2.7,3.5,4.5,49,61.224489795918366,0.0,25,56.0,0.0,44,0.0,6.818181818181818,21,0.0,14.285714285714286,35,0.0,0.0,20,0.0,0.0,31.0,1,0.0,5.0,5.0,1,4,5
20250820TMG08,2025-08-20,1C下,3.2,3.0,2.7,48,50.0,0.0,26,50.0,0.0,43,0.0,2.3255813953488373,19,0.0,5.2631578947368425,30,0.0,6.666666666666667,15,0.0,0.0,20.0,4,11.0,4.0,1.0,3,1,4
20250820TMG09,2025-08-20,1C上,3.0,3.6,3.8,54,66.66666666666667,0.0,26,65.38461538461539,0.0,27,0.0,3.7037037037037037,15,0.0,0.0,46,0.0,17.391304347826086,26,0.0,15.384615384615385,30.0,2,8.0,4.0,5.0,1,3,4
20250820TMG10,2025-08-20,1C上,2.4,3.5,2.6,71,57.74647887323944,0.0,36,52.77777777777778,0.0,37,0.0,10.81081081081081,16,0.0,6.25,37,0.0,10.81081081081081,19,0.0,5.2631578947368425,27.0,1,0.0,4.0,2.0,1,5,2
20250820TMG11,2025-08-20,1C下,3.1,2.9,4.4,53,75.47169811320755,0.0,30,76.66666666666667,0.0,35,0.0,5.714285714285714,14,0.0,7.142857142857143,29,0.0,6.896551724137931,13,0.0,0.0,38.0,1,0.0,4.0,5.0,1,4,2
20250820TMG12,2025-08-20,1C上,2.9,4.0,2.0,74,60.810810810810814,0.0,35,60.0,0.0,27,0.0,3.7037037037037037,13,0.0,0.0,46,0.0,28.26086956521739,18,0.0,27.77777777777778,34.0,2,2.0,5.0,5.0,3,5,4
20250821TMG01,2025-08-21,1C上,2.4,3.2,3.4,38,31.57894736842105,0.0,16,37.5,0.0,38,0.0,0.0,22,0.0,0.0,35,0.0,0.0,13,0.0,0.0,35.0,1,0.0,5.0,5.0,2,3,5
20250821TMG03,2025-08-21,1C上,2.4,3.2,2.3,32,56.25,0.0,14,50.0,0.0,30,0.0,3.3333333333333335,12,0.0,0.0,50,0.0,14.0,26,0.0,11.538461538461538,27.0,2,2.0,3.0,5.0,1,2,4
20250821TMG04,2025-08-21,1C下,3.4,2.5,2.7,24,54.166666666666664,0.0,13,69.23076923076923,0.0,37,0.0,2.7027027027027026,15,0.0,0.0,31,0.0,9.67741935483871,15,0.0,6.666666666666667,24.0,3,6.0,3.0,2.0,3,1,2
20250821TMG05,2025-08-21,1C下,2.6,0.0,3.1,42,45.23809523809524,0.0,17,47.05882352941177,0.0,7,0.0,0.0,7,0.0,0.0,34,0.0,2.9411764705882355,18,0.0,5.555555555555555,29.0,2,3.0,4.0,5.0,3,5,6
20250821TMG07,2025-08-21,1C上,2.1,2.8,2.9,29,34.48275862068966,0.0,14,21.428571428571427,0.0,43,0.0,9.30232558139535,27,0.0,11.11111111111111,42,0.0,23.80952380952381,18,0.0,22.22222222222222,29.0,3,8.0,5.0,1.0,1,2,3
20250821TMG08,2025-08-21,1C上,2.8,3.4,3.4,55,65.45454545454545,0.0,26,65.38461538461539,0.0,21,0.0,0.0,7,0.0,0.0,37,0.0,8.108108108108109,15,0.0,6.666666666666667,35.0,1,0.0,5.0,5.0,1,4,5
20250821TMG09,2025-08-21,1C上,2.3,4.8,4.3,47,70.2127659574468,0.0,21,61.904761904761905,0.0,8,0.0,0.0,0,0.0,0.0,18,0.0,11.11111111111111,7,0.0,14.285714285714286,34.0,2,3.0,5.0,5.0,1,4,2
20250821TMG10,2025-08-21,1C下,3.0,2.7,3.9,56,66.07142857142857,0.0,23,60.869565217391305,0.0,49,0.0,2.0408163265306123,23,0.0,0.0,27,0.0,0.0,16,0.0,0.0,33.0,1,0.0,5.0,5.0,1,5,2
20250821TMG11,2025-08-21,1C下,2.7,2.6,2.9,50,72.0,0.0,22,63.63636363636363,0.0,61,0.0,3.278688524590164,32,0.0,3.125,44,0.0,11.363636363636363,21,0.0,9.523809523809524,32.0,1,0.0,4.0,5.0,3,2,1
20250821TMG12,2025-08-21,1C上,2.9,3.3,3.1,51,72.54901960784314,0.0,26,76.92307692307692,0.0,47,0.0,0.0,19,0.0,0.0,29,0.0,10.344827586206897,16,0.0,6.25,30.0,1,0.0,5.0,5.0,1,5,2
20250822TMG01,2025-08-22,1C上,2.1,2.9,3.0,28,32.142857142857146,0.0,17,29.41176470588235,0.0,34,0.0,5.882352941176471,19,0.0,0.0,50,0.0,16.0,23,0.0,13.043478260869565,31.0,1,0.0,5.0,5.0,2,3,1
20250822TMG03,2025-08-22,1C下,3.6,2.7,2.8,8,37.5,0.0,0,0.0,0.0,40,0.0,0.0,20,0.0,0.0,40,0.0,5.0,20,0.0,0.0,24.0,3,5.0,3.0,4.0,3,2,6
20250822TMG04,2025-08-22,1C下,3.6,2.6,2.4,32,37.5,0.0,19,42.10526315789474,0.0,63,0.0,3.1746031746031744,34,0.0,2.9411764705882355,37,0.0,10.81081081081081,14,0.0,21.428571428571427,26.0,2,2.0,3.0,5.0,1,2,6
20250822TMG05,2025-08-22,1C上,2.6,2.7,3.9,22,27.272727272727273,0.0,10,40.0,0.0,40,0.0,0.0,20,0.0,0.0,28,0.0,0.0,17,0.0,0.0,28.0,3,4.0,5.0,5.0,1,2,4
20250822TMG06,2025-08-22,1C上,2.4,3.1,0.0,35,40.0,0.0,17,29.41176470588235,0.0,36,0.0,0.0,16,0.0,0.0,9,0.0,11.11111111111111,9,0.0,11.11111111111111,34.0,1,0.0,5.0,3.0,4,1,2
20250822TMG07,2025-08-22,1C上,3.3,3.4,3.2,59,59.32203389830509,0.0,26,61.53846153846154,0.0,34,0.0,5.882352941176471,15,0.0,6.666666666666667,33,0.0,21.21212121212121,19,0.0,26.31578947368421,35.0,1,0.0,5.0,5.0,3,1,4
20250822TMG10,2025-08-22,1C上,2.2,3.7,2.9,31,35.483870967741936,0.0,17,41.1764705882353,0.0,39,0.0,0.0,22,0.0,0.0,41,0.0,14.634146341463415,20,0.0,20.0,32.0,1,0.0,5.0,5.0,3,1,4
20250822TMG12,2025-08-22,1C下,2.5,2.2,3.1,61,59.01639344262295,0.0,29,55.172413793103445,0.0,45,0.0,4.444444444444445,21,0.0,4.761904761904762,29,0.0,10.344827586206897,17,0.0,5.882352941176471,38.0,1,0.0,5.0,5.0,1,2,5
20250823TMG01,2025-08-23,1C下,3.9,3.2,2.4,27,29.62962962962963,0.0,14,42.857142857142854,0.0,25,0.0,8.0,16,0.0,6.25,38,0.0,10.526315789473685,15,0.0,20.0,30.0,2,2.0,5.0,5.0,2,1,3
20250823TMG02,2025-08-23,1C上,2.7,4.8,4.5,17,41.1764705882353,0.0,10,50.0,0.0,9,0.0,0.0,1,0.0,0.0,37,0.0,0.0,22,0.0,0.0,16.0,6,20.0,3.0,1.0,3,5,6
20250823TMG03,2025-08-23,1C上,1.9,4.1,4.3,41,43.90243902439025,0.0,20,40.0,0.0,37,0.0,5.405405405405405,22,0.0,4.545454545454546,19,0.0,10.526315789473685,8,0.0,12.5,26.0,2,4.0,3.0,5.0,5,3,6
20250823TMG04,2025-08-23,1C上,2.6,3.7,3.2,23,30.434782608695652,0.0,11,45.45454545454545,0.0,40,0.0,0.0,23,0.0,0.0,39,0.0,23.076923076923077,21,0.0,14.285714285714286,31.0,1,0.0,5.0,5.0,5,1,3
20250823TMG06,2025-08-23,同じ,2.7,2.7,2.6,57,57.89473684210526,0.0,31,58.064516129032256,0.0,34,0.0,2.9411764705882355,22,0.0,0.0,23,0.0,0.0,10,0.0,0.0,30.0,2,2.0,5.0,5.0,1,2,4
20250823TMG07,2025-08-23,1C上,2.4,3.3,2.9,36,38.888888888888886,0.0,18,27.77777777777778,0.0,47,0.0,0.0,20,0.0,0.0,45,0.0,13.333333333333334,29,0.0,10.344827586206897,25.0,3,5.0,5.0,2.0,1,2,3
20250823TMG08,2025-08-23,1C下,3.4,3.0,2.9,25,52.0,0.0,14,64.28571428571429,0.0,40,0.0,2.5,17,0.0,0.0,44,0.0,13.636363636363637,22,0.0,13.636363636363637,29.0,2,3.0,4.0,4.0,1,2,5
20250823TMG09,2025-08-23,1C上,2.2,4.0,2.4,32,34.375,0.0,18,38.888888888888886,0.0,28,0.0,3.5714285714285716,14,0.0,0.0,27,0.0,0.0,11,0.0,0.0,34.0,2,1.0,5.0,5.0,1,3,4
20250823TMG10,2025-08-23,1C上,3.0,3.2,3.2,55,67.27272727272727,0.0,27,66.66666666666667,0.0,31,0.0,3.225806451612903,13,0.0,0.0,34,0.0,23.529411764705884,20,0.0,30.0,29.0,1,0.0,3.0,5.0,1,5,3
20250823TMG11,2025-08-23,1C下,3.0,2.7,2.8,56,67.85714285714286,0.0,23,60.869565217391305,0.0,50,0.0,2.0,24,0.0,0.0,41,0.0,7.317073170731708,21,0.0,4.761904761904762,32.0,1,0.0,4.0,3.0,2,1,3
20250824TMG01,2025-08-24,1C上,2.6,4.5,3.4,42,42.857142857142854,0.0,18,44.44444444444444,0.0,34,0.0,0.0,22,0.0,0.0,38,0.0,7.894736842105263,16,0.0,6.25,30.0,1,0.0,5.0,5.0,1,4,2
20250824TMG02,2025-08-24,1C下,3.6,2.5,2.4,9,33.333333333333336,0.0,1,0.0,0.0,38,0.0,2.6315789473684212,16,0.0,0.0,39,0.0,10.256410256410257,16,0.0,18.75,23.0,5,10.0,2.0,5.0,4,2,6
20250824TMG03,2025-08-24,1C下,3.5,2.2,3.4,24,41.666666666666664,0.0,14,42.857142857142854,0.0,45,0.0,4.444444444444445,22,0.0,4.545454545454546,36,0.0,0.0,14,0.0,0.0,34.0,1,0.0,5.0,5.0,1,2,5
20250824TMG04,2025-08-24,1C上,2.1,3.9,4.3,22,18.181818181818183,0.0,13,15.384615384615385,0.0,34,0.0,0.0,16,0.0,0.0,20,0.0,10.0,9,0.0,11.11111111111111,33.0,1,0.0,5.0,4.0,1,3,5
20250824TMG05,2025-08-24,1C下,3.3,2.6,3.5,59,57.6271186440678,0.0,27,59.25925925925926,0.0,39,0.0,5.128205128205129,19,0.0,5.2631578947368425,35,0.0,5.714285714285714,24,0.0,8.333333333333334,20.0,5,16.0,1.0,1.0,3,6,2
20250824TMG07,2025-08-24,1C上,3.5,3.6,3.8,29,41.37931034482759,0.0,18,33.333333333333336,0.0,36,0.0,0.0,22,0.0,0.0,48,0.0,4.166666666666667,22,0.0,9.090909090909092,22.0,3,14.0,2.0,3.0,6,5,1
20250824TMG08,2025-08-24,1C上,1.9,3.1,3.0,39,74.35897435897436,0.0,20,60.0,0.0,36,0.0,0.0,17,0.0,0.0,51,0.0,15.686274509803921,24,0.0,12.5,30.0,1,0.0,5.0,5.0,1,3,2
20250824TMG09,2025-08-24,1C上,2.6,2.9,3.1,24,29.166666666666668,0.0,12,41.666666666666664,0.0,35,0.0,0.0,14,0.0,0.0,29,0.0,10.344827586206897,18,0.0,5.555555555555555,34.0,1,0.0,5.0,5.0,2,4,6
20250824TMG10,2025-08-24,1C上,2.3,2.9,2.3,48,70.83333333333333,0.0,22,63.63636363636363,0.0,35,0.0,5.714285714285714,19,0.0,0.0,51,0.0,13.72549019607843,27,0.0,11.11111111111111,29.0,2,5.0,4.0,5.0,1,2,3
20250824TMG11,2025-08-24,1C下,2.9,2.8,2.7,52,73.07692307692308,0.0,27,77.77777777777777,0.0,44,0.0,9.090909090909092,28,0.0,10.714285714285714,52,0.0,7.6923076923076925,25,0.0,0.0,28.0,1,0.0,3.0,5.0,1,2,3
20250824TMG12,2025-08-24,1C上,2.4,3.0,2.0,73,57.534246575342465,0.0,37,51.351351351351354,0.0,47,0.0,6.382978723404255,23,0.0,4.3478260869565215,45,0.0,31.11111111111111,19,0.0,31.57894736842105,31.0,2,2.0,4.0,5.0,2,1,3
20250827TMG01,2025-08-27,1C下,3.5,3.2,3.9,26,50.0,0.0,12,41.666666666666664,0.0,47,0.0,0.0,26,0.0,0.0,34,0.0,0.0,19,0.0,0.0,33.0,1,0.0,4.0,5.0,1,2,4
20250827TMG02,2025-08-27,1C上,3.7,3.8,4.0,29,48.275862068965516,0.0,16,43.75,0.0,34,0.0,0.0,22,0.0,0.0,39,0.0,15.384615384615385,16,0.0,12.5,30.0,1,0.0,3.0,5.0,3,5,4
20250827TMG03,2025-08-27,1C下,3.4,2.4,3.2,28,42.857142857142854,0.0,14,42.857142857142854,0.0,45,0.0,6.666666666666667,21,0.0,4.761904761904762,29,0.0,10.344827586206897,19,0.0,10.526315789473685,28.0,3,2.0,5.0,5.0,1,3,2
20250827TMG04,2025-08-27,1C下,4.2,3.8,2.9,18,5.555555555555555,0.0,8,12.5,0.0,28,0.0,7.142857142857143,13,0.0,0.0,41,0.0,19.51219512195122,29,0.0,24.137931034482758,29.0,3,3.0,5.0,3.0,1,5,4
20250827TMG06,2025-08-27,1C下,4.5,3.8,2.9,22,9.090909090909092,0.0,14,14.285714285714286,0.0,25,0.0,4.0,20,0.0,5.0,28,0.0,14.285714285714286,16,0.0,12.5,24.0,3,9.0,3.0,4.0,4,6,1
20250827TMG07,2025-08-27,1C上,2.6,3.0,4.2,40,50.0,0.0,21,57.142857142857146,0.0,34,0.0,2.9411764705882355,10,0.0,0.0,30,0.0,6.666666666666667,16,0.0,6.25,24.0,4,6.0,2.0,3.0,4,3,5
20250827TMG08,2025-08-27,1C上,2.8,4.5,3.0,36,58.333333333333336,0.0,19,63.1578947368421,0.0,36,0.0,0.0,19,0.0,0.0,33,0.0,21.21212121212121,16,0.0,25.0,36.0,1,0.0,5.0,5.0,2,1,4
20250827TMG09,2025-08-27,1C上,2.1,3.9,4.0,39,53.84615384615385,0.0,18,55.55555555555556,0.0,43,0.0,0.0,20,0.0,0.0,37,0.0,10.81081081081081,20,0.0,10.0,32.0,1,0.0,5.0,5.0,1,3,6
20250827TMG10,2025-08-27,1C上,3.3,3.7,3.6,48,64.58333333333333,0.0,29,55.172413793103445,0.0,40,0.0,2.5,18,0.0,5.555555555555555,38,0.0,5.2631578947368425,23,0.0,8.695652173913043,26.0,2,5.0,4.0,5.0,4,1,2
20250827TMG11,2025-08-27,1C下,3.7,3.5,3.2,53,35.84905660377358,0.0,33,45.45454545454545,0.0,46,0.0,6.521739130434782,25,0.0,8.0,30,0.0,0.0,21,0.0,0.0,21.0,3,9.0,2.0,1.0,2,6,1
20250827TMG12,2025-08-27,1C上,3.0,3.1,3.2,52,61.53846153846154,0.0,26,57.69230769230769,0.0,33,0.0,9.090909090909092,22,0.0,9.090909090909092,36,0.0,16.666666666666668,22,0.0,22.727272727272727,34.0,1,0.0,5.0,5.0,1,4,6
20250828TMG01,2025-08-28,1C下,3.3,0.0,3.1,28,39.285714285714285,0.0,14,28.571428571428573,0.0,0,0.0,0.0,0,0.0,0.0,42,0.0,11.904761904761905,21,0.0,9.523809523809524,37.0,1,0.0,5.0,5.0,1,4,3
20250828TMG03,2025-08-28,1C下,3.3,2.3,2.2,21,57.142857142857146,0.0,11,36.36363636363637,0.0,35,0.0,5.714285714285714,16,0.0,6.25,41,0.0,21.951219512195124,21,0.0,23.80952380952381,32.0,1,0.0,5.0,5.0,1,5,3
20250828TMG04,2025-08-28,1C下,2.9,2.5,3.2,18,33.333333333333336,0.0,13,38.46153846153846,0.0,45,0.0,6.666666666666667,27,0.0,3.7037037037037037,26,0.0,7.6923076923076925,23,0.0,8.695652173913043,28.0,1,0.0,3.0,5.0,1,4,3
20250828TMG05,2025-08-28,1C上,3.3,3.9,2.4,18,38.888888888888886,0.0,7,42.857142857142854,0.0,37,0.0,2.7027027027027026,19,0.0,5.2631578947368425,38,0.0,13.157894736842104,20,0.0,10.0,29.0,2,2.0,3.0,5.0,3,1,6
20250828TMG06,2025-08-28,1C下,2.6,2.4,2.9,41,48.78048780487805,0.0,22,54.54545454545455,0.0,37,0.0,2.7027027027027026,15,0.0,6.666666666666667,29,0.0,13.793103448275861,17,0.0,11.764705882352942,31.0,1,0.0,5.0,5.0,3,1,2
20250828TMG09,2025-08-28,1C下,1.5,0.0,4.2,37,56.75675675675676,0.0,16,37.5,0.0,5,0.0,0.0,5,0.0,0.0,22,0.0,0.0,18,0.0,0.0,35.0,1,0.0,5.0,5.0,5,1,6
20250828TMG10,2025-08-28,1C下,2.6,2.1,3.6,37,51.351351351351354,0.0,22,36.36363636363637,0.0,41,0.0,9.75609756097561,21,0.0,14.285714285714286,32,0.0,6.25,24,0.0,8.333333333333334,25.0,3,9.0,5.0,5.0,2,3,1
20250828TMG11,2025-08-28,1C下,3.1,2.7,3.4,37,56.75675675675676,0.0,22,45.45454545454545,0.0,41,0.0,2.4390243902439024,21,0.0,4.761904761904762,37,0.0,8.108108108108109,22,0.0,13.636363636363637,22.0,5,13.0,2.0,4.0,1,3,2
20250829TMG01,2025-08-29,1C上,3.2,3.6,3.0,18,27.77777777777778,0.0,11,36.36363636363637,0.0,42,0.0,0.0,20,0.0,0.0,35,0.0,17.142857142857142,17,0.0,5.882352941176471,25.0,3,6.0,4.0,4.0,3,1,4
20250829TMG03,2025-08-29,1C上,2.5,4.3,3.0,34,47.05882352941177,0.0,19,52.63157894736842,0.0,32,0.0,6.25,18,0.0,0.0,35,0.0,14.285714285714286,18,0.0,11.11111111111111,30.0,2,1.0,5.0,3.0,2,4,3
20250829TMG04,2025-08-29,1C下,3.5,3.3,2.9,11,36.36363636363637,0.0,11,36.36363636363637,0.0,42,0.0,7.142857142857143,17,0.0,0.0,35,0.0,14.285714285714286,20,0.0,20.0,33.0,1,0.0,4.0,5.0,1,3,6
20250829TMG05,2025-08-29,1C上,0.0,3.4,2.8,2,100.0,0.0,2,100.0,0.0,39,0.0,7.6923076923076925,19,0.0,15.789473684210526,34,0.0,0.0,11,0.0,0.0,35.0,1,0.0,4.0,5.0,2,4,5
20250829TMG06,2025-08-29,1C上,0.0,4.1,3.1,3,33.333333333333336,0.0,3,33.333333333333336,0.0,28,0.0,0.0,18,0.0,0.0,35,0.0,14.285714285714286,14,0.0,21.428571428571427,24.0,5,5.0,2.0,4.0,3,1,6
20250829TMG07,2025-08-29,同じ,2.4,2.4,4.0,26,23.076923076923077,0.0,15,13.333333333333334,0.0,37,0.0,2.7027027027027026,16,0.0,6.25,21,0.0,4.761904761904762,10,0.0,0.0,28.0,3,6.0,5.0,5.0,4,6,2
20250829TMG08,2025-08-29,1C上,2.7,3.7,2.5,39,69.23076923076923,0.0,21,80.95238095238095,0.0,26,0.0,0.0,21,0.0,0.0,43,0.0,9.30232558139535,23,0.0,4.3478260869565215,37.0,1,0.0,5.0,5.0,1,6,4
20250829TMG09,2025-08-29,1C上,2.4,3.6,2.4,44,61.36363636363637,0.0,21,61.904761904761905,0.0,35,0.0,2.857142857142857,15,0.0,0.0,42,0.0,16.666666666666668,18,0.0,11.11111111111111,34.0,1,0.0,5.0,5.0,1,2,3
20250829TMG10,2025-08-29,1C上,3.3,3.8,3.7,28,50.0,0.0,16,37.5,0.0,42,0.0,9.523809523809524,21,0.0,14.285714285714286,40,0.0,5.0,20,0.0,0.0,28.0,2,2.0,3.0,5.0,1,2,5
20250829TMG11,2025-08-29,同じ,2.6,2.6,3.6,45,60.0,0.0,26,61.53846153846154,0.0,35,0.0,8.571428571428571,21,0.0,14.285714285714286,31,0.0,16.129032258064516,18,0.0,16.666666666666668,30.0,1,0.0,5.0,5.0,3,2,4
20250830TMG01,2025-08-30,1C上,3.9,4.1,3.4,20,35.0,0.0,14,35.714285714285715,0.0,34,0.0,0.0,19,0.0,0.0,46,0.0,10.869565217391305,20,0.0,20.0,33.0,2,4.0,5.0,5.0,1,5,2
20250830TMG02,2025-08-30,1C下,4.0,2.3,2.9,32,37.5,0.0,19,47.36842105263158,0.0,35,0.0,5.714285714285714,17,0.0,5.882352941176471,43,0.0,13.953488372093023,16,0.0,12.5,32.0,2,1.0,5.0,5.0,3,2,1
20250830TMG03,2025-08-30,1C上,0.0,3.8,3.0,0,0.0,0.0,0,0.0,0.0,28,0.0,7.142857142857143,14,0.0,0.0,36,0.0,19.444444444444443,18,0.0,11.11111111111111,22.0,3,11.0,3.0,3.0,2,4,5
20250830TMG04,2025-08-30,1C下,3.8,3.5,2.4,16,43.75,0.0,12,33.333333333333336,0.0,41,0.0,0.0,27,0.0,0.0,43,0.0,16.27906976744186,19,0.0,10.526315789473685,22.0,4,12.0,3.0,1.0,4,3,2
20250830TMG05,2025-08-30,1C上,2.6,3.1,3.4,46,58.69565217391305,0.0,27,59.25925925925926,0.0,39,0.0,5.128205128205129,22,0.0,0.0,30,0.0,10.0,13,0.0,15.384615384615385,37.0,1,0.0,5.0,5.0,1,3,2
20250830TMG06,2025-08-30,1C下,3.3,3.0,3.1,49,63.265306122448976,0.0,30,53.333333333333336,0.0,44,0.0,15.909090909090908,21,0.0,19.047619047619047,36,0.0,13.88888888888889,15,0.0,20.0,24.0,3,7.0,3.0,5.0,1,2,4
20250830TMG07,2025-08-30,1C下,3.7,2.7,3.6,54,35.18518518518518,0.0,34,44.11764705882353,0.0,42,0.0,2.380952380952381,22,0.0,4.545454545454546,29,0.0,10.344827586206897,17,0.0,5.882352941176471,24.0,3,11.0,3.0,3.0,1,2,6
20250830TMG08,2025-08-30,1C上,2.8,3.5,3.4,54,64.81481481481481,0.0,30,63.333333333333336,0.0,27,0.0,0.0,17,0.0,0.0,46,0.0,0.0,25,0.0,0.0,29.0,1,0.0,4.0,2.0,1,4,3
20250830TMG11,2025-08-30,1C下,2.8,0.0,2.4,46,63.04347826086956,0.0,26,73.07692307692308,0.0,2,0.0,0.0,2,0.0,0.0,34,0.0,26.470588235294116,18,0.0,27.77777777777778,28.0,2,7.0,4.0,4.0,1,3,6
20250830TMG12,2025-08-30,1C上,3.0,3.1,4.2,53,62.264150943396224,0.0,27,59.25925925925926,0.0,34,0.0,8.823529411764707,23,0.0,8.695652173913043,36,0.0,0.0,23,0.0,0.0,35.0,1,0.0,5.0,5.0,1,4,2
20250831TMG01,2025-08-31,1C上,3.5,3.9,3.6,27,51.851851851851855,0.0,13,46.15384615384615,0.0,38,0.0,2.6315789473684212,20,0.0,5.0,30,0.0,10.0,18,0.0,5.555555555555555,30.0,1,0.0,4.0,5.0,3,2,1
20250831TMG02,2025-08-31,同じ,3.4,3.4,2.9,35,31.428571428571427,0.0,20,35.0,0.0,23,0.0,0.0,12,0.0,0.0,42,0.0,19.047619047619047,29,0.0,24.137931034482758,32.0,2,3.0,5.0,5.0,1,3,5
20250831TMG03,2025-08-31,1C下,3.5,0.0,4.2,12,41.666666666666664,0.0,12,41.666666666666664,0.0,3,0.0,0.0,3,0.0,0.0,23,0.0,0.0,19,0.0,0.0,26.0,3,5.0,3.0,5.0,1,6,5
20250831TMG05,2025-08-31,1C下,2.6,2.5,4.2,38,50.0,0.0,23,34.78260869565217,0.0,46,0.0,6.521739130434782,28,0.0,3.5714285714285716,37,0.0,0.0,24,0.0,0.0,31.0,1,0.0,5.0,5.0,1,4,3
20250831TMG06,2025-08-31,1C上,2.5,3.1,2.9,35,45.714285714285715,0.0,20,50.0,0.0,36,0.0,2.7777777777777777,13,0.0,0.0,43,0.0,16.27906976744186,17,0.0,17.647058823529413,33.0,1,0.0,5.0,5.0,3,1,2
20250831TMG07,2025-08-31,1C上,3.7,3.8,0.0,44,56.81818181818182,0.0,22,59.09090909090909,0.0,26,0.0,3.8461538461538463,20,0.0,5.0,5,0.0,0.0,5,0.0,0.0,37.0,1,0.0,5.0,5.0,1,4,2
20250831TMG09,2025-08-31,1C上,2.1,3.6,3.6,39,56.41025641025641,0.0,19,57.89473684210526,0.0,43,0.0,0.0,21,0.0,0.0,39,0.0,5.128205128205129,24,0.0,8.333333333333334,28.0,3,6.0,4.0,5.0,3,5,6
20250831TMG10,2025-08-31,同じ,3.3,3.3,4.0,29,51.724137931034484,0.0,17,41.1764705882353,0.0,42,0.0,11.904761904761905,22,0.0,4.545454545454546,39,0.0,15.384615384615385,17,0.0,11.764705882352942,26.0,4,8.0,4.0,2.0,1,4,3
20250831TMG11,2025-08-31,1C上,3.7,3.8,3.8,55,36.36363636363637,0.0,35,45.714285714285715,0.0,30,0.0,6.666666666666667,16,0.0,0.0,48,0.0,12.5,21,0.0,9.523809523809524,31.0,1,0.0,5.0,4.0,1,2,4
20250831TMG12,2025-08-31,1C上,3.0,3.5,3.4,54,62.96296296296296,0.0,28,60.714285714285715,0.0,42,0.0,0.0,28,0.0,0.0,31,0.0,9.67741935483871,14,0.0,14.285714285714286,35.0,1,0.0,5.0,5.0,1,2,3
20250901TMG01,2025-09-01,1C下,3.4,0.0,3.9,17,5.882352941176471,0.0,12,8.333333333333334,0.0,1,0.0,0.0,1,0.0,0.0,35,0.0,0.0,20,0.0,0.0,28.0,3,3.0,3.0,5.0,6,4,3
20250901TMG02,2025-09-01,1C下,3.7,2.4,3.1,30,46.666666666666664,0.0,16,43.75,0.0,38,0.0,2.6315789473684212,17,0.0,5.882352941176471,38,0.0,13.157894736842104,17,0.0,17.647058823529413,36.0,1,0.0,5.0,5.0,3,1,2
20250901TMG03,2025-09-01,1C上,2.4,3.0,2.9,27,22.22222222222222,0.0,16,12.5,0.0,35,0.0,2.857142857142857,11,0.0,0.0,51,0.0,11.764705882352942,28,0.0,17.857142857142858,31.0,1,0.0,5.0,5.0,1,5,3
20250901TMG04,2025-09-01,1C上,2.4,3.5,3.2,44,63.63636363636363,0.0,22,63.63636363636363,0.0,28,0.0,0.0,17,0.0,0.0,27,0.0,7.407407407407407,24,0.0,8.333333333333334,38.0,1,0.0,5.0,5.0,1,3,2
20250901TMG07,2025-09-01,1C下,3.9,0.0,3.6,21,38.095238095238095,0.0,15,40.0,0.0,6,0.0,0.0,6,0.0,0.0,33,0.0,6.0606060606060606,24,0.0,8.333333333333334,28.0,2,4.0,4.0,1.0,4,5,1
20250901TMG08,2025-09-01,1C上,2.6,3.8,3.4,36,69.44444444444444,0.0,17,58.8235294117647,0.0,35,0.0,0.0,23,0.0,0.0,47,0.0,0.0,26,0.0,0.0,33.0,1,0.0,5.0,5.0,1,4,5
20250901TMG09,2025-09-01,1C上,2.5,3.1,4.2,36,44.44444444444444,0.0,21,47.61904761904762,0.0,37,0.0,2.7027027027027026,14,0.0,0.0,31,0.0,6.451612903225806,17,0.0,5.882352941176471,36.0,1,0.0,5.0,5.0,4,3,2
20250901TMG10,2025-09-01,1C上,3.3,3.5,3.8,28,42.857142857142854,0.0,15,33.333333333333336,0.0,34,0.0,2.9411764705882355,24,0.0,4.166666666666667,49,0.0,12.244897959183673,22,0.0,9.090909090909092,39.0,1,0.0,5.0,5.0,1,2,3
20250901TMG11,2025-09-01,1C上,2.6,3.3,2.4,41,48.78048780487805,0.0,23,52.17391304347826,0.0,43,0.0,11.627906976744185,23,0.0,4.3478260869565215,35,0.0,25.714285714285715,18,0.0,27.77777777777778,31.0,1,0.0,2.0,4.0,1,3,5
20250901TMG12,2025-09-01,1C下,3.0,2.4,3.0,55,63.63636363636363,0.0,29,62.06896551724138,0.0,46,0.0,6.521739130434782,22,0.0,4.545454545454546,37,0.0,18.91891891891892,19,0.0,10.526315789473685,37.0,1,0.0,5.0,5.0,1,3,6
20250909TMG01,2025-09-09,1C上,2.5,3.1,3.2,33,39.39393939393939,0.0,18,38.888888888888886,0.0,41,0.0,2.4390243902439024,21,0.0,4.761904761904762,44,0.0,6.818181818181818,14,0.0,7.142857142857143,30.0,2,4.0,5.0,5.0,1,2,4
20250909TMG02,2025-09-09,1C上,2.7,4.0,2.5,32,37.5,0.0,14,35.714285714285715,0.0,31,0.0,3.225806451612903,15,0.0,6.666666666666667,35,0.0,8.571428571428571,14,0.0,7.142857142857143,30.0,2,5.0,4.0,4.0,6,4,5
20250909TMG03,2025-09-09,1C上,2.5,3.2,2.1,31,74.19354838709677,0.0,15,73.33333333333333,0.0,43,0.0,2.3255813953488373,27,0.0,3.7037037037037037,35,0.0,5.714285714285714,16,0.0,6.25,26.0,3,3.0,3.0,5.0,2,5,6
20250909TMG04,2025-09-09,1C上,1.9,3.0,3.5,27,40.74074074074074,0.0,13,38.46153846153846,0.0,24,0.0,0.0,13,0.0,0.0,41,0.0,4.878048780487805,20,0.0,10.0,29.0,2,1.0,5.0,5.0,4,5,6
20250909TMG05,2025-09-09,同じ,2.7,2.7,3.0,41,56.09756097560975,0.0,20,55.0,0.0,19,0.0,0.0,11,0.0,0.0,48,0.0,14.583333333333334,27,0.0,7.407407407407407,29.0,2,2.0,5.0,5.0,5,2,4
20250909TMG06,2025-09-09,1C上,2.3,2.6,3.4,55,56.36363636363637,0.0,24,58.333333333333336,0.0,43,0.0,6.976744186046512,19,0.0,5.2631578947368425,39,0.0,10.256410256410257,20,0.0,10.0,32.0,1,0.0,5.0,2.0,1,2,5
20250909TMG07,2025-09-09,1C上,2.6,3.6,3.1,45,68.88888888888889,0.0,29,68.96551724137932,0.0,134,0.0,7.462686567164179,83,0.0,6.024096385542169,45,0.0,8.88888888888889,23,0.0,4.3478260869565215,34.0,1,0.0,5.0,5.0,1,2,4
20250909TMG08,2025-09-09,1C上,2.0,3.0,3.6,38,63.1578947368421,0.0,16,75.0,0.0,33,0.0,0.0,16,0.0,0.0,47,0.0,2.127659574468085,24,0.0,4.166666666666667,24.0,4,6.0,2.0,3.0,1,5,4
20250909TMG09,2025-09-09,1C上,2.4,2.5,3.4,53,71.69811320754717,0.0,27,62.96296296296296,0.0,30,0.0,6.666666666666667,19,0.0,0.0,33,0.0,6.0606060606060606,19,0.0,10.526315789473685,25.0,3,6.0,5.0,2.0,1,5,2
20250909TMG10,2025-09-09,1C上,3.6,4.0,3.5,58,72.41379310344827,0.0,27,66.66666666666667,0.0,41,0.0,0.0,19,0.0,0.0,39,0.0,15.384615384615385,19,0.0,15.789473684210526,32.0,1,0.0,2.0,5.0,1,3,6
20250909TMG11,2025-09-09,1C上,2.6,2.9,3.4,50,64.0,0.0,22,68.18181818181819,0.0,33,0.0,0.0,20,0.0,0.0,40,0.0,5.0,18,0.0,5.555555555555555,30.0,1,0.0,4.0,4.0,2,5,1
20250909TMG12,2025-09-09,1C下,3.0,2.4,2.2,75,65.33333333333333,0.0,45,64.44444444444444,0.0,41,0.0,2.4390243902439024,17,0.0,0.0,36,0.0,22.22222222222222,22,0.0,9.090909090909092,28.0,2,6.0,4.0,4.0,1,2,3
20250910TMG01,2025-09-10,1C下,3.1,0.0,2.7,45,44.44444444444444,0.0,16,31.25,0.0,0,0.0,0.0,0,0.0,0.0,30,0.0,6.666666666666667,17,0.0,0.0,30.0,2,1.0,4.0,5.0,4,6,5
20250910TMG02,2025-09-10,1C下,3.4,3.0,2.6,37,21.62162162162162,0.0,18,16.666666666666668,0.0,28,0.0,7.142857142857143,11,0.0,9.090909090909092,36,0.0,11.11111111111111,20,0.0,15.0,30.0,1,0.0,5.0,5.0,1,6,2
20250910TMG03,2025-09-10,1C下,3.8,2.4,2.8,36,27.77777777777778,0.0,16,50.0,0.0,44,0.0,0.0,22,0.0,0.0,38,0.0,31.57894736842105,22,0.0,36.36363636363637,24.0,3,10.0,2.0,5.0,3,4,6
20250910TMG05,2025-09-10,1C上,2.1,3.4,3.0,54,62.96296296296296,0.0,27,59.25925925925926,0.0,43,0.0,6.976744186046512,19,0.0,0.0,32,0.0,6.25,15,0.0,13.333333333333334,31.0,1,0.0,4.0,5.0,1,4,6
20250910TMG06,2025-09-10,1C下,2.7,2.3,3.2,46,58.69565217391305,0.0,22,50.0,0.0,53,0.0,7.547169811320755,31,0.0,9.67741935483871,41,0.0,9.75609756097561,23,0.0,8.695652173913043,26.0,1,0.0,3.0,5.0,3,1,2
20250910TMG07,2025-09-10,1C下,3.5,2.9,3.6,65,64.61538461538461,0.0,28,53.57142857142857,0.0,38,0.0,7.894736842105263,20,0.0,5.0,48,0.0,2.0833333333333335,25,0.0,4.0,29.0,1,0.0,5.0,5.0,1,2,6
20250910TMG08,2025-09-10,1C上,1.7,2.2,2.8,54,55.55555555555556,0.0,28,57.142857142857146,0.0,43,0.0,2.3255813953488373,21,0.0,0.0,36,0.0,16.666666666666668,21,0.0,19.047619047619047,22.0,2,16.0,3.0,5.0,3,5,1
20250910TMG10,2025-09-10,1C上,2.3,4.4,2.6,59,67.79661016949153,0.0,30,73.33333333333333,0.0,45,0.0,2.2222222222222223,24,0.0,4.166666666666667,21,0.0,0.0,9,0.0,0.0,32.0,1,0.0,5.0,4.0,1,2,4
20250911TMG01,2025-09-11,1C下,3.1,2.6,0.0,28,46.42857142857143,0.0,14,35.714285714285715,0.0,48,0.0,0.0,23,0.0,0.0,0,0.0,0.0,0,0.0,0.0,24.0,3,7.0,2.0,5.0,1,4,5
20250911TMG02,2025-09-11,1C下,3.5,3.3,3.2,61,60.65573770491803,0.0,30,56.666666666666664,0.0,43,0.0,6.976744186046512,24,0.0,12.5,45,0.0,6.666666666666667,15,0.0,6.666666666666667,39.0,1,0.0,5.0,5.0,1,6,3
20250911TMG03,2025-09-11,1C上,3.5,4.5,3.7,45,35.55555555555556,0.0,19,36.8421052631579,0.0,18,0.0,0.0,9,0.0,0.0,30,0.0,3.3333333333333335,16,0.0,0.0,30.0,1,0.0,4.0,5.0,4,6,2
20250911TMG04,2025-09-11,1C上,2.4,3.8,2.0,47,51.06382978723404,0.0,26,50.0,0.0,38,0.0,0.0,18,0.0,0.0,39,0.0,20.512820512820515,21,0.0,23.80952380952381,29.0,2,2.0,2.0,5.0,3,1,4
20250911TMG05,2025-09-11,1C上,2.4,3.6,3.5,46,52.17391304347826,0.0,18,72.22222222222223,0.0,137,0.0,7.299270072992701,86,0.0,5.813953488372093,42,0.0,4.761904761904762,21,0.0,9.523809523809524,28.0,1,0.0,4.0,5.0,1,2,3
20250911TMG06,2025-09-11,1C下,2.4,2.3,2.8,22,50.0,0.0,14,42.857142857142854,0.0,38,0.0,10.526315789473685,21,0.0,4.761904761904762,43,0.0,16.27906976744186,18,0.0,16.666666666666668,36.0,1,0.0,5.0,5.0,2,1,3
20250911TMG07,2025-09-11,1C下,3.3,3.0,2.6,47,51.06382978723404,0.0,25,48.0,0.0,25,0.0,0.0,13,0.0,0.0,45,0.0,8.88888888888889,19,0.0,5.2631578947368425,30.0,1,0.0,5.0,1.0,1,3,4
20250911TMG08,2025-09-11,1C上,2.9,3.8,2.8,35,71.42857142857143,0.0,19,78.94736842105263,0.0,33,0.0,6.0606060606060606,17,0.0,5.882352941176471,56,0.0,7.142857142857143,29,0.0,0.0,27.0,2,2.0,1.0,5.0,4,5,2
20250911TMG09,2025-09-11,1C上,2.5,3.6,3.1,49,61.224489795918366,0.0,20,65.0,0.0,36,0.0,11.11111111111111,22,0.0,13.636363636363637,46,0.0,8.695652173913043,24,0.0,4.166666666666667,18.0,6,17.0,4.0,1.0,3,2,5
20250911TMG10,2025-09-11,1C上,2.9,3.9,3.5,55,78.18181818181819,0.0,33,90.9090909090909,0.0,48,0.0,2.0833333333333335,26,0.0,0.0,40,0.0,15.0,20,0.0,15.0,32.0,3,2.0,4.0,5.0,1,3,4
20250911TMG11,2025-09-11,1C上,3.1,3.2,4.1,34,76.47058823529412,0.0,22,77.27272727272727,0.0,33,0.0,0.0,16,0.0,0.0,43,0.0,11.627906976744185,27,0.0,11.11111111111111,34.0,1,0.0,5.0,5.0,1,5,3
20250911TMG12,2025-09-11,1C上,2.4,3.6,3.1,49,73.46938775510205,0.0,20,60.0,0.0,137,0.0,7.299270072992701,86,0.0,5.813953488372093,40,0.0,2.5,21,0.0,0.0,33.0,1,0.0,5.0,5.0,1,2,6
20250912TMG02,2025-09-12,1C上,2.9,4.3,3.5,31,32.25806451612903,0.0,15,40.0,0.0,40,0.0,5.0,23,0.0,4.3478260869565215,43,0.0,4.651162790697675,22,0.0,9.090909090909092,31.0,2,2.0,5.0,3.0,5,4,2
20250912TMG03,2025-09-12,1C下,3.3,2.3,2.6,15,53.333333333333336,0.0,7,57.142857142857146,0.0,39,0.0,10.256410256410257,22,0.0,4.545454545454546,39,0.0,12.820512820512821,16,0.0,12.5,26.0,3,9.0,4.0,5.0,4,2,6
20250912TMG04,2025-09-12,1C上,2.4,3.9,3.4,47,53.191489361702125,0.0,19,73.6842105263158,0.0,49,0.0,2.0408163265306123,27,0.0,0.0,34,0.0,5.882352941176471,20,0.0,10.0,31.0,1,0.0,3.0,5.0,5,1,6
20250912TMG05,2025-09-12,1C上,2.3,4.0,3.8,59,67.79661016949153,0.0,31,74.19354838709677,0.0,39,0.0,0.0,21,0.0,0.0,38,0.0,10.526315789473685,19,0.0,10.526315789473685,37.0,1,0.0,5.0,5.0,3,1,4
20250912TMG06,2025-09-12,1C下,3.5,3.3,2.2,66,65.15151515151516,0.0,29,55.172413793103445,0.0,44,0.0,6.818181818181818,24,0.0,12.5,16,0.0,0.0,10,0.0,0.0,27.0,3,4.0,4.0,5.0,1,2,4
20250912TMG07,2025-09-12,1C上,2.6,2.9,3.5,51,62.745098039215684,0.0,23,65.21739130434783,0.0,30,0.0,3.3333333333333335,16,0.0,0.0,40,0.0,15.0,21,0.0,14.285714285714286,26.0,4,5.0,3.0,5.0,3,1,4
20250912TMG08,2025-09-12,1C上,3.3,3.9,3.7,47,51.06382978723404,0.0,25,52.0,0.0,49,0.0,2.0408163265306123,27,0.0,0.0,55,0.0,9.090909090909092,33,0.0,6.0606060606060606,31.0,1,0.0,5.0,5.0,4,1,5
20250912TMG09,2025-09-12,1C上,3.6,4.3,3.1,57,71.9298245614035,0.0,27,70.37037037037037,0.0,31,0.0,0.0,19,0.0,0.0,29,0.0,10.344827586206897,15,0.0,0.0,32.0,2,2.0,4.0,4.0,1,3,5
20250912TMG10,2025-09-12,1C上,2.2,4.4,3.5,59,66.10169491525424,0.0,27,66.66666666666667,0.0,46,0.0,2.1739130434782608,25,0.0,4.0,41,0.0,24.390243902439025,24,0.0,29.166666666666668,28.0,1,0.0,4.0,4.0,1,5,3
20250912TMG11,2025-09-12,1C下,3.1,3.0,2.9,35,77.14285714285714,0.0,23,78.26086956521739,0.0,29,0.0,6.896551724137931,12,0.0,8.333333333333334,27,0.0,11.11111111111111,12,0.0,8.333333333333334,33.0,1,0.0,5.0,5.0,1,4,5
20250912TMG12,2025-09-12,1C上,2.5,3.6,2.6,53,71.69811320754717,0.0,33,72.72727272727273,0.0,139,0.0,7.194244604316546,88,0.0,5.681818181818182,46,0.0,8.695652173913043,20,0.0,5.0,31.0,2,5.0,5.0,5.0,1,6,3
20250913TMG01,2025-09-13,1C上,0.0,3.1,3.4,0,0.0,0.0,0,0.0,0.0,43,0.0,2.3255813953488373,23,0.0,4.3478260869565215,35,0.0,5.714285714285714,21,0.0,9.523809523809524,26.0,3,6.0,4.0,5.0,1,4,2
20250913TMG03,2025-09-13,1C上,1.7,2.6,3.1,19,10.526315789473685,0.0,11,9.090909090909092,0.0,36,0.0,2.7777777777777777,15,0.0,0.0,47,0.0,10.638297872340425,24,0.0,8.333333333333334,25.0,3,3.0,4.0,5.0,4,3,5
20250913TMG04,2025-09-13,1C上,2.3,2.9,2.6,60,66.66666666666667,0.0,32,71.875,0.0,19,0.0,10.526315789473685,11,0.0,9.090909090909092,40,0.0,12.5,17,0.0,11.764705882352942,34.0,1,0.0,5.0,4.0,3,1,5
20250913TMG05,2025-09-13,1C上,2.9,3.0,3.4,36,69.44444444444444,0.0,19,73.6842105263158,0.0,25,0.0,0.0,14,0.0,0.0,39,0.0,10.256410256410257,20,0.0,10.0,38.0,1,0.0,5.0,5.0,1,4,3
20250913TMG08,2025-09-13,1C上,2.3,3.0,3.6,28,39.285714285714285,0.0,13,46.15384615384615,0.0,25,0.0,0.0,14,0.0,0.0,19,0.0,0.0,11,0.0,0.0,36.0,1,0.0,5.0,5.0,1,2,4
20250913TMG09,2025-09-13,1C上,3.5,3.8,2.8,66,65.15151515151516,0.0,30,56.666666666666664,0.0,39,0.0,0.0,19,0.0,0.0,44,0.0,15.909090909090908,19,0.0,15.789473684210526,34.0,1,0.0,5.0,5.0,4,2,3
20250913TMG10,2025-09-13,1C上,2.6,4.4,3.7,45,71.11111111111111,0.0,30,70.0,0.0,47,0.0,2.127659574468085,26,0.0,3.8461538461538463,56,0.0,8.928571428571429,34,0.0,5.882352941176471,32.0,2,2.0,5.0,5.0,1,3,6
20250913TMG11,2025-09-13,1C上,2.1,2.3,2.6,54,62.96296296296296,0.0,26,57.69230769230769,0.0,40,0.0,10.0,23,0.0,4.3478260869565215,29,0.0,6.896551724137931,12,0.0,8.333333333333334,31.0,1,0.0,4.0,5.0,1,2,4
20250913TMG12,2025-09-13,1C上,2.5,2.9,2.0,54,72.22222222222223,0.0,34,73.52941176470588,0.0,33,0.0,0.0,21,0.0,0.0,39,0.0,23.076923076923077,22,0.0,27.272727272727273,26.0,2,4.0,1.0,5.0,1,3,2
20250920TMG01,2025-09-20,1C下,3.7,3.3,2.9,28,35.714285714285715,0.0,17,41.1764705882353,0.0,29,0.0,3.4482758620689653,14,0.0,7.142857142857143,41,0.0,7.317073170731708,19,0.0,15.789473684210526,31.0,2,8.0,5.0,5.0,1,2,5
20250920TMG02,2025-09-20,1C上,2.4,4.0,2.5,34,29.41176470588235,0.0,18,38.888888888888886,0.0,38,0.0,0.0,18,0.0,0.0,40,0.0,15.0,19,0.0,15.789473684210526,30.0,1,0.0,5.0,5.0,3,1,5
20250920TMG03,2025-09-20,1C下,2.9,2.8,3.3,37,43.24324324324324,0.0,21,42.857142857142854,0.0,42,0.0,2.380952380952381,25,0.0,4.0,44,0.0,0.0,26,0.0,0.0,34.0,2,1.0,4.0,5.0,4,2,1
20250920TMG04,2025-09-20,1C下,3.2,2.5,2.6,28,25.0,0.0,18,33.333333333333336,0.0,42,0.0,4.761904761904762,17,0.0,11.764705882352942,32,0.0,6.25,14,0.0,0.0,27.0,2,5.0,4.0,5.0,3,4,5
20250920TMG05,2025-09-20,1C上,2.7,4.1,3.7,34,55.88235294117647,0.0,14,50.0,0.0,35,0.0,2.857142857142857,23,0.0,4.3478260869565215,38,0.0,10.526315789473685,15,0.0,13.333333333333334,27.0,2,1.0,5.0,5.0,1,5,2
20250920TMG06,2025-09-20,1C上,2.4,3.3,3.2,42,47.61904761904762,0.0,16,37.5,0.0,45,0.0,2.2222222222222223,22,0.0,4.545454545454546,34,0.0,8.823529411764707,19,0.0,10.526315789473685,26.0,4,4.0,4.0,5.0,2,1,6
20250920TMG07,2025-09-20,1C上,3.0,3.3,3.4,53,58.490566037735846,0.0,24,54.166666666666664,0.0,73,0.0,17.80821917808219,51,0.0,17.647058823529413,31,0.0,6.451612903225806,16,0.0,0.0,30.0,1,0.0,4.0,5.0,3,4,5
20250920TMG08,2025-09-20,同じ,3.5,3.5,3.4,44,65.9090909090909,0.0,16,56.25,0.0,35,0.0,5.714285714285714,15,0.0,6.666666666666667,31,0.0,12.903225806451612,20,0.0,20.0,37.0,1,0.0,5.0,5.0,1,3,5
20250920TMG09,2025-09-20,1C上,2.2,3.4,2.3,49,63.265306122448976,0.0,25,72.0,0.0,41,0.0,0.0,16,0.0,0.0,31,0.0,6.451612903225806,19,0.0,10.526315789473685,31.0,2,1.0,4.0,5.0,2,1,5
20250920TMG10,2025-09-20,1C上,2.8,4.3,2.6,51,56.86274509803921,0.0,27,62.96296296296296,0.0,34,0.0,2.9411764705882355,20,0.0,0.0,36,0.0,22.22222222222222,18,0.0,33.333333333333336,39.0,1,0.0,5.0,5.0,3,4,2
20250920TMG11,2025-09-20,1C上,2.5,3.8,2.4,48,60.416666666666664,0.0,26,73.07692307692308,0.0,109,0.0,0.9174311926605505,61,0.0,1.639344262295082,32,0.0,9.375,15,0.0,6.666666666666667,24.0,2,10.0,1.0,5.0,1,3,5
20250920TMG12,2025-09-20,1C上,2.2,2.4,2.9,56,58.92857142857143,0.0,29,55.172413793103445,0.0,40,0.0,2.5,22,0.0,0.0,42,0.0,19.047619047619047,19,0.0,10.526315789473685,30.0,2,5.0,4.0,5.0,2,1,4
20250921TMG01,2025-09-21,1C上,3.4,4.2,2.8,21,33.333333333333336,0.0,12,33.333333333333336,0.0,24,0.0,4.166666666666667,5,0.0,0.0,40,0.0,15.0,19,0.0,10.526315789473685,27.0,2,4.0,5.0,5.0,2,5,3
20250921TMG03,2025-09-21,1C下,3.3,2.5,2.7,24,20.833333333333332,0.0,12,25.0,0.0,43,0.0,4.651162790697675,18,0.0,11.11111111111111,44,0.0,11.363636363636363,22,0.0,9.090909090909092,22.0,5,10.0,3.0,1.0,4,3,1
20250921TMG04,2025-09-21,1C下,3.1,3.0,3.0,31,38.70967741935484,0.0,15,40.0,0.0,28,0.0,0.0,14,0.0,0.0,38,0.0,18.42105263157895,20,0.0,5.0,16.0,6,16.0,2.0,1.0,2,4,1
20250921TMG07,2025-09-21,1C上,1.8,3.7,3.7,43,58.13953488372093,0.0,17,52.94117647058823,0.0,47,0.0,4.25531914893617,19,0.0,5.2631578947368425,27,0.0,3.7037037037037037,13,0.0,7.6923076923076925,30.0,1,0.0,5.0,5.0,1,2,6
20250921TMG09,2025-09-21,1C上,2.7,2.8,3.6,56,67.85714285714286,0.0,31,64.51612903225806,0.0,48,0.0,16.666666666666668,23,0.0,8.695652173913043,36,0.0,5.555555555555555,20,0.0,5.0,37.0,1,0.0,5.0,5.0,2,4,5
20250921TMG12,2025-09-21,1C上,3.1,3.6,2.1,55,69.0909090909091,0.0,31,61.29032258064516,0.0,31,0.0,9.67741935483871,16,0.0,18.75,25,0.0,20.0,10,0.0,20.0,28.0,2,6.0,5.0,1.0,3,4,1
20250922TMG01,2025-09-22,同じ,3.5,3.5,3.6,21,38.095238095238095,0.0,11,45.45454545454545,0.0,37,0.0,0.0,20,0.0,0.0,43,0.0,6.976744186046512,24,0.0,8.333333333333334,34.0,1,0.0,5.0,5.0,1,4,5
20250922TMG02,2025-09-22,1C上,3.0,3.9,2.9,30,40.0,0.0,12,16.666666666666668,0.0,27,0.0,0.0,12,0.0,0.0,27,0.0,0.0,14,0.0,0.0,21.0,3,12.0,4.0,1.0,1,2,5
20250922TMG03,2025-09-22,1C下,3.7,3.4,2.6,26,30.76923076923077,0.0,18,38.888888888888886,0.0,47,0.0,4.25531914893617,19,0.0,0.0,33,0.0,6.0606060606060606,15,0.0,0.0,13.0,6,23.0,1.0,1.0,4,3,6
20250922TMG04,2025-09-22,1C上,3.0,3.3,3.5,24,25.0,0.0,10,20.0,0.0,74,0.0,17.56756756756757,52,0.0,17.307692307692307,27,0.0,0.0,20,0.0,0.0,29.0,2,1.0,4.0,5.0,5,4,6
20250922TMG05,2025-09-22,1C下,3.2,2.9,3.4,36,69.44444444444444,0.0,17,76.47058823529412,0.0,39,0.0,5.128205128205129,19,0.0,5.2631578947368425,29,0.0,0.0,16,0.0,0.0,29.0,3,7.0,5.0,1.0,1,3,4
20250922TMG07,2025-09-22,1C下,3.7,2.9,3.8,45,51.111111111111114,0.0,20,40.0,0.0,37,0.0,2.7027027027027026,20,0.0,5.0,38,0.0,21.05263157894737,19,0.0,21.05263157894737,24.0,3,2.0,4.0,2.0,3,2,4
20250922TMG08,2025-09-22,1C上,3.0,3.8,2.2,34,44.11764705882353,0.0,12,41.666666666666664,0.0,110,0.0,0.9090909090909091,59,0.0,1.694915254237288,32,0.0,40.625,16,0.0,50.0,26.0,2,1.0,4.0,3.0,4,1,3
20250922TMG09,2025-09-22,1C下,3.3,3.1,2.9,42,47.61904761904762,0.0,20,35.0,0.0,41,0.0,4.878048780487805,21,0.0,9.523809523809524,37,0.0,5.405405405405405,22,0.0,4.545454545454546,28.0,3,5.0,2.0,5.0,2,1,4
20250922TMG10,2025-09-22,1C上,2.5,3.8,3.3,35,45.714285714285715,0.0,18,33.333333333333336,0.0,87,0.0,8.045977011494253,44,0.0,9.090909090909092,51,0.0,0.0,29,0.0,0.0,38.0,1,0.0,5.0,5.0,4,6,1
20250922TMG11,2025-09-22,1C下,2.4,2.1,2.5,52,67.3076923076923,0.0,22,68.18181818181819,0.0,40,0.0,0.0,16,0.0,0.0,37,0.0,10.81081081081081,16,0.0,0.0,30.0,2,1.0,4.0,5.0,1,2,4
20250922TMG12,2025-09-22,1C下,3.0,2.6,3.9,65,64.61538461538461,0.0,36,61.111111111111114,0.0,42,0.0,2.380952380952381,19,0.0,0.0,29,0.0,3.4482758620689653,16,0.0,0.0,26.0,4,6.0,1.0,5.0,1,4,3
20250923TMG01,2025-09-23,1C上,3.2,3.6,4.3,33,27.272727272727273,0.0,19,21.05263157894737,0.0,30,0.0,0.0,18,0.0,0.0,31,0.0,16.129032258064516,12,0.0,8.333333333333334,32.0,1,0.0,5.0,5.0,2,1,4
20250923TMG02,2025-09-23,1C上,4.0,4.5,0.0,20,25.0,0.0,11,18.181818181818183,0.0,34,0.0,2.9411764705882355,18,0.0,5.555555555555555,4,0.0,0.0,4,0.0,0.0,30.0,3,5.0,5.0,1.0,1,3,4
20250923TMG03,2025-09-23,1C上,3.5,4.0,3.0,26,7.6923076923076925,0.0,15,6.666666666666667,0.0,40,0.0,0.0,21,0.0,0.0,32,0.0,6.25,11,0.0,0.0,32.0,1,0.0,5.0,5.0,3,2,4
20250923TMG04,2025-09-23,1C下,4.1,3.8,3.0,33,33.333333333333336,0.0,16,25.0,0.0,111,0.0,0.9009009009009009,59,0.0,1.694915254237288,86,0.0,17.441860465116278,47,0.0,19.148936170212767,32.0,2,2.0,5.0,1.0,3,1,2
20250923TMG05,2025-09-23,1C下,3.0,2.1,2.5,28,42.857142857142854,0.0,13,46.15384615384615,0.0,41,0.0,0.0,17,0.0,0.0,40,0.0,17.5,20,0.0,20.0,30.0,2,1.0,5.0,4.0,1,4,2
20250923TMG06,2025-09-23,1C上,2.6,3.2,3.8,40,25.0,0.0,19,26.31578947368421,0.0,24,0.0,0.0,17,0.0,0.0,43,0.0,4.651162790697675,23,0.0,8.695652173913043,22.0,4,9.0,2.0,2.0,5,1,3
20250923TMG07,2025-09-23,1C上,2.5,4.4,3.6,48,60.416666666666664,0.0,27,74.07407407407408,0.0,35,0.0,2.857142857142857,12,0.0,8.333333333333334,43,0.0,6.976744186046512,25,0.0,8.0,31.0,3,5.0,4.0,5.0,4,1,6
20250923TMG08,2025-09-23,1C下,3.5,2.5,3.6,28,50.0,0.0,14,71.42857142857143,0.0,44,0.0,4.545454545454546,19,0.0,10.526315789473685,31,0.0,3.225806451612903,11,0.0,9.090909090909092,32.0,2,1.0,5.0,4.0,1,2,6
20250923TMG09,2025-09-23,1C上,2.5,2.9,4.4,61,77.04918032786885,0.0,37,70.27027027027027,0.0,38,0.0,2.6315789473684212,21,0.0,4.761904761904762,32,0.0,9.375,16,0.0,6.25,32.0,1,0.0,5.0,5.0,1,4,5
20250923TMG10,2025-09-23,1C下,3.0,2.8,3.3,66,65.15151515151516,0.0,37,62.16216216216216,0.0,43,0.0,2.3255813953488373,25,0.0,4.0,45,0.0,0.0,27,0.0,0.0,33.0,1,0.0,5.0,4.0,6,4,2
20250923TMG11,2025-09-23,1C上,2.4,3.6,2.6,53,67.9245283018868,0.0,23,69.56521739130434,0.0,35,0.0,0.0,21,0.0,0.0,36,0.0,25.0,18,0.0,33.333333333333336,36.0,1,0.0,5.0,5.0,1,6,4
20250923TMG12,2025-09-23,1C上,2.2,3.8,3.2,57,57.89473684210526,0.0,30,53.333333333333336,0.0,88,0.0,7.954545454545454,45,0.0,8.88888888888889,45,0.0,4.444444444444445,21,0.0,9.523809523809524,30.0,1,0.0,4.0,2.0,5,2,6
20250924TMG01,2025-09-24,1C上,2.7,3.0,3.3,32,46.875,0.0,20,40.0,0.0,29,0.0,0.0,15,0.0,0.0,46,0.0,0.0,28,0.0,0.0,38.0,1,0.0,5.0,5.0,4,5,1
20250924TMG02,2025-09-24,1C下,4.1,3.3,0.0,34,32.35294117647059,0.0,17,23.529411764705884,0.0,29,0.0,3.4482758620689653,15,0.0,6.666666666666667,5,0.0,0.0,5,0.0,0.0,34.0,3,2.0,5.0,4.0,3,4,5
20250924TMG03,2025-09-24,1C上,3.2,3.7,2.8,37,70.27027027027027,0.0,18,77.77777777777777,0.0,30,0.0,0.0,14,0.0,0.0,40,0.0,15.0,20,0.0,10.0,32.0,2,4.0,4.0,5.0,1,2,3
20250924TMG04,2025-09-24,同じ,2.9,2.9,3.0,38,42.10526315789474,0.0,22,40.90909090909091,0.0,32,0.0,3.125,16,0.0,6.25,87,0.0,18.39080459770115,48,0.0,20.833333333333332,38.0,1,0.0,5.0,5.0,3,2,1
20250924TMG05,2025-09-24,1C上,3.5,3.6,3.7,45,66.66666666666667,0.0,17,58.8235294117647,0.0,32,0.0,9.375,17,0.0,17.647058823529413,38,0.0,7.894736842105263,15,0.0,13.333333333333334,33.0,1,0.0,5.0,5.0,1,2,5
20250924TMG06,2025-09-24,1C上,2.2,3.8,2.2,50,62.0,0.0,26,69.23076923076923,0.0,112,0.0,0.8928571428571429,60,0.0,1.6666666666666667,33,0.0,39.39393939393939,17,0.0,47.05882352941177,35.0,1,0.0,5.0,5.0,6,2,1
20250924TMG07,2025-09-24,1C上,2.8,3.5,3.9,51,56.86274509803921,0.0,28,60.714285714285715,0.0,38,0.0,0.0,21,0.0,0.0,30,0.0,3.3333333333333335,17,0.0,0.0,35.0,1,0.0,5.0,5.0,6,2,4
20250924TMG08,2025-09-24,1C上,2.7,4.2,3.0,56,66.07142857142857,0.0,32,62.5,0.0,25,0.0,8.0,6,0.0,16.666666666666668,33,0.0,6.0606060606060606,12,0.0,0.0,30.0,3,8.0,3.0,3.0,4,1,5
20250924TMG09,2025-09-24,1C上,2.7,3.6,3.8,35,57.142857142857146,0.0,15,53.333333333333336,0.0,31,0.0,0.0,19,0.0,0.0,44,0.0,4.545454545454546,24,0.0,8.333333333333334,31.0,2,4.0,5.0,5.0,1,3,2
20250924TMG10,2025-09-24,1C上,1.8,3.5,2.4,44,59.09090909090909,0.0,18,55.55555555555556,0.0,48,0.0,4.166666666666667,22,0.0,4.545454545454546,33,0.0,9.090909090909092,16,0.0,6.25,39.0,1,0.0,5.0,5.0,1,2,6
20250924TMG12,2025-09-24,1C上,2.2,2.4,3.4,58,56.89655172413793,0.0,31,51.61290322580645,0.0,39,0.0,2.5641025641025643,21,0.0,0.0,30,0.0,0.0,17,0.0,0.0,26.0,4,4.0,3.0,2.0,1,4,5
20250925TMG01,2025-09-25,1C下,4.0,3.3,0.0,21,23.80952380952381,0.0,12,16.666666666666668,0.0,46,0.0,2.1739130434782608,23,0.0,4.3478260869565215,6,0.0,16.666666666666668,6,0.0,16.666666666666668,37.0,1,0.0,5.0,5.0,4,1,3
20250925TMG03,2025-09-25,1C上,3.1,3.8,3.4,32,37.5,0.0,16,37.5,0.0,88,0.0,7.954545454545454,47,0.0,8.51063829787234,32,0.0,12.5,21,0.0,19.047619047619047,24.0,4,8.0,3.0,5.0,1,2,5
20250925TMG04,2025-09-25,1C下,3.5,2.9,3.4,22,40.90909090909091,0.0,12,50.0,0.0,39,0.0,5.128205128205129,20,0.0,5.0,31,0.0,0.0,18,0.0,0.0,33.0,1,0.0,5.0,5.0,1,3,5
20250925TMG05,2025-09-25,1C上,0.0,4.4,3.8,3,33.333333333333336,0.0,3,33.333333333333336,0.0,35,0.0,2.857142857142857,12,0.0,8.333333333333334,45,0.0,4.444444444444445,25,0.0,8.0,14.0,6,23.0,1.0,1.0,3,1,2
20250925TMG07,2025-09-25,1C下,3.7,2.6,2.3,46,50.0,0.0,21,38.095238095238095,0.0,43,0.0,2.3255813953488373,20,0.0,0.0,30,0.0,6.666666666666667,20,0.0,10.0,30.0,2,3.0,5.0,5.0,4,5,1
20250925TMG08,2025-09-25,1C上,3.2,3.8,3.6,34,26.470588235294116,0.0,20,20.0,0.0,113,0.0,0.8849557522123894,61,0.0,1.639344262295082,31,0.0,3.225806451612903,12,0.0,8.333333333333334,30.0,1,0.0,4.0,5.0,5,6,3
20250925TMG09,2025-09-25,1C上,2.7,3.4,3.0,36,58.333333333333336,0.0,16,56.25,0.0,48,0.0,4.166666666666667,20,0.0,0.0,38,0.0,18.42105263157895,20,0.0,5.0,33.0,1,0.0,4.0,5.0,1,3,2
20250925TMG10,2025-09-25,1C上,2.6,3.1,3.8,44,40.90909090909091,0.0,24,45.833333333333336,0.0,26,0.0,11.538461538461538,10,0.0,10.0,39,0.0,23.076923076923077,20,0.0,25.0,33.0,1,0.0,5.0,5.0,1,5,2
20250925TMG11,2025-09-25,1C上,3.0,4.0,2.8,28,46.42857142857143,0.0,14,50.0,0.0,40,0.0,0.0,22,0.0,0.0,41,0.0,14.634146341463415,21,0.0,9.523809523809524,29.0,3,2.0,4.0,5.0,3,4,1
20250929TMG01,2025-09-29,1C上,2.7,3.1,3.3,49,61.224489795918366,0.0,23,60.869565217391305,0.0,37,0.0,8.108108108108109,21,0.0,14.285714285714286,42,0.0,19.047619047619047,22,0.0,22.727272727272727,37.0,1,0.0,5.0,5.0,1,4,2
20250929TMG02,2025-09-29,1C上,2.6,3.0,2.3,51,56.86274509803921,0.0,27,59.25925925925926,0.0,44,0.0,13.636363636363637,27,0.0,14.814814814814815,50,0.0,22.0,21,0.0,19.047619047619047,32.0,1,0.0,5.0,5.0,1,2,4
20250929TMG03,2025-09-29,1C上,1.9,2.9,2.2,59,83.05084745762711,0.0,26,76.92307692307692,0.0,34,0.0,2.9411764705882355,19,0.0,5.2631578947368425,35,0.0,17.142857142857142,17,0.0,23.529411764705884,24.0,2,8.0,1.0,5.0,1,2,5
20250929TMG04,2025-09-29,1C上,2.5,4.1,2.7,56,71.42857142857143,0.0,34,70.58823529411765,0.0,40,0.0,7.5,19,0.0,5.2631578947368425,40,0.0,12.5,20,0.0,20.0,29.0,3,7.0,3.0,3.0,1,2,6
20250929TMG05,2025-09-29,1C上,3.4,3.6,3.3,64,78.125,0.0,31,83.87096774193549,0.0,46,0.0,13.043478260869565,21,0.0,28.571428571428573,38,0.0,15.789473684210526,14,0.0,21.428571428571427,32.0,1,0.0,4.0,4.0,1,2,6
20250929TMG06,2025-09-29,1C上,2.9,3.5,3.3,64,73.4375,0.0,34,76.47058823529412,0.0,39,0.0,10.256410256410257,18,0.0,11.11111111111111,37,0.0,13.513513513513514,19,0.0,15.789473684210526,28.0,1,0.0,3.0,2.0,5,1,4
20250929TMG07,2025-09-29,同じ,2.1,2.1,3.7,68,76.47058823529412,0.0,33,78.78787878787878,0.0,40,0.0,2.5,19,0.0,0.0,45,0.0,8.88888888888889,24,0.0,12.5,31.0,1,0.0,4.0,5.0,1,2,4
20250929TMG08,2025-09-29,1C上,1.9,4.3,3.6,69,78.26086956521739,0.0,39,76.92307692307692,0.0,45,0.0,2.2222222222222223,25,0.0,4.0,41,0.0,14.634146341463415,23,0.0,21.73913043478261,35.0,1,0.0,5.0,5.0,1,5,3
20250929TMG09,2025-09-29,1C上,1.9,3.2,3.8,68,69.11764705882354,0.0,37,67.56756756756756,0.0,35,0.0,11.428571428571429,17,0.0,17.647058823529413,45,0.0,11.11111111111111,30,0.0,10.0,28.0,2,3.0,4.0,5.0,1,2,5
20250929TMG10,2025-09-29,1C上,2.3,3.8,2.9,59,79.66101694915254,0.0,29,79.3103448275862,0.0,43,0.0,6.976744186046512,22,0.0,13.636363636363637,41,0.0,17.073170731707318,21,0.0,9.523809523809524,32.0,1,0.0,5.0,5.0,1,2,3
20250929TMG11,2025-09-29,1C上,2.0,3.0,2.0,60,61.666666666666664,0.0,29,62.06896551724138,0.0,32,0.0,0.0,18,0.0,0.0,36,0.0,22.22222222222222,20,0.0,20.0,23.0,5,5.0,3.0,1.0,1,2,4
20250929TMG12,2025-09-29,1C上,2.4,3.4,3.0,65,76.92307692307692,0.0,37,83.78378378378379,0.0,40,0.0,10.0,16,0.0,6.25,40,0.0,12.5,18,0.0,16.666666666666668,30.0,1,0.0,5.0,1.0,1,6,2
20250930TMG01,2025-09-30,1C上,2.6,3.3,3.5,58,65.51724137931035,0.0,31,70.96774193548387,0.0,37,0.0,5.405405405405405,25,0.0,8.0,35,0.0,20.0,15,0.0,6.666666666666667,38.0,1,0.0,5.0,5.0,1,2,4
20250930TMG02,2025-09-30,1C上,2.5,3.3,3.0,56,66.07142857142857,0.0,29,72.41379310344827,0.0,50,0.0,0.0,26,0.0,0.0,39,0.0,5.128205128205129,22,0.0,9.090909090909092,34.0,1,0.0,4.0,5.0,1,5,3
20250930TMG03,2025-09-30,1C上,2.5,2.9,3.2,57,73.6842105263158,0.0,34,73.52941176470588,0.0,57,0.0,1.7543859649122806,31,0.0,3.225806451612903,41,0.0,21.951219512195124,20,0.0,30.0,29.0,1,0.0,4.0,5.0,1,2,4
20250930TMG04,2025-09-30,1C下,3.8,3.1,2.8,61,60.65573770491803,0.0,27,59.25925925925926,0.0,42,0.0,7.142857142857143,21,0.0,9.523809523809524,33,0.0,6.0606060606060606,18,0.0,0.0,30.0,1,0.0,5.0,5.0,1,3,2
20250930TMG05,2025-09-30,1C上,2.6,3.0,2.4,71,81.69014084507042,0.0,33,90.9090909090909,0.0,45,0.0,0.0,21,0.0,0.0,39,0.0,12.820512820512821,17,0.0,17.647058823529413,28.0,3,2.0,3.0,5.0,1,6,4
20250930TMG06,2025-09-30,1C上,3.2,3.7,3.1,60,70.0,0.0,28,78.57142857142857,0.0,28,0.0,7.142857142857143,14,0.0,14.285714285714286,33,0.0,12.121212121212121,17,0.0,11.764705882352942,27.0,5,3.0,3.0,5.0,1,4,2
20250930TMG07,2025-09-30,1C上,3.1,3.9,3.3,39,51.282051282051285,0.0,17,47.05882352941177,0.0,41,0.0,2.4390243902439024,17,0.0,5.882352941176471,44,0.0,27.272727272727273,24,0.0,16.666666666666668,35.0,1,0.0,5.0,5.0,3,1,2
20250930TMG08,2025-09-30,1C上,2.2,2.4,2.9,44,70.45454545454545,0.0,20,65.0,0.0,46,0.0,0.0,23,0.0,0.0,56,0.0,16.071428571428573,28,0.0,17.857142857142858,31.0,1,0.0,3.0,4.0,2,1,3
20250930TMG09,2025-09-30,1C上,2.2,3.3,3.7,62,72.58064516129032,0.0,34,70.58823529411765,0.0,40,0.0,7.5,19,0.0,5.2631578947368425,40,0.0,12.5,22,0.0,18.181818181818183,30.0,2,3.0,4.0,1.0,1,4,2
20250930TMG10,2025-09-30,1C上,3.0,3.2,3.2,55,76.36363636363636,0.0,29,79.3103448275862,0.0,39,0.0,10.256410256410257,23,0.0,13.043478260869565,47,0.0,17.02127659574468,26,0.0,19.23076923076923,32.0,1,0.0,4.0,5.0,1,3,4
20250930TMG11,2025-09-30,1C下,3.0,2.3,2.6,63,68.25396825396825,0.0,33,75.75757575757575,0.0,40,0.0,10.0,20,0.0,15.0,43,0.0,16.27906976744186,19,0.0,21.05263157894737,29.0,1,0.0,4.0,5.0,1,5,4
20250930TMG12,2025-09-30,1C上,2.5,3.3,3.9,47,76.59574468085107,0.0,24,79.16666666666667,0.0,41,0.0,0.0,21,0.0,0.0,27,0.0,22.22222222222222,16,0.0,25.0,25.0,4,3.0,4.0,5.0,3,6,4
20251001TMG01,2025-10-01,1C上,2.7,3.3,3.4,44,47.72727272727273,0.0,25,60.0,0.0,45,0.0,15.555555555555555,24,0.0,12.5,48,0.0,22.916666666666668,26,0.0,23.076923076923077,35.0,1,0.0,5.0,5.0,1,4,2
20251001TMG02,2025-10-01,1C下,3.1,2.9,3.4,61,72.1311475409836,0.0,35,71.42857142857143,0.0,37,0.0,2.7027027027027026,18,0.0,5.555555555555555,42,0.0,16.666666666666668,23,0.0,21.73913043478261,30.0,1,0.0,5.0,5.0,1,2,6
20251001TMG03,2025-10-01,1C上,2.6,3.0,3.1,50,76.0,0.0,25,84.0,0.0,41,0.0,2.4390243902439024,20,0.0,0.0,40,0.0,15.0,21,0.0,19.047619047619047,32.0,1,0.0,5.0,5.0,3,4,6
20251001TMG04,2025-10-01,1C上,3.0,4.1,2.7,48,66.66666666666667,0.0,25,64.0,0.0,42,0.0,0.0,22,0.0,0.0,45,0.0,15.555555555555555,27,0.0,22.22222222222222,22.0,5,12.0,1.0,5.0,1,3,6
20251001TMG05,2025-10-01,同じ,2.7,2.7,3.1,56,62.5,0.0,28,46.42857142857143,0.0,42,0.0,9.523809523809524,20,0.0,5.0,46,0.0,8.695652173913043,26,0.0,3.8461538461538463,19.0,6,17.0,3.0,1.0,1,2,4
20251001TMG06,2025-10-01,1C上,2.5,3.1,3.0,57,54.3859649122807,0.0,30,53.333333333333336,0.0,38,0.0,7.894736842105263,21,0.0,9.523809523809524,37,0.0,24.324324324324323,21,0.0,38.095238095238095,33.0,2,1.0,5.0,5.0,1,6,3
20251001TMG07,2025-10-01,1C上,2.5,4.1,2.0,54,75.92592592592592,0.0,29,79.3103448275862,0.0,40,0.0,7.5,22,0.0,9.090909090909092,39,0.0,30.76923076923077,17,0.0,41.1764705882353,34.0,3,2.0,5.0,5.0,1,6,5
20251001TMG09,2025-10-01,1C上,2.5,2.6,2.9,50,74.0,0.0,28,75.0,0.0,44,0.0,2.272727272727273,24,0.0,0.0,50,0.0,16.0,29,0.0,13.793103448275861,28.0,3,2.0,4.0,5.0,1,3,4
20251001TMG10,2025-10-01,1C下,3.4,2.7,3.5,67,64.17910447761194,0.0,41,60.97560975609756,0.0,49,0.0,2.0408163265306123,23,0.0,0.0,38,0.0,5.2631578947368425,16,0.0,6.25,23.0,5,12.0,3.0,1.0,3,1,2
20251001TMG11,2025-10-01,1C上,2.8,2.9,2.2,60,71.66666666666667,0.0,28,75.0,0.0,40,0.0,10.0,18,0.0,11.11111111111111,39,0.0,17.94871794871795,19,0.0,15.789473684210526,32.0,1,0.0,5.0,5.0,1,3,5
20251001TMG12,2025-10-01,同じ,2.7,2.7,3.2,58,68.96551724137932,0.0,30,70.0,0.0,41,0.0,9.75609756097561,16,0.0,0.0,56,0.0,28.571428571428573,31,0.0,25.806451612903224,36.0,1,0.0,4.0,5.0,3,1,4
20251002TMG01,2025-10-02,1C上,2.6,3.1,2.7,57,59.64912280701754,0.0,25,48.0,0.0,39,0.0,7.6923076923076925,22,0.0,9.090909090909092,45,0.0,17.77777777777778,22,0.0,22.727272727272727,30.0,2,7.0,4.0,5.0,1,3,2
20251002TMG02,2025-10-02,同じ,3.0,3.0,2.4,49,73.46938775510205,0.0,24,75.0,0.0,36,0.0,0.0,14,0.0,0.0,40,0.0,12.5,18,0.0,16.666666666666668,24.0,4,4.0,3.0,2.0,1,5,4
20251002TMG03,2025-10-02,1C上,2.1,2.6,2.7,56,75.0,0.0,35,74.28571428571429,0.0,39,0.0,7.6923076923076925,18,0.0,11.11111111111111,45,0.0,17.77777777777778,20,0.0,25.0,35.0,1,0.0,4.0,5.0,1,5,2
20251002TMG04,2025-10-02,1C下,3.8,3.3,2.6,39,61.53846153846154,0.0,17,58.8235294117647,0.0,48,0.0,6.25,24,0.0,8.333333333333334,41,0.0,12.195121951219512,24,0.0,12.5,30.0,1,0.0,5.0,5.0,2,3,6
20251002TMG05,2025-10-02,1C下,3.7,3.0,3.3,62,70.96774193548387,0.0,32,65.625,0.0,41,0.0,0.0,19,0.0,0.0,39,0.0,15.384615384615385,15,0.0,20.0,35.0,1,0.0,5.0,5.0,2,4,6
20251002TMG06,2025-10-02,同じ,2.8,2.8,2.7,52,69.23076923076923,0.0,26,80.76923076923077,0.0,31,0.0,0.0,17,0.0,0.0,35,0.0,22.857142857142858,17,0.0,17.647058823529413,33.0,2,2.0,5.0,5.0,1,2,3
20251002TMG07,2025-10-02,1C上,3.5,3.9,2.6,40,72.5,0.0,26,69.23076923076923,0.0,36,0.0,2.7777777777777777,16,0.0,6.25,48,0.0,12.5,24,0.0,16.666666666666668,33.0,1,0.0,4.0,5.0,1,2,6
20251002TMG08,2025-10-02,1C上,2.8,3.0,3.9,65,73.84615384615384,0.0,31,70.96774193548387,0.0,46,0.0,0.0,22,0.0,0.0,28,0.0,25.0,17,0.0,29.41176470588235,29.0,3,5.0,5.0,1.0,3,4,5
20251002TMG09,2025-10-02,1C上,2.9,3.6,3.6,49,65.3061224489796,0.0,28,64.28571428571429,0.0,41,0.0,2.4390243902439024,25,0.0,4.0,33,0.0,12.121212121212121,21,0.0,14.285714285714286,36.0,1,0.0,5.0,5.0,1,4,5
20251002TMG10,2025-10-02,1C上,1.9,3.8,2.7,50,66.0,0.0,24,62.5,0.0,40,0.0,10.0,19,0.0,5.2631578947368425,53,0.0,13.20754716981132,27,0.0,18.51851851851852,33.0,2,1.0,5.0,5.0,1,3,2
20251002TMG11,2025-10-02,1C上,2.7,3.0,2.8,43,81.3953488372093,0.0,24,79.16666666666667,0.0,44,0.0,4.545454545454546,24,0.0,8.333333333333334,34,0.0,5.882352941176471,19,0.0,0.0,32.0,1,0.0,5.0,5.0,1,3,4
20251002TMG12,2025-10-02,同じ,2.5,2.5,3.6,57,77.19298245614036,0.0,26,73.07692307692308,0.0,38,0.0,0.0,21,0.0,0.0,29,0.0,13.793103448275861,13,0.0,7.6923076923076925,37.0,1,0.0,5.0,4.0,1,2,3
20251003TMG01,2025-10-03,1C上,3.0,3.2,3.2,56,71.42857142857143,0.0,31,80.64516129032258,0.0,37,0.0,2.7027027027027026,19,0.0,5.2631578947368425,36,0.0,19.444444444444443,22,0.0,22.727272727272727,36.0,1,0.0,5.0,5.0,1,4,5
20251003TMG02,2025-10-03,同じ,3.0,3.0,3.3,50,74.0,0.0,25,76.0,0.0,42,0.0,0.0,20,0.0,0.0,37,0.0,13.513513513513514,20,0.0,15.0,24.0,3,12.0,2.0,1.0,1,4,3
20251003TMG03,2025-10-03,1C上,2.5,3.3,3.8,58,55.172413793103445,0.0,31,54.83870967741935,0.0,45,0.0,13.333333333333334,25,0.0,12.0,33,0.0,18.181818181818183,21,0.0,23.80952380952381,34.0,1,0.0,5.0,2.0,1,3,2
20251003TMG04,2025-10-03,同じ,3.0,3.0,3.3,64,68.75,0.0,33,75.75757575757575,0.0,45,0.0,4.444444444444445,25,0.0,8.0,44,0.0,4.545454545454546,22,0.0,4.545454545454546,30.0,2,2.0,5.0,5.0,1,5,2
20251003TMG05,2025-10-03,1C下,3.8,3.6,2.6,54,77.77777777777777,0.0,30,76.66666666666667,0.0,42,0.0,2.380952380952381,26,0.0,3.8461538461538463,44,0.0,15.909090909090908,19,0.0,15.789473684210526,27.0,2,3.0,4.0,5.0,1,2,3
20251003TMG06,2025-10-03,1C上,2.8,2.9,3.4,48,70.83333333333333,0.0,22,72.72727272727273,0.0,39,0.0,10.256410256410257,19,0.0,10.526315789473685,43,0.0,16.27906976744186,24,0.0,20.833333333333332,33.0,2,1.0,5.0,5.0,4,1,2
20251003TMG07,2025-10-03,1C上,2.7,4.1,3.3,44,81.81818181818181,0.0,25,80.0,0.0,41,0.0,7.317073170731708,19,0.0,5.2631578947368425,43,0.0,18.6046511627907,23,0.0,21.73913043478261,40.0,1,0.0,5.0,5.0,4,5,1
20251003TMG08,2025-10-03,1C上,1.9,3.7,2.7,68,69.11764705882354,0.0,38,68.42105263157895,0.0,29,0.0,6.896551724137931,15,0.0,13.333333333333334,46,0.0,17.391304347826086,23,0.0,21.73913043478261,30.0,1,0.0,5.0,5.0,4,5,2
20251003TMG09,2025-10-03,1C上,2.5,3.1,3.2,57,71.9298245614035,0.0,35,71.42857142857143,0.0,38,0.0,7.894736842105263,22,0.0,13.636363636363637,42,0.0,21.428571428571427,21,0.0,28.571428571428573,32.0,1,0.0,5.0,5.0,3,1,6
20251003TMG10,2025-10-03,1C上,2.5,2.9,3.2,56,67.85714285714286,0.0,29,72.41379310344827,0.0,35,0.0,2.857142857142857,20,0.0,5.0,57,0.0,29.82456140350877,32,0.0,28.125,34.0,1,0.0,5.0,5.0,1,2,5
20251003TMG11,2025-10-03,1C上,2.7,3.6,2.6,59,67.79661016949153,0.0,31,67.74193548387096,0.0,47,0.0,12.76595744680851,22,0.0,27.272727272727273,49,0.0,12.244897959183673,25,0.0,16.0,34.0,1,0.0,5.0,5.0,6,4,5
20251003TMG12,2025-10-03,1C上,2.6,3.9,3.3,59,66.10169491525424,0.0,32,71.875,0.0,37,0.0,2.7027027027027026,17,0.0,5.882352941176471,45,0.0,28.88888888888889,25,0.0,20.0,36.0,1,0.0,5.0,5.0,6,5,1
20251004TMG01,2025-10-04,1C上,2.6,3.8,2.9,72,81.94444444444444,0.0,34,91.17647058823529,0.0,44,0.0,6.818181818181818,22,0.0,13.636363636363637,57,0.0,15.789473684210526,28,0.0,17.857142857142858,24.0,4,7.0,1.0,5.0,1,2,5
20251004TMG02,2025-10-04,1C下,2.6,2.3,2.5,52,57.69230769230769,0.0,27,62.96296296296296,0.0,41,0.0,9.75609756097561,21,0.0,14.285714285714286,49,0.0,16.3265306122449,26,0.0,23.076923076923077,34.0,1,0.0,5.0,5.0,1,2,3
20251004TMG03,2025-10-04,1C上,1.9,4.1,3.2,50,66.0,0.0,25,64.0,0.0,43,0.0,0.0,23,0.0,0.0,37,0.0,18.91891891891892,23,0.0,21.73913043478261,30.0,1,0.0,5.0,5.0,1,2,5
20251004TMG04,2025-10-04,1C上,3.0,3.9,2.0,49,67.34693877551021,0.0,26,65.38461538461539,0.0,38,0.0,2.6315789473684212,18,0.0,5.555555555555555,42,0.0,23.80952380952381,19,0.0,31.57894736842105,21.0,6,10.0,1.0,4.0,1,2,3
20251004TMG05,2025-10-04,1C上,2.9,3.3,2.3,50,66.0,0.0,29,65.51724137931035,0.0,46,0.0,13.043478260869565,26,0.0,11.538461538461538,51,0.0,21.568627450980394,22,0.0,18.181818181818183,29.0,2,1.0,3.0,5.0,5,1,6
20251004TMG06,2025-10-04,1C上,2.1,3.2,3.2,68,76.47058823529412,0.0,31,77.41935483870968,0.0,40,0.0,10.0,23,0.0,13.043478260869565,48,0.0,16.666666666666668,27,0.0,18.51851851851852,32.0,1,0.0,4.0,5.0,1,3,5
20251004TMG07,2025-10-04,1C上,2.7,3.5,3.2,50,62.0,0.0,24,62.5,0.0,40,0.0,10.0,18,0.0,11.11111111111111,58,0.0,29.310344827586206,33,0.0,27.272727272727273,28.0,3,6.0,4.0,5.0,1,2,3
20251004TMG08,2025-10-04,1C上,2.0,2.5,3.1,59,62.71186440677966,0.0,28,60.714285714285715,0.0,58,0.0,5.172413793103448,29,0.0,3.4482758620689653,41,0.0,14.634146341463415,22,0.0,18.181818181818183,34.0,1,0.0,5.0,4.0,3,1,6
20251004TMG09,2025-10-04,1C下,3.8,3.0,3.8,55,78.18181818181819,0.0,31,77.41935483870968,0.0,42,0.0,2.380952380952381,21,0.0,0.0,34,0.0,17.647058823529413,22,0.0,22.727272727272727,27.0,2,2.0,2.0,5.0,1,3,4
20251004TMG10,2025-10-04,1C上,2.1,3.3,2.6,57,75.43859649122807,0.0,36,75.0,0.0,42,0.0,0.0,22,0.0,0.0,42,0.0,11.904761904761905,25,0.0,12.0,34.0,1,0.0,4.0,5.0,1,2,6
20251004TMG11,2025-10-04,1C上,2.6,3.6,3.3,60,65.0,0.0,33,69.6969696969697,0.0,48,0.0,12.5,23,0.0,26.08695652173913,46,0.0,28.26086956521739,26,0.0,19.23076923076923,32.0,1,0.0,4.0,5.0,1,3,5
20251004TMG12,2025-10-04,1C上,2.5,2.8,2.8,57,68.42105263157895,0.0,30,73.33333333333333,0.0,32,0.0,0.0,18,0.0,0.0,35,0.0,5.714285714285714,20,0.0,0.0,32.0,1,0.0,5.0,5.0,6,3,1
20251010TMG01,2025-10-10,1C上,3.2,3.5,3.3,19,26.31578947368421,0.0,10,20.0,0.0,42,0.0,2.380952380952381,23,0.0,0.0,29,0.0,0.0,18,0.0,0.0,26.0,4,4.0,4.0,5.0,2,1,6
20251010TMG02,2025-10-10,1C上,2.6,3.5,1.8,28,32.142857142857146,0.0,10,20.0,0.0,41,0.0,2.4390243902439024,17,0.0,0.0,36,0.0,2.7777777777777777,17,0.0,5.882352941176471,19.0,6,14.0,2.0,2.0,1,4,2
20251010TMG03,2025-10-10,1C下,2.9,2.3,3.5,34,32.35294117647059,0.0,19,26.31578947368421,0.0,32,0.0,6.25,16,0.0,12.5,26,0.0,7.6923076923076925,14,0.0,0.0,28.0,3,4.0,3.0,5.0,3,6,5
20251010TMG04,2025-10-10,1C上,2.5,3.0,3.0,34,50.0,0.0,16,50.0,0.0,42,0.0,7.142857142857143,21,0.0,9.523809523809524,49,0.0,18.367346938775512,30,0.0,16.666666666666668,34.0,1,0.0,5.0,5.0,4,1,3
20251010TMG06,2025-10-10,1C上,2.0,2.1,2.9,28,46.42857142857143,0.0,13,38.46153846153846,0.0,38,0.0,7.894736842105263,18,0.0,11.11111111111111,47,0.0,23.404255319148938,21,0.0,28.571428571428573,31.0,2,7.0,5.0,5.0,4,1,5
20251010TMG07,2025-10-10,1C上,2.6,3.7,3.2,59,57.6271186440678,0.0,31,67.74193548387096,0.0,38,0.0,5.2631578947368425,15,0.0,0.0,36,0.0,22.22222222222222,17,0.0,17.647058823529413,31.0,2,1.0,4.0,5.0,3,1,5
20251010TMG08,2025-10-10,1C上,3.8,3.9,2.4,38,50.0,0.0,24,58.333333333333336,0.0,33,0.0,9.090909090909092,23,0.0,13.043478260869565,35,0.0,8.571428571428571,14,0.0,0.0,33.0,1,0.0,4.0,5.0,2,1,3
20251010TMG09,2025-10-10,1C上,1.8,4.3,2.5,43,60.46511627906977,0.0,22,68.18181818181819,0.0,32,0.0,3.125,20,0.0,0.0,44,0.0,6.818181818181818,23,0.0,8.695652173913043,29.0,2,3.0,3.0,5.0,1,3,4
20251010TMG10,2025-10-10,1C上,3.5,3.6,3.5,49,59.183673469387756,0.0,26,61.53846153846154,0.0,21,0.0,4.761904761904762,10,0.0,0.0,26,0.0,7.6923076923076925,14,0.0,0.0,28.0,3,4.0,4.0,1.0,2,1,6
20251010TMG11,2025-10-10,1C上,2.0,3.0,3.1,52,84.61538461538461,0.0,25,84.0,0.0,40,0.0,0.0,21,0.0,0.0,43,0.0,9.30232558139535,28,0.0,7.142857142857143,32.0,1,0.0,5.0,5.0,1,3,2
20251010TMG12,2025-10-10,1C上,2.8,3.1,3.0,64,71.875,0.0,35,80.0,0.0,29,0.0,3.4482758620689653,17,0.0,5.882352941176471,41,0.0,19.51219512195122,18,0.0,11.11111111111111,30.0,1,0.0,5.0,5.0,1,5,2
20251011TMG01,2025-10-11,1C上,3.0,4.2,2.5,17,35.294117647058826,0.0,10,40.0,0.0,42,0.0,2.380952380952381,24,0.0,4.166666666666667,33,0.0,6.0606060606060606,18,0.0,5.555555555555555,31.0,3,2.0,2.0,5.0,1,5,2
20251011TMG02,2025-10-11,1C上,2.4,3.1,2.8,27,37.03703703703704,0.0,11,27.272727272727273,0.0,26,0.0,3.8461538461538463,15,0.0,6.666666666666667,45,0.0,15.555555555555555,25,0.0,12.0,36.0,1,0.0,5.0,5.0,1,3,4
20251011TMG03,2025-10-11,1C上,2.8,3.2,3.5,40,52.5,0.0,15,26.666666666666668,0.0,39,0.0,2.5641025641025643,13,0.0,0.0,46,0.0,6.521739130434782,19,0.0,0.0,34.0,1,0.0,5.0,5.0,1,2,6
20251011TMG04,2025-10-11,1C上,3.1,3.4,2.8,33,57.57575757575758,0.0,14,64.28571428571429,0.0,32,0.0,0.0,16,0.0,0.0,26,0.0,7.6923076923076925,10,0.0,0.0,40.0,1,0.0,5.0,5.0,1,2,3
20251011TMG05,2025-10-11,1C下,4.0,3.2,2.4,25,36.0,0.0,16,37.5,0.0,31,0.0,9.67741935483871,21,0.0,9.523809523809524,49,0.0,6.122448979591836,26,0.0,3.8461538461538463,36.0,1,0.0,5.0,4.0,6,3,5
20251011TMG06,2025-10-11,同じ,3.1,3.1,2.3,27,44.44444444444444,0.0,15,33.333333333333336,0.0,31,0.0,3.225806451612903,16,0.0,0.0,29,0.0,13.793103448275861,12,0.0,0.0,33.0,2,1.0,5.0,5.0,1,3,4
20251011TMG07,2025-10-11,1C上,2.6,3.3,3.3,47,61.702127659574465,0.0,27,62.96296296296296,0.0,28,0.0,0.0,11,0.0,0.0,23,0.0,17.391304347826086,11,0.0,9.090909090909092,23.0,5,9.0,2.0,5.0,4,2,6
20251011TMG08,2025-10-11,1C上,3.0,3.4,2.9,48,52.083333333333336,0.0,26,46.15384615384615,0.0,37,0.0,0.0,23,0.0,0.0,50,0.0,8.0,26,0.0,11.538461538461538,37.0,1,0.0,5.0,5.0,1,5,2
20251011TMG09,2025-10-11,1C上,3.1,3.9,3.4,55,56.36363636363637,0.0,29,55.172413793103445,0.0,32,0.0,0.0,18,0.0,0.0,41,0.0,9.75609756097561,17,0.0,5.882352941176471,33.0,2,1.0,5.0,5.0,1,3,6
20251011TMG10,2025-10-11,1C上,2.7,3.8,3.0,60,71.66666666666667,0.0,28,67.85714285714286,0.0,17,0.0,0.0,2,0.0,0.0,26,0.0,15.384615384615385,5,0.0,20.0,33.0,2,1.0,5.0,5.0,3,1,2
20251011TMG11,2025-10-11,1C上,2.2,3.3,3.2,41,70.73170731707317,0.0,23,65.21739130434783,0.0,32,0.0,6.25,16,0.0,6.25,52,0.0,11.538461538461538,30,0.0,6.666666666666667,35.0,2,2.0,4.0,5.0,1,3,6
20251011TMG12,2025-10-11,1C上,2.4,2.6,3.1,57,73.6842105263158,0.0,32,78.125,0.0,50,0.0,4.0,30,0.0,3.3333333333333335,31,0.0,25.806451612903224,21,0.0,38.095238095238095,33.0,1,0.0,5.0,5.0,3,1,4
20251012TMG01,2025-10-12,1C上,1.9,3.0,2.4,22,50.0,0.0,9,22.22222222222222,0.0,25,0.0,4.0,3,0.0,0.0,39,0.0,15.384615384615385,25,0.0,24.0,32.0,1,0.0,5.0,5.0,1,4,3
20251012TMG02,2025-10-12,1C上,3.1,3.4,3.3,32,46.875,0.0,16,37.5,0.0,38,2.6315789473684212,0.0,19,0.0,0.0,31,0.0,3.225806451612903,20,0.0,5.0,36.0,1,0.0,5.0,5.0,1,2,6
20251012TMG03,2025-10-12,1C上,2.3,3.4,2.9,28,39.285714285714285,0.0,14,21.428571428571427,0.0,18,0.0,0.0,8,0.0,0.0,50,0.0,4.0,25,0.0,4.0,26.0,2,2.0,4.0,1.0,2,1,5
20251012TMG04,2025-10-12,同じ,2.7,2.7,4.3,23,60.869565217391305,0.0,11,45.45454545454545,0.0,38,0.0,0.0,21,0.0,0.0,23,0.0,17.391304347826086,16,0.0,18.75,21.0,5,10.0,3.0,2.0,1,5,6
20251012TMG05,2025-10-12,1C下,4.1,3.0,2.8,39,74.35897435897436,0.0,27,77.77777777777777,0.0,42,0.0,2.380952380952381,18,0.0,0.0,33,0.0,9.090909090909092,15,0.0,0.0,36.0,1,0.0,5.0,5.0,1,3,2
20251012TMG06,2025-10-12,1C上,2.6,4.3,3.3,29,24.137931034482758,0.0,13,15.384615384615385,0.0,52,0.0,0.0,31,0.0,0.0,38,0.0,2.6315789473684212,19,0.0,0.0,25.0,2,5.0,3.0,3.0,2,1,5
20251012TMG07,2025-10-12,1C上,1.6,3.7,2.9,46,76.08695652173913,0.0,24,75.0,0.0,43,0.0,2.3255813953488373,20,0.0,0.0,20,0.0,0.0,12,0.0,0.0,32.0,1,0.0,5.0,5.0,1,3,2
20251012TMG08,2025-10-12,1C上,2.0,2.3,3.4,32,68.75,0.0,18,61.111111111111114,0.0,33,0.0,6.0606060606060606,17,0.0,11.764705882352942,42,0.0,9.523809523809524,17,0.0,5.882352941176471,38.0,1,0.0,5.0,5.0,1,5,4
20251012TMG10,2025-10-12,1C上,2.2,2.7,3.9,59,69.49152542372882,0.0,28,67.85714285714286,0.0,37,0.0,5.405405405405405,16,0.0,6.25,41,0.0,4.878048780487805,21,0.0,4.761904761904762,22.0,5,15.0,1.0,5.0,2,1,3
20251012TMG11,2025-10-12,1C上,2.4,2.6,3.3,64,60.9375,0.0,32,62.5,0.0,51,0.0,1.9607843137254901,30,0.0,3.3333333333333335,39,0.0,10.256410256410257,19,0.0,10.526315789473685,31.0,1,0.0,4.0,4.0,1,4,2
20251012TMG12,2025-10-12,1C上,2.6,3.7,3.1,53,71.69811320754717,0.0,25,72.0,0.0,49,0.0,4.081632653061225,20,0.0,0.0,32,0.0,28.125,22,0.0,40.90909090909091,30.0,1,0.0,4.0,5.0,1,3,4
20251013TMG01,2025-10-13,1C下,4.0,2.8,2.5,10,20.0,0.0,1,0.0,0.0,19,0.0,5.2631578947368425,11,0.0,9.090909090909092,46,0.0,8.695652173913043,26,0.0,11.538461538461538,24.0,4,6.0,3.0,5.0,1,2,3
20251013TMG02,2025-10-13,1C上,2.4,3.3,3.1,23,26.08695652173913,0.0,14,28.571428571428573,0.0,26,0.0,0.0,9,0.0,0.0,45,0.0,8.88888888888889,30,0.0,6.666666666666667,30.0,1,0.0,4.0,5.0,4,3,6
20251013TMG03,2025-10-13,1C上,2.9,3.8,3.2,36,36.111111111111114,0.0,17,23.529411764705884,0.0,41,0.0,4.878048780487805,16,0.0,0.0,37,0.0,24.324324324324323,18,0.0,22.22222222222222,23.0,5,7.0,1.0,5.0,4,2,3
20251013TMG04,2025-10-13,1C上,2.2,3.0,4.1,23,30.434782608695652,0.0,14,35.714285714285715,0.0,43,0.0,2.3255813953488373,19,0.0,0.0,37,0.0,13.513513513513514,21,0.0,23.80952380952381,31.0,1,0.0,5.0,3.0,1,3,4
20251013TMG05,2025-10-13,1C上,2.3,3.3,2.8,49,42.857142857142854,0.0,29,37.93103448275862,0.0,29,0.0,0.0,12,0.0,0.0,38,0.0,10.526315789473685,21,0.0,4.761904761904762,25.0,3,3.0,4.0,4.0,1,3,4
20251013TMG06,2025-10-13,1C上,2.5,3.4,2.2,29,75.86206896551724,0.0,4,75.0,0.0,40,0.0,7.5,22,0.0,13.636363636363637,39,0.0,7.6923076923076925,23,0.0,13.043478260869565,29.0,2,3.0,4.0,5.0,2,3,1
20251013TMG07,2025-10-13,1C上,2.0,2.4,2.5,53,73.58490566037736,0.0,21,76.19047619047619,0.0,32,0.0,3.125,18,0.0,5.555555555555555,44,0.0,13.636363636363637,21,0.0,14.285714285714286,32.0,1,0.0,5.0,5.0,1,3,4
20251013TMG08,2025-10-13,1C上,2.6,2.8,2.4,60,56.666666666666664,0.0,32,65.625,0.0,27,0.0,3.7037037037037037,13,0.0,0.0,44,0.0,20.454545454545453,21,0.0,23.80952380952381,30.0,1,0.0,5.0,1.0,3,1,5
20251013TMG10,2025-10-13,1C上,2.2,2.6,3.1,42,71.42857142857143,0.0,24,66.66666666666667,0.0,51,0.0,3.9215686274509802,31,0.0,3.225806451612903,28,0.0,14.285714285714286,16,0.0,12.5,34.0,1,0.0,5.0,5.0,1,2,5
20251013TMG11,2025-10-13,1C上,2.4,3.2,3.3,58,72.41379310344827,0.0,33,75.75757575757575,0.0,40,0.0,2.5,14,0.0,0.0,34,0.0,0.0,15,0.0,0.0,31.0,1,0.0,5.0,5.0,6,3,5
20251013TMG12,2025-10-13,1C上,2.8,3.4,2.2,63,73.01587301587301,0.0,36,80.55555555555556,0.0,43,0.0,0.0,23,0.0,0.0,51,0.0,25.49019607843137,20,0.0,25.0,36.0,1,0.0,5.0,5.0,1,2,5
20251014TMG01,2025-10-14,1C下,2.9,2.4,3.3,31,54.83870967741935,0.0,17,64.70588235294117,0.0,33,0.0,3.0303030303030303,19,0.0,5.2631578947368425,39,0.0,2.5641025641025643,18,0.0,0.0,30.0,1,0.0,4.0,5.0,1,3,2
20251014TMG02,2025-10-14,1C上,2.6,3.4,2.2,30,23.333333333333332,0.0,14,14.285714285714286,0.0,33,0.0,0.0,16,0.0,0.0,52,0.0,25.0,21,0.0,23.80952380952381,28.0,2,4.0,3.0,5.0,2,5,1
20251014TMG03,2025-10-14,1C上,2.6,3.4,3.5,28,32.142857142857146,0.0,11,27.272727272727273,0.0,39,2.5641025641025643,0.0,20,0.0,0.0,27,0.0,11.11111111111111,16,0.0,6.25,30.0,1,0.0,4.0,2.0,4,6,2
20251014TMG04,2025-10-14,1C下,2.4,2.1,3.4,28,39.285714285714285,0.0,12,33.333333333333336,0.0,39,0.0,7.6923076923076925,18,0.0,11.11111111111111,31,0.0,9.67741935483871,15,0.0,6.666666666666667,32.0,2,1.0,5.0,5.0,1,4,2
20251014TMG05,2025-10-14,同じ,3.2,3.2,3.2,20,25.0,0.0,11,18.181818181818183,0.0,32,0.0,9.375,22,0.0,9.090909090909092,53,0.0,11.320754716981131,32,0.0,6.25,32.0,1,0.0,5.0,5.0,1,5,2
20251014TMG06,2025-10-14,1C上,2.6,3.8,2.5,54,72.22222222222223,0.0,25,72.0,0.0,42,0.0,4.761904761904762,17,0.0,0.0,45,0.0,13.333333333333334,22,0.0,13.636363636363637,35.0,1,0.0,4.0,5.0,3,1,5
20251014TMG07,2025-10-14,1C上,3.1,3.8,3.0,34,58.8235294117647,0.0,15,66.66666666666667,0.0,18,0.0,0.0,2,0.0,0.0,43,0.0,18.6046511627907,20,0.0,10.0,39.0,1,0.0,5.0,5.0,4,1,5
20251014TMG09,2025-10-14,1C下,3.8,3.3,3.0,39,48.717948717948715,0.0,25,56.0,0.0,28,0.0,0.0,16,0.0,0.0,26,0.0,19.23076923076923,5,0.0,40.0,27.0,3,7.0,4.0,5.0,5,6,2
20251014TMG10,2025-10-14,1C下,4.1,3.1,3.1,39,74.35897435897436,0.0,28,78.57142857142857,0.0,30,0.0,3.3333333333333335,18,0.0,5.555555555555555,46,0.0,8.695652173913043,31,0.0,6.451612903225806,29.0,3,5.0,5.0,5.0,1,4,2
20251014TMG11,2025-10-14,1C上,2.0,3.4,2.2,53,84.90566037735849,0.0,27,85.18518518518519,0.0,41,0.0,7.317073170731708,23,0.0,13.043478260869565,52,0.0,25.0,21,0.0,23.80952380952381,37.0,1,0.0,5.0,5.0,1,6,3
20251015TMG01,2025-10-15,1C上,3.0,3.7,3.4,18,38.888888888888886,0.0,11,45.45454545454545,0.0,38,0.0,2.6315789473684212,16,0.0,0.0,32,0.0,9.375,16,0.0,6.25,34.0,1,0.0,5.0,5.0,1,3,5
20251015TMG02,2025-10-15,1C上,3.2,3.3,3.4,21,28.571428571428573,0.0,12,25.0,0.0,29,0.0,0.0,17,0.0,0.0,43,0.0,9.30232558139535,18,0.0,5.555555555555555,30.0,2,2.0,5.0,5.0,2,1,3
20251015TMG03,2025-10-15,1C上,4.0,4.2,2.9,26,34.61538461538461,0.0,17,35.294117647058826,0.0,43,0.0,2.3255813953488373,24,0.0,4.166666666666667,51,0.0,3.9215686274509802,25,0.0,4.0,34.0,1,0.0,4.0,5.0,5,2,6
20251015TMG04,2025-10-15,1C上,2.4,3.4,2.8,29,41.37931034482759,0.0,13,38.46153846153846,0.0,40,2.5,0.0,21,0.0,0.0,47,0.0,14.893617021276595,27,0.0,11.11111111111111,32.0,1,0.0,3.0,5.0,1,4,6
20251015TMG05,2025-10-15,1C上,2.6,3.7,4.1,47,61.702127659574465,0.0,28,60.714285714285715,0.0,50,0.0,4.0,21,0.0,0.0,11,0.0,9.090909090909092,2,0.0,0.0,28.0,2,4.0,5.0,2.0,1,2,5
20251015TMG07,2025-10-15,1C上,2.4,3.2,4.1,24,25.0,0.0,15,26.666666666666668,0.0,33,0.0,9.090909090909092,23,0.0,8.695652173913043,38,0.0,13.157894736842104,22,0.0,22.727272727272727,30.0,2,5.0,5.0,5.0,5,1,2
20251015TMG08,2025-10-15,1C上,2.5,3.5,3.1,29,75.86206896551724,0.0,5,60.0,0.0,43,0.0,2.3255813953488373,23,0.0,0.0,29,0.0,13.793103448275861,17,0.0,11.764705882352942,32.0,1,0.0,4.0,5.0,1,2,3
20251015TMG09,2025-10-15,1C上,2.9,3.5,2.4,32,56.25,0.0,18,66.66666666666667,0.0,42,0.0,2.380952380952381,18,0.0,0.0,36,0.0,8.333333333333334,15,0.0,0.0,28.0,2,2.0,5.0,5.0,1,3,5
20251015TMG10,2025-10-15,1C上,2.4,3.4,2.9,65,61.53846153846154,0.0,33,63.63636363636363,0.0,36,0.0,0.0,22,0.0,0.0,45,0.0,24.444444444444443,21,0.0,28.571428571428573,32.0,1,0.0,4.0,5.0,1,4,5
20251015TMG11,2025-10-15,1C上,2.2,2.3,2.8,42,71.42857142857143,0.0,25,68.0,0.0,34,0.0,5.882352941176471,17,0.0,11.764705882352942,27,0.0,7.407407407407407,11,0.0,0.0,35.0,1,0.0,4.0,5.0,3,1,6
20251015TMG12,2025-10-15,1C下,2.8,2.7,3.1,64,73.4375,0.0,37,81.08108108108108,0.0,37,0.0,5.405405405405405,17,0.0,5.882352941176471,32,0.0,28.125,23,0.0,39.130434782608695,35.0,1,0.0,5.0,4.0,1,3,4
20251019TMG01,2025-10-19,1C下,4.3,3.8,3.6,25,4.0,0.0,12,8.333333333333334,0.0,36,0.0,0.0,20,0.0,0.0,23,0.0,8.695652173913043,20,0.0,10.0,27.0,2,2.0,4.0,5.0,3,1,4
20251019TMG02,2025-10-19,1C上,3.1,3.4,4.0,30,30.0,0.0,16,25.0,0.0,27,0.0,7.407407407407407,15,0.0,6.666666666666667,60,0.0,13.333333333333334,29,0.0,6.896551724137931,28.0,3,10.0,5.0,5.0,4,5,1
20251019TMG03,2025-10-19,1C上,2.5,3.6,4.3,34,35.294117647058826,0.0,18,22.22222222222222,0.0,40,0.0,17.5,24,0.0,12.5,26,0.0,7.6923076923076925,14,0.0,7.142857142857143,22.0,4,11.0,4.0,2.0,1,2,4
20251019TMG04,2025-10-19,1C上,1.8,4.0,3.2,26,50.0,0.0,17,47.05882352941177,0.0,43,0.0,0.0,20,0.0,0.0,49,0.0,12.244897959183673,23,0.0,17.391304347826086,27.0,3,10.0,3.0,5.0,4,3,6
20251019TMG05,2025-10-19,1C上,3.3,4.2,3.2,20,45.0,0.0,10,50.0,0.0,27,0.0,11.11111111111111,16,0.0,6.25,46,0.0,8.695652173913043,23,0.0,13.043478260869565,33.0,1,0.0,5.0,5.0,3,1,6
20251019TMG06,2025-10-19,1C上,2.5,3.5,3.2,31,25.806451612903224,0.0,17,29.41176470588235,0.0,37,0.0,5.405405405405405,20,0.0,10.0,37,0.0,16.216216216216218,24,0.0,12.5,22.0,4,8.0,1.0,5.0,5,2,4
20251019TMG07,2025-10-19,1C上,1.5,3.4,3.2,53,52.83018867924528,0.0,25,44.0,0.0,37,0.0,10.81081081081081,16,0.0,12.5,33,0.0,9.090909090909092,19,0.0,10.526315789473685,31.0,2,1.0,5.0,5.0,4,2,3
20251019TMG08,2025-10-19,1C上,3.5,4.1,3.2,44,45.45454545454545,0.0,21,33.333333333333336,0.0,39,0.0,10.256410256410257,21,0.0,14.285714285714286,36,0.0,2.7777777777777777,16,0.0,0.0,35.0,1,0.0,5.0,5.0,3,5,6
20251019TMG09,2025-10-19,1C上,2.8,4.3,2.8,47,46.808510638297875,0.0,23,47.82608695652174,0.0,34,0.0,5.882352941176471,19,0.0,5.2631578947368425,41,0.0,9.75609756097561,18,0.0,16.666666666666668,32.0,1,0.0,5.0,5.0,1,6,3
20251019TMG11,2025-10-19,1C上,2.3,2.8,3.5,56,87.5,0.0,23,86.95652173913044,0.0,40,0.0,5.0,17,0.0,5.882352941176471,72,0.0,6.944444444444445,39,0.0,2.5641025641025643,34.0,1,0.0,5.0,4.0,1,3,2
20251019TMG12,2025-10-19,同じ,2.1,2.1,3.0,57,71.9298245614035,0.0,38,73.6842105263158,0.0,34,0.0,2.9411764705882355,17,0.0,5.882352941176471,40,0.0,17.5,20,0.0,20.0,33.0,1,0.0,5.0,5.0,5,1,4
20251020TMG01,2025-10-20,1C下,3.6,2.1,3.2,33,27.272727272727273,0.0,13,23.076923076923077,0.0,38,0.0,2.6315789473684212,20,0.0,5.0,32,0.0,6.25,17,0.0,5.882352941176471,28.0,3,3.0,5.0,2.0,1,4,2
20251020TMG02,2025-10-20,1C下,3.2,2.7,2.9,27,33.333333333333336,0.0,13,30.76923076923077,0.0,40,0.0,5.0,23,0.0,4.3478260869565215,35,0.0,5.714285714285714,16,0.0,0.0,24.0,3,10.0,3.0,5.0,5,6,2
20251020TMG03,2025-10-20,1C上,2.9,4.1,2.3,23,21.73913043478261,0.0,13,23.076923076923077,0.0,37,0.0,0.0,22,0.0,0.0,27,0.0,18.51851851851852,11,0.0,18.181818181818183,21.0,6,11.0,2.0,1.0,3,6,2
20251020TMG04,2025-10-20,1C上,2.6,3.3,3.5,23,30.434782608695652,0.0,13,30.76923076923077,0.0,38,0.0,2.6315789473684212,23,0.0,0.0,34,0.0,0.0,18,0.0,0.0,31.0,1,0.0,5.0,5.0,5,4,2
20251020TMG05,2025-10-20,1C上,2.4,3.5,3.8,56,64.28571428571429,0.0,25,68.0,0.0,54,0.0,0.0,27,0.0,0.0,42,0.0,2.380952380952381,19,0.0,0.0,32.0,2,3.0,3.0,5.0,6,1,2
20251020TMG06,2025-10-20,1C上,2.4,3.6,2.5,53,60.37735849056604,0.0,26,53.84615384615385,0.0,37,0.0,0.0,19,0.0,0.0,42,0.0,16.666666666666668,24,0.0,12.5,29.0,1,0.0,5.0,1.0,3,5,1
20251020TMG07,2025-10-20,1C上,2.7,3.5,3.3,39,61.53846153846154,0.0,20,60.0,0.0,35,0.0,2.857142857142857,21,0.0,4.761904761904762,28,0.0,3.5714285714285716,19,0.0,5.2631578947368425,30.0,1,0.0,4.0,2.0,1,4,3
20251020TMG08,2025-10-20,1C上,2.6,4.3,4.0,41,51.21951219512195,0.0,20,60.0,0.0,67,0.0,4.477611940298507,32,0.0,0.0,61,0.0,13.114754098360656,30,0.0,6.666666666666667,34.0,1,0.0,5.0,3.0,1,3,4
20251020TMG09,2025-10-20,1C上,3.7,4.1,1.8,43,67.44186046511628,0.0,25,68.0,0.0,44,0.0,0.0,24,0.0,0.0,40,0.0,25.0,23,0.0,21.73913043478261,34.0,1,0.0,5.0,5.0,1,5,3
20251020TMG10,2025-10-20,1C上,1.8,3.0,2.7,46,67.3913043478261,0.0,25,72.0,0.0,29,0.0,0.0,15,0.0,0.0,44,0.0,11.363636363636363,22,0.0,9.090909090909092,39.0,1,0.0,5.0,5.0,1,5,2
20251020TMG12,2025-10-20,1C上,2.6,3.4,2.9,61,73.77049180327869,0.0,27,81.48148148148148,0.0,40,0.0,0.0,16,0.0,0.0,37,0.0,16.216216216216218,16,0.0,18.75,30.0,1,0.0,5.0,5.0,1,4,2
20251021TMG01,2025-10-21,1C上,3.6,4.4,1.8,34,41.1764705882353,0.0,17,29.41176470588235,0.0,26,0.0,0.0,17,0.0,0.0,41,0.0,24.390243902439025,24,0.0,20.833333333333332,16.0,6,17.0,1.0,1.0,5,3,1
20251021TMG02,2025-10-21,1C上,3.5,3.7,2.7,39,41.02564102564103,0.0,17,35.294117647058826,0.0,26,0.0,0.0,15,0.0,0.0,32,0.0,15.625,19,0.0,10.526315789473685,31.0,2,5.0,4.0,5.0,4,1,6
20251021TMG03,2025-10-21,1C下,3.9,2.9,2.9,31,41.935483870967744,0.0,19,42.10526315789474,0.0,59,0.0,20.338983050847457,31,0.0,22.580645161290324,36,0.0,2.7777777777777777,19,0.0,5.2631578947368425,34.0,1,0.0,4.0,5.0,2,5,1
20251021TMG05,2025-10-21,1C下,3.2,2.7,3.0,18,16.666666666666668,0.0,8,12.5,0.0,43,0.0,6.976744186046512,25,0.0,12.0,44,0.0,11.363636363636363,18,0.0,5.555555555555555,32.0,2,2.0,5.0,3.0,3,4,2
20251021TMG06,2025-10-21,1C上,3.0,3.2,3.1,56,73.21428571428571,0.0,26,61.53846153846154,0.0,37,0.0,2.7027027027027026,18,0.0,5.555555555555555,25,0.0,0.0,10,0.0,0.0,38.0,1,0.0,5.0,5.0,1,2,3
20251021TMG07,2025-10-21,同じ,3.2,3.2,2.9,36,36.111111111111114,0.0,20,30.0,0.0,46,0.0,8.695652173913043,22,0.0,13.636363636363637,36,0.0,5.555555555555555,17,0.0,0.0,28.0,4,4.0,2.0,5.0,2,4,1
20251021TMG08,2025-10-21,1C下,3.6,3.2,2.1,41,60.97560975609756,0.0,23,65.21739130434783,0.0,48,0.0,16.666666666666668,24,0.0,16.666666666666668,41,0.0,7.317073170731708,17,0.0,0.0,32.0,1,0.0,5.0,4.0,1,2,3
20251021TMG10,2025-10-21,1C上,1.7,2.8,3.3,40,70.0,0.0,19,68.42105263157895,0.0,23,0.0,0.0,12,0.0,0.0,35,0.0,11.428571428571429,22,0.0,13.636363636363637,30.0,2,7.0,5.0,5.0,1,2,6
20251021TMG11,2025-10-21,1C上,2.3,4.2,2.2,58,70.6896551724138,0.0,33,63.63636363636363,0.0,84,0.0,5.9523809523809526,45,0.0,6.666666666666667,32,0.0,12.5,18,0.0,16.666666666666668,29.0,2,1.0,5.0,1.0,1,2,3
20251021TMG12,2025-10-21,1C下,2.7,2.3,3.0,58,75.86206896551724,0.0,29,68.96551724137932,0.0,41,0.0,4.878048780487805,20,0.0,5.0,35,0.0,2.857142857142857,15,0.0,0.0,38.0,1,0.0,5.0,5.0,1,2,4
20251022TMG01,2025-10-22,1C下,3.6,3.5,2.6,31,12.903225806451612,0.0,20,10.0,0.0,55,0.0,0.0,28,0.0,0.0,40,0.0,0.0,21,0.0,0.0,32.0,1,0.0,5.0,5.0,1,6,2
20251022TMG02,2025-10-22,1C下,3.3,3.0,2.1,24,25.0,0.0,12,8.333333333333334,0.0,24,0.0,4.166666666666667,15,0.0,0.0,41,0.0,7.317073170731708,18,0.0,0.0,34.0,1,0.0,5.0,3.0,5,6,4
20251022TMG03,2025-10-22,1C上,1.7,2.1,4.0,26,26.923076923076923,0.0,14,28.571428571428573,0.0,35,0.0,2.857142857142857,18,0.0,5.555555555555555,61,0.0,13.114754098360656,32,0.0,6.25,27.0,2,2.0,5.0,1.0,3,2,4
20251022TMG04,2025-10-22,1C上,2.6,4.7,3.8,42,52.38095238095238,0.0,20,65.0,0.0,37,0.0,2.7027027027027026,20,0.0,0.0,43,0.0,2.3255813953488373,20,0.0,0.0,32.0,3,6.0,5.0,4.0,1,5,6
20251022TMG05,2025-10-22,1C上,2.4,3.0,3.5,53,58.490566037735846,0.0,26,53.84615384615385,0.0,30,0.0,0.0,16,0.0,0.0,35,0.0,0.0,19,0.0,0.0,26.0,5,6.0,3.0,2.0,4,6,5
20251022TMG06,2025-10-22,1C上,2.4,4.4,3.2,56,62.5,0.0,26,65.38461538461539,0.0,39,0.0,0.0,19,0.0,0.0,37,0.0,16.216216216216218,25,0.0,12.0,30.0,1,0.0,4.0,5.0,1,5,4
20251022TMG07,2025-10-22,1C下,3.5,3.4,3.5,40,40.0,0.0,18,33.333333333333336,0.0,38,0.0,10.526315789473685,17,0.0,11.764705882352942,36,0.0,5.555555555555555,15,0.0,6.666666666666667,30.0,2,6.0,3.0,5.0,1,2,6
20251022TMG08,2025-10-22,1C上,3.2,4.1,2.1,37,35.13513513513514,0.0,21,28.571428571428573,0.0,44,0.0,0.0,25,0.0,0.0,44,0.0,29.545454545454547,21,0.0,14.285714285714286,25.0,3,6.0,3.0,5.0,1,4,3
20251022TMG09,2025-10-22,1C上,3.5,4.4,3.7,45,44.44444444444444,0.0,21,33.333333333333336,0.0,27,0.0,0.0,18,0.0,0.0,27,0.0,7.407407407407407,14,0.0,7.142857142857143,38.0,1,0.0,5.0,5.0,1,5,2
20251022TMG10,2025-10-22,1C下,3.4,2.0,3.5,53,58.490566037735846,0.0,26,57.69230769230769,0.0,39,0.0,5.128205128205129,18,0.0,11.11111111111111,73,0.0,6.8493150684931505,40,0.0,2.5,34.0,1,0.0,4.0,5.0,1,4,3
20251022TMG11,2025-10-22,1C上,2.6,2.9,3.3,62,74.19354838709677,0.0,28,82.14285714285714,0.0,60,0.0,20.0,32,0.0,21.875,36,0.0,11.11111111111111,23,0.0,13.043478260869565,30.0,1,0.0,5.0,5.0,4,5,3
20251022TMG12,2025-10-22,1C上,2.7,3.6,3.1,59,76.27118644067797,0.0,30,70.0,0.0,41,0.0,17.073170731707318,25,0.0,12.0,26,0.0,0.0,11,0.0,0.0,32.0,2,4.0,5.0,5.0,2,3,4
20251023TMG01,2025-10-23,1C上,2.5,3.5,3.4,31,22.580645161290324,0.0,17,29.41176470588235,0.0,36,0.0,2.7777777777777777,22,0.0,4.545454545454546,33,0.0,0.0,15,0.0,0.0,34.0,1,0.0,5.0,5.0,1,6,3
20251023TMG02,2025-10-23,1C上,4.3,4.7,3.7,26,3.8461538461538463,0.0,13,7.6923076923076925,0.0,37,0.0,2.7027027027027026,21,0.0,0.0,28,0.0,7.142857142857143,15,0.0,6.666666666666667,29.0,2,4.0,5.0,5.0,4,5,6
20251023TMG03,2025-10-23,1C下,3.3,3.2,2.6,21,42.857142857142854,0.0,10,40.0,0.0,38,0.0,2.6315789473684212,19,0.0,5.2631578947368425,41,0.0,0.0,22,0.0,0.0,38.0,1,0.0,5.0,5.0,1,3,2
20251023TMG05,2025-10-23,1C下,3.6,3.0,2.7,42,61.904761904761905,0.0,24,66.66666666666667,0.0,25,0.0,4.0,16,0.0,0.0,43,0.0,20.930232558139537,23,0.0,26.08695652173913,30.0,3,6.0,5.0,5.0,2,4,3
20251023TMG06,2025-10-23,1C上,2.9,3.3,3.2,24,20.833333333333332,0.0,14,21.428571428571427,0.0,39,0.0,2.5641025641025643,24,0.0,0.0,46,0.0,10.869565217391305,23,0.0,17.391304347826086,30.0,3,2.0,4.0,5.0,4,2,3
20251023TMG07,2025-10-23,1C上,2.5,4.1,2.5,35,37.142857142857146,0.0,19,26.31578947368421,0.0,38,0.0,0.0,23,0.0,0.0,43,0.0,18.6046511627907,25,0.0,16.0,33.0,3,1.0,5.0,4.0,3,1,6
20251023TMG08,2025-10-23,1C上,1.5,3.8,3.7,53,52.83018867924528,0.0,26,42.30769230769231,0.0,37,0.0,0.0,21,0.0,0.0,39,0.0,2.5641025641025643,18,0.0,5.555555555555555,26.0,3,8.0,2.0,5.0,1,3,4
20251023TMG09,2025-10-23,1C下,3.5,2.8,3.2,46,45.65217391304348,0.0,22,36.36363636363637,0.0,41,0.0,4.878048780487805,17,0.0,5.882352941176471,33,0.0,6.0606060606060606,18,0.0,5.555555555555555,38.0,1,0.0,5.0,5.0,6,1,2
20251023TMG10,2025-10-23,1C下,3.6,3.2,2.8,34,29.41176470588235,0.0,14,28.571428571428573,0.0,47,0.0,17.02127659574468,25,0.0,16.0,42,0.0,9.523809523809524,19,0.0,15.789473684210526,28.0,1,0.0,4.0,3.0,2,3,1
20251023TMG11,2025-10-23,同じ,2.7,2.7,2.3,40,62.5,0.0,21,61.904761904761905,0.0,43,0.0,6.976744186046512,26,0.0,11.538461538461538,28,0.0,21.428571428571427,12,0.0,25.0,28.0,2,5.0,5.0,5.0,4,2,6
20251023TMG12,2025-10-23,1C上,3.4,3.6,4.0,54,59.25925925925926,0.0,27,59.25925925925926,0.0,42,0.0,19.047619047619047,26,0.0,15.384615384615385,62,0.0,14.516129032258064,33,0.0,9.090909090909092,25.0,4,11.0,4.0,1.0,1,4,5
20251029TMG01,2025-10-29,1C上,3.1,4.1,3.6,21,47.61904761904762,0.0,11,45.45454545454545,0.0,30,0.0,0.0,18,0.0,0.0,36,0.0,11.11111111111111,17,0.0,11.764705882352942,35.0,1,0.0,5.0,4.0,1,4,3
20251029TMG02,2025-10-29,1C下,4.1,2.9,3.4,33,30.303030303030305,0.0,15,20.0,0.0,34,0.0,2.9411764705882355,13,0.0,7.6923076923076925,40,0.0,15.0,19,0.0,21.05263157894737,30.0,2,6.0,5.0,5.0,3,1,4
20251029TMG03,2025-10-29,1C下,2.8,2.3,2.2,21,47.61904761904762,0.0,10,50.0,0.0,43,0.0,0.0,22,0.0,0.0,36,0.0,16.666666666666668,21,0.0,23.80952380952381,32.0,2,2.0,3.0,5.0,5,1,2
20251029TMG04,2025-10-29,1C上,2.3,2.5,2.5,19,36.8421052631579,0.0,10,30.0,0.0,48,0.0,4.166666666666667,25,0.0,4.0,37,0.0,13.513513513513514,23,0.0,13.043478260869565,19.0,6,17.0,2.0,1.0,3,5,1
20251029TMG05,2025-10-29,1C下,3.0,0.0,3.3,18,38.888888888888886,0.0,12,50.0,0.0,10,0.0,10.0,10,0.0,10.0,40,0.0,0.0,21,0.0,0.0,28.0,2,2.0,5.0,2.0,1,3,4
20251029TMG06,2025-10-29,1C上,3.0,3.6,2.5,10,20.0,0.0,6,16.666666666666668,0.0,25,0.0,4.0,17,0.0,5.882352941176471,35,0.0,17.142857142857142,20,0.0,5.0,22.0,6,7.0,4.0,2.0,1,3,2
20251029TMG07,2025-10-29,1C上,1.6,4.1,3.3,38,55.26315789473684,0.0,18,38.888888888888886,0.0,35,0.0,0.0,21,0.0,0.0,32,0.0,6.25,15,0.0,0.0,28.0,2,3.0,5.0,1.0,3,6,4
20251029TMG08,2025-10-29,1C下,2.0,0.0,2.3,52,53.84615384615385,0.0,28,50.0,0.0,15,0.0,0.0,15,0.0,0.0,35,0.0,8.571428571428571,17,0.0,5.882352941176471,38.0,1,0.0,5.0,4.0,3,4,2
20251029TMG09,2025-10-29,1C上,2.6,4.4,3.9,40,52.5,0.0,22,31.818181818181817,0.0,40,0.0,0.0,18,0.0,0.0,34,0.0,0.0,20,0.0,0.0,34.0,1,0.0,5.0,4.0,1,4,2
20251029TMG10,2025-10-29,1C上,3.0,3.9,2.9,49,81.63265306122449,0.0,26,88.46153846153847,0.0,32,0.0,3.125,16,0.0,0.0,31,0.0,3.225806451612903,14,0.0,0.0,32.0,1,0.0,4.0,2.0,1,2,3
20251029TMG12,2025-10-29,1C下,3.1,2.8,2.1,61,67.21311475409836,0.0,34,70.58823529411765,0.0,36,0.0,25.0,20,0.0,30.0,41,0.0,12.195121951219512,21,0.0,4.761904761904762,28.0,3,6.0,4.0,1.0,2,1,4
20251030TMG01,2025-10-30,1C下,4.0,3.3,2.3,18,44.44444444444444,0.0,10,60.0,0.0,34,0.0,0.0,14,0.0,0.0,21,0.0,0.0,11,0.0,0.0,36.0,1,0.0,5.0,3.0,2,5,4
20251030TMG02,2025-10-30,1C下,4.0,3.0,2.9,34,17.647058823529413,0.0,17,23.529411764705884,0.0,35,0.0,0.0,23,0.0,0.0,33,0.0,15.151515151515152,18,0.0,22.22222222222222,38.0,1,0.0,5.0,5.0,1,3,6
20251030TMG03,2025-10-30,1C下,2.6,2.5,3.2,26,34.61538461538461,0.0,12,16.666666666666668,0.0,46,0.0,8.695652173913043,22,0.0,0.0,25,0.0,16.0,13,0.0,23.076923076923077,32.0,1,0.0,4.0,4.0,2,5,3
20251030TMG04,2025-10-30,1C上,3.5,3.6,0.0,23,43.47826086956522,0.0,12,50.0,0.0,32,0.0,6.25,20,0.0,5.0,0,0.0,0.0,0,0.0,0.0,32.0,2,4.0,4.0,5.0,1,2,4
20251030TMG05,2025-10-30,1C上,2.1,3.7,0.0,25,36.0,0.0,12,25.0,0.0,38,0.0,2.6315789473684212,16,0.0,6.25,13,0.0,7.6923076923076925,13,0.0,7.6923076923076925,30.0,2,4.0,5.0,1.0,2,1,5
20251030TMG06,2025-10-30,1C下,3.3,2.9,3.4,29,65.51724137931035,0.0,14,71.42857142857143,0.0,36,0.0,8.333333333333334,18,0.0,11.11111111111111,24,0.0,0.0,15,0.0,0.0,24.0,4,8.0,4.0,3.0,2,1,4
20251030TMG07,2025-10-30,1C上,1.8,3.1,2.5,42,59.523809523809526,0.0,23,69.56521739130434,0.0,37,0.0,0.0,19,0.0,0.0,32,0.0,6.25,13,0.0,7.6923076923076925,25.0,3,7.0,5.0,1.0,1,4,2
20251030TMG08,2025-10-30,1C上,2.3,3.6,0.0,53,67.9245283018868,0.0,33,69.6969696969697,0.0,44,0.0,4.545454545454546,19,0.0,0.0,16,0.0,6.25,16,0.0,6.25,40.0,1,0.0,5.0,5.0,1,5,4
20251030TMG09,2025-10-30,1C上,2.2,3.6,3.6,53,64.15094339622641,0.0,27,74.07407407407408,0.0,33,0.0,9.090909090909092,14,0.0,14.285714285714286,38,0.0,2.6315789473684212,19,0.0,0.0,40.0,1,0.0,5.0,5.0,1,4,3
20251030TMG10,2025-10-30,1C上,1.3,3.6,4.5,33,54.54545454545455,0.0,19,47.36842105263158,0.0,39,0.0,7.6923076923076925,21,0.0,4.761904761904762,29,0.0,0.0,19,0.0,0.0,33.0,1,0.0,4.0,4.0,4,2,1
20251030TMG11,2025-10-30,1C上,2.1,3.4,3.4,62,64.51612903225806,0.0,28,53.57142857142857,0.0,17,0.0,0.0,9,0.0,0.0,45,0.0,4.444444444444445,23,0.0,8.695652173913043,37.0,1,0.0,5.0,5.0,1,3,5
20251030TMG12,2025-10-30,1C上,2.7,4.0,3.3,60,65.0,0.0,31,64.51612903225806,0.0,25,0.0,4.0,13,0.0,7.6923076923076925,40,0.0,5.0,22,0.0,0.0,40.0,1,0.0,5.0,5.0,1,5,4
20251031TMG01,2025-10-31,1C上,3.0,3.9,2.8,20,20.0,0.0,12,16.666666666666668,0.0,33,0.0,3.0303030303030303,17,0.0,0.0,45,0.0,22.22222222222222,18,0.0,22.22222222222222,32.0,1,0.0,4.0,5.0,3,4,2
20251031TMG02,2025-10-31,1C上,0.0,3.2,4.2,9,33.333333333333336,0.0,9,33.333333333333336,0.0,37,0.0,2.7027027027027026,14,0.0,0.0,38,0.0,13.157894736842104,21,0.0,14.285714285714286,32.0,1,0.0,5.0,5.0,1,2,3
20251031TMG03,2025-10-31,1C上,2.6,3.1,3.8,50,66.0,0.0,20,50.0,0.0,37,0.0,16.216216216216218,20,0.0,15.0,30,0.0,0.0,14,0.0,0.0,24.0,4,8.0,1.0,5.0,1,5,2
20251031TMG04,2025-10-31,1C上,2.1,3.6,2.5,20,40.0,0.0,5,20.0,0.0,32,0.0,6.25,21,0.0,4.761904761904762,32,0.0,18.75,19,0.0,15.789473684210526,25.0,3,8.0,3.0,2.0,1,2,5
20251031TMG06,2025-10-31,1C下,3.4,2.3,3.0,42,59.523809523809526,0.0,19,52.63157894736842,0.0,44,0.0,0.0,23,0.0,0.0,25,0.0,12.0,10,0.0,10.0,33.0,2,3.0,5.0,5.0,6,1,5
20251031TMG07,2025-10-31,1C下,3.6,2.7,4.2,23,30.434782608695652,0.0,10,40.0,0.0,22,0.0,9.090909090909092,8,0.0,0.0,32,0.0,9.375,18,0.0,11.11111111111111,40.0,1,0.0,5.0,5.0,4,3,2
20251031TMG08,2025-10-31,1C上,2.6,2.8,2.8,41,68.29268292682927,0.0,19,68.42105263157895,0.0,31,0.0,0.0,15,0.0,0.0,30,0.0,26.666666666666668,16,0.0,25.0,36.0,1,0.0,5.0,5.0,1,4,3
20251031TMG09,2025-10-31,1C上,2.2,4.3,2.9,53,66.0377358490566,0.0,28,75.0,0.0,33,0.0,3.0303030303030303,20,0.0,0.0,36,0.0,5.555555555555555,18,0.0,5.555555555555555,36.0,1,0.0,5.0,5.0,1,5,3
20251031TMG10,2025-10-31,1C上,2.5,4.0,2.8,8,0.0,0.0,5,0.0,0.0,24,0.0,0.0,10,0.0,0.0,45,0.0,4.444444444444445,25,0.0,4.0,29.0,2,1.0,2.0,5.0,5,3,6
20251031TMG11,2025-10-31,1C上,2.6,3.3,2.4,47,59.57446808510638,0.0,22,63.63636363636363,0.0,41,0.0,0.0,22,0.0,0.0,53,0.0,11.320754716981131,26,0.0,3.8461538461538463,38.0,1,0.0,5.0,5.0,1,4,3
20251031TMG12,2025-10-31,1C上,2.3,4.0,4.0,54,68.51851851851852,0.0,34,70.58823529411765,0.0,25,0.0,12.0,12,0.0,16.666666666666668,19,0.0,0.0,13,0.0,0.0,36.0,1,0.0,5.0,5.0,1,2,4
20251101TMG01,2025-11-01,1C上,2.3,3.1,2.3,42,66.66666666666667,0.0,24,62.5,0.0,28,0.0,10.714285714285714,15,0.0,6.666666666666667,44,0.0,9.090909090909092,22,0.0,9.090909090909092,27.0,2,1.0,4.0,5.0,1,5,2
20251101TMG02,2025-11-01,1C上,3.3,3.4,3.2,16,31.25,0.0,7,28.571428571428573,0.0,38,0.0,2.6315789473684212,15,0.0,0.0,40,0.0,17.5,19,0.0,26.31578947368421,33.0,1,0.0,5.0,5.0,4,3,5
20251101TMG03,2025-11-01,1C上,2.5,4.1,3.2,54,72.22222222222223,0.0,27,66.66666666666667,0.0,25,0.0,12.0,13,0.0,15.384615384615385,29,0.0,17.24137931034483,17,0.0,23.529411764705884,26.0,4,7.0,2.0,5.0,5,4,1
20251101TMG04,2025-11-01,1C上,2.8,3.3,3.3,43,60.46511627906977,0.0,24,70.83333333333333,0.0,48,0.0,4.166666666666667,25,0.0,4.0,35,0.0,0.0,21,0.0,0.0,29.0,1,0.0,3.0,5.0,2,4,3
20251101TMG05,2025-11-01,1C上,3.3,4.3,3.9,16,18.75,0.0,13,23.076923076923077,0.0,34,0.0,2.9411764705882355,21,0.0,0.0,38,0.0,2.6315789473684212,16,0.0,0.0,29.0,2,1.0,5.0,5.0,2,1,4
20251101TMG06,2025-11-01,1C下,2.7,1.7,2.4,9,11.11111111111111,0.0,9,11.11111111111111,0.0,27,0.0,0.0,14,0.0,0.0,36,0.0,16.666666666666668,21,0.0,4.761904761904762,32.0,2,1.0,5.0,5.0,3,5,2
20251101TMG08,2025-11-01,1C上,2.5,3.0,3.5,60,65.0,0.0,32,65.625,0.0,13,0.0,0.0,9,0.0,0.0,25,0.0,12.0,11,0.0,0.0,35.0,1,0.0,5.0,5.0,1,3,5
20251101TMG09,2025-11-01,1C上,2.6,3.6,2.6,62,66.12903225806451,0.0,29,55.172413793103445,0.0,33,0.0,3.0303030303030303,15,0.0,0.0,34,0.0,14.705882352941176,19,0.0,21.05263157894737,30.0,2,2.0,2.0,5.0,1,3,2
20251101TMG10,2025-11-01,1C下,3.0,2.2,2.7,51,66.66666666666667,0.0,21,52.38095238095238,0.0,38,0.0,10.526315789473685,19,0.0,21.05263157894737,26,0.0,15.384615384615385,15,0.0,20.0,31.0,2,3.0,3.0,5.0,3,1,5
20251101TMG11,2025-11-01,1C上,2.2,3.7,2.8,40,55.0,0.0,22,36.36363636363637,0.0,38,0.0,0.0,21,0.0,0.0,33,0.0,18.181818181818183,20,0.0,15.0,31.0,1,0.0,5.0,5.0,1,3,6
20251101TMG12,2025-11-01,1C上,3.3,3.6,3.3,62,66.12903225806451,0.0,35,68.57142857142857,0.0,38,0.0,15.789473684210526,20,0.0,15.0,46,0.0,4.3478260869565215,26,0.0,3.8461538461538463,28.0,1,0.0,5.0,5.0,4,6,1
20251102TMG01,2025-11-02,1C下,2.7,1.7,4.2,30,63.333333333333336,0.0,15,66.66666666666667,0.0,28,0.0,0.0,15,0.0,0.0,30,0.0,0.0,19,0.0,0.0,30.0,1,0.0,5.0,5.0,1,4,5
20251102TMG02,2025-11-02,1C下,4.1,3.4,5.0,24,29.166666666666668,0.0,11,36.36363636363637,0.0,38,0.0,2.6315789473684212,17,0.0,5.882352941176471,1,0.0,0.0,1,0.0,0.0,30.0,3,4.0,5.0,5.0,6,1,4
20251102TMG03,2025-11-02,1C上,2.7,4.7,2.8,33,51.515151515151516,0.0,20,45.0,0.0,25,0.0,0.0,11,0.0,0.0,20,0.0,0.0,14,0.0,0.0,28.0,3,1.0,3.0,5.0,2,1,5
20251102TMG04,2025-11-02,1C下,3.2,3.1,3.3,26,34.61538461538461,0.0,13,23.076923076923077,0.0,18,0.0,0.0,10,0.0,0.0,36,0.0,0.0,22,0.0,0.0,36.0,1,0.0,5.0,4.0,1,5,3
20251102TMG05,2025-11-02,1C上,2.7,3.5,2.3,42,69.04761904761905,0.0,20,70.0,0.0,40,0.0,7.5,22,0.0,4.545454545454546,45,0.0,8.88888888888889,23,0.0,8.695652173913043,36.0,1,0.0,5.0,5.0,2,1,3
20251102TMG06,2025-11-02,同じ,3.2,3.2,3.0,47,59.57446808510638,0.0,22,68.18181818181819,0.0,38,0.0,0.0,20,0.0,0.0,41,0.0,0.0,22,0.0,0.0,33.0,1,0.0,5.0,4.0,1,3,2
20251102TMG07,2025-11-02,1C下,3.5,2.2,2.8,27,33.333333333333336,0.0,13,15.384615384615385,0.0,39,0.0,10.256410256410257,19,0.0,15.789473684210526,35,0.0,17.142857142857142,22,0.0,22.727272727272727,34.0,1,0.0,5.0,5.0,4,5,3
20251102TMG08,2025-11-02,1C下,4.7,4.2,3.9,21,42.857142857142854,0.0,6,33.333333333333336,0.0,42,0.0,0.0,23,0.0,0.0,39,0.0,2.5641025641025643,16,0.0,0.0,36.0,1,0.0,5.0,5.0,1,4,5
20251102TMG09,2025-11-02,1C下,4.1,3.8,2.5,37,37.83783783783784,0.0,27,29.62962962962963,0.0,11,0.0,9.090909090909092,11,0.0,9.090909090909092,32,0.0,9.375,16,0.0,6.25,30.0,2,2.0,4.0,4.0,1,4,5
20251102TMG10,2025-11-02,1C下,3.5,3.0,4.0,43,58.13953488372093,0.0,20,50.0,0.0,14,0.0,0.0,10,0.0,0.0,17,0.0,5.882352941176471,17,0.0,5.882352941176471,38.0,1,0.0,5.0,5.0,5,4,6
20251102TMG11,2025-11-02,1C上,2.5,3.9,4.0,54,66.66666666666667,0.0,29,75.86206896551724,0.0,35,0.0,2.857142857142857,23,0.0,4.3478260869565215,47,0.0,4.25531914893617,25,0.0,8.0,32.0,1,0.0,5.0,5.0,2,4,6
20251102TMG12,2025-11-02,同じ,2.5,2.5,2.4,61,65.57377049180327,0.0,33,66.66666666666667,0.0,47,0.0,10.638297872340425,22,0.0,4.545454545454546,37,0.0,16.216216216216218,21,0.0,4.761904761904762,32.0,1,0.0,5.0,2.0,1,2,3
20251103TMG01,2025-11-03,1C上,2.2,3.5,3.2,48,83.33333333333333,0.0,26,88.46153846153847,0.0,41,0.0,7.317073170731708,23,0.0,4.3478260869565215,25,0.0,0.0,16,0.0,0.0,36.0,1,0.0,5.0,5.0,1,3,2
20251103TMG02,2025-11-03,1C上,2.3,4.0,3.4,39,53.84615384615385,0.0,19,36.8421052631579,0.0,1,0.0,0.0,1,0.0,0.0,38,0.0,13.157894736842104,22,0.0,13.636363636363637,28.0,2,2.0,4.0,2.0,5,6,2
20251103TMG03,2025-11-03,1C上,2.2,3.1,3.4,22,50.0,0.0,12,50.0,0.0,29,0.0,10.344827586206897,16,0.0,6.25,41,0.0,4.878048780487805,23,0.0,0.0,32.0,1,0.0,5.0,5.0,1,4,3
20251103TMG04,2025-11-03,1C上,3.4,4.1,2.7,34,20.58823529411765,0.0,18,27.77777777777778,0.0,34,0.0,2.9411764705882355,14,0.0,7.142857142857143,37,0.0,16.216216216216218,22,0.0,18.181818181818183,29.0,4,5.0,5.0,1.0,2,1,5
20251103TMG05,2025-11-03,1C下,2.7,2.2,0.0,19,42.10526315789474,0.0,11,54.54545454545455,0.0,40,0.0,10.0,20,0.0,15.0,0,0.0,0.0,0,0.0,0.0,30.0,2,5.0,5.0,5.0,2,1,3
20251103TMG06,2025-11-03,1C上,3.3,3.6,2.7,17,29.41176470588235,0.0,8,25.0,0.0,34,0.0,2.9411764705882355,16,0.0,0.0,42,0.0,11.904761904761905,21,0.0,4.761904761904762,36.0,1,0.0,5.0,5.0,3,4,1
20251103TMG07,2025-11-03,1C上,2.4,3.6,3.4,52,53.84615384615385,0.0,28,46.42857142857143,0.0,32,0.0,0.0,16,0.0,0.0,26,0.0,11.538461538461538,11,0.0,9.090909090909092,32.0,2,1.0,5.0,5.0,4,1,2
20251103TMG08,2025-11-03,1C下,3.8,2.5,4.0,27,29.62962962962963,0.0,12,33.333333333333336,0.0,36,0.0,0.0,24,0.0,0.0,39,0.0,2.5641025641025643,20,0.0,0.0,31.0,1,0.0,5.0,5.0,1,3,5
20251103TMG09,2025-11-03,1C上,2.5,4.3,2.5,55,70.9090909090909,0.0,28,64.28571428571429,0.0,30,0.0,0.0,19,0.0,0.0,37,0.0,5.405405405405405,19,0.0,5.2631578947368425,18.0,6,16.0,1.0,1.0,3,1,4
20251103TMG10,2025-11-03,1C下,3.9,2.6,2.6,34,29.41176470588235,0.0,15,20.0,0.0,33,0.0,6.0606060606060606,21,0.0,4.761904761904762,35,0.0,14.285714285714286,20,0.0,20.0,24.0,4,11.0,2.0,5.0,2,3,1
20251103TMG11,2025-11-03,1C上,2.7,3.1,2.8,43,67.44186046511628,0.0,21,66.66666666666667,0.0,29,0.0,10.344827586206897,16,0.0,6.25,36,0.0,16.666666666666668,23,0.0,21.73913043478261,26.0,2,3.0,4.0,1.0,1,3,5
20251103TMG12,2025-11-03,1C上,2.5,3.9,2.8,61,67.21311475409836,0.0,34,67.6470588235294,0.0,36,0.0,2.7777777777777777,24,0.0,4.166666666666667,35,0.0,11.428571428571429,17,0.0,11.764705882352942,36.0,1,0.0,5.0,4.0,3,1,5
20251109TMG01,2025-11-09,1C上,3.7,4.1,3.9,24,20.833333333333332,0.0,13,7.6923076923076925,0.0,33,0.0,0.0,15,0.0,0.0,34,0.0,2.9411764705882355,12,0.0,0.0,34.0,1,0.0,5.0,5.0,1,4,3
20251109TMG02,2025-11-09,1C上,2.6,3.3,3.6,32,37.5,0.0,16,43.75,0.0,39,0.0,2.5641025641025643,20,0.0,5.0,51,0.0,15.686274509803921,26,0.0,15.384615384615385,28.0,4,5.0,4.0,5.0,1,5,4
20251109TMG03,2025-11-09,1C上,3.3,5.1,3.6,38,31.57894736842105,0.0,15,33.333333333333336,0.0,38,0.0,5.2631578947368425,15,0.0,6.666666666666667,38,0.0,5.2631578947368425,19,0.0,5.2631578947368425,31.0,1,0.0,5.0,5.0,1,5,2
20251109TMG05,2025-11-09,1C上,3.2,3.9,2.9,22,54.54545454545455,0.0,10,60.0,0.0,46,0.0,4.3478260869565215,20,0.0,0.0,32,0.0,15.625,16,0.0,12.5,28.0,2,3.0,4.0,5.0,3,4,2
20251109TMG06,2025-11-09,1C下,3.2,3.0,3.5,55,67.27272727272727,0.0,23,82.6086956521739,0.0,36,0.0,0.0,22,0.0,0.0,39,0.0,12.820512820512821,22,0.0,13.636363636363637,35.0,1,0.0,5.0,5.0,1,4,3
20251109TMG07,2025-11-09,1C下,3.1,3.0,3.0,70,61.42857142857143,0.0,34,58.8235294117647,0.0,43,0.0,2.3255813953488373,19,0.0,0.0,37,0.0,8.108108108108109,17,0.0,5.882352941176471,39.0,1,0.0,5.0,5.0,2,1,3
20251109TMG08,2025-11-09,1C下,2.7,2.6,3.6,34,67.6470588235294,0.0,23,73.91304347826087,0.0,44,0.0,4.545454545454546,19,0.0,10.526315789473685,24,0.0,0.0,6,0.0,0.0,29.0,2,6.0,5.0,5.0,2,1,6
20251109TMG09,2025-11-09,1C上,3.2,4.5,2.8,54,51.851851851851855,0.0,26,50.0,0.0,48,0.0,2.0833333333333335,23,0.0,0.0,58,0.0,8.620689655172415,29,0.0,10.344827586206897,32.0,1,0.0,5.0,5.0,4,5,2
20251109TMG10,2025-11-09,1C下,3.3,2.8,4.1,43,51.16279069767442,0.0,21,38.095238095238095,0.0,47,0.0,0.0,24,0.0,0.0,30,0.0,0.0,13,0.0,0.0,32.0,1,0.0,5.0,5.0,1,4,2
20251109TMG11,2025-11-09,1C上,2.9,3.8,3.3,60,75.0,0.0,23,78.26086956521739,0.0,33,0.0,18.181818181818183,17,0.0,5.882352941176471,34,0.0,2.9411764705882355,19,0.0,0.0,38.0,1,0.0,5.0,5.0,1,2,5
20251109TMG12,2025-11-09,1C上,2.1,3.5,2.5,55,80.0,0.0,36,80.55555555555556,0.0,41,0.0,7.317073170731708,23,0.0,8.695652173913043,49,0.0,12.244897959183673,21,0.0,4.761904761904762,27.0,4,4.0,4.0,5.0,1,3,4
20251110TMG01,2025-11-10,1C下,3.7,3.2,3.9,24,20.833333333333332,0.0,14,28.571428571428573,0.0,31,0.0,3.225806451612903,19,0.0,0.0,35,0.0,17.142857142857142,22,0.0,22.727272727272727,34.0,2,4.0,5.0,5.0,1,3,4
20251110TMG02,2025-11-10,1C下,3.8,3.3,3.0,31,16.129032258064516,0.0,15,20.0,0.0,48,0.0,4.166666666666667,24,0.0,8.333333333333334,37,0.0,10.81081081081081,18,0.0,11.11111111111111,23.0,4,11.0,3.0,4.0,5,4,6
20251110TMG03,2025-11-10,1C下,2.9,2.7,3.5,21,33.333333333333336,0.0,13,38.46153846153846,0.0,33,0.0,0.0,12,0.0,0.0,41,0.0,2.4390243902439024,20,0.0,5.0,34.0,1,0.0,4.0,5.0,6,1,5
20251110TMG04,2025-11-10,1C上,2.1,3.1,3.8,23,47.82608695652174,0.0,13,38.46153846153846,0.0,47,0.0,12.76595744680851,23,0.0,26.08695652173913,24,0.0,12.5,15,0.0,13.333333333333334,29.0,1,0.0,5.0,5.0,5,2,1
20251110TMG05,2025-11-10,1C上,2.4,3.5,2.6,23,56.52173913043478,0.0,12,58.333333333333336,0.0,29,0.0,3.4482758620689653,12,0.0,8.333333333333334,41,0.0,7.317073170731708,16,0.0,6.25,33.0,1,0.0,5.0,4.0,1,4,2
20251110TMG06,2025-11-10,1C上,1.9,3.8,2.0,44,63.63636363636363,0.0,19,63.1578947368421,0.0,34,0.0,0.0,15,0.0,0.0,40,0.0,22.5,19,0.0,21.05263157894737,37.0,1,0.0,5.0,5.0,3,1,5
20251110TMG07,2025-11-10,1C上,1.9,4.0,3.7,62,74.19354838709677,0.0,29,72.41379310344827,0.0,29,0.0,0.0,10,0.0,0.0,38,0.0,10.526315789473685,21,0.0,0.0,32.0,2,4.0,5.0,5.0,1,5,3
20251110TMG08,2025-11-10,1C上,3.8,5.4,2.4,51,50.98039215686274,0.0,25,64.0,0.0,27,0.0,0.0,13,0.0,0.0,45,0.0,17.77777777777778,21,0.0,9.523809523809524,26.0,3,5.0,3.0,5.0,1,3,2
20251110TMG09,2025-11-10,1C上,3.0,4.7,3.5,49,67.34693877551021,0.0,23,56.52173913043478,0.0,24,0.0,0.0,12,0.0,0.0,40,0.0,12.5,23,0.0,13.043478260869565,28.0,2,7.0,3.0,5.0,1,3,2
20251110TMG10,2025-11-10,1C上,3.7,3.9,3.7,41,36.58536585365854,0.0,24,37.5,0.0,44,0.0,4.545454545454546,22,0.0,0.0,25,0.0,28.0,11,0.0,36.36363636363637,29.0,2,1.0,4.0,5.0,2,1,3
20251110TMG11,2025-11-10,1C上,2.6,4.0,2.8,57,63.1578947368421,0.0,26,65.38461538461539,0.0,24,0.0,0.0,15,0.0,0.0,40,0.0,25.0,27,0.0,25.925925925925927,28.0,2,1.0,4.0,5.0,1,4,3
20251110TMG12,2025-11-10,1C上,2.3,3.0,2.8,62,77.41935483870968,0.0,28,85.71428571428571,0.0,42,0.0,7.142857142857143,22,0.0,4.545454545454546,45,0.0,15.555555555555555,17,0.0,29.41176470588235,32.0,1,0.0,3.0,5.0,4,1,6
20251111TMG01,2025-11-11,1C下,4.3,3.0,2.9,30,30.0,0.0,12,41.666666666666664,0.0,54,0.0,3.7037037037037037,23,0.0,8.695652173913043,35,0.0,0.0,16,0.0,0.0,28.0,1,0.0,5.0,2.0,4,2,5
20251111TMG02,2025-11-11,1C上,3.2,3.9,2.9,26,34.61538461538461,0.0,9,33.333333333333336,0.0,38,0.0,0.0,20,0.0,0.0,26,0.0,7.6923076923076925,11,0.0,0.0,36.0,1,0.0,5.0,5.0,1,3,6
20251111TMG03,2025-11-11,1C上,3.1,3.7,2.9,30,16.666666666666668,0.0,13,15.384615384615385,0.0,26,0.0,3.8461538461538463,12,0.0,0.0,45,0.0,13.333333333333334,22,0.0,22.727272727272727,35.0,1,0.0,5.0,4.0,4,3,1
20251111TMG04,2025-11-11,1C下,3.9,3.7,3.9,27,33.333333333333336,0.0,13,15.384615384615385,0.0,27,0.0,0.0,11,0.0,0.0,31,0.0,9.67741935483871,15,0.0,0.0,30.0,3,6.0,5.0,5.0,2,1,4
20251111TMG05,2025-11-11,1C下,4.4,3.2,2.6,25,32.0,0.0,14,28.571428571428573,0.0,31,0.0,6.451612903225806,15,0.0,6.666666666666667,44,0.0,29.545454545454547,22,0.0,36.36363636363637,33.0,1,0.0,5.0,5.0,3,4,1
20251111TMG06,2025-11-11,1C下,3.2,3.0,2.8,55,69.0909090909091,0.0,24,83.33333333333333,0.0,36,0.0,0.0,23,0.0,0.0,40,0.0,10.0,21,0.0,14.285714285714286,34.0,1,0.0,5.0,4.0,4,5,6
20251111TMG07,2025-11-11,1C上,2.4,2.8,3.6,36,44.44444444444444,0.0,15,33.333333333333336,0.0,38,0.0,7.894736842105263,21,0.0,9.523809523809524,40,0.0,2.5,23,0.0,4.3478260869565215,28.0,3,6.0,4.0,1.0,1,2,6
20251111TMG08,2025-11-11,1C上,2.3,4.1,2.6,55,69.0909090909091,0.0,28,71.42857142857143,0.0,31,0.0,0.0,14,0.0,0.0,39,0.0,25.641025641025642,21,0.0,33.333333333333336,38.0,1,0.0,5.0,5.0,1,2,3
20251111TMG09,2025-11-11,1C上,2.5,3.9,3.1,55,61.81818181818182,0.0,29,58.62068965517241,0.0,39,0.0,12.820512820512821,20,0.0,25.0,48,0.0,16.666666666666668,24,0.0,8.333333333333334,37.0,1,0.0,5.0,5.0,3,1,5
20251111TMG10,2025-11-11,1C下,2.9,2.1,2.5,65,61.53846153846154,0.0,30,66.66666666666667,0.0,42,0.0,11.904761904761905,23,0.0,13.043478260869565,46,0.0,10.869565217391305,28,0.0,7.142857142857143,35.0,1,0.0,5.0,5.0,2,4,1
20251111TMG12,2025-11-11,1C上,2.6,4.0,3.2,58,63.793103448275865,0.0,27,66.66666666666667,0.0,31,0.0,6.451612903225806,12,0.0,8.333333333333334,50,0.0,8.0,23,0.0,0.0,31.0,1,0.0,3.0,5.0,3,1,6
20251112TMG01,2025-11-12,1C下,4.0,3.9,2.8,18,16.666666666666668,0.0,10,20.0,0.0,45,0.0,4.444444444444445,23,0.0,0.0,59,0.0,8.474576271186441,29,0.0,10.344827586206897,33.0,2,2.0,5.0,4.0,3,1,5
20251112TMG02,2025-11-12,1C下,3.2,3.1,2.8,17,17.647058823529413,0.0,6,50.0,0.0,30,0.0,3.3333333333333335,13,0.0,0.0,49,0.0,12.244897959183673,22,0.0,22.727272727272727,32.0,2,1.0,3.0,4.0,3,1,5
20251112TMG03,2025-11-12,1C下,4.6,3.4,2.3,22,31.818181818181817,0.0,10,20.0,0.0,34,0.0,0.0,18,0.0,0.0,34,0.0,11.764705882352942,14,0.0,0.0,35.0,1,0.0,5.0,5.0,3,1,4
20251112TMG04,2025-11-12,1C上,3.2,3.5,3.4,26,23.076923076923077,0.0,11,18.181818181818183,0.0,34,0.0,0.0,18,0.0,0.0,25,0.0,4.0,16,0.0,6.25,35.0,1,0.0,5.0,5.0,4,6,1
20251112TMG05,2025-11-12,1C上,2.5,4.1,3.0,44,61.36363636363637,0.0,20,55.0,0.0,39,0.0,0.0,19,0.0,0.0,38,0.0,7.894736842105263,18,0.0,5.555555555555555,36.0,1,0.0,5.0,5.0,1,4,3
20251112TMG06,2025-11-12,1C下,3.2,3.1,2.6,53,43.39622641509434,0.0,25,52.0,0.0,45,0.0,2.2222222222222223,21,0.0,0.0,45,0.0,31.11111111111111,23,0.0,39.130434782608695,38.0,1,0.0,5.0,5.0,1,2,3
20251112TMG07,2025-11-12,1C上,3.1,3.9,3.3,71,60.563380281690144,0.0,35,57.142857142857146,0.0,40,0.0,12.5,20,0.0,25.0,35,0.0,2.857142857142857,20,0.0,0.0,36.0,1,0.0,5.0,5.0,1,2,3
20251112TMG08,2025-11-12,1C上,2.3,2.6,2.9,56,69.64285714285714,0.0,29,72.41379310344827,0.0,44,0.0,4.545454545454546,20,0.0,10.0,45,0.0,13.333333333333334,23,0.0,21.73913043478261,34.0,1,0.0,4.0,5.0,1,2,3
20251112TMG09,2025-11-12,1C上,2.9,3.0,2.4,60,76.66666666666667,0.0,23,78.26086956521739,0.0,44,0.0,2.272727272727273,20,0.0,0.0,36,0.0,0.0,22,0.0,0.0,33.0,1,0.0,4.0,4.0,2,1,6
20251112TMG10,2025-11-12,1C下,2.9,2.8,2.8,66,60.60606060606061,0.0,31,64.51612903225806,0.0,46,0.0,0.0,21,0.0,0.0,41,0.0,9.75609756097561,22,0.0,13.636363636363637,36.0,1,0.0,4.0,5.0,1,3,5
20251112TMG11,2025-11-12,1C上,2.3,5.1,3.2,63,76.19047619047619,0.0,29,82.75862068965517,0.0,39,0.0,5.128205128205129,16,0.0,6.25,51,0.0,9.803921568627452,24,0.0,4.166666666666667,32.0,1,0.0,5.0,5.0,1,2,5
20251112TMG12,2025-11-12,1C上,2.1,4.1,5.3,56,80.35714285714286,0.0,36,80.55555555555556,0.0,32,0.0,0.0,15,0.0,0.0,30,0.0,3.3333333333333335,18,0.0,5.555555555555555,36.0,1,0.0,5.0,5.0,1,4,6
20251113TMG01,2025-11-13,同じ,3.2,3.2,3.9,27,22.22222222222222,0.0,11,18.181818181818183,0.0,32,0.0,6.25,15,0.0,6.666666666666667,36,0.0,16.666666666666668,23,0.0,21.73913043478261,29.0,2,2.0,3.0,5.0,1,2,3
20251113TMG02,2025-11-13,1C上,3.2,3.4,2.5,27,37.03703703703704,0.0,10,40.0,0.0,35,0.0,0.0,19,0.0,0.0,50,0.0,12.0,21,0.0,4.761904761904762,36.0,2,2.0,5.0,5.0,1,2,3
20251113TMG03,2025-11-13,1C下,4.6,4.1,4.1,23,30.434782608695652,0.0,11,18.181818181818183,0.0,33,0.0,0.0,16,0.0,0.0,31,0.0,0.0,14,0.0,0.0,31.0,1,0.0,5.0,5.0,1,2,4
20251113TMG05,2025-11-13,1C下,4.4,3.8,3.6,26,30.76923076923077,0.0,15,26.666666666666668,0.0,34,0.0,17.647058823529413,18,0.0,5.555555555555555,39,0.0,5.128205128205129,20,0.0,5.0,32.0,2,1.0,5.0,5.0,4,5,2
20251113TMG06,2025-11-13,同じ,3.0,3.0,3.4,49,67.34693877551021,0.0,22,59.09090909090909,0.0,45,0.0,2.2222222222222223,20,0.0,0.0,26,0.0,3.8461538461538463,17,0.0,5.882352941176471,19.0,6,11.0,2.0,1.0,1,2,3
20251113TMG07,2025-11-13,1C上,3.2,3.7,3.9,54,44.44444444444444,0.0,26,53.84615384615385,0.0,27,0.0,3.7037037037037037,13,0.0,0.0,35,0.0,2.857142857142857,13,0.0,0.0,31.0,1,0.0,5.0,2.0,5,6,2
20251113TMG09,2025-11-13,1C上,3.7,4.7,2.9,42,35.714285714285715,0.0,25,36.0,0.0,25,0.0,0.0,13,0.0,0.0,27,0.0,7.407407407407407,12,0.0,0.0,28.0,2,2.0,4.0,5.0,1,6,3
20251113TMG10,2025-11-13,1C上,1.9,3.9,2.8,63,74.60317460317461,0.0,30,73.33333333333333,0.0,46,0.0,4.3478260869565215,21,0.0,0.0,45,0.0,15.555555555555555,18,0.0,27.77777777777778,32.0,2,4.0,4.0,5.0,1,4,3
20251113TMG11,2025-11-13,1C上,2.3,3.5,3.0,64,76.5625,0.0,30,83.33333333333333,0.0,38,0.0,0.0,16,0.0,0.0,46,0.0,10.869565217391305,25,0.0,12.0,28.0,3,4.0,2.0,5.0,1,4,6
20251113TMG12,2025-11-13,1C上,2.1,2.5,2.8,57,80.70175438596492,0.0,37,81.08108108108108,0.0,45,0.0,6.666666666666667,23,0.0,0.0,41,0.0,24.390243902439025,27,0.0,25.925925925925927,32.0,1,0.0,5.0,5.0,1,2,3
20251114TMG01,2025-11-14,1C上,3.8,4.1,2.4,31,16.129032258064516,0.0,16,18.75,0.0,40,0.0,0.0,20,0.0,0.0,37,0.0,0.0,22,0.0,0.0,30.0,1,0.0,5.0,5.0,5,3,4
20251114TMG02,2025-11-14,1C上,4.0,5.4,3.6,19,15.789473684210526,0.0,11,18.181818181818183,0.0,28,0.0,0.0,14,0.0,0.0,52,0.0,15.384615384615385,26,0.0,11.538461538461538,32.0,2,2.0,5.0,5.0,1,2,3
20251114TMG03,2025-11-14,1C下,3.9,3.1,3.9,28,32.142857142857146,0.0,14,14.285714285714286,0.0,45,0.0,2.2222222222222223,21,0.0,0.0,36,0.0,2.7777777777777777,14,0.0,0.0,35.0,1,0.0,5.0,5.0,4,5,2
20251114TMG04,2025-11-14,1C下,3.2,3.0,2.3,28,25.0,0.0,12,25.0,0.0,37,0.0,0.0,24,0.0,0.0,35,0.0,14.285714285714286,15,0.0,6.666666666666667,28.0,1,0.0,4.0,5.0,5,1,4
20251114TMG05,2025-11-14,同じ,3.2,3.2,3.5,55,67.27272727272727,0.0,24,79.16666666666667,0.0,33,0.0,6.0606060606060606,16,0.0,6.25,41,0.0,12.195121951219512,24,0.0,12.5,36.0,1,0.0,5.0,4.0,4,1,2
20251114TMG06,2025-11-14,1C上,3.3,4.7,2.8,43,51.16279069767442,0.0,20,40.0,0.0,26,0.0,0.0,14,0.0,0.0,59,0.0,10.169491525423728,30,0.0,13.333333333333334,34.0,1,0.0,5.0,5.0,1,5,6
20251114TMG07,2025-11-14,1C上,2.9,3.0,3.0,22,31.818181818181817,0.0,13,38.46153846153846,0.0,46,0.0,2.1739130434782608,21,0.0,0.0,38,0.0,10.526315789473685,19,0.0,10.526315789473685,34.0,1,0.0,5.0,4.0,1,2,3
20251114TMG08,2025-11-14,1C上,3.7,4.0,3.6,25,24.0,0.0,15,33.333333333333336,0.0,31,0.0,6.451612903225806,13,0.0,7.6923076923076925,40,0.0,2.5,23,0.0,4.3478260869565215,32.0,1,0.0,5.0,2.0,1,4,5
20251114TMG09,2025-11-14,1C上,2.4,3.3,3.7,25,56.0,0.0,14,57.142857142857146,0.0,40,0.0,2.5,20,0.0,5.0,26,0.0,26.923076923076923,12,0.0,33.333333333333336,29.0,2,3.0,3.0,5.0,1,4,2
20251114TMG10,2025-11-14,1C上,2.9,3.9,3.3,66,60.60606060606061,0.0,32,65.625,0.0,47,0.0,4.25531914893617,22,0.0,0.0,36,0.0,2.7777777777777777,21,0.0,0.0,37.0,1,0.0,5.0,5.0,5,4,6
20251114TMG11,2025-11-14,同じ,2.7,2.7,2.9,35,65.71428571428571,0.0,23,69.56521739130434,0.0,33,0.0,0.0,13,0.0,0.0,32,0.0,18.75,16,0.0,12.5,31.0,1,0.0,5.0,5.0,5,1,4
20251114TMG12,2025-11-14,1C上,2.1,2.8,2.5,58,81.03448275862068,0.0,38,81.57894736842105,0.0,47,0.0,0.0,25,0.0,0.0,46,0.0,8.695652173913043,29,0.0,6.896551724137931,32.0,1,0.0,5.0,4.0,1,2,3
20251119TMG01,2025-11-19,1C上,3.0,3.2,2.9,33,42.42424242424242,0.0,17,47.05882352941177,0.0,45,0.0,0.0,22,0.0,0.0,30,0.0,16.666666666666668,17,0.0,17.647058823529413,26.0,1,0.0,4.0,2.0,4,5,6
20251119TMG03,2025-11-19,1C下,3.7,3.0,3.0,29,51.724137931034484,0.0,13,30.76923076923077,0.0,47,0.0,0.0,24,0.0,0.0,41,0.0,12.195121951219512,19,0.0,10.526315789473685,26.0,4,3.0,4.0,5.0,2,4,5
20251119TMG04,2025-11-19,1C下,3.2,3.1,2.8,27,48.148148148148145,0.0,13,23.076923076923077,0.0,77,0.0,18.181818181818183,43,0.0,20.930232558139537,27,0.0,11.11111111111111,15,0.0,20.0,34.0,1,0.0,5.0,5.0,1,2,4
20251119TMG05,2025-11-19,1C下,3.0,2.7,2.7,31,25.806451612903224,0.0,13,30.76923076923077,0.0,37,0.0,5.405405405405405,22,0.0,4.545454545454546,37,0.0,16.216216216216218,20,0.0,25.0,29.0,3,8.0,5.0,5.0,1,2,3
20251119TMG06,2025-11-19,1C上,3.6,4.8,2.7,18,33.333333333333336,0.0,8,37.5,0.0,31,0.0,0.0,17,0.0,0.0,38,0.0,15.789473684210526,25,0.0,16.0,36.0,1,0.0,5.0,5.0,4,6,1
20251119TMG07,2025-11-19,1C上,2.3,2.9,4.3,45,68.88888888888889,0.0,24,66.66666666666667,0.0,37,0.0,2.7027027027027026,21,0.0,4.761904761904762,37,0.0,13.513513513513514,18,0.0,11.11111111111111,35.0,1,0.0,5.0,5.0,1,6,3
20251119TMG08,2025-11-19,1C下,3.6,3.5,3.0,32,62.5,0.0,17,52.94117647058823,0.0,30,0.0,0.0,15,0.0,0.0,30,0.0,30.0,16,0.0,37.5,20.0,5,16.0,2.0,3.0,2,3,4
20251119TMG09,2025-11-19,1C上,1.9,3.1,2.7,38,52.63157894736842,0.0,24,50.0,0.0,31,0.0,3.225806451612903,17,0.0,5.882352941176471,39,0.0,2.5641025641025643,19,0.0,0.0,30.0,1,0.0,4.0,5.0,2,1,5
20251119TMG10,2025-11-19,1C上,1.6,3.9,3.1,56,66.07142857142857,0.0,25,72.0,0.0,30,0.0,3.3333333333333335,16,0.0,0.0,31,0.0,3.225806451612903,13,0.0,7.6923076923076925,24.0,4,6.0,3.0,1.0,5,6,1
20251119TMG11,2025-11-19,1C上,2.3,4.6,4.1,59,67.79661016949153,0.0,33,78.78787878787878,0.0,40,0.0,0.0,17,0.0,0.0,33,0.0,12.121212121212121,15,0.0,6.666666666666667,34.0,1,0.0,5.0,5.0,1,4,5
20251119TMG12,2025-11-19,1C下,2.9,2.8,3.3,40,57.5,0.0,17,58.8235294117647,0.0,36,0.0,8.333333333333334,17,0.0,17.647058823529413,43,0.0,13.953488372093023,16,0.0,25.0,35.0,1,0.0,5.0,5.0,1,2,4
20251120TMG01,2025-11-20,1C下,4.6,3.1,4.2,29,17.24137931034483,0.0,14,14.285714285714286,0.0,37,0.0,2.7027027027027026,17,0.0,0.0,33,0.0,6.0606060606060606,13,0.0,7.6923076923076925,28.0,1,0.0,4.0,1.0,2,3,1
20251120TMG02,2025-11-20,1C上,3.2,4.2,3.0,26,42.30769230769231,0.0,13,38.46153846153846,0.0,28,0.0,0.0,13,0.0,0.0,42,0.0,21.428571428571427,21,0.0,19.047619047619047,32.0,1,0.0,5.0,5.0,3,2,6
20251120TMG03,2025-11-20,1C上,3.1,4.0,3.7,25,32.0,0.0,13,23.076923076923077,0.0,37,0.0,2.7027027027027026,13,0.0,0.0,36,0.0,13.88888888888889,23,0.0,17.391304347826086,26.0,4,6.0,4.0,1.0,2,4,3
20251120TMG04,2025-11-20,1C下,3.3,2.9,3.2,25,36.0,0.0,13,38.46153846153846,0.0,37,0.0,0.0,19,0.0,0.0,34,0.0,11.764705882352942,18,0.0,22.22222222222222,35.0,1,0.0,5.0,4.0,3,1,4
20251120TMG06,2025-11-20,1C上,3.3,3.7,2.2,27,48.148148148148145,0.0,18,66.66666666666667,0.0,44,0.0,2.272727272727273,21,0.0,0.0,43,0.0,13.953488372093023,17,0.0,11.764705882352942,29.0,1,0.0,4.0,5.0,1,5,4
20251120TMG07,2025-11-20,1C下,3.2,2.9,4.2,26,38.46153846153846,0.0,12,33.333333333333336,0.0,44,0.0,4.545454545454546,21,0.0,0.0,36,0.0,5.555555555555555,17,0.0,11.764705882352942,33.0,1,0.0,5.0,5.0,5,4,3
20251120TMG08,2025-11-20,1C下,3.6,3.3,3.9,39,61.53846153846154,0.0,21,61.904761904761905,0.0,28,0.0,0.0,15,0.0,0.0,30,0.0,6.666666666666667,15,0.0,0.0,35.0,1,0.0,5.0,5.0,2,1,5
20251120TMG09,2025-11-20,1C上,2.4,4.3,4.8,60,81.66666666666667,0.0,32,75.0,0.0,28,0.0,0.0,11,0.0,0.0,35,0.0,8.571428571428571,16,0.0,0.0,28.0,2,5.0,3.0,5.0,1,3,6
20251120TMG10,2025-11-20,1C上,2.8,3.9,2.6,44,70.45454545454545,0.0,16,75.0,0.0,40,0.0,0.0,16,0.0,0.0,35,0.0,8.571428571428571,13,0.0,15.384615384615385,29.0,2,2.0,4.0,5.0,1,3,6
20251120TMG11,2025-11-20,1C上,2.3,2.7,3.3,46,65.21739130434783,0.0,25,68.0,0.0,37,0.0,2.7027027027027026,22,0.0,4.545454545454546,38,0.0,5.2631578947368425,17,0.0,11.764705882352942,35.0,1,0.0,5.0,5.0,1,2,4
20251120TMG12,2025-11-20,1C下,2.7,2.4,2.7,42,61.904761904761905,0.0,20,55.0,0.0,43,0.0,4.651162790697675,20,0.0,5.0,51,0.0,13.72549019607843,32,0.0,12.5,35.0,1,0.0,5.0,4.0,1,2,3
20251121TMG01,2025-11-21,1C上,2.4,3.5,3.6,24,62.5,0.0,14,64.28571428571429,0.0,47,0.0,4.25531914893617,23,0.0,0.0,40,0.0,5.0,15,0.0,0.0,24.0,3,8.0,2.0,3.0,1,2,3
20251121TMG02,2025-11-21,1C下,4.2,3.5,2.7,25,28.0,0.0,10,10.0,0.0,44,0.0,9.090909090909092,23,0.0,13.043478260869565,35,0.0,11.428571428571429,12,0.0,8.333333333333334,34.0,1,0.0,5.0,5.0,1,5,4
20251121TMG04,2025-11-21,1C上,3.3,4.0,4.2,25,32.0,0.0,10,30.0,0.0,31,0.0,6.451612903225806,20,0.0,5.0,32,0.0,0.0,19,0.0,0.0,29.0,1,0.0,4.0,5.0,1,2,3
20251121TMG05,2025-11-21,1C上,3.7,3.9,2.7,44,45.45454545454545,0.0,19,47.36842105263158,0.0,34,0.0,0.0,14,0.0,0.0,52,0.0,13.461538461538462,31,0.0,12.903225806451612,32.0,1,0.0,5.0,5.0,3,4,6
20251121TMG06,2025-11-21,1C上,2.9,3.2,1.9,48,58.333333333333336,0.0,26,57.69230769230769,0.0,38,0.0,2.6315789473684212,16,0.0,0.0,40,0.0,22.5,21,0.0,23.80952380952381,32.0,2,7.0,5.0,5.0,1,2,5
20251121TMG07,2025-11-21,1C下,3.6,3.3,3.2,41,48.78048780487805,0.0,18,50.0,0.0,33,0.0,3.0303030303030303,15,0.0,0.0,50,0.0,18.0,25,0.0,28.0,30.0,2,4.0,5.0,5.0,1,2,4
20251121TMG08,2025-11-21,1C上,3.2,3.4,2.1,49,65.3061224489796,0.0,24,66.66666666666667,0.0,28,0.0,0.0,18,0.0,0.0,39,0.0,12.820512820512821,18,0.0,0.0,28.0,2,2.0,4.0,5.0,3,2,5
20251121TMG09,2025-11-21,1C上,2.4,4.5,2.9,41,48.78048780487805,0.0,23,43.47826086956522,0.0,38,0.0,2.6315789473684212,16,0.0,0.0,38,0.0,10.526315789473685,16,0.0,12.5,34.0,1,0.0,5.0,5.0,2,1,4
20251121TMG10,2025-11-21,1C上,1.8,3.9,3.6,45,57.77777777777778,0.0,18,61.111111111111114,0.0,34,0.0,0.0,19,0.0,0.0,26,0.0,11.538461538461538,16,0.0,12.5,30.0,2,2.0,5.0,5.0,1,4,3
20251121TMG11,2025-11-21,1C上,3.2,4.5,2.9,59,66.10169491525424,0.0,26,65.38461538461539,0.0,31,0.0,0.0,13,0.0,0.0,31,0.0,19.35483870967742,12,0.0,8.333333333333334,34.0,1,0.0,5.0,4.0,1,3,2
20251121TMG12,2025-11-21,1C上,2.8,2.9,3.2,44,54.54545454545455,0.0,23,43.47826086956522,0.0,34,0.0,5.882352941176471,19,0.0,5.2631578947368425,39,0.0,7.6923076923076925,22,0.0,13.636363636363637,33.0,1,0.0,4.0,5.0,1,2,5
20251122TMG01,2025-11-22,1C下,4.3,4.2,1.9,32,25.0,0.0,18,27.77777777777778,0.0,41,0.0,7.317073170731708,19,0.0,5.2631578947368425,41,0.0,21.951219512195124,22,0.0,22.727272727272727,30.0,2,4.0,4.0,3.0,2,1,3
20251122TMG02,2025-11-22,1C下,3.2,2.8,2.5,28,46.42857142857143,0.0,12,58.333333333333336,0.0,36,0.0,8.333333333333334,18,0.0,16.666666666666668,38,0.0,2.6315789473684212,24,0.0,4.166666666666667,18.0,6,12.0,3.0,2.0,2,3,4
20251122TMG03,2025-11-22,1C上,2.7,3.6,3.9,32,34.375,0.0,19,36.8421052631579,0.0,46,0.0,0.0,21,0.0,0.0,32,0.0,0.0,12,0.0,0.0,32.0,1,0.0,5.0,3.0,1,4,5
20251122TMG04,2025-11-22,1C上,3.2,3.6,3.0,40,47.5,0.0,17,47.05882352941177,0.0,34,0.0,2.9411764705882355,13,0.0,7.6923076923076925,43,0.0,4.651162790697675,20,0.0,0.0,22.0,5,9.0,3.0,1.0,2,1,3
20251122TMG05,2025-11-22,1C上,2.9,3.1,2.6,29,44.827586206896555,0.0,13,38.46153846153846,0.0,79,0.0,17.72151898734177,43,0.0,20.930232558139537,47,0.0,4.25531914893617,28,0.0,3.5714285714285716,30.0,2,4.0,5.0,5.0,2,1,5
20251122TMG06,2025-11-22,1C上,3.2,3.9,3.2,50,64.0,0.0,25,64.0,0.0,35,0.0,11.428571428571429,17,0.0,17.647058823529413,29,0.0,3.4482758620689653,14,0.0,0.0,37.0,1,0.0,5.0,5.0,4,1,2
20251122TMG07,2025-11-22,1C上,2.9,4.3,3.2,58,70.6896551724138,0.0,30,76.66666666666667,0.0,36,0.0,5.555555555555555,14,0.0,7.142857142857143,50,0.0,18.0,26,0.0,26.923076923076923,30.0,1,0.0,5.0,5.0,1,3,2
20251122TMG08,2025-11-22,1C下,3.7,2.5,2.1,37,54.054054054054056,0.0,24,45.833333333333336,0.0,43,0.0,4.651162790697675,24,0.0,4.166666666666667,42,0.0,4.761904761904762,24,0.0,4.166666666666667,25.0,4,6.0,4.0,1.0,1,4,3
20251122TMG09,2025-11-22,1C上,3.6,4.0,3.1,40,50.0,0.0,16,37.5,0.0,38,0.0,5.2631578947368425,13,0.0,7.6923076923076925,29,0.0,0.0,10,0.0,0.0,35.0,1,0.0,5.0,5.0,1,2,3
20251122TMG10,2025-11-22,1C上,1.8,3.5,4.5,37,64.86486486486487,0.0,21,57.142857142857146,0.0,42,0.0,7.142857142857143,21,0.0,14.285714285714286,34,0.0,0.0,13,0.0,0.0,33.0,1,0.0,5.0,5.0,1,5,3
20251122TMG11,2025-11-22,1C上,3.2,3.5,2.3,67,50.74626865671642,0.0,32,59.375,0.0,32,0.0,0.0,13,0.0,0.0,49,0.0,14.285714285714286,26,0.0,19.23076923076923,27.0,2,5.0,3.0,1.0,1,4,3
20251122TMG12,2025-11-22,1C上,2.9,4.6,2.7,40,57.5,0.0,18,61.111111111111114,0.0,32,0.0,0.0,18,0.0,0.0,45,0.0,15.555555555555555,27,0.0,14.814814814814815,32.0,2,2.0,5.0,5.0,1,3,4
20251123TMG01,2025-11-23,1C下,4.2,2.9,2.9,26,30.76923076923077,0.0,11,18.181818181818183,0.0,37,0.0,0.0,18,0.0,0.0,31,0.0,16.129032258064516,17,0.0,17.647058823529413,37.0,1,0.0,5.0,5.0,1,4,6
20251123TMG02,2025-11-23,1C上,2.7,4.5,2.7,33,36.36363636363637,0.0,20,40.0,0.0,39,0.0,0.0,18,0.0,0.0,38,0.0,15.789473684210526,26,0.0,15.384615384615385,30.0,1,0.0,5.0,1.0,1,3,4
20251123TMG04,2025-11-23,同じ,3.7,3.7,2.9,45,44.44444444444444,0.0,20,45.0,0.0,45,0.0,2.2222222222222223,21,0.0,0.0,31,0.0,19.35483870967742,13,0.0,7.6923076923076925,34.0,2,1.0,5.0,5.0,2,1,3
20251123TMG05,2025-11-23,1C上,1.8,2.9,3.2,46,58.69565217391305,0.0,19,63.1578947368421,0.0,44,0.0,4.545454545454546,21,0.0,0.0,35,0.0,14.285714285714286,18,0.0,27.77777777777778,35.0,1,0.0,5.0,5.0,1,2,3
20251123TMG06,2025-11-23,1C下,3.3,2.8,3.3,27,51.851851851851855,0.0,19,68.42105263157895,0.0,43,0.0,2.3255813953488373,25,0.0,4.0,38,0.0,5.2631578947368425,18,0.0,11.11111111111111,32.0,1,0.0,5.0,5.0,1,3,4
20251123TMG07,2025-11-23,1C上,1.9,3.5,4.2,39,51.282051282051285,0.0,25,48.0,0.0,31,0.0,0.0,16,0.0,0.0,33,0.0,0.0,20,0.0,0.0,20.0,6,12.0,3.0,3.0,1,5,3
20251123TMG08,2025-11-23,1C下,3.6,2.4,2.7,41,48.78048780487805,0.0,19,52.63157894736842,0.0,43,0.0,4.651162790697675,19,0.0,5.2631578947368425,53,0.0,15.09433962264151,32,0.0,15.625,23.0,4,6.0,2.0,5.0,1,2,5
20251123TMG09,2025-11-23,1C上,2.9,4.5,3.3,49,59.183673469387756,0.0,26,57.69230769230769,0.0,38,0.0,2.6315789473684212,17,0.0,0.0,39,0.0,7.6923076923076925,22,0.0,0.0,37.0,1,0.0,5.0,5.0,2,1,3
20251123TMG10,2025-11-23,1C下,3.7,2.8,3.3,37,54.054054054054056,0.0,25,48.0,0.0,36,0.0,11.11111111111111,19,0.0,21.05263157894737,46,0.0,6.521739130434782,28,0.0,10.714285714285714,26.0,3,6.0,4.0,2.0,1,4,2
20251123TMG11,2025-11-23,1C上,2.9,4.0,2.6,41,58.53658536585366,0.0,19,63.1578947368421,0.0,38,0.0,5.2631578947368425,14,0.0,7.142857142857143,36,0.0,8.333333333333334,13,0.0,15.384615384615385,35.0,1,0.0,5.0,3.0,1,4,6
20251123TMG12,2025-11-23,1C下,3.2,2.3,2.7,60,66.66666666666667,0.0,27,66.66666666666667,0.0,30,0.0,6.666666666666667,17,0.0,11.764705882352942,45,0.0,15.555555555555555,28,0.0,14.285714285714286,28.0,2,6.0,3.0,3.0,1,6,3
20251124TMG01,2025-11-24,同じ,3.0,3.0,4.1,34,41.1764705882353,0.0,17,41.1764705882353,0.0,48,0.0,0.0,25,0.0,0.0,33,0.0,12.121212121212121,16,0.0,6.25,29.0,2,1.0,5.0,2.0,1,2,4
20251124TMG02,2025-11-24,1C上,4.1,4.6,3.3,36,47.22222222222222,0.0,18,50.0,0.0,41,0.0,0.0,18,0.0,0.0,40,0.0,7.5,23,0.0,0.0,24.0,3,8.0,4.0,1.0,2,3,1
20251124TMG03,2025-11-24,1C上,2.3,4.5,3.9,45,68.88888888888889,0.0,24,70.83333333333333,0.0,31,0.0,0.0,13,0.0,0.0,31,0.0,6.451612903225806,15,0.0,0.0,29.0,1,0.0,4.0,1.0,1,3,2
20251124TMG04,2025-11-24,1C上,2.4,3.5,2.9,61,81.9672131147541,0.0,31,80.64516129032258,0.0,33,0.0,0.0,14,0.0,0.0,39,0.0,10.256410256410257,17,0.0,11.764705882352942,19.0,5,15.0,2.0,2.0,1,2,5
20251124TMG05,2025-11-24,同じ,3.6,3.6,3.3,39,58.97435897435897,0.0,22,59.09090909090909,0.0,35,0.0,2.857142857142857,14,0.0,7.142857142857143,46,0.0,6.521739130434782,29,0.0,10.344827586206897,26.0,3,4.0,1.0,3.0,1,2,3
20251124TMG06,2025-11-24,1C上,2.3,3.9,3.3,59,69.49152542372882,0.0,33,78.78787878787878,0.0,35,0.0,0.0,14,0.0,0.0,42,0.0,14.285714285714286,17,0.0,23.529411764705884,32.0,1,0.0,5.0,5.0,3,6,5
20251124TMG07,2025-11-24,1C上,3.2,3.6,2.7,67,50.74626865671642,0.0,33,60.60606060606061,0.0,47,0.0,0.0,22,0.0,0.0,36,0.0,11.11111111111111,13,0.0,7.6923076923076925,26.0,2,8.0,3.0,2.0,4,6,1
20251124TMG08,2025-11-24,1C上,3.3,3.9,3.1,25,36.0,0.0,13,38.46153846153846,0.0,35,0.0,0.0,19,0.0,0.0,29,0.0,0.0,11,0.0,0.0,33.0,1,0.0,5.0,5.0,1,3,4
20251124TMG09,2025-11-24,1C上,1.8,3.1,3.7,47,59.57446808510638,0.0,20,65.0,0.0,37,0.0,2.7027027027027026,18,0.0,0.0,37,0.0,13.513513513513514,23,0.0,17.391304347826086,29.0,1,0.0,4.0,5.0,2,1,4
20251124TMG10,2025-11-24,1C下,2.7,2.3,4.3,42,61.904761904761905,0.0,21,52.38095238095238,0.0,31,0.0,6.451612903225806,18,0.0,11.11111111111111,36,0.0,11.11111111111111,19,0.0,10.526315789473685,35.0,1,0.0,5.0,4.0,1,4,5
20251124TMG11,2025-11-24,1C上,2.3,2.7,2.6,46,65.21739130434783,0.0,24,66.66666666666667,0.0,38,0.0,2.6315789473684212,21,0.0,4.761904761904762,37,0.0,8.108108108108109,14,0.0,14.285714285714286,38.0,1,0.0,5.0,5.0,1,2,4
20251124TMG12,2025-11-24,1C下,3.2,2.8,3.0,61,67.21311475409836,0.0,28,67.85714285714286,0.0,44,0.0,2.272727272727273,26,0.0,3.8461538461538463,30,0.0,30.0,17,0.0,35.294117647058826,29.0,1,0.0,5.0,1.0,5,4,3
20251129TMG01,2025-11-29,1C上,2.1,3.3,2.7,32,43.75,0.0,17,58.8235294117647,0.0,22,0.0,4.545454545454546,12,0.0,0.0,38,0.0,15.789473684210526,19,0.0,21.05263157894737,34.0,1,0.0,4.0,5.0,2,4,1
20251129TMG02,2025-11-29,1C上,2.2,3.2,2.8,32,65.625,0.0,15,60.0,0.0,28,0.0,7.142857142857143,16,0.0,6.25,45,0.0,20.0,23,0.0,21.73913043478261,35.0,1,0.0,5.0,3.0,4,3,1
20251129TMG03,2025-11-29,1C上,2.3,3.0,3.0,35,60.0,0.0,18,61.111111111111114,0.0,43,0.0,18.6046511627907,23,0.0,13.043478260869565,43,0.0,25.58139534883721,25,0.0,24.0,28.0,2,6.0,4.0,5.0,4,1,5
20251129TMG04,2025-11-29,1C下,3.3,2.9,3.6,27,44.44444444444444,0.0,14,35.714285714285715,0.0,32,0.0,15.625,16,0.0,12.5,35,0.0,8.571428571428571,16,0.0,12.5,22.0,5,10.0,3.0,2.0,2,3,6
20251129TMG05,2025-11-29,1C上,2.4,3.9,2.9,42,61.904761904761905,0.0,23,47.82608695652174,0.0,22,0.0,4.545454545454546,8,0.0,0.0,24,0.0,12.5,13,0.0,7.6923076923076925,31.0,2,1.0,2.0,5.0,5,4,1
20251129TMG06,2025-11-29,1C上,2.8,3.1,4.6,60,58.333333333333336,0.0,31,61.29032258064516,0.0,33,0.0,3.0303030303030303,17,0.0,0.0,34,0.0,5.882352941176471,14,0.0,0.0,25.0,4,7.0,1.0,4.0,4,6,5
20251129TMG07,2025-11-29,1C上,2.5,3.0,3.0,51,82.3529411764706,0.0,29,82.75862068965517,0.0,29,0.0,6.896551724137931,15,0.0,6.666666666666667,38,0.0,0.0,23,0.0,0.0,31.0,1,0.0,5.0,5.0,3,2,1
20251129TMG08,2025-11-29,1C上,2.4,4.5,2.8,39,61.53846153846154,0.0,20,60.0,0.0,24,0.0,0.0,13,0.0,0.0,44,0.0,15.909090909090908,22,0.0,9.090909090909092,37.0,2,1.0,5.0,5.0,6,4,1
20251129TMG09,2025-11-29,1C上,2.3,3.3,2.2,51,70.58823529411765,0.0,27,59.25925925925926,0.0,48,0.0,10.416666666666666,23,0.0,13.043478260869565,47,0.0,17.02127659574468,24,0.0,16.666666666666668,32.0,1,0.0,4.0,5.0,6,5,3
20251129TMG10,2025-11-29,1C上,2.4,3.2,3.3,62,67.74193548387096,0.0,35,65.71428571428571,0.0,30,0.0,0.0,16,0.0,0.0,60,0.0,18.333333333333332,30,0.0,23.333333333333332,29.0,2,7.0,3.0,5.0,1,3,5
20251129TMG11,2025-11-29,1C上,2.7,2.9,3.0,44,52.27272727272727,0.0,24,54.166666666666664,0.0,33,0.0,9.090909090909092,17,0.0,0.0,47,0.0,21.27659574468085,23,0.0,21.73913043478261,31.0,1,0.0,5.0,1.0,1,2,6
20251129TMG12,2025-11-29,1C上,3.6,3.8,3.0,43,74.4186046511628,0.0,18,66.66666666666667,0.0,26,0.0,0.0,12,0.0,0.0,36,0.0,13.88888888888889,19,0.0,15.789473684210526,26.0,2,8.0,3.0,5.0,2,4,1
20251130TMG01,2025-11-30,1C上,2.7,3.2,3.6,37,62.16216216216216,0.0,19,63.1578947368421,0.0,31,0.0,3.225806451612903,15,0.0,6.666666666666667,33,0.0,6.0606060606060606,20,0.0,0.0,32.0,1,0.0,5.0,5.0,5,1,3
20251130TMG02,2025-11-30,1C上,2.2,3.3,3.4,36,47.22222222222222,0.0,15,66.66666666666667,0.0,39,0.0,5.128205128205129,19,0.0,10.526315789473685,34,0.0,11.764705882352942,12,0.0,25.0,36.0,1,0.0,5.0,5.0,5,6,1
20251130TMG03,2025-11-30,1C下,3.8,3.0,0.0,29,51.724137931034484,0.0,14,42.857142857142854,0.0,33,0.0,3.0303030303030303,16,0.0,6.25,10,0.0,30.0,0,0.0,0.0,30.0,3,1.0,5.0,5.0,6,1,5
20251130TMG04,2025-11-30,1C下,3.6,3.0,3.7,25,24.0,0.0,12,16.666666666666668,0.0,46,0.0,10.869565217391305,24,0.0,8.333333333333334,32,0.0,12.5,17,0.0,11.764705882352942,28.0,2,6.0,5.0,1.0,4,1,2
20251130TMG05,2025-11-30,1C下,3.9,2.4,3.2,22,40.90909090909091,0.0,11,45.45454545454545,0.0,27,0.0,3.7037037037037037,15,0.0,0.0,30,0.0,13.333333333333334,15,0.0,26.666666666666668,36.0,1,0.0,5.0,5.0,5,4,1
20251130TMG06,2025-11-30,1C上,3.0,4.4,3.4,35,51.42857142857143,0.0,20,45.0,0.0,29,0.0,3.4482758620689653,12,0.0,0.0,32,0.0,15.625,19,0.0,10.526315789473685,34.0,1,0.0,5.0,5.0,1,3,5
20251130TMG07,2025-11-30,1C下,4.0,3.6,2.5,36,50.0,0.0,20,45.0,0.0,31,0.0,0.0,15,0.0,0.0,46,0.0,19.565217391304348,26,0.0,15.384615384615385,33.0,1,0.0,5.0,5.0,4,5,1
20251130TMG08,2025-11-30,1C上,2.8,3.7,2.5,31,58.064516129032256,0.0,17,52.94117647058823,0.0,32,0.0,0.0,16,0.0,0.0,27,0.0,22.22222222222222,10,0.0,10.0,27.0,3,6.0,5.0,1.0,3,1,6
20251130TMG09,2025-11-30,1C上,2.7,2.8,2.6,53,50.943396226415096,0.0,19,36.8421052631579,0.0,46,0.0,6.521739130434782,25,0.0,4.0,43,0.0,27.906976744186046,19,0.0,36.8421052631579,29.0,2,5.0,3.0,5.0,1,2,4
20251130TMG10,2025-11-30,1C上,3.2,3.5,2.5,54,46.2962962962963,0.0,26,53.84615384615385,0.0,38,0.0,0.0,20,0.0,0.0,27,0.0,22.22222222222222,12,0.0,16.666666666666668,18.0,6,13.0,3.0,1.0,5,1,6
20251130TMG11,2025-11-30,1C下,2.6,2.3,2.8,48,70.83333333333333,0.0,24,70.83333333333333,0.0,49,0.0,10.204081632653061,23,0.0,4.3478260869565215,46,0.0,19.565217391304348,24,0.0,20.833333333333332,34.0,1,0.0,5.0,5.0,5,1,3
20251130TMG12,2025-11-30,1C上,3.3,3.9,3.9,45,68.88888888888889,0.0,21,61.904761904761905,0.0,28,0.0,3.5714285714285716,16,0.0,6.25,36,0.0,5.555555555555555,17,0.0,11.764705882352942,37.0,1,0.0,5.0,5.0,2,3,1
20251201TMG01,2025-12-01,1C上,0.0,3.0,3.5,10,50.0,0.0,0,0.0,0.0,43,0.0,0.0,23,0.0,0.0,41,0.0,2.4390243902439024,20,0.0,5.0,28.0,1,0.0,4.0,5.0,1,3,4
20251201TMG02,2025-12-01,1C上,3.3,4.6,2.5,19,63.1578947368421,0.0,9,66.66666666666667,0.0,31,0.0,6.451612903225806,13,0.0,0.0,47,0.0,19.148936170212767,27,0.0,14.814814814814815,25.0,3,12.0,1.0,5.0,3,1,2
20251201TMG03,2025-12-01,1C下,3.3,2.7,2.8,21,47.61904761904762,0.0,11,36.36363636363637,0.0,40,0.0,5.0,21,0.0,9.523809523809524,28,0.0,7.142857142857143,16,0.0,6.25,29.0,2,1.0,4.0,5.0,1,4,2
20251201TMG04,2025-12-01,1C上,2.6,3.9,2.5,42,40.476190476190474,0.0,15,53.333333333333336,0.0,36,0.0,5.555555555555555,20,0.0,5.0,36,0.0,16.666666666666668,16,0.0,18.75,37.0,1,0.0,5.0,5.0,1,4,5
20251201TMG06,2025-12-01,1C上,1.8,2.9,2.8,26,65.38461538461539,0.0,13,84.61538461538461,0.0,38,0.0,2.6315789473684212,17,0.0,0.0,44,0.0,15.909090909090908,23,0.0,8.695652173913043,34.0,2,2.0,5.0,5.0,1,3,4
20251201TMG07,2025-12-01,1C上,2.0,3.3,3.8,42,64.28571428571429,0.0,20,55.0,0.0,35,0.0,0.0,18,0.0,0.0,31,0.0,12.903225806451612,19,0.0,5.2631578947368425,34.0,1,0.0,4.0,5.0,4,3,2
20251201TMG08,2025-12-01,1C上,2.2,3.9,3.6,41,58.53658536585366,0.0,17,64.70588235294117,0.0,32,0.0,0.0,15,0.0,0.0,35,0.0,8.571428571428571,17,0.0,11.764705882352942,34.0,1,0.0,5.0,5.0,5,4,1
20251201TMG09,2025-12-01,1C上,2.0,3.3,2.8,37,48.648648648648646,0.0,22,50.0,0.0,43,0.0,6.976744186046512,21,0.0,4.761904761904762,37,0.0,8.108108108108109,17,0.0,11.764705882352942,32.0,1,0.0,5.0,5.0,4,5,2
20251201TMG10,2025-12-01,1C下,2.5,0.0,3.5,62,70.96774193548387,0.0,36,77.77777777777777,0.0,8,0.0,0.0,0,0.0,0.0,28,0.0,14.285714285714286,12,0.0,0.0,37.0,1,0.0,5.0,4.0,3,6,1
20251201TMG11,2025-12-01,1C上,3.0,4.5,3.2,60,66.66666666666667,0.0,33,57.57575757575758,0.0,22,0.0,0.0,12,0.0,0.0,44,0.0,11.363636363636363,21,0.0,4.761904761904762,31.0,2,3.0,5.0,5.0,1,2,5
20251201TMG12,2025-12-01,1C上,2.8,3.6,2.9,45,66.66666666666667,0.0,16,62.5,0.0,30,0.0,0.0,15,0.0,0.0,30,0.0,3.3333333333333335,20,0.0,5.0,35.0,1,0.0,5.0,4.0,1,2,3
20251202TMG01,2025-12-02,1C下,3.4,2.4,3.1,24,25.0,0.0,14,35.714285714285715,0.0,32,0.0,6.25,14,0.0,14.285714285714286,35,0.0,17.142857142857142,19,0.0,21.05263157894737,31.0,2,7.0,5.0,5.0,2,3,4
20251202TMG02,2025-12-02,1C下,4.1,2.9,3.4,22,31.818181818181817,0.0,11,45.45454545454545,0.0,39,0.0,2.5641025641025643,18,0.0,0.0,40,0.0,5.0,22,0.0,0.0,24.0,3,6.0,3.0,1.0,3,5,6
20251202TMG03,2025-12-02,1C上,3.1,3.3,3.2,27,29.62962962962963,0.0,14,35.714285714285715,0.0,36,0.0,0.0,19,0.0,0.0,31,0.0,12.903225806451612,16,0.0,25.0,33.0,1,0.0,5.0,5.0,4,3,5
20251202TMG04,2025-12-02,1C上,2.8,3.8,2.5,24,33.333333333333336,0.0,13,46.15384615384615,0.0,26,0.0,0.0,13,0.0,0.0,47,0.0,6.382978723404255,16,0.0,6.25,28.0,2,4.0,5.0,5.0,1,6,5
20251202TMG05,2025-12-02,1C下,3.9,3.3,3.6,23,39.130434782608695,0.0,12,41.666666666666664,0.0,49,0.0,10.204081632653061,24,0.0,12.5,34,0.0,5.882352941176471,19,0.0,0.0,34.0,1,0.0,5.0,5.0,4,2,5
20251202TMG06,2025-12-02,1C下,3.3,3.1,3.0,20,60.0,0.0,10,60.0,0.0,33,0.0,3.0303030303030303,18,0.0,0.0,37,0.0,13.513513513513514,20,0.0,15.0,24.0,4,5.0,3.0,5.0,1,3,2
20251202TMG07,2025-12-02,1C上,2.0,3.3,3.4,38,47.36842105263158,0.0,23,47.82608695652174,0.0,36,0.0,16.666666666666668,15,0.0,20.0,28,0.0,0.0,14,0.0,0.0,34.0,1,0.0,5.0,4.0,1,5,4
20251202TMG08,2025-12-02,1C上,2.8,4.2,3.5,61,57.377049180327866,0.0,31,58.064516129032256,0.0,32,0.0,0.0,18,0.0,0.0,42,0.0,2.380952380952381,21,0.0,4.761904761904762,34.0,1,0.0,5.0,5.0,5,4,1
20251202TMG09,2025-12-02,1C上,2.7,3.5,2.9,44,52.27272727272727,0.0,24,58.333333333333336,0.0,39,0.0,0.0,21,0.0,0.0,31,0.0,3.225806451612903,21,0.0,4.761904761904762,36.0,1,0.0,5.0,5.0,1,5,6
20251202TMG10,2025-12-02,1C上,2.2,2.8,3.4,36,44.44444444444444,0.0,16,62.5,0.0,46,0.0,6.521739130434782,26,0.0,3.8461538461538463,40,0.0,5.0,22,0.0,0.0,30.0,1,0.0,5.0,5.0,1,2,4
20251202TMG11,2025-12-02,1C上,2.8,4.5,3.8,46,67.3913043478261,0.0,17,64.70588235294117,0.0,23,0.0,0.0,13,0.0,0.0,32,0.0,12.5,20,0.0,5.0,33.0,1,0.0,5.0,5.0,3,2,1
20251202TMG12,2025-12-02,1C下,3.6,2.9,2.8,44,72.72727272727273,0.0,18,66.66666666666667,0.0,31,0.0,12.903225806451612,16,0.0,12.5,47,0.0,19.148936170212767,24,0.0,20.833333333333332,26.0,2,6.0,2.0,5.0,4,1,3
20251203TMG02,2025-12-03,1C下,3.6,3.1,4.1,25,20.0,0.0,12,8.333333333333334,0.0,34,0.0,2.9411764705882355,18,0.0,0.0,38,0.0,7.894736842105263,16,0.0,12.5,21.0,5,17.0,2.0,2.0,2,1,4
20251203TMG03,2025-12-03,1C上,2.3,3.6,3.2,36,58.333333333333336,0.0,18,55.55555555555556,0.0,32,0.0,0.0,16,0.0,0.0,45,0.0,11.11111111111111,22,0.0,4.545454545454546,35.0,1,0.0,5.0,5.0,6,5,1
20251203TMG04,2025-12-03,1C上,2.7,3.2,3.0,53,52.83018867924528,0.0,19,42.10526315789474,0.0,31,0.0,0.0,15,0.0,0.0,48,0.0,20.833333333333332,24,0.0,20.833333333333332,29.0,2,1.0,4.0,5.0,3,5,1
20251203TMG06,2025-12-03,1C下,2.8,2.3,2.5,62,56.45161290322581,0.0,32,56.25,0.0,49,0.0,8.16326530612245,23,0.0,4.3478260869565215,48,0.0,20.833333333333332,27,0.0,18.51851851851852,34.0,1,0.0,4.0,5.0,1,2,3
20251203TMG07,2025-12-03,1C下,4.0,3.7,3.0,37,48.648648648648646,0.0,21,42.857142857142854,0.0,33,0.0,0.0,16,0.0,0.0,38,0.0,13.157894736842104,21,0.0,14.285714285714286,32.0,1,0.0,5.0,5.0,5,3,4
20251203TMG08,2025-12-03,1C上,2.5,4.4,2.8,63,69.84126984126983,0.0,36,75.0,0.0,30,0.0,3.3333333333333335,13,0.0,0.0,38,0.0,7.894736842105263,17,0.0,5.882352941176471,34.0,1,0.0,5.0,5.0,1,4,3
20251203TMG09,2025-12-03,1C上,2.7,3.3,3.4,45,53.333333333333336,0.0,25,60.0,0.0,50,0.0,10.0,25,0.0,12.0,35,0.0,11.428571428571429,13,0.0,23.076923076923077,36.0,1,0.0,5.0,5.0,1,3,5
20251203TMG10,2025-12-03,1C上,2.8,3.3,3.7,47,65.95744680851064,0.0,18,61.111111111111114,0.0,37,0.0,0.0,20,0.0,0.0,33,0.0,12.121212121212121,18,0.0,11.11111111111111,35.0,1,0.0,5.0,5.0,1,6,4
20251203TMG11,2025-12-03,1C上,2.4,2.9,3.0,63,68.25396825396825,0.0,35,65.71428571428571,0.0,40,0.0,2.5,19,0.0,0.0,38,0.0,13.157894736842104,21,0.0,14.285714285714286,31.0,3,5.0,5.0,4.0,3,5,6
20251210TMG01,2025-12-10,1C下,4.8,4.1,3.1,20,10.0,0.0,11,0.0,0.0,44,0.0,0.0,17,0.0,0.0,49,0.0,20.408163265306122,30,0.0,13.333333333333334,39.0,1,0.0,5.0,5.0,3,4,2
20251210TMG02,2025-12-10,1C上,2.8,4.7,3.0,32,31.25,0.0,15,33.333333333333336,0.0,44,0.0,2.272727272727273,23,0.0,0.0,42,0.0,16.666666666666668,20,0.0,20.0,22.0,5,12.0,4.0,1.0,4,5,3
20251210TMG03,2025-12-10,1C下,3.8,2.8,2.8,22,22.727272727272727,0.0,11,27.272727272727273,0.0,39,0.0,2.5641025641025643,21,0.0,4.761904761904762,36,0.0,11.11111111111111,18,0.0,5.555555555555555,31.0,2,3.0,5.0,5.0,2,1,4
20251210TMG04,2025-12-10,1C上,3.7,4.6,3.2,27,37.03703703703704,0.0,13,30.76923076923077,0.0,32,0.0,3.125,16,0.0,0.0,35,0.0,0.0,14,0.0,0.0,36.0,1,0.0,5.0,4.0,5,4,6
20251210TMG05,2025-12-10,1C上,2.8,3.5,3.0,26,23.076923076923077,0.0,13,23.076923076923077,0.0,35,0.0,8.571428571428571,16,0.0,18.75,36,0.0,16.666666666666668,23,0.0,21.73913043478261,24.0,2,1.0,3.0,1.0,4,2,3
20251210TMG06,2025-12-10,1C下,4.4,3.5,2.6,20,30.0,0.0,11,18.181818181818183,0.0,38,0.0,0.0,19,0.0,0.0,57,0.0,12.280701754385966,33,0.0,18.181818181818183,26.0,4,6.0,4.0,1.0,5,2,1
20251210TMG07,2025-12-10,1C上,3.3,3.6,2.9,54,51.851851851851855,0.0,27,51.851851851851855,0.0,32,0.0,0.0,19,0.0,0.0,37,0.0,0.0,19,0.0,0.0,32.0,1,0.0,3.0,5.0,1,4,2
20251210TMG08,2025-12-10,1C上,3.2,4.3,2.6,51,62.745098039215684,0.0,32,65.625,0.0,32,0.0,3.125,13,0.0,7.6923076923076925,37,0.0,18.91891891891892,19,0.0,15.789473684210526,26.0,4,5.0,2.0,5.0,3,5,2
20251210TMG10,2025-12-10,同じ,2.8,2.8,3.6,45,46.666666666666664,0.0,28,57.142857142857146,0.0,42,0.0,2.380952380952381,23,0.0,0.0,33,0.0,6.0606060606060606,16,0.0,0.0,30.0,2,4.0,5.0,1.0,1,2,5
20251210TMG11,2025-12-10,1C上,2.4,3.1,3.4,14,0.0,0.0,10,0.0,0.0,37,0.0,8.108108108108109,19,0.0,5.2631578947368425,40,0.0,12.5,17,0.0,5.882352941176471,32.0,1,0.0,4.0,5.0,5,4,6
20251210TMG12,2025-12-10,同じ,2.7,2.7,2.9,51,78.43137254901961,0.0,29,79.3103448275862,0.0,34,0.0,17.647058823529413,20,0.0,15.0,36,0.0,13.88888888888889,19,0.0,15.789473684210526,28.0,2,3.0,5.0,5.0,5,1,4
20251211TMG01,2025-12-11,1C上,3.1,4.3,2.6,23,43.47826086956522,0.0,10,40.0,0.0,34,0.0,5.882352941176471,15,0.0,6.666666666666667,22,0.0,18.181818181818183,12,0.0,25.0,38.0,1,0.0,5.0,5.0,1,5,2
20251211TMG02,2025-12-11,1C上,2.8,3.5,3.9,34,52.94117647058823,0.0,17,52.94117647058823,0.0,30,0.0,0.0,13,0.0,0.0,35,0.0,0.0,15,0.0,0.0,22.0,5,11.0,2.0,5.0,1,3,5
20251211TMG03,2025-12-11,1C上,3.3,3.6,3.2,13,23.076923076923077,0.0,3,33.333333333333336,0.0,25,0.0,8.0,16,0.0,12.5,29,0.0,6.896551724137931,15,0.0,13.333333333333334,30.0,1,0.0,5.0,5.0,4,3,6
20251211TMG04,2025-12-11,1C下,3.7,3.5,2.9,42,40.476190476190474,0.0,13,30.76923076923077,0.0,46,0.0,2.1739130434782608,22,0.0,4.545454545454546,36,0.0,16.666666666666668,19,0.0,10.526315789473685,32.0,1,0.0,5.0,1.0,1,2,5
20251211TMG05,2025-12-11,1C下,3.0,2.2,3.0,20,20.0,0.0,12,25.0,0.0,35,0.0,2.857142857142857,19,0.0,5.2631578947368425,37,0.0,32.432432432432435,20,0.0,30.0,34.0,1,0.0,5.0,5.0,1,2,3
20251211TMG06,2025-12-11,1C上,3.0,4.1,3.0,24,45.833333333333336,0.0,10,60.0,0.0,18,0.0,0.0,8,0.0,0.0,40,0.0,5.0,23,0.0,4.3478260869565215,31.0,1,0.0,5.0,5.0,5,3,6
20251211TMG08,2025-12-11,1C上,3.3,3.5,3.7,47,46.808510638297875,0.0,26,46.15384615384615,0.0,46,0.0,2.1739130434782608,22,0.0,4.545454545454546,24,0.0,0.0,16,0.0,0.0,22.0,5,6.0,2.0,4.0,2,4,1
20251211TMG09,2025-12-11,1C上,3.0,3.4,3.7,47,48.93617021276596,0.0,25,48.0,0.0,29,0.0,3.4482758620689653,13,0.0,0.0,27,0.0,7.407407407407407,14,0.0,14.285714285714286,36.0,1,0.0,5.0,5.0,1,2,3
20251211TMG10,2025-12-11,1C上,2.6,3.2,3.7,34,70.58823529411765,0.0,17,64.70588235294117,0.0,35,0.0,0.0,17,0.0,0.0,49,0.0,8.16326530612245,27,0.0,11.11111111111111,34.0,1,0.0,3.0,5.0,1,2,5
20251211TMG11,2025-12-11,1C上,2.0,2.9,2.6,53,69.81132075471699,0.0,22,63.63636363636363,0.0,49,0.0,2.0408163265306123,26,0.0,3.8461538461538463,51,0.0,9.803921568627452,22,0.0,4.545454545454546,36.0,1,0.0,5.0,5.0,1,2,3
20251211TMG12,2025-12-11,1C下,3.1,2.9,2.8,59,72.88135593220339,0.0,35,71.42857142857143,0.0,36,0.0,2.7777777777777777,17,0.0,0.0,40,0.0,7.5,23,0.0,8.695652173913043,24.0,3,6.0,2.0,5.0,1,2,3
20251212TMG01,2025-12-12,同じ,3.3,3.3,4.2,17,35.294117647058826,0.0,6,50.0,0.0,21,0.0,4.761904761904762,5,0.0,0.0,25,0.0,4.0,18,0.0,0.0,30.0,2,1.0,5.0,4.0,1,3,2
20251212TMG02,2025-12-12,1C下,2.8,2.6,3.7,46,39.130434782608695,0.0,18,33.333333333333336,0.0,28,0.0,7.142857142857143,15,0.0,13.333333333333334,25,0.0,0.0,17,0.0,0.0,25.0,2,4.0,5.0,4.0,1,4,2
20251212TMG03,2025-12-12,1C上,3.1,3.3,4.0,32,50.0,0.0,14,50.0,0.0,47,0.0,4.25531914893617,21,0.0,0.0,24,0.0,4.166666666666667,12,0.0,8.333333333333334,30.0,1,0.0,5.0,1.0,1,2,5
20251212TMG05,2025-12-12,1C上,3.2,5.0,2.6,31,22.580645161290324,0.0,17,23.529411764705884,0.0,25,0.0,0.0,9,0.0,0.0,58,0.0,12.068965517241379,34,0.0,17.647058823529413,23.0,4,9.0,5.0,1.0,3,6,1
20251212TMG06,2025-12-12,1C上,3.0,3.4,3.1,37,56.75675675675676,0.0,26,53.84615384615385,0.0,41,0.0,4.878048780487805,24,0.0,8.333333333333334,40,0.0,15.0,19,0.0,10.526315789473685,34.0,1,0.0,5.0,5.0,3,4,1
20251212TMG07,2025-12-12,同じ,2.5,2.5,3.1,31,61.29032258064516,0.0,18,61.111111111111114,0.0,32,0.0,6.25,16,0.0,12.5,31,0.0,9.67741935483871,14,0.0,0.0,26.0,2,3.0,2.0,5.0,4,3,5
20251212TMG08,2025-12-12,1C上,2.6,3.8,3.0,52,71.15384615384616,0.0,27,70.37037037037037,0.0,23,0.0,0.0,7,0.0,0.0,41,0.0,4.878048780487805,24,0.0,4.166666666666667,25.0,3,7.0,5.0,5.0,4,1,2
20251212TMG09,2025-12-12,1C上,2.8,3.2,3.3,39,56.41025641025641,0.0,21,61.904761904761905,0.0,46,0.0,2.1739130434782608,20,0.0,0.0,39,0.0,10.256410256410257,15,0.0,6.666666666666667,24.0,4,6.0,3.0,5.0,4,1,2
20251212TMG10,2025-12-12,同じ,2.9,2.9,3.2,45,66.66666666666667,0.0,23,65.21739130434783,0.0,41,0.0,7.317073170731708,22,0.0,9.090909090909092,30,0.0,6.666666666666667,16,0.0,12.5,32.0,1,0.0,5.0,5.0,1,4,5
20251212TMG11,2025-12-12,1C上,2.7,4.3,3.0,51,70.58823529411765,0.0,26,76.92307692307692,0.0,36,0.0,0.0,13,0.0,0.0,38,0.0,31.57894736842105,21,0.0,28.571428571428573,32.0,1,0.0,5.0,3.0,1,3,4
20251212TMG12,2025-12-12,1C上,2.4,3.5,3.0,68,75.0,0.0,35,80.0,0.0,43,0.0,0.0,23,0.0,0.0,34,0.0,23.529411764705884,16,0.0,37.5,36.0,1,0.0,5.0,4.0,1,2,5
20251213TMG01,2025-12-13,1C上,3.1,4.5,3.1,22,45.45454545454545,0.0,12,33.333333333333336,0.0,20,0.0,5.0,9,0.0,0.0,32,0.0,9.375,15,0.0,0.0,29.0,2,4.0,5.0,1.0,1,4,3
20251213TMG02,2025-12-13,1C下,3.1,2.9,2.6,22,27.272727272727273,0.0,13,30.76923076923077,0.0,41,0.0,7.317073170731708,23,0.0,8.695652173913043,59,0.0,11.864406779661017,35,0.0,17.142857142857142,31.0,1,0.0,5.0,5.0,1,3,2
20251213TMG03,2025-12-13,1C上,3.8,5.0,3.4,23,21.73913043478261,0.0,12,25.0,0.0,26,0.0,0.0,10,0.0,0.0,31,0.0,6.451612903225806,11,0.0,0.0,38.0,1,0.0,5.0,5.0,5,4,1
20251213TMG04,2025-12-13,1C下,3.7,3.3,3.9,28,35.714285714285715,0.0,13,30.76923076923077,0.0,22,0.0,4.545454545454546,5,0.0,0.0,40,0.0,5.0,18,0.0,5.555555555555555,36.0,1,0.0,4.0,5.0,1,2,5
20251213TMG05,2025-12-13,1C上,3.1,4.3,4.2,33,51.515151515151516,0.0,15,53.333333333333336,0.0,37,0.0,0.0,14,0.0,0.0,26,0.0,3.8461538461538463,19,0.0,0.0,28.0,2,2.0,3.0,3.0,1,6,3
20251213TMG07,2025-12-13,1C上,2.8,3.6,3.9,33,30.303030303030305,0.0,16,31.25,0.0,33,0.0,0.0,19,0.0,0.0,34,0.0,0.0,15,0.0,0.0,25.0,4,4.0,3.0,1.0,4,3,6
20251213TMG08,2025-12-13,1C上,3.3,4.6,3.4,54,51.851851851851855,0.0,28,53.57142857142857,0.0,33,0.0,3.0303030303030303,16,0.0,0.0,41,0.0,12.195121951219512,18,0.0,5.555555555555555,39.0,1,0.0,5.0,5.0,1,6,3
20251213TMG09,2025-12-13,1C上,3.2,4.1,3.7,52,61.53846153846154,0.0,33,63.63636363636363,0.0,19,0.0,0.0,9,0.0,0.0,26,0.0,0.0,18,0.0,0.0,34.0,1,0.0,3.0,5.0,1,4,3
20251213TMG10,2025-12-13,1C上,3.3,3.5,3.1,18,38.888888888888886,0.0,7,57.142857142857146,0.0,48,0.0,4.166666666666667,24,0.0,8.333333333333334,40,0.0,15.0,20,0.0,15.0,28.0,2,4.0,4.0,5.0,1,2,5
20251213TMG11,2025-12-13,1C上,2.0,3.7,3.0,53,69.81132075471699,0.0,23,65.21739130434783,0.0,44,0.0,2.272727272727273,24,0.0,0.0,39,0.0,30.76923076923077,22,0.0,27.272727272727273,34.0,1,0.0,5.0,5.0,1,2,5
20251213TMG12,2025-12-13,1C上,2.7,3.4,3.1,52,71.15384615384616,0.0,27,77.77777777777777,0.0,30,0.0,3.3333333333333335,14,0.0,0.0,50,0.0,22.0,30,0.0,16.666666666666668,31.0,1,0.0,5.0,5.0,1,3,4
20251214TMG01,2025-12-14,1C下,4.8,4.3,3.0,21,9.523809523809524,0.0,11,0.0,0.0,35,0.0,5.714285714285714,15,0.0,6.666666666666667,34,0.0,23.529411764705884,17,0.0,35.294117647058826,28.0,2,1.0,5.0,5.0,5,6,1
20251214TMG02,2025-12-14,1C下,3.8,3.7,2.8,24,20.833333333333332,0.0,12,25.0,0.0,33,0.0,6.0606060606060606,13,0.0,7.6923076923076925,38,0.0,7.894736842105263,16,0.0,12.5,20.0,5,12.0,2.0,2.0,2,5,4
20251214TMG03,2025-12-14,1C下,4.0,2.9,3.7,10,10.0,0.0,7,14.285714285714286,0.0,37,0.0,2.7027027027027026,18,0.0,0.0,28,0.0,7.142857142857143,15,0.0,13.333333333333334,30.0,1,0.0,3.0,5.0,1,3,5
20251214TMG04,2025-12-14,1C下,3.9,3.5,3.9,23,4.3478260869565215,0.0,11,9.090909090909092,0.0,45,0.0,0.0,25,0.0,0.0,40,0.0,5.0,19,0.0,5.2631578947368425,34.0,1,0.0,5.0,5.0,4,6,2
20251214TMG05,2025-12-14,1C上,2.8,3.4,3.9,40,55.0,0.0,22,59.09090909090909,0.0,42,0.0,4.761904761904762,25,0.0,8.0,38,0.0,2.6315789473684212,18,0.0,0.0,27.0,2,1.0,4.0,5.0,1,5,4
20251214TMG06,2025-12-14,1C上,3.2,3.5,3.8,53,62.264150943396224,0.0,34,64.70588235294117,0.0,35,0.0,8.571428571428571,17,0.0,17.647058823529413,23,0.0,13.043478260869565,13,0.0,7.6923076923076925,38.0,1,0.0,5.0,5.0,1,2,3
20251214TMG07,2025-12-14,1C下,3.7,2.6,2.9,32,40.625,0.0,21,42.857142857142854,0.0,29,0.0,6.896551724137931,16,0.0,12.5,37,0.0,13.513513513513514,20,0.0,15.0,31.0,1,0.0,4.0,4.0,2,3,1
20251214TMG08,2025-12-14,1C上,2.4,4.8,2.8,15,0.0,0.0,11,0.0,0.0,18,0.0,0.0,13,0.0,0.0,36,0.0,11.11111111111111,19,0.0,5.2631578947368425,30.0,1,0.0,5.0,5.0,3,5,4
20251214TMG09,2025-12-14,1C下,3.8,3.5,3.0,24,20.833333333333332,0.0,12,16.666666666666668,0.0,39,0.0,0.0,19,0.0,0.0,26,0.0,7.6923076923076925,5,0.0,0.0,32.0,1,0.0,5.0,5.0,4,5,1
20251214TMG10,2025-12-14,1C下,2.8,2.7,2.6,45,46.666666666666664,0.0,29,58.62068965517241,0.0,35,0.0,17.142857142857142,21,0.0,14.285714285714286,51,0.0,9.803921568627452,23,0.0,4.3478260869565215,28.0,3,2.0,4.0,5.0,1,4,3
20251214TMG11,2025-12-14,1C上,3.0,4.3,2.2,25,44.0,0.0,10,60.0,0.0,38,0.0,0.0,14,0.0,0.0,38,0.0,10.526315789473685,24,0.0,8.333333333333334,34.0,1,0.0,5.0,5.0,1,2,3
20251214TMG12,2025-12-14,1C下,2.7,2.1,4.0,53,71.69811320754717,0.0,28,78.57142857142857,0.0,47,0.0,8.51063829787234,25,0.0,16.0,29,0.0,3.4482758620689653,7,0.0,0.0,29.0,2,5.0,5.0,5.0,1,4,2
20251217TMG01,2025-12-17,1C上,2.1,2.5,3.7,31,38.70967741935484,0.0,12,25.0,0.0,39,0.0,2.5641025641025643,15,0.0,0.0,36,0.0,5.555555555555555,14,0.0,0.0,30.0,3,3.0,5.0,4.0,1,3,4
20251217TMG02,2025-12-17,1C上,2.3,3.4,2.9,38,71.05263157894737,0.0,11,72.72727272727273,0.0,43,0.0,2.3255813953488373,20,0.0,5.0,41,0.0,2.4390243902439024,19,0.0,0.0,30.0,2,3.0,5.0,5.0,5,1,6
20251217TMG03,2025-12-17,1C下,4.2,2.5,2.6,32,21.875,0.0,15,20.0,0.0,41,0.0,2.4390243902439024,23,0.0,0.0,28,0.0,17.857142857142858,13,0.0,23.076923076923077,20.0,4,14.0,4.0,1.0,2,3,1
20251217TMG04,2025-12-17,1C下,2.5,2.4,3.9,29,48.275862068965516,0.0,14,50.0,0.0,36,0.0,0.0,16,0.0,0.0,32,0.0,6.25,17,0.0,5.882352941176471,26.0,3,8.0,3.0,5.0,2,1,6
20251217TMG05,2025-12-17,1C上,2.5,3.3,3.8,35,57.142857142857146,0.0,20,50.0,0.0,40,0.0,0.0,20,0.0,0.0,40,0.0,0.0,21,0.0,0.0,32.0,1,0.0,5.0,5.0,1,2,4
20251217TMG06,2025-12-17,1C上,2.4,3.2,3.1,54,53.7037037037037,0.0,27,48.148148148148145,0.0,38,0.0,0.0,18,0.0,0.0,31,0.0,16.129032258064516,16,0.0,18.75,35.0,1,0.0,4.0,5.0,4,1,6
20251217TMG07,2025-12-17,同じ,3.1,3.1,2.7,45,57.77777777777778,0.0,23,52.17391304347826,0.0,38,0.0,0.0,21,0.0,0.0,46,0.0,21.73913043478261,28,0.0,14.285714285714286,36.0,1,0.0,5.0,5.0,1,3,5
20251217TMG08,2025-12-17,1C下,3.0,2.6,3.1,42,50.0,0.0,21,42.857142857142854,0.0,39,0.0,2.5641025641025643,24,0.0,4.166666666666667,33,0.0,6.0606060606060606,19,0.0,0.0,30.0,2,4.0,5.0,3.0,1,2,4
20251217TMG09,2025-12-17,1C上,2.8,3.9,2.3,48,66.66666666666667,0.0,24,66.66666666666667,0.0,25,0.0,4.0,7,0.0,0.0,44,0.0,13.636363636363637,15,0.0,6.666666666666667,30.0,1,0.0,4.0,4.0,1,5,2
20251217TMG10,2025-12-17,1C上,3.3,4.1,2.2,38,44.73684210526316,0.0,23,52.17391304347826,0.0,27,0.0,3.7037037037037037,16,0.0,6.25,29,0.0,6.896551724137931,12,0.0,8.333333333333334,34.0,1,0.0,5.0,5.0,1,2,5
20251217TMG11,2025-12-17,1C上,2.5,2.8,2.7,35,57.142857142857146,0.0,20,50.0,0.0,37,0.0,2.7027027027027026,20,0.0,0.0,38,0.0,7.894736842105263,22,0.0,9.090909090909092,24.0,5,8.0,4.0,2.0,1,3,2
20251217TMG12,2025-12-17,1C下,3.1,3.0,3.3,65,63.07692307692308,0.0,36,61.111111111111114,0.0,32,0.0,0.0,17,0.0,0.0,44,0.0,6.818181818181818,20,0.0,0.0,31.0,1,0.0,5.0,5.0,1,3,6
20251218TMG01,2025-12-18,1C上,3.3,4.4,3.8,24,54.166666666666664,0.0,12,33.333333333333336,0.0,34,0.0,2.9411764705882355,15,0.0,0.0,40,0.0,2.5,22,0.0,0.0,29.0,3,6.0,4.0,4.0,5,6,1
20251218TMG02,2025-12-18,1C上,2.9,3.6,3.0,20,45.0,0.0,10,40.0,0.0,36,0.0,5.555555555555555,16,0.0,0.0,50,0.0,12.0,23,0.0,8.695652173913043,25.0,4,5.0,2.0,1.0,1,4,2
20251218TMG03,2025-12-18,1C上,1.8,3.7,3.9,25,36.0,0.0,12,41.666666666666664,0.0,32,0.0,0.0,16,0.0,0.0,30,0.0,3.3333333333333335,12,0.0,0.0,30.0,3,3.0,4.0,5.0,1,6,5
20251218TMG04,2025-12-18,1C上,2.5,3.5,3.2,23,21.73913043478261,0.0,11,36.36363636363637,0.0,43,0.0,6.976744186046512,22,0.0,4.545454545454546,16,0.0,6.25,14,0.0,7.142857142857143,32.0,1,0.0,4.0,4.0,4,1,3
20251218TMG05,2025-12-18,1C上,3.1,3.6,3.1,29,41.37931034482759,0.0,14,42.857142857142854,0.0,23,0.0,0.0,9,0.0,0.0,34,0.0,8.823529411764707,21,0.0,9.523809523809524,38.0,1,0.0,5.0,5.0,1,4,2
20251218TMG06,2025-12-18,1C下,3.2,2.6,2.9,27,51.851851851851855,0.0,13,38.46153846153846,0.0,37,0.0,5.405405405405405,16,0.0,6.25,38,0.0,5.2631578947368425,21,0.0,9.523809523809524,25.0,2,7.0,4.0,1.0,2,1,5
20251218TMG07,2025-12-18,1C上,2.1,3.0,3.3,46,67.3913043478261,0.0,28,67.85714285714286,0.0,37,0.0,5.405405405405405,20,0.0,5.0,32,0.0,3.125,15,0.0,6.666666666666667,30.0,1,0.0,5.0,5.0,1,2,6
20251218TMG08,2025-12-18,同じ,3.5,3.5,3.8,43,51.16279069767442,0.0,20,50.0,0.0,43,0.0,6.976744186046512,22,0.0,4.545454545454546,39,0.0,2.5641025641025643,19,0.0,0.0,26.0,3,8.0,4.0,2.0,1,2,5
20251218TMG09,2025-12-18,1C下,3.2,3.1,4.0,52,69.23076923076923,0.0,30,76.66666666666667,0.0,39,0.0,7.6923076923076925,20,0.0,5.0,37,0.0,8.108108108108109,20,0.0,0.0,30.0,1,0.0,5.0,5.0,1,6,2
20251218TMG10,2025-12-18,1C下,3.1,2.4,3.4,43,67.44186046511628,0.0,25,64.0,0.0,39,0.0,12.820512820512821,19,0.0,5.2631578947368425,38,0.0,5.2631578947368425,19,0.0,5.2631578947368425,31.0,2,1.0,5.0,5.0,1,2,6
20251218TMG11,2025-12-18,同じ,2.2,2.2,3.0,57,80.70175438596492,0.0,28,82.14285714285714,0.0,94,0.0,13.829787234042554,57,0.0,8.771929824561404,50,0.0,12.0,23,0.0,8.695652173913043,32.0,1,0.0,5.0,5.0,1,3,4
20251218TMG12,2025-12-18,1C上,3.4,3.6,2.8,49,75.51020408163265,0.0,23,73.91304347826087,0.0,40,0.0,2.5,17,0.0,5.882352941176471,33,0.0,6.0606060606060606,17,0.0,5.882352941176471,38.0,1,0.0,5.0,5.0,4,1,2
20251219TMG01,2025-12-19,1C上,3.0,3.7,3.0,14,21.428571428571427,0.0,4,25.0,0.0,39,0.0,0.0,19,0.0,0.0,43,0.0,11.627906976744185,21,0.0,19.047619047619047,38.0,1,0.0,5.0,5.0,1,2,3
20251219TMG02,2025-12-19,1C上,2.9,3.2,2.9,36,33.333333333333336,0.0,20,25.0,0.0,42,0.0,0.0,19,0.0,0.0,31,0.0,16.129032258064516,14,0.0,21.428571428571427,38.0,1,0.0,5.0,5.0,1,4,3
20251219TMG03,2025-12-19,1C上,3.5,4.1,2.8,28,32.142857142857146,0.0,16,25.0,0.0,38,0.0,2.6315789473684212,21,0.0,4.761904761904762,34,0.0,5.882352941176471,18,0.0,5.555555555555555,36.0,1,0.0,4.0,5.0,6,4,2
20251219TMG04,2025-12-19,1C下,3.3,2.2,2.1,25,24.0,0.0,14,28.571428571428573,0.0,95,0.0,13.68421052631579,58,0.0,8.620689655172415,38,0.0,26.31578947368421,19,0.0,31.57894736842105,26.0,3,8.0,3.0,5.0,3,4,5
20251219TMG05,2025-12-19,同じ,2.6,2.6,2.4,31,64.51612903225806,0.0,16,75.0,0.0,38,0.0,0.0,17,0.0,0.0,37,0.0,13.513513513513514,19,0.0,10.526315789473685,33.0,1,0.0,4.0,5.0,1,4,2
20251219TMG06,2025-12-19,1C下,3.2,3.0,3.5,33,42.42424242424242,0.0,14,35.714285714285715,0.0,37,0.0,2.7027027027027026,17,0.0,0.0,28,0.0,14.285714285714286,15,0.0,13.333333333333334,35.0,1,0.0,5.0,5.0,5,6,3
20251219TMG07,2025-12-19,1C上,1.8,3.2,2.9,50,72.0,0.0,21,61.904761904761905,0.0,29,0.0,10.344827586206897,16,0.0,6.25,41,0.0,2.4390243902439024,20,0.0,0.0,28.0,2,4.0,3.0,5.0,1,4,2
20251219TMG08,2025-12-19,1C上,3.0,3.1,3.5,55,56.36363636363637,0.0,23,60.869565217391305,0.0,30,0.0,10.0,15,0.0,6.666666666666667,30,0.0,3.3333333333333335,14,0.0,0.0,34.0,2,1.0,4.0,5.0,4,1,6
20251219TMG09,2025-12-19,1C上,2.7,3.5,3.2,45,64.44444444444444,0.0,21,61.904761904761905,0.0,39,0.0,10.256410256410257,17,0.0,11.764705882352942,19,0.0,10.526315789473685,7,0.0,14.285714285714286,38.0,2,1.0,5.0,5.0,5,2,6
20251219TMG10,2025-12-19,1C上,2.0,3.4,2.9,53,56.60377358490566,0.0,24,50.0,0.0,40,0.0,0.0,19,0.0,0.0,38,0.0,18.42105263157895,18,0.0,16.666666666666668,28.0,1,0.0,3.0,5.0,4,5,3
20251219TMG11,2025-12-19,1C上,2.6,2.8,2.3,59,62.71186440677966,0.0,31,64.51612903225806,0.0,38,0.0,2.6315789473684212,20,0.0,0.0,47,0.0,8.51063829787234,24,0.0,8.333333333333334,33.0,1,0.0,5.0,5.0,1,2,4
20251219TMG12,2025-12-19,1C上,2.3,2.8,2.6,65,76.92307692307692,0.0,29,72.41379310344827,0.0,21,0.0,9.523809523809524,7,0.0,14.285714285714286,34,0.0,23.529411764705884,16,0.0,37.5,34.0,1,0.0,5.0,5.0,5,4,6
20251220TMG01,2025-12-20,1C上,3.3,4.9,3.4,19,36.8421052631579,0.0,7,42.857142857142854,0.0,32,0.0,0.0,18,0.0,0.0,39,0.0,5.128205128205129,20,0.0,5.0,29.0,1,0.0,5.0,5.0,4,3,2
20251220TMG02,2025-12-20,1C上,2.3,3.2,2.9,25,60.0,0.0,14,64.28571428571429,0.0,37,0.0,2.7027027027027026,20,0.0,5.0,32,0.0,9.375,14,0.0,7.142857142857143,25.0,3,5.0,5.0,1.0,1,2,4
20251220TMG03,2025-12-20,1C上,2.1,2.3,3.5,31,38.70967741935484,0.0,13,30.76923076923077,0.0,31,0.0,3.225806451612903,13,0.0,0.0,31,0.0,3.225806451612903,15,0.0,0.0,30.0,3,6.0,5.0,1.0,1,6,3
20251220TMG04,2025-12-20,1C上,3.0,4.7,3.6,15,26.666666666666668,0.0,5,40.0,0.0,24,0.0,0.0,15,0.0,0.0,48,0.0,16.666666666666668,28,0.0,17.857142857142858,31.0,1,0.0,5.0,5.0,1,5,4
20251220TMG05,2025-12-20,1C下,2.7,2.2,3.8,46,63.04347826086956,0.0,22,59.09090909090909,0.0,96,0.0,13.541666666666666,59,0.0,8.474576271186441,41,0.0,0.0,22,0.0,0.0,37.0,1,0.0,5.0,5.0,1,3,6
20251220TMG06,2025-12-20,1C上,2.4,3.1,2.6,54,51.851851851851855,0.0,28,46.42857142857143,0.0,31,0.0,9.67741935483871,16,0.0,6.25,37,0.0,2.7027027027027026,22,0.0,4.545454545454546,34.0,1,0.0,4.0,4.0,2,1,4
20251220TMG07,2025-12-20,1C上,3.0,3.5,2.9,45,55.55555555555556,0.0,28,53.57142857142857,0.0,45,0.0,6.666666666666667,24,0.0,4.166666666666667,31,0.0,19.35483870967742,17,0.0,11.764705882352942,32.0,1,0.0,5.0,5.0,3,1,5
20251220TMG08,2025-12-20,1C上,3.2,4.3,3.7,52,69.23076923076923,0.0,31,77.41935483870968,0.0,30,0.0,0.0,15,0.0,0.0,31,0.0,3.225806451612903,17,0.0,0.0,33.0,1,0.0,5.0,5.0,6,1,2
20251220TMG09,2025-12-20,1C上,2.6,3.3,2.5,60,63.333333333333336,0.0,31,64.51612903225806,0.0,31,0.0,0.0,16,0.0,0.0,43,0.0,6.976744186046512,24,0.0,8.333333333333334,37.0,1,0.0,5.0,5.0,1,3,6
20251220TMG10,2025-12-20,1C上,2.2,2.5,2.9,58,81.03448275862068,0.0,28,82.14285714285714,0.0,42,0.0,4.761904761904762,24,0.0,4.166666666666667,39,0.0,5.128205128205129,21,0.0,9.523809523809524,33.0,2,3.0,5.0,5.0,1,3,4
20251220TMG11,2025-12-20,1C下,3.4,2.2,2.4,50,74.0,0.0,24,70.83333333333333,0.0,96,0.0,13.541666666666666,59,0.0,8.474576271186441,38,0.0,13.157894736842104,20,0.0,10.0,37.0,1,0.0,5.0,4.0,4,1,6
20251220TMG12,2025-12-20,1C下,3.1,2.6,3.6,65,64.61538461538461,0.0,36,61.111111111111114,0.0,40,0.0,2.5,25,0.0,4.0,28,0.0,17.857142857142858,17,0.0,23.529411764705884,29.0,2,2.0,3.0,5.0,1,2,3
20251221TMG01,2025-12-21,1C上,2.3,3.7,2.3,26,61.53846153846154,0.0,15,66.66666666666667,0.0,24,0.0,0.0,15,0.0,0.0,44,0.0,13.636363636363637,15,0.0,6.666666666666667,28.0,2,3.0,4.0,5.0,1,3,5
20251221TMG02,2025-12-21,1C上,2.5,3.5,3.2,37,59.45945945945946,0.0,22,54.54545454545455,0.0,45,0.0,6.666666666666667,20,0.0,5.0,20,0.0,10.0,8,0.0,12.5,30.0,1,0.0,5.0,5.0,1,2,4
20251221TMG03,2025-12-21,1C上,2.3,3.9,2.8,39,69.23076923076923,0.0,12,66.66666666666667,0.0,33,0.0,3.0303030303030303,12,0.0,0.0,39,0.0,7.6923076923076925,20,0.0,10.0,32.0,1,0.0,5.0,5.0,1,4,6
20251221TMG04,2025-12-21,1C下,2.7,2.6,3.1,29,27.586206896551722,0.0,13,23.076923076923077,0.0,39,0.0,0.0,18,0.0,0.0,33,0.0,6.0606060606060606,20,0.0,0.0,24.0,3,11.0,4.0,4.0,3,4,2
20251221TMG05,2025-12-21,1C上,2.6,3.4,2.3,24,37.5,0.0,11,27.272727272727273,0.0,41,0.0,0.0,20,0.0,0.0,47,0.0,8.51063829787234,25,0.0,8.0,32.0,1,0.0,5.0,4.0,1,2,4
20251221TMG06,2025-12-21,1C上,2.3,3.6,2.1,66,75.75757575757575,0.0,29,68.96551724137932,0.0,41,0.0,2.4390243902439024,18,0.0,5.555555555555555,39,0.0,28.205128205128204,20,0.0,35.0,33.0,1,0.0,5.0,5.0,3,2,4
20251221TMG07,2025-12-21,1C下,3.4,2.2,3.1,23,26.08695652173913,0.0,13,23.076923076923077,0.0,37,0.0,0.0,17,0.0,0.0,35,0.0,8.571428571428571,22,0.0,9.090909090909092,30.0,2,6.0,5.0,5.0,4,2,1
20251221TMG08,2025-12-21,1C下,4.2,4.1,4.0,27,40.74074074074074,0.0,13,30.76923076923077,0.0,39,0.0,2.5641025641025643,22,0.0,4.545454545454546,36,0.0,8.333333333333334,21,0.0,0.0,27.0,2,5.0,4.0,2.0,1,6,2
20251221TMG09,2025-12-21,1C下,3.0,2.8,3.0,16,31.25,0.0,6,50.0,0.0,22,0.0,9.090909090909092,8,0.0,12.5,44,0.0,11.363636363636363,22,0.0,18.181818181818183,30.0,1,0.0,5.0,5.0,4,3,1
20251221TMG10,2025-12-21,1C上,2.9,3.1,3.5,23,26.08695652173913,0.0,8,37.5,0.0,31,0.0,6.451612903225806,17,0.0,5.882352941176471,29,0.0,13.793103448275861,16,0.0,12.5,31.0,1,0.0,5.0,5.0,4,5,6
20251221TMG11,2025-12-21,1C下,3.1,2.2,2.9,43,69.76744186046511,0.0,25,68.0,0.0,98,0.0,13.26530612244898,61,0.0,8.19672131147541,32,0.0,21.875,18,0.0,16.666666666666668,30.0,2,1.0,2.0,5.0,2,5,6
20251221TMG12,2025-12-21,1C下,3.1,2.4,2.4,66,65.15151515151516,0.0,36,63.888888888888886,0.0,37,0.0,0.0,17,0.0,0.0,42,0.0,14.285714285714286,28,0.0,10.714285714285714,30.0,1,0.0,5.0,5.0,4,2,3
20251226TMG01,2025-12-26,1C下,4.5,3.5,3.0,5,40.0,0.0,5,40.0,0.0,35,0.0,0.0,18,0.0,0.0,36,0.0,8.333333333333334,12,0.0,8.333333333333334,29.0,1,0.0,4.0,5.0,1,5,2
20251226TMG02,2025-12-26,1C上,2.3,3.5,3.4,43,39.53488372093023,0.0,25,28.0,0.0,33,0.0,6.0606060606060606,11,0.0,0.0,42,0.0,11.904761904761905,20,0.0,5.0,24.0,3,10.0,4.0,2.0,3,6,2
20251226TMG03,2025-12-26,1C上,2.7,4.5,3.0,41,46.34146341463415,0.0,17,35.294117647058826,0.0,31,0.0,0.0,15,0.0,0.0,26,0.0,0.0,9,0.0,0.0,30.0,2,3.0,5.0,5.0,1,2,4
20251226TMG04,2025-12-26,1C下,4.2,2.9,3.9,32,21.875,0.0,13,23.076923076923077,0.0,49,0.0,14.285714285714286,24,0.0,8.333333333333334,33,0.0,6.0606060606060606,17,0.0,0.0,22.0,5,4.0,2.0,4.0,5,6,1
20251226TMG05,2025-12-26,1C上,2.8,3.1,2.4,32,46.875,0.0,10,50.0,0.0,43,0.0,6.976744186046512,22,0.0,9.090909090909092,35,0.0,28.571428571428573,15,0.0,33.333333333333336,27.0,2,5.0,4.0,5.0,1,2,4
20251226TMG06,2025-12-26,1C上,2.6,3.9,4.1,25,28.0,0.0,10,30.0,0.0,28,0.0,7.142857142857143,14,0.0,7.142857142857143,42,0.0,2.380952380952381,20,0.0,0.0,34.0,1,0.0,5.0,5.0,1,3,2
20251226TMG07,2025-12-26,1C上,2.2,3.4,3.4,35,31.428571428571427,0.0,13,30.76923076923077,0.0,35,0.0,5.714285714285714,15,0.0,6.666666666666667,40,0.0,7.5,17,0.0,5.882352941176471,30.0,1,0.0,5.0,5.0,1,2,4
20251226TMG08,2025-12-26,同じ,3.5,3.5,4.0,51,54.90196078431372,0.0,29,58.62068965517241,0.0,33,0.0,0.0,11,0.0,0.0,31,0.0,6.451612903225806,14,0.0,0.0,23.0,4,3.0,3.0,1.0,2,1,5
20251226TMG09,2025-12-26,1C上,3.0,3.7,2.4,39,66.66666666666667,0.0,22,68.18181818181819,0.0,44,0.0,0.0,22,0.0,0.0,14,0.0,0.0,7,0.0,0.0,30.0,1,0.0,5.0,5.0,1,2,4
20251226TMG10,2025-12-26,1C上,2.0,3.2,4.0,54,83.33333333333333,0.0,26,84.61538461538461,0.0,34,0.0,11.764705882352942,14,0.0,14.285714285714286,34,0.0,5.882352941176471,18,0.0,5.555555555555555,34.0,1,0.0,5.0,5.0,1,6,2
20251226TMG11,2025-12-26,1C上,1.5,4.4,1.8,62,62.903225806451616,0.0,32,68.75,0.0,32,0.0,0.0,15,0.0,0.0,24,0.0,16.666666666666668,14,0.0,21.428571428571427,36.0,1,0.0,5.0,5.0,1,2,4
20251226TMG12,2025-12-26,1C上,2.3,2.8,3.6,46,73.91304347826087,0.0,14,64.28571428571429,0.0,38,0.0,7.894736842105263,17,0.0,0.0,38,0.0,13.157894736842104,17,0.0,0.0,36.0,1,0.0,5.0,4.0,1,2,4
20251227TMG01,2025-12-27,1C下,3.2,2.7,2.1,26,34.61538461538461,0.0,14,35.714285714285715,0.0,32,0.0,6.25,13,0.0,7.6923076923076925,32,0.0,9.375,8,0.0,25.0,25.0,3,5.0,2.0,5.0,3,5,6
20251227TMG02,2025-12-27,1C上,2.8,3.3,2.8,22,31.818181818181817,0.0,9,22.22222222222222,0.0,125,0.0,2.4,58,0.0,3.4482758620689653,39,0.0,5.128205128205129,19,0.0,5.2631578947368425,34.0,1,0.0,5.0,3.0,3,2,5
20251227TMG03,2025-12-27,1C上,2.9,3.5,2.4,34,50.0,0.0,15,66.66666666666667,0.0,36,0.0,5.555555555555555,18,0.0,5.555555555555555,38,0.0,10.526315789473685,20,0.0,5.0,32.0,1,0.0,5.0,5.0,1,2,3
20251227TMG04,2025-12-27,1C上,0.0,3.4,2.4,4,25.0,0.0,4,25.0,0.0,32,0.0,9.375,16,0.0,12.5,42,0.0,19.047619047619047,25,0.0,12.0,24.0,4,7.0,2.0,2.0,2,3,4
20251227TMG05,2025-12-27,同じ,3.8,3.8,3.7,27,40.74074074074074,0.0,14,35.714285714285715,0.0,39,0.0,5.128205128205129,20,0.0,5.0,37,0.0,13.513513513513514,19,0.0,15.789473684210526,34.0,1,0.0,5.0,5.0,1,2,4
20251227TMG07,2025-12-27,1C下,4.8,3.9,3.4,20,40.0,0.0,7,42.857142857142854,0.0,48,0.0,0.0,21,0.0,0.0,30,0.0,0.0,20,0.0,0.0,24.0,3,5.0,3.0,1.0,6,1,5
20251227TMG08,2025-12-27,1C上,2.1,3.3,2.9,55,83.63636363636364,0.0,24,83.33333333333333,0.0,125,0.0,2.4,58,0.0,3.4482758620689653,30,0.0,0.0,13,0.0,0.0,28.0,2,2.0,3.0,4.0,6,2,1
20251227TMG09,2025-12-27,1C上,2.8,3.5,2.2,45,55.55555555555556,0.0,22,63.63636363636363,0.0,32,0.0,0.0,17,0.0,0.0,25,0.0,8.0,7,0.0,14.285714285714286,29.0,2,3.0,4.0,5.0,2,1,4
20251227TMG10,2025-12-27,1C下,3.9,2.9,3.2,46,36.95652173913044,0.0,20,35.0,0.0,29,0.0,0.0,13,0.0,0.0,26,0.0,23.076923076923077,9,0.0,33.333333333333336,26.0,4,6.0,3.0,5.0,3,1,4
20251227TMG11,2025-12-27,1C下,1.8,0.0,3.2,60,76.66666666666667,0.0,27,74.07407407407408,0.0,6,0.0,16.666666666666668,6,0.0,16.666666666666668,32,0.0,12.5,17,0.0,17.647058823529413,36.0,1,0.0,4.0,5.0,1,2,4
20251227TMG12,2025-12-27,1C下,2.8,2.6,3.0,48,70.83333333333333,0.0,18,72.22222222222223,0.0,48,0.0,6.25,23,0.0,8.695652173913043,35,0.0,8.571428571428571,18,0.0,16.666666666666668,34.0,1,0.0,5.0,5.0,1,4,5
20251228TMG01,2025-12-28,1C下,3.4,3.3,3.4,17,23.529411764705884,0.0,12,25.0,0.0,127,0.0,2.3622047244094486,60,0.0,3.3333333333333335,39,0.0,7.6923076923076925,20,0.0,15.0,34.0,1,0.0,5.0,5.0,5,2,4
20251228TMG02,2025-12-28,1C上,2.6,4.2,4.2,30,30.0,0.0,15,26.666666666666668,0.0,35,0.0,2.857142857142857,19,0.0,5.2631578947368425,33,0.0,3.0303030303030303,15,0.0,6.666666666666667,27.0,3,9.0,3.0,1.0,4,5,1
20251228TMG04,2025-12-28,1C下,3.5,2.6,3.9,19,10.526315789473685,0.0,9,11.11111111111111,0.0,20,0.0,5.0,8,0.0,12.5,32,0.0,3.125,14,0.0,7.142857142857143,25.0,3,2.0,3.0,5.0,4,5,6
20251228TMG05,2025-12-28,1C上,3.1,3.3,2.8,33,39.39393939393939,0.0,18,44.44444444444444,0.0,40,0.0,5.0,14,0.0,7.142857142857143,39,0.0,7.6923076923076925,20,0.0,10.0,25.0,4,5.0,3.0,5.0,2,1,6
20251228TMG06,2025-12-28,1C上,3.1,4.5,2.3,33,30.303030303030305,0.0,20,40.0,0.0,10,0.0,0.0,10,0.0,0.0,33,0.0,9.090909090909092,15,0.0,13.333333333333334,37.0,1,0.0,5.0,5.0,1,2,5
20251228TMG08,2025-12-28,1C下,5.1,4.0,3.6,13,0.0,0.0,7,0.0,0.0,43,0.0,4.651162790697675,22,0.0,4.545454545454546,32,0.0,9.375,15,0.0,0.0,31.0,2,9.0,5.0,4.0,2,4,5
20251228TMG09,2025-12-28,1C上,2.3,3.3,4.3,27,22.22222222222222,0.0,12,16.666666666666668,0.0,21,0.0,4.761904761904762,12,0.0,8.333333333333334,13,0.0,0.0,7,0.0,0.0,34.0,1,0.0,5.0,5.0,1,2,4
20251228TMG10,2025-12-28,1C下,2.3,2.1,2.7,31,67.74193548387096,0.0,10,70.0,0.0,31,0.0,3.225806451612903,15,0.0,0.0,41,0.0,9.75609756097561,22,0.0,18.181818181818183,32.0,2,2.0,5.0,5.0,1,3,4
20251228TMG11,2025-12-28,1C上,3.2,3.9,2.6,46,63.04347826086956,0.0,22,54.54545454545455,0.0,19,0.0,10.526315789473685,7,0.0,28.571428571428573,46,0.0,30.434782608695652,15,0.0,20.0,31.0,1,0.0,3.0,5.0,1,4,2
20251228TMG12,2025-12-28,1C下,2.9,2.4,4.7,60,55.0,0.0,25,60.0,0.0,41,0.0,9.75609756097561,13,0.0,7.6923076923076925,36,0.0,2.7777777777777777,17,0.0,5.882352941176471,28.0,3,8.0,5.0,5.0,4,1,3
20251229TMG01,2025-12-29,1C上,2.5,3.0,4.1,21,47.61904761904762,0.0,11,63.63636363636363,0.0,30,0.0,6.666666666666667,16,0.0,6.25,42,0.0,2.380952380952381,21,0.0,0.0,32.0,1,0.0,5.0,5.0,2,1,6
20251229TMG02,2025-12-29,1C上,0.0,2.6,3.0,4,25.0,0.0,4,25.0,0.0,49,0.0,6.122448979591836,23,0.0,8.695652173913043,37,0.0,8.108108108108109,13,0.0,7.6923076923076925,35.0,1,0.0,5.0,5.0,1,5,3
20251229TMG03,2025-12-29,1C上,2.7,4.4,2.7,31,35.483870967741936,0.0,16,37.5,0.0,33,0.0,0.0,16,0.0,0.0,39,0.0,20.512820512820515,19,0.0,15.789473684210526,25.0,3,13.0,4.0,2.0,1,5,2
20251229TMG04,2025-12-29,1C上,3.4,3.7,2.7,33,39.39393939393939,0.0,13,30.76923076923077,0.0,44,0.0,0.0,23,0.0,0.0,28,0.0,7.142857142857143,15,0.0,13.333333333333334,28.0,2,6.0,5.0,5.0,2,3,1
20251229TMG05,2025-12-29,1C上,2.9,3.5,2.7,29,31.03448275862069,0.0,17,35.294117647058826,0.0,33,0.0,6.0606060606060606,11,0.0,0.0,41,0.0,9.75609756097561,23,0.0,17.391304347826086,31.0,1,0.0,4.0,5.0,2,4,1
20251229TMG06,2025-12-29,1C下,3.9,3.4,2.9,28,25.0,0.0,17,29.41176470588235,0.0,36,0.0,5.555555555555555,15,0.0,6.666666666666667,41,0.0,12.195121951219512,17,0.0,11.764705882352942,32.0,2,2.0,5.0,5.0,1,3,2
20251229TMG07,2025-12-29,1C上,3.2,3.3,3.2,33,15.151515151515152,0.0,15,13.333333333333334,0.0,126,0.0,2.380952380952381,61,0.0,3.278688524590164,27,0.0,25.925925925925927,10,0.0,40.0,34.0,2,4.0,5.0,5.0,3,1,2
20251229TMG08,2025-12-29,1C上,2.6,3.9,3.6,42,50.0,0.0,23,56.52173913043478,0.0,29,0.0,3.4482758620689653,14,0.0,0.0,38,0.0,13.157894736842104,18,0.0,0.0,36.0,1,0.0,5.0,4.0,1,3,4
20251229TMG09,2025-12-29,1C下,2.0,1.0,3.7,53,84.90566037735849,0.0,27,85.18518518518519,0.0,6,0.0,0.0,5,0.0,0.0,38,0.0,13.157894736842104,20,0.0,15.0,33.0,2,2.0,5.0,5.0,3,4,1
20251229TMG11,2025-12-29,1C上,2.8,3.1,3.7,49,71.42857142857143,0.0,18,72.22222222222223,0.0,44,0.0,6.818181818181818,23,0.0,8.695652173913043,28,0.0,0.0,17,0.0,0.0,31.0,1,0.0,5.0,5.0,2,1,3
20251229TMG12,2025-12-29,1C上,2.3,2.9,0.0,47,74.46808510638297,0.0,14,71.42857142857143,0.0,49,0.0,14.285714285714286,24,0.0,8.333333333333334,4,0.0,0.0,4,0.0,0.0,36.0,1,0.0,5.0,5.0,1,4,3
20251230TMG01,2025-12-30,1C下,4.2,3.5,3.0,32,21.875,0.0,14,21.428571428571427,0.0,36,0.0,0.0,19,0.0,0.0,46,0.0,15.217391304347826,22,0.0,18.181818181818183,20.0,5,12.0,2.0,1.0,1,3,2
20251230TMG02,2025-12-30,1C上,3.9,4.5,2.4,29,27.586206896551722,0.0,18,33.333333333333336,0.0,11,0.0,0.0,11,0.0,0.0,39,0.0,10.256410256410257,21,0.0,4.761904761904762,25.0,4,5.0,3.0,3.0,1,2,5
20251230TMG04,2025-12-30,1C下,3.5,3.4,2.9,51,52.94117647058823,0.0,28,60.714285714285715,0.0,33,0.0,12.121212121212121,17,0.0,17.647058823529413,31,0.0,0.0,13,0.0,0.0,28.0,2,4.0,4.0,2.0,4,2,5
20251230TMG06,2025-12-30,1C下,3.2,2.9,2.4,47,63.829787234042556,0.0,23,56.52173913043478,0.0,30,0.0,0.0,14,0.0,0.0,36,0.0,27.77777777777778,16,0.0,31.25,32.0,1,0.0,3.0,5.0,1,6,3
20251230TMG09,2025-12-30,1C上,3.9,4.5,3.3,46,34.78260869565217,0.0,20,35.0,0.0,32,0.0,0.0,16,0.0,0.0,27,0.0,3.7037037037037037,13,0.0,7.6923076923076925,30.0,1,0.0,4.0,4.0,2,1,5
20251230TMG10,2025-12-30,1C上,2.6,4.0,3.0,25,32.0,0.0,11,36.36363636363637,0.0,44,0.0,6.818181818181818,22,0.0,9.090909090909092,38,0.0,7.894736842105263,14,0.0,7.142857142857143,32.0,2,6.0,4.0,5.0,1,5,3
20251230TMG11,2025-12-30,1C上,2.9,3.7,2.6,62,54.83870967741935,0.0,27,59.25925925925926,0.0,45,0.0,2.2222222222222223,24,0.0,4.166666666666667,47,0.0,29.78723404255319,16,0.0,18.75,30.0,2,2.0,5.0,5.0,3,1,6
20251230TMG12,2025-12-30,1C上,2.3,3.5,0.0,48,75.0,0.0,15,73.33333333333333,0.0,34,0.0,8.823529411764707,12,0.0,8.333333333333334,5,0.0,0.0,5,0.0,0.0,34.0,1,0.0,5.0,5.0,1,5,2
20251231TMG01,2025-12-31,1C上,2.2,3.3,4.2,36,33.333333333333336,0.0,13,38.46153846153846,0.0,22,0.0,4.545454545454546,13,0.0,7.6923076923076925,34,0.0,2.9411764705882355,16,0.0,6.25,31.0,1,0.0,5.0,5.0,1,6,3
20251231TMG02,2025-12-31,1C上,0.0,4.5,4.0,5,40.0,0.0,5,40.0,0.0,33,0.0,0.0,17,0.0,0.0,32,0.0,6.25,15,0.0,0.0,36.0,1,0.0,5.0,5.0,3,2,5
20251231TMG03,2025-12-31,1C上,3.1,3.4,3.0,34,29.41176470588235,0.0,21,38.095238095238095,0.0,31,0.0,3.225806451612903,13,0.0,7.6923076923076925,27,0.0,0.0,11,0.0,0.0,38.0,1,0.0,5.0,5.0,1,3,6
20251231TMG04,2025-12-31,1C上,3.2,4.0,3.6,26,30.76923076923077,0.0,15,33.333333333333336,0.0,45,0.0,6.666666666666667,23,0.0,8.695652173913043,32,0.0,9.375,16,0.0,0.0,27.0,3,11.0,4.0,5.0,2,6,4
20251231TMG07,2025-12-31,1C下,4.8,4.0,2.9,20,40.0,0.0,8,37.5,0.0,37,0.0,2.7027027027027026,18,0.0,5.555555555555555,32,0.0,0.0,14,0.0,0.0,32.0,1,0.0,4.0,5.0,1,4,2
20251231TMG08,2025-12-31,1C上,2.8,3.4,2.4,45,55.55555555555556,0.0,23,60.869565217391305,0.0,14,0.0,0.0,8,0.0,0.0,37,0.0,27.027027027027028,17,0.0,29.41176470588235,25.0,3,6.0,3.0,5.0,1,3,4
20251231TMG09,2025-12-31,1C下,3.9,2.6,3.3,47,34.04255319148936,0.0,21,33.333333333333336,0.0,50,0.0,6.0,24,0.0,8.333333333333334,32,0.0,15.625,17,0.0,23.529411764705884,30.0,3,4.0,5.0,2.0,1,2,6
20251231TMG10,2025-12-31,1C上,2.9,3.7,3.9,35,51.42857142857143,0.0,16,68.75,0.0,46,0.0,2.1739130434782608,25,0.0,4.0,34,0.0,2.9411764705882355,16,0.0,6.25,28.0,2,4.0,5.0,2.0,2,5,4
20251231TMG11,2025-12-31,1C上,2.3,3.9,2.4,32,68.75,0.0,11,72.72727272727273,0.0,29,0.0,6.896551724137931,15,0.0,6.666666666666667,40,0.0,10.0,22,0.0,4.545454545454546,38.0,1,0.0,5.0,5.0,1,3,2
20251231TMG12,2025-12-31,1C下,2.3,2.1,2.6,49,75.51020408163265,0.0,16,75.0,0.0,32,0.0,3.125,16,0.0,0.0,48,0.0,31.25,17,0.0,23.529411764705884,38.0,1,0.0,5.0,5.0,3,2,4
20260103TMG01,2026-01-03,1C上,3.7,3.9,2.9,39,46.15384615384615,0.0,10,30.0,0.0,23,0.0,0.0,11,0.0,0.0,35,0.0,8.571428571428571,17,0.0,5.882352941176471,30.0,2,2.0,3.0,4.0,5,4,1
20260103TMG02,2026-01-03,1C下,3.6,2.7,2.2,25,48.0,0.0,13,53.84615384615385,0.0,28,0.0,0.0,16,0.0,0.0,44,0.0,11.363636363636363,17,0.0,5.882352941176471,29.0,1,0.0,5.0,5.0,4,6,2
20260103TMG03,2026-01-03,1C下,4.3,3.3,2.9,32,28.125,0.0,15,26.666666666666668,0.0,36,0.0,2.7777777777777777,19,0.0,5.2631578947368425,38,0.0,2.6315789473684212,22,0.0,0.0,31.0,2,3.0,4.0,5.0,1,2,5
20260103TMG04,2026-01-03,1C上,2.6,4.4,2.3,32,34.375,0.0,15,40.0,0.0,31,0.0,0.0,15,0.0,0.0,46,0.0,23.91304347826087,25,0.0,24.0,24.0,4,8.0,2.0,5.0,6,3,1
20260103TMG05,2026-01-03,1C下,3.8,2.9,2.8,32,40.625,0.0,18,50.0,0.0,38,0.0,5.2631578947368425,16,0.0,6.25,46,0.0,13.043478260869565,21,0.0,4.761904761904762,34.0,1,0.0,5.0,5.0,2,3,1
20260103TMG06,2026-01-03,1C上,2.3,3.0,3.0,38,65.78947368421052,0.0,13,61.53846153846154,0.0,37,0.0,0.0,19,0.0,0.0,29,0.0,3.4482758620689653,15,0.0,0.0,37.0,1,0.0,5.0,5.0,1,3,4
20260103TMG07,2026-01-03,1C上,2.1,3.0,3.5,65,69.23076923076923,0.0,32,62.5,0.0,43,0.0,0.0,20,0.0,0.0,42,0.0,7.142857142857143,22,0.0,9.090909090909092,36.0,1,0.0,5.0,5.0,1,2,6
20260103TMG08,2026-01-03,1C上,2.6,3.2,2.6,49,67.34693877551021,0.0,27,59.25925925925926,0.0,37,0.0,2.7027027027027026,18,0.0,0.0,36,0.0,41.666666666666664,20,0.0,35.0,38.0,1,0.0,5.0,5.0,1,5,4
20260103TMG09,2026-01-03,1C上,2.5,2.6,3.2,62,54.83870967741935,0.0,33,57.57575757575758,0.0,41,0.0,2.4390243902439024,26,0.0,3.8461538461538463,36,0.0,25.0,21,0.0,19.047619047619047,33.0,1,0.0,5.0,4.0,1,6,4
20260103TMG10,2026-01-03,1C下,3.3,3.2,3.3,44,54.54545454545455,0.0,25,68.0,0.0,29,0.0,6.896551724137931,10,0.0,0.0,42,0.0,16.666666666666668,18,0.0,33.333333333333336,35.0,1,0.0,4.0,5.0,1,5,3
20260103TMG12,2026-01-03,同じ,2.1,2.1,2.5,60,61.666666666666664,0.0,31,54.83870967741935,0.0,39,0.0,5.128205128205129,21,0.0,4.761904761904762,25,0.0,20.0,16,0.0,25.0,33.0,1,0.0,3.0,5.0,1,3,2
20260104TMG01,2026-01-04,1C上,2.3,3.6,3.4,33,42.42424242424242,0.0,15,40.0,0.0,37,0.0,5.405405405405405,18,0.0,0.0,37,0.0,0.0,19,0.0,0.0,33.0,1,0.0,5.0,5.0,1,2,5
20260104TMG02,2026-01-04,1C下,3.9,2.8,2.7,18,38.888888888888886,0.0,9,44.44444444444444,0.0,21,0.0,4.761904761904762,6,0.0,0.0,26,0.0,15.384615384615385,16,0.0,6.25,30.0,2,5.0,3.0,5.0,2,4,6
20260104TMG03,2026-01-04,1C上,2.4,4.4,2.0,28,39.285714285714285,0.0,15,33.333333333333336,0.0,33,0.0,0.0,18,0.0,0.0,40,0.0,17.5,25,0.0,20.0,30.0,2,2.0,4.0,5.0,1,4,5
20260104TMG04,2026-01-04,1C下,3.1,2.8,2.6,24,41.666666666666664,0.0,12,50.0,0.0,39,0.0,0.0,18,0.0,0.0,39,0.0,20.512820512820515,19,0.0,26.31578947368421,20.0,4,12.0,3.0,3.0,3,5,6
20260104TMG05,2026-01-04,1C上,2.8,5.7,3.1,36,69.44444444444444,0.0,18,61.111111111111114,0.0,15,0.0,0.0,6,0.0,0.0,50,0.0,20.0,28,0.0,17.857142857142858,34.0,1,0.0,3.0,5.0,1,3,5
20260104TMG06,2026-01-04,1C上,3.2,4.6,3.5,51,64.70588235294117,0.0,20,70.0,0.0,39,0.0,0.0,20,0.0,0.0,31,0.0,12.903225806451612,15,0.0,6.666666666666667,34.0,1,0.0,5.0,5.0,1,6,3
20260104TMG07,2026-01-04,1C上,2.1,3.6,4.0,47,68.08510638297872,0.0,28,67.85714285714286,0.0,29,0.0,3.4482758620689653,15,0.0,6.666666666666667,38,0.0,0.0,21,0.0,0.0,33.0,1,0.0,5.0,5.0,1,5,6
20260104TMG08,2026-01-04,1C下,3.2,3.1,3.2,23,34.78260869565217,0.0,9,44.44444444444444,0.0,57,0.0,1.7543859649122806,24,0.0,0.0,35,0.0,8.571428571428571,17,0.0,11.764705882352942,32.0,1,0.0,4.0,5.0,1,5,2
20260104TMG09,2026-01-04,1C下,2.8,2.1,3.9,41,56.09756097560975,0.0,22,50.0,0.0,52,0.0,9.615384615384615,24,0.0,16.666666666666668,41,0.0,7.317073170731708,16,0.0,0.0,20.0,5,15.0,4.0,1.0,3,1,6
20260104TMG10,2026-01-04,1C下,4.3,2.4,3.3,28,39.285714285714285,0.0,11,36.36363636363637,0.0,31,0.0,6.451612903225806,14,0.0,14.285714285714286,35,0.0,2.857142857142857,17,0.0,5.882352941176471,31.0,1,0.0,5.0,1.0,5,2,6
20260104TMG11,2026-01-04,1C上,2.7,3.5,2.6,50,70.0,0.0,23,65.21739130434783,0.0,43,0.0,2.3255813953488373,21,0.0,4.761904761904762,34,0.0,11.764705882352942,17,0.0,11.764705882352942,30.0,1,0.0,4.0,5.0,1,5,3
20260104TMG12,2026-01-04,1C上,2.2,3.8,2.6,34,67.6470588235294,0.0,22,68.18181818181819,0.0,42,0.0,2.380952380952381,23,0.0,0.0,41,0.0,7.317073170731708,14,0.0,7.142857142857143,31.0,2,2.0,5.0,5.0,1,5,2
20260105TMG01,2026-01-05,1C上,2.8,3.6,4.7,39,46.15384615384615,0.0,17,35.294117647058826,0.0,31,0.0,0.0,17,0.0,0.0,13,0.0,0.0,10,0.0,0.0,30.0,1,0.0,3.0,5.0,3,1,4
20260105TMG03,2026-01-05,1C上,1.7,3.1,3.1,37,51.351351351351354,0.0,16,43.75,0.0,15,0.0,0.0,12,0.0,0.0,42,0.0,16.666666666666668,15,0.0,6.666666666666667,28.0,1,0.0,5.0,1.0,3,2,4
20260105TMG04,2026-01-05,1C上,2.6,3.8,2.0,39,56.41025641025641,0.0,14,57.142857142857146,0.0,35,0.0,5.714285714285714,18,0.0,0.0,26,0.0,7.6923076923076925,15,0.0,6.666666666666667,32.0,1,0.0,5.0,5.0,1,4,6
20260105TMG05,2026-01-05,1C上,2.8,2.9,3.7,44,54.54545454545455,0.0,21,76.19047619047619,0.0,32,0.0,15.625,24,0.0,20.833333333333332,33,0.0,0.0,15,0.0,0.0,36.0,1,0.0,4.0,5.0,1,2,4
20260105TMG06,2026-01-05,1C上,2.3,4.0,2.6,29,41.37931034482759,0.0,13,61.53846153846154,0.0,32,0.0,9.375,15,0.0,13.333333333333334,34,0.0,17.647058823529413,19,0.0,10.526315789473685,32.0,1,0.0,5.0,5.0,1,3,6
20260105TMG07,2026-01-05,1C上,2.2,3.3,3.3,40,52.5,0.0,16,37.5,0.0,50,0.0,4.0,20,0.0,10.0,29,0.0,3.4482758620689653,12,0.0,0.0,30.0,1,0.0,5.0,5.0,1,5,6
20260105TMG09,2026-01-05,1C上,3.0,4.2,2.4,43,44.18604651162791,0.0,18,44.44444444444444,0.0,32,0.0,6.25,13,0.0,7.6923076923076925,41,0.0,7.317073170731708,21,0.0,4.761904761904762,36.0,1,0.0,5.0,5.0,1,6,5
20260105TMG10,2026-01-05,1C上,3.4,4.1,2.9,54,64.81481481481481,0.0,27,66.66666666666667,0.0,32,0.0,3.125,16,0.0,0.0,40,0.0,12.5,20,0.0,10.0,29.0,1,0.0,5.0,5.0,1,3,5
20260105TMG11,2026-01-05,1C上,2.8,4.2,2.8,37,70.27027027027027,0.0,23,78.26086956521739,0.0,40,0.0,5.0,27,0.0,3.7037037037037037,44,0.0,13.636363636363637,24,0.0,12.5,25.0,2,1.0,3.0,5.0,2,6,4
20260105TMG12,2026-01-05,1C上,1.7,3.8,2.3,57,66.66666666666667,0.0,31,77.41935483870968,0.0,25,0.0,0.0,11,0.0,0.0,34,0.0,14.705882352941176,17,0.0,23.529411764705884,30.0,1,0.0,5.0,5.0,3,1,4
20260106TMG01,2026-01-06,1C上,3.0,3.7,3.2,9,22.22222222222222,0.0,6,33.333333333333336,0.0,35,0.0,0.0,21,0.0,0.0,40,0.0,10.0,20,0.0,5.0,26.0,4,6.0,3.0,5.0,4,5,6
20260106TMG02,2026-01-06,1C上,2.8,3.7,3.5,20,35.0,0.0,13,30.76923076923077,0.0,34,0.0,0.0,12,0.0,0.0,38,0.0,10.526315789473685,13,0.0,0.0,36.0,1,0.0,5.0,5.0,1,6,3
20260106TMG03,2026-01-06,1C上,3.2,4.4,2.3,22,31.818181818181817,0.0,11,27.272727272727273,0.0,29,0.0,3.4482758620689653,13,0.0,0.0,35,0.0,17.142857142857142,18,0.0,27.77777777777778,25.0,4,6.0,2.0,5.0,4,6,3
20260106TMG04,2026-01-06,1C上,2.3,3.4,2.9,33,42.42424242424242,0.0,16,43.75,0.0,30,0.0,0.0,16,0.0,0.0,41,0.0,12.195121951219512,21,0.0,9.523809523809524,30.0,2,2.0,3.0,5.0,1,5,3
20260106TMG05,2026-01-06,1C上,3.1,4.4,3.8,29,17.24137931034483,0.0,12,25.0,0.0,33,0.0,0.0,19,0.0,0.0,32,0.0,12.5,14,0.0,14.285714285714286,30.0,2,2.0,3.0,5.0,1,5,4
20260106TMG06,2026-01-06,1C下,3.7,2.6,2.6,27,33.333333333333336,0.0,12,33.333333333333336,0.0,25,0.0,0.0,12,0.0,0.0,41,0.0,7.317073170731708,17,0.0,5.882352941176471,24.0,3,9.0,2.0,5.0,1,3,
20260106TMG07,2026-01-06,1C下,2.8,2.6,2.7,44,54.54545454545455,0.0,22,77.27272727272727,0.0,41,0.0,2.4390243902439024,27,0.0,3.7037037037037037,27,0.0,14.814814814814815,17,0.0,5.882352941176471,31.0,2,7.0,4.0,4.0,1,2,4
20260106TMG08,2026-01-06,1C下,3.3,2.7,2.4,45,55.55555555555556,0.0,26,69.23076923076923,0.0,29,0.0,0.0,16,0.0,0.0,33,0.0,12.121212121212121,16,0.0,0.0,30.0,2,2.0,3.0,5.0,1,6,2
20260106TMG09,2026-01-06,1C下,3.0,2.8,3.2,43,46.51162790697674,0.0,19,47.36842105263158,0.0,30,0.0,0.0,15,0.0,0.0,36,0.0,22.22222222222222,22,0.0,18.181818181818183,33.0,1,0.0,5.0,3.0,1,3,2
20260106TMG10,2026-01-06,1C上,2.5,3.8,2.6,62,56.45161290322581,0.0,34,58.8235294117647,0.0,42,0.0,2.380952380952381,23,0.0,0.0,40,0.0,20.0,20,0.0,25.0,28.0,3,2.0,4.0,5.0,1,4,3
20260106TMG11,2026-01-06,1C上,2.7,4.1,2.6,50,72.0,0.0,24,66.66666666666667,0.0,27,0.0,0.0,11,0.0,0.0,35,0.0,17.142857142857142,20,0.0,10.0,26.0,3,2.0,3.0,5.0,1,3,4
20260106TMG12,2026-01-06,1C上,2.2,3.6,3.0,34,67.6470588235294,0.0,23,69.56521739130434,0.0,38,0.0,5.2631578947368425,19,0.0,0.0,29,0.0,17.24137931034483,15,0.0,20.0,25.0,3,3.0,2.0,4.0,3,4,2
20260107TMG01,2026-01-07,1C下,4.1,3.0,3.9,25,24.0,0.0,9,22.22222222222222,0.0,43,0.0,0.0,20,0.0,0.0,28,0.0,3.5714285714285716,8,0.0,0.0,26.0,3,8.0,4.0,1.0,4,5,2
20260107TMG02,2026-01-07,1C下,4.4,3.7,3.5,28,25.0,0.0,12,41.666666666666664,0.0,29,0.0,0.0,15,0.0,0.0,42,0.0,7.142857142857143,22,0.0,9.090909090909092,32.0,2,2.0,5.0,3.0,1,4,3
20260107TMG03,2026-01-07,1C上,2.3,4.2,3.9,34,44.11764705882353,0.0,17,47.05882352941177,0.0,41,0.0,7.317073170731708,28,0.0,7.142857142857143,41,0.0,7.317073170731708,16,0.0,6.25,29.0,2,1.0,4.0,5.0,1,3,2
20260107TMG04,2026-01-07,1C下,4.1,3.6,3.6,23,17.391304347826086,0.0,11,27.272727272727273,0.0,29,0.0,3.4482758620689653,16,0.0,6.25,40,0.0,5.0,23,0.0,4.3478260869565215,26.0,2,6.0,3.0,5.0,2,5,1
20260107TMG05,2026-01-07,1C下,3.2,2.8,3.3,24,37.5,0.0,10,50.0,0.0,46,0.0,4.3478260869565215,24,0.0,4.166666666666667,36,0.0,2.7777777777777777,18,0.0,5.555555555555555,34.0,1,0.0,4.0,4.0,2,1,3
20260107TMG06,2026-01-07,1C上,2.8,4.4,2.0,45,55.55555555555556,0.0,23,78.26086956521739,0.0,34,0.0,0.0,18,0.0,0.0,27,0.0,7.407407407407407,15,0.0,6.666666666666667,29.0,3,3.0,3.0,4.0,1,6,5
20260107TMG08,2026-01-07,1C下,3.2,2.4,3.7,51,64.70588235294117,0.0,20,75.0,0.0,32,0.0,6.25,15,0.0,13.333333333333334,33,0.0,0.0,16,0.0,0.0,35.0,1,0.0,5.0,5.0,1,2,3
20260107TMG09,2026-01-07,1C上,3.0,3.1,2.0,44,47.72727272727273,0.0,20,50.0,0.0,16,0.0,0.0,13,0.0,0.0,35,0.0,8.571428571428571,18,0.0,5.555555555555555,28.0,1,0.0,4.0,1.0,1,3,4
20260107TMG10,2026-01-07,1C上,2.3,2.9,2.3,38,68.42105263157895,0.0,14,64.28571428571429,0.0,33,0.0,15.151515151515152,25,0.0,20.0,46,0.0,23.91304347826087,23,0.0,21.73913043478261,35.0,1,0.0,5.0,5.0,2,3,5
20260107TMG11,2026-01-07,1C上,1.7,2.1,2.8,57,64.91228070175438,0.0,32,75.0,0.0,53,0.0,9.433962264150944,25,0.0,16.0,27,0.0,0.0,11,0.0,0.0,29.0,1,0.0,5.0,2.0,1,5,
20260107TMG12,2026-01-07,1C上,2.7,3.1,3.0,51,72.54901960784314,0.0,24,66.66666666666667,0.0,57,0.0,1.7543859649122806,24,0.0,0.0,30,0.0,20.0,16,0.0,25.0,22.0,5,12.0,2.0,5.0,4,1,5
20260110TMG01,2026-01-10,1C下,3.0,2.6,4.2,37,43.24324324324324,0.0,13,23.076923076923077,0.0,34,0.0,11.764705882352942,18,0.0,22.22222222222222,21,0.0,0.0,10,0.0,0.0,32.0,1,0.0,5.0,5.0,4,2,5
20260110TMG02,2026-01-10,1C上,2.2,4.0,3.2,11,36.36363636363637,0.0,4,25.0,0.0,11,0.0,0.0,11,0.0,0.0,33,0.0,0.0,19,0.0,0.0,30.0,2,3.0,3.0,5.0,2,3,1
20260110TMG03,2026-01-10,1C下,3.7,3.2,1.5,13,15.384615384615385,0.0,9,0.0,0.0,39,0.0,0.0,15,0.0,0.0,5,0.0,0.0,5,0.0,0.0,30.0,2,5.0,4.0,5.0,2,1,5
20260110TMG04,2026-01-10,1C下,4.0,3.4,2.9,6,16.666666666666668,0.0,2,0.0,0.0,34,0.0,0.0,18,0.0,0.0,28,0.0,0.0,14,0.0,0.0,28.0,1,0.0,5.0,1.0,1,3,4
20260110TMG05,2026-01-10,1C下,4.2,3.2,2.4,13,15.384615384615385,0.0,5,0.0,0.0,40,0.0,0.0,18,0.0,0.0,25,0.0,0.0,13,0.0,0.0,22.0,4,12.0,2.0,5.0,2,1,5
20260110TMG06,2026-01-10,1C上,0.0,2.9,3.3,8,62.5,0.0,4,75.0,0.0,37,0.0,8.108108108108109,19,0.0,5.2631578947368425,39,0.0,2.5641025641025643,18,0.0,0.0,22.0,5,7.0,1.0,5.0,1,2,4
20260110TMG07,2026-01-10,1C下,3.8,3.0,3.5,26,38.46153846153846,0.0,11,45.45454545454545,0.0,29,0.0,3.4482758620689653,15,0.0,0.0,49,0.0,10.204081632653061,22,0.0,9.090909090909092,30.0,1,0.0,5.0,4.0,1,4,5
20260110TMG08,2026-01-10,1C上,2.8,3.3,3.1,33,54.54545454545455,0.0,17,52.94117647058823,0.0,50,0.0,0.0,23,0.0,0.0,23,0.0,4.3478260869565215,19,0.0,5.2631578947368425,24.0,4,7.0,2.0,2.0,5,3,6
20260110TMG09,2026-01-10,1C上,2.4,3.8,5.4,52,48.07692307692308,0.0,25,44.0,0.0,17,0.0,5.882352941176471,8,0.0,0.0,9,0.0,11.11111111111111,5,0.0,0.0,34.0,1,0.0,5.0,5.0,1,2,4
20260110TMG10,2026-01-10,1C上,2.1,2.6,3.0,29,51.724137931034484,0.0,16,62.5,0.0,18,0.0,0.0,10,0.0,0.0,32,0.0,18.75,16,0.0,37.5,29.0,2,1.0,4.0,3.0,1,2,3
20260110TMG11,2026-01-10,1C上,2.8,5.0,0.0,57,54.3859649122807,0.0,26,50.0,0.0,14,0.0,0.0,9,0.0,0.0,10,0.0,20.0,4,0.0,0.0,25.0,3,3.0,4.0,1.0,1,4,3
20260110TMG12,2026-01-10,1C上,2.7,3.1,3.2,31,51.61290322580645,0.0,21,47.61904761904762,0.0,38,0.0,18.42105263157895,19,0.0,26.31578947368421,35,0.0,11.428571428571429,14,0.0,14.285714285714286,30.0,1,0.0,3.0,5.0,2,3,1
20260111TMG01,2026-01-11,1C上,2.6,4.2,3.5,20,45.0,0.0,10,40.0,0.0,34,0.0,11.764705882352942,21,0.0,9.523809523809524,30,0.0,6.666666666666667,17,0.0,11.764705882352942,30.0,2,1.0,5.0,4.0,1,3,2
20260111TMG02,2026-01-11,1C下,4.0,2.7,3.2,13,38.46153846153846,0.0,10,30.0,0.0,7,0.0,0.0,7,0.0,0.0,36,0.0,11.11111111111111,14,0.0,14.285714285714286,38.0,1,0.0,5.0,5.0,1,3,2
20260111TMG03,2026-01-11,1C上,4.1,5.3,3.7,27,18.51851851851852,0.0,13,15.384615384615385,0.0,9,0.0,0.0,5,0.0,0.0,42,0.0,7.142857142857143,22,0.0,9.090909090909092,33.0,1,0.0,5.0,4.0,1,3,2
20260111TMG04,2026-01-11,1C下,4.3,2.8,3.0,16,6.25,0.0,8,12.5,0.0,38,0.0,7.894736842105263,19,0.0,10.526315789473685,26,0.0,15.384615384615385,14,0.0,28.571428571428573,34.0,1,0.0,5.0,5.0,2,1,3
20260111TMG05,2026-01-11,1C上,3.0,4.1,2.2,30,40.0,0.0,14,42.857142857142854,0.0,16,0.0,6.25,10,0.0,0.0,38,0.0,13.157894736842104,19,0.0,5.2631578947368425,28.0,1,0.0,5.0,5.0,6,1,3
20260111TMG06,2026-01-11,1C上,3.8,4.2,2.7,14,28.571428571428573,0.0,8,12.5,0.0,37,0.0,0.0,16,0.0,0.0,45,0.0,15.555555555555555,21,0.0,19.047619047619047,26.0,2,2.0,5.0,1.0,3,2,1
20260111TMG07,2026-01-11,1C上,3.7,4.4,2.4,27,33.333333333333336,0.0,15,20.0,0.0,38,0.0,2.6315789473684212,20,0.0,5.0,30,0.0,10.0,14,0.0,7.142857142857143,22.0,3,5.0,2.0,2.0,3,5,6
20260112TMG01,2026-01-12,1C下,3.8,3.0,3.7,23,26.08695652173913,0.0,13,30.76923076923077,0.0,42,0.0,4.761904761904762,16,0.0,0.0,23,0.0,0.0,9,0.0,0.0,30.0,2,2.0,4.0,3.0,2,4,6
20260112TMG03,2026-01-12,1C上,2.3,2.5,2.7,29,37.93103448275862,0.0,9,44.44444444444444,0.0,39,0.0,0.0,17,0.0,0.0,19,0.0,5.2631578947368425,12,0.0,8.333333333333334,34.0,1,0.0,5.0,3.0,2,1,3
20260112TMG05,2026-01-12,1C上,3.1,5.8,2.8,24,33.333333333333336,0.0,11,45.45454545454545,0.0,10,0.0,0.0,7,0.0,0.0,41,0.0,14.634146341463415,18,0.0,5.555555555555555,36.0,1,0.0,5.0,5.0,1,4,2
20260112TMG06,2026-01-12,1C下,3.3,0.0,3.5,10,30.0,0.0,10,30.0,0.0,3,0.0,0.0,3,0.0,0.0,35,0.0,5.714285714285714,13,0.0,7.6923076923076925,32.0,1,0.0,5.0,2.0,4,6,5
20260112TMG07,2026-01-12,1C上,2.1,3.5,3.1,14,28.571428571428573,0.0,9,11.11111111111111,0.0,18,0.0,5.555555555555555,14,0.0,0.0,28,0.0,0.0,19,0.0,0.0,34.0,1,0.0,5.0,5.0,1,2,3
20260112TMG09,2026-01-12,1C上,3.0,3.3,2.4,53,60.37735849056604,0.0,27,59.25925925925926,0.0,51,0.0,0.0,24,0.0,0.0,31,0.0,12.903225806451612,15,0.0,13.333333333333334,37.0,1,0.0,5.0,5.0,1,2,3
20260112TMG10,2026-01-12,1C下,2.4,0.0,4.1,53,47.16981132075472,0.0,26,42.30769230769231,0.0,11,0.0,0.0,6,0.0,0.0,39,0.0,10.256410256410257,21,0.0,14.285714285714286,39.0,1,0.0,5.0,5.0,1,2,3
20260112TMG11,2026-01-12,1C下,3.7,3.5,2.6,27,59.25925925925926,0.0,9,55.55555555555556,0.0,40,0.0,2.5,15,0.0,0.0,42,0.0,9.523809523809524,14,0.0,0.0,28.0,1,0.0,3.0,4.0,2,1,5
20260112TMG12,2026-01-12,1C上,3.3,4.2,2.3,55,54.54545454545455,0.0,24,50.0,0.0,33,0.0,0.0,18,0.0,0.0,44,0.0,15.909090909090908,21,0.0,14.285714285714286,28.0,2,4.0,3.0,4.0,3,1,2
20260113TMG01,2026-01-13,1C上,0.0,4.7,2.7,2,0.0,0.0,2,0.0,0.0,21,0.0,0.0,8,0.0,0.0,19,0.0,10.526315789473685,11,0.0,18.181818181818183,30.0,2,4.0,5.0,4.0,1,3,6
20260113TMG02,2026-01-13,1C下,5.8,2.5,2.6,10,20.0,0.0,8,25.0,0.0,40,0.0,0.0,18,0.0,0.0,43,0.0,9.30232558139535,15,0.0,0.0,19.0,5,11.0,1.0,5.0,5,3,2
20260113TMG03,2026-01-13,1C下,4.7,2.5,3.8,8,0.0,0.0,5,0.0,0.0,27,0.0,0.0,13,0.0,0.0,15,0.0,13.333333333333334,15,0.0,13.333333333333334,27.0,2,10.0,5.0,2.0,2,5,3
20260113TMG04,2026-01-13,1C上,2.0,3.2,2.9,3,0.0,0.0,3,0.0,0.0,33,0.0,18.181818181818183,19,0.0,15.789473684210526,29,0.0,0.0,15,0.0,0.0,28.0,2,1.0,5.0,3.0,3,2,1
20260113TMG06,2026-01-13,1C上,2.7,5.0,4.2,32,50.0,0.0,22,45.45454545454545,0.0,15,0.0,0.0,10,0.0,0.0,22,0.0,0.0,11,0.0,0.0,30.0,2,3.0,5.0,1.0,1,4,2
20260113TMG07,2026-01-13,1C上,2.1,3.1,2.3,30,53.333333333333336,0.0,17,64.70588235294117,0.0,38,0.0,18.42105263157895,20,0.0,30.0,44,0.0,4.545454545454546,19,0.0,10.526315789473685,35.0,1,0.0,5.0,5.0,1,2,4
20260113TMG08,2026-01-13,1C上,3.0,3.9,3.7,31,61.29032258064516,0.0,18,61.111111111111114,0.0,34,0.0,0.0,13,0.0,0.0,43,0.0,6.976744186046512,23,0.0,8.695652173913043,31.0,1,0.0,4.0,5.0,1,2,3
20260113TMG09,2026-01-13,1C上,2.4,5.0,5.4,42,47.61904761904762,0.0,14,42.857142857142854,0.0,32,0.0,0.0,18,0.0,0.0,10,0.0,10.0,6,0.0,0.0,34.0,2,2.0,5.0,5.0,4,1,6
20260113TMG10,2026-01-13,1C上,2.8,2.9,3.2,58,55.172413793103445,0.0,27,51.851851851851855,0.0,38,0.0,7.894736842105263,20,0.0,5.0,13,0.0,15.384615384615385,11,0.0,9.090909090909092,23.0,5,6.0,2.0,2.0,3,4,1
20260113TMG11,2026-01-13,1C上,3.3,4.2,0.0,55,52.72727272727273,0.0,25,48.0,0.0,39,0.0,0.0,18,0.0,0.0,11,0.0,18.181818181818183,5,0.0,0.0,26.0,3,8.0,4.0,1.0,1,3,6
20260113TMG12,2026-01-13,1C上,2.8,3.1,2.7,47,70.2127659574468,0.0,22,81.81818181818181,0.0,32,0.0,6.25,20,0.0,5.0,20,0.0,5.0,13,0.0,7.6923076923076925,29.0,1,0.0,2.0,5.0,1,5,2
20260114TMG01,2026-01-14,同じ,3.8,3.8,5.1,15,26.666666666666668,0.0,9,11.11111111111111,0.0,22,0.0,4.545454545454546,11,0.0,0.0,15,0.0,6.666666666666667,10,0.0,10.0,28.0,1,0.0,5.0,1.0,6,1,2
20260114TMG02,2026-01-14,1C上,3.1,3.5,2.7,25,36.0,0.0,12,50.0,0.0,31,0.0,6.451612903225806,14,0.0,14.285714285714286,21,0.0,4.761904761904762,14,0.0,7.142857142857143,36.0,1,0.0,5.0,5.0,2,3,4
20260114TMG03,2026-01-14,1C上,2.1,5.3,3.8,27,48.148148148148145,0.0,14,42.857142857142854,0.0,10,0.0,0.0,6,0.0,0.0,16,0.0,12.5,16,0.0,12.5,33.0,2,1.0,5.0,5.0,1,4,3
20260114TMG04,2026-01-14,1C上,3.0,4.1,3.0,31,38.70967741935484,0.0,15,40.0,0.0,17,0.0,5.882352941176471,11,0.0,0.0,26,0.0,15.384615384615385,15,0.0,26.666666666666668,34.0,1,0.0,5.0,5.0,1,4,5
20260114TMG06,2026-01-14,1C下,3.0,2.6,4.1,38,42.10526315789474,0.0,13,23.076923076923077,0.0,35,0.0,11.428571428571429,19,0.0,21.05263157894737,40,0.0,10.0,21,0.0,14.285714285714286,22.0,5,5.0,2.0,1.0,1,3,2
20260114TMG07,2026-01-14,1C上,2.1,4.2,2.3,15,33.333333333333336,0.0,10,20.0,0.0,35,0.0,11.428571428571429,22,0.0,9.090909090909092,39,0.0,7.6923076923076925,21,0.0,9.523809523809524,31.0,1,0.0,5.0,5.0,4,5,1
20260114TMG08,2026-01-14,1C下,3.7,0.0,2.2,28,57.142857142857146,0.0,10,50.0,0.0,4,0.0,0.0,4,0.0,0.0,39,0.0,12.820512820512821,20,0.0,5.0,26.0,2,9.0,5.0,1.0,1,4,2
20260114TMG09,2026-01-14,1C上,2.7,4.7,3.5,33,51.515151515151516,0.0,22,50.0,0.0,22,0.0,0.0,9,0.0,0.0,32,0.0,6.25,19,0.0,10.526315789473685,32.0,1,0.0,5.0,2.0,1,6,2
20260114TMG10,2026-01-14,1C下,3.9,3.0,3.2,30,30.0,0.0,16,25.0,0.0,42,0.0,2.380952380952381,22,0.0,4.545454545454546,14,0.0,21.428571428571427,12,0.0,16.666666666666668,28.0,2,2.0,5.0,1.0,4,5,1
20260114TMG11,2026-01-14,1C上,2.1,3.2,3.2,31,54.83870967741935,0.0,18,66.66666666666667,0.0,41,0.0,0.0,18,0.0,0.0,37,0.0,10.81081081081081,15,0.0,13.333333333333334,24.0,3,7.0,2.0,1.0,3,1,4
20260114TMG12,2026-01-14,1C下,3.3,0.0,3.5,56,51.785714285714285,0.0,26,46.15384615384615,0.0,12,0.0,0.0,7,0.0,0.0,42,0.0,2.380952380952381,21,0.0,4.761904761904762,24.0,3,6.0,4.0,1.0,4,2,1
20260115TMG01,2026-01-15,1C上,3.8,4.7,2.4,24,25.0,0.0,13,30.76923076923077,0.0,23,0.0,0.0,10,0.0,0.0,26,0.0,0.0,13,0.0,0.0,25.0,3,3.0,5.0,1.0,1,2,6
20260115TMG02,2026-01-15,1C上,3.6,5.3,2.9,27,18.51851851851852,0.0,15,13.333333333333334,0.0,11,0.0,0.0,7,0.0,0.0,30,0.0,3.3333333333333335,16,0.0,6.25,33.0,1,0.0,5.0,5.0,1,6,5
20260115TMG03,2026-01-15,1C下,4.1,3.0,3.7,28,21.428571428571427,0.0,13,23.076923076923077,0.0,43,0.0,6.976744186046512,16,0.0,6.25,24,0.0,0.0,10,0.0,0.0,36.0,1,0.0,5.0,3.0,1,4,6
20260115TMG05,2026-01-15,1C上,2.1,4.2,2.8,28,50.0,0.0,15,46.666666666666664,0.0,40,0.0,0.0,19,0.0,0.0,42,0.0,14.285714285714286,19,0.0,5.2631578947368425,33.0,2,1.0,5.0,5.0,1,5,2
20260115TMG06,2026-01-15,1C上,3.7,5.0,3.8,14,14.285714285714286,0.0,9,0.0,0.0,16,0.0,0.0,11,0.0,0.0,31,0.0,6.451612903225806,15,0.0,6.666666666666667,34.0,1,0.0,5.0,5.0,4,5,3
20260115TMG07,2026-01-15,1C上,3.7,4.0,3.2,28,32.142857142857146,0.0,14,21.428571428571427,0.0,12,0.0,8.333333333333334,12,0.0,8.333333333333334,15,0.0,20.0,13,0.0,15.384615384615385,32.0,1,0.0,3.0,5.0,1,2,5
20260115TMG08,2026-01-15,1C上,0.0,3.8,2.3,3,33.333333333333336,0.0,3,33.333333333333336,0.0,23,0.0,4.3478260869565215,12,0.0,0.0,40,0.0,7.5,22,0.0,9.090909090909092,34.0,1,0.0,5.0,5.0,3,1,4
20260115TMG09,2026-01-15,1C上,2.7,4.4,4.1,34,52.94117647058823,0.0,23,52.17391304347826,0.0,24,0.0,0.0,16,0.0,0.0,41,0.0,9.75609756097561,22,0.0,13.636363636363637,32.0,1,0.0,5.0,4.0,1,2,4
20260115TMG10,2026-01-15,1C下,3.9,3.2,2.3,31,29.032258064516128,0.0,17,23.529411764705884,0.0,42,0.0,0.0,19,0.0,0.0,45,0.0,17.77777777777778,22,0.0,18.181818181818183,30.0,2,7.0,5.0,3.0,4,5,2
20260115TMG11,2026-01-15,1C下,3.3,2.8,3.5,56,50.0,0.0,27,44.44444444444444,0.0,39,0.0,7.6923076923076925,20,0.0,10.0,42,0.0,2.380952380952381,22,0.0,4.545454545454546,29.0,2,2.0,5.0,1.0,1,4,3
20260115TMG12,2026-01-15,1C上,2.4,3.2,2.2,43,46.51162790697674,0.0,15,40.0,0.0,34,0.0,17.647058823529413,20,0.0,15.0,40,0.0,12.5,21,0.0,4.761904761904762,32.0,1,0.0,4.0,3.0,4,3,6
20260125TMG01,2026-01-25,1C上,2.9,3.6,3.0,51,43.13725490196079,0.0,27,44.44444444444444,0.0,36,0.0,2.7777777777777777,17,0.0,0.0,35,0.0,11.428571428571429,19,0.0,5.2631578947368425,35.0,1,0.0,5.0,5.0,1,3,4
20260125TMG02,2026-01-25,1C下,3.4,3.1,3.2,30,50.0,0.0,13,46.15384615384615,0.0,38,0.0,2.6315789473684212,21,0.0,0.0,41,0.0,4.878048780487805,22,0.0,9.090909090909092,34.0,1,0.0,5.0,5.0,2,3,6
20260125TMG03,2026-01-25,1C上,2.1,4.0,3.5,24,41.666666666666664,0.0,12,33.333333333333336,0.0,32,0.0,3.125,20,0.0,5.0,58,0.0,6.896551724137931,24,0.0,4.166666666666667,28.0,1,0.0,5.0,5.0,1,4,2
20260125TMG04,2026-01-25,1C上,4.2,4.5,3.1,28,46.42857142857143,0.0,14,50.0,0.0,40,0.0,7.5,18,0.0,11.11111111111111,36,0.0,25.0,19,0.0,21.05263157894737,27.0,3,3.0,5.0,4.0,5,1,4
20260125TMG05,2026-01-25,1C上,2.5,3.5,5.5,19,47.36842105263158,0.0,11,36.36363636363637,0.0,29,0.0,0.0,16,0.0,0.0,20,0.0,5.0,7,0.0,14.285714285714286,30.0,1,0.0,5.0,5.0,1,3,2
20260125TMG06,2026-01-25,1C上,3.3,5.2,2.9,52,51.92307692307692,0.0,25,52.0,0.0,36,0.0,0.0,18,0.0,0.0,42,0.0,19.047619047619047,19,0.0,21.05263157894737,31.0,3,2.0,5.0,5.0,4,3,6
20260125TMG07,2026-01-25,1C上,2.3,2.9,2.3,52,67.3076923076923,0.0,24,66.66666666666667,0.0,22,0.0,0.0,14,0.0,0.0,40,0.0,7.5,20,0.0,5.0,28.0,1,0.0,4.0,5.0,3,2,1
20260125TMG08,2026-01-25,1C上,1.8,3.7,3.2,12,0.0,0.0,6,0.0,0.0,105,0.0,0.9523809523809523,50,0.0,0.0,41,0.0,4.878048780487805,22,0.0,9.090909090909092,36.0,1,0.0,5.0,5.0,6,3,5
20260125TMG09,2026-01-25,1C上,3.5,3.6,3.8,42,35.714285714285715,0.0,20,45.0,0.0,27,0.0,3.7037037037037037,16,0.0,6.25,47,0.0,17.02127659574468,23,0.0,26.08695652173913,34.0,1,0.0,5.0,5.0,1,6,3
20260125TMG10,2026-01-25,1C上,3.0,3.3,3.0,58,63.793103448275865,0.0,28,53.57142857142857,0.0,34,0.0,2.9411764705882355,18,0.0,5.555555555555555,41,0.0,7.317073170731708,20,0.0,10.0,34.0,1,0.0,4.0,5.0,1,3,2
20260125TMG11,2026-01-25,1C上,2.4,2.9,2.0,58,75.86206896551724,0.0,31,70.96774193548387,0.0,33,0.0,3.0303030303030303,16,0.0,0.0,39,0.0,28.205128205128204,19,0.0,31.57894736842105,22.0,5,9.0,1.0,5.0,1,3,2
20260125TMG12,2026-01-25,1C上,2.5,3.5,2.3,56,64.28571428571429,0.0,26,57.69230769230769,0.0,49,0.0,10.204081632653061,24,0.0,12.5,50,0.0,14.0,27,0.0,14.814814814814815,28.0,2,6.0,4.0,5.0,2,1,3
20260126TMG01,2026-01-26,1C上,2.8,3.1,3.2,24,29.166666666666668,0.0,9,22.22222222222222,0.0,37,0.0,0.0,15,0.0,0.0,43,0.0,4.651162790697675,24,0.0,8.333333333333334,24.0,4,6.0,3.0,1.0,6,2,4
20260126TMG02,2026-01-26,1C下,4.1,2.7,3.4,39,48.717948717948715,0.0,21,47.61904761904762,0.0,44,0.0,2.272727272727273,26,0.0,0.0,40,0.0,0.0,13,0.0,0.0,27.0,4,8.0,3.0,2.0,1,2,6
20260126TMG03,2026-01-26,1C下,3.7,2.9,3.4,28,17.857142857142858,0.0,11,18.181818181818183,0.0,22,0.0,0.0,12,0.0,0.0,41,0.0,9.75609756097561,14,0.0,0.0,36.0,1,0.0,5.0,5.0,1,4,5
20260126TMG06,2026-01-26,1C上,2.0,4.7,2.9,39,53.84615384615385,0.0,13,38.46153846153846,0.0,22,0.0,4.545454545454546,12,0.0,8.333333333333334,36,0.0,8.333333333333334,21,0.0,4.761904761904762,37.0,1,0.0,5.0,5.0,5,1,4
20260126TMG07,2026-01-26,1C下,3.8,3.5,2.7,37,45.945945945945944,0.0,21,57.142857142857146,0.0,39,0.0,7.6923076923076925,19,0.0,0.0,50,0.0,20.0,24,0.0,20.833333333333332,37.0,1,0.0,5.0,5.0,1,2,3
20260126TMG08,2026-01-26,1C上,2.7,3.3,2.9,52,59.61538461538461,0.0,31,74.19354838709677,0.0,26,0.0,0.0,14,0.0,0.0,28,0.0,0.0,14,0.0,0.0,25.0,4,2.0,3.0,5.0,6,1,5
20260126TMG09,2026-01-26,1C上,2.7,3.4,2.4,50,58.0,0.0,23,47.82608695652174,0.0,50,0.0,0.0,23,0.0,0.0,42,0.0,14.285714285714286,22,0.0,22.727272727272727,28.0,2,2.0,3.0,5.0,2,1,5
20260126TMG10,2026-01-26,1C上,3.8,4.1,4.0,34,44.11764705882353,0.0,18,38.888888888888886,0.0,40,0.0,0.0,21,0.0,0.0,41,0.0,21.951219512195124,24,0.0,29.166666666666668,30.0,1,0.0,5.0,5.0,3,4,2
20260126TMG12,2026-01-26,1C上,3.0,4.2,3.8,66,72.72727272727273,0.0,26,65.38461538461539,0.0,44,0.0,0.0,25,0.0,0.0,37,0.0,8.108108108108109,20,0.0,10.0,36.0,1,0.0,5.0,5.0,1,5,2
20260127TMG01,2026-01-27,1C下,3.5,3.4,5.4,27,40.74074074074074,0.0,12,50.0,0.0,48,0.0,4.166666666666667,23,0.0,0.0,35,0.0,2.857142857142857,17,0.0,5.882352941176471,28.0,1,0.0,5.0,5.0,2,6,3
20260127TMG02,2026-01-27,1C上,2.9,3.0,2.9,23,52.17391304347826,0.0,11,54.54545454545455,0.0,45,0.0,6.666666666666667,25,0.0,8.0,22,0.0,4.545454545454546,13,0.0,0.0,35.0,1,0.0,4.0,4.0,1,2,3
20260127TMG03,2026-01-27,1C下,3.7,3.0,2.9,50,56.0,0.0,23,69.56521739130434,0.0,42,0.0,14.285714285714286,21,0.0,4.761904761904762,23,0.0,8.695652173913043,13,0.0,15.384615384615385,37.0,1,0.0,5.0,5.0,1,2,4
20260127TMG04,2026-01-27,1C下,3.4,2.5,4.2,24,45.833333333333336,0.0,12,58.333333333333336,0.0,40,0.0,2.5,19,0.0,5.2631578947368425,33,0.0,6.0606060606060606,16,0.0,6.25,33.0,2,3.0,5.0,5.0,1,5,2
20260127TMG05,2026-01-27,1C下,3.8,2.8,3.3,35,37.142857142857146,0.0,15,33.333333333333336,0.0,36,0.0,0.0,18,0.0,0.0,35,0.0,20.0,17,0.0,23.529411764705884,37.0,1,0.0,5.0,5.0,2,1,3
20260127TMG07,2026-01-27,1C下,3.0,2.7,4.0,19,21.05263157894737,0.0,10,10.0,0.0,45,0.0,8.88888888888889,24,0.0,12.5,37,0.0,5.405405405405405,16,0.0,0.0,32.0,1,0.0,5.0,5.0,1,2,5
20260127TMG09,2026-01-27,1C上,2.8,3.1,2.6,38,52.63157894736842,0.0,25,60.0,0.0,32,0.0,9.375,13,0.0,7.6923076923076925,30,0.0,0.0,16,0.0,0.0,24.0,3,6.0,2.0,5.0,4,2,6
20260127TMG10,2026-01-27,1C上,2.9,3.0,2.9,50,58.0,0.0,27,48.148148148148145,0.0,39,0.0,0.0,18,0.0,0.0,26,0.0,3.8461538461538463,8,0.0,0.0,31.0,2,1.0,4.0,5.0,1,2,5
20260127TMG11,2026-01-27,1C上,3.0,3.5,3.2,50,68.0,0.0,24,66.66666666666667,0.0,39,0.0,2.5641025641025643,21,0.0,0.0,48,0.0,2.0833333333333335,22,0.0,0.0,26.0,3,8.0,2.0,5.0,1,5,3
20260127TMG12,2026-01-27,1C上,3.1,3.7,2.9,75,76.0,0.0,48,75.0,0.0,106,0.0,0.9433962264150944,51,0.0,0.0,44,0.0,9.090909090909092,25,0.0,12.0,35.0,1,0.0,5.0,4.0,1,2,5
20260128TMG01,2026-01-28,1C下,5.5,2.8,3.7,24,12.5,0.0,12,8.333333333333334,0.0,37,0.0,0.0,19,0.0,0.0,45,0.0,2.2222222222222223,16,0.0,6.25,31.0,1,0.0,5.0,2.0,4,5,2
20260128TMG02,2026-01-28,1C下,4.2,3.1,2.3,15,13.333333333333334,0.0,9,22.22222222222222,0.0,38,0.0,0.0,16,0.0,0.0,40,0.0,7.5,21,0.0,4.761904761904762,28.0,2,2.0,5.0,4.0,1,4,3
20260128TMG03,2026-01-28,1C上,1.7,3.7,3.4,18,22.22222222222222,0.0,10,10.0,0.0,107,0.0,0.9345794392523364,52,0.0,0.0,41,0.0,9.75609756097561,15,0.0,0.0,22.0,5,8.0,3.0,3.0,2,5,3
20260128TMG05,2026-01-28,1C上,2.0,3.7,5.4,40,52.5,0.0,14,35.714285714285715,0.0,41,0.0,2.4390243902439024,17,0.0,0.0,36,0.0,2.7777777777777777,18,0.0,5.555555555555555,32.0,3,3.0,5.0,5.0,4,5,6
20260128TMG06,2026-01-28,1C上,2.9,4.2,2.9,24,54.166666666666664,0.0,12,58.333333333333336,0.0,33,0.0,0.0,18,0.0,0.0,23,0.0,4.3478260869565215,14,0.0,0.0,35.0,1,0.0,5.0,3.0,1,3,5
20260128TMG07,2026-01-28,1C上,2.7,3.4,3.3,55,60.0,0.0,31,64.51612903225806,0.0,48,0.0,6.25,24,0.0,4.166666666666667,36,0.0,19.444444444444443,18,0.0,22.22222222222222,36.0,1,0.0,5.0,5.0,1,2,5
20260128TMG08,2026-01-28,1C下,3.5,3.0,3.0,31,48.38709677419355,0.0,18,55.55555555555556,0.0,40,0.0,0.0,19,0.0,0.0,36,0.0,11.11111111111111,20,0.0,5.0,35.0,1,0.0,5.0,5.0,6,1,2
20260128TMG09,2026-01-28,1C下,2.8,2.5,5.5,39,51.282051282051285,0.0,26,57.69230769230769,0.0,43,0.0,4.651162790697675,19,0.0,5.2631578947368425,21,0.0,4.761904761904762,7,0.0,14.285714285714286,27.0,2,7.0,3.0,3.0,2,1,4
20260128TMG10,2026-01-28,同じ,3.4,3.4,2.9,25,48.0,0.0,13,61.53846153846154,0.0,51,0.0,0.0,23,0.0,0.0,43,0.0,18.6046511627907,19,0.0,15.789473684210526,31.0,2,3.0,5.0,5.0,2,1,4
20260128TMG11,2026-01-28,1C上,2.9,3.0,2.9,51,58.8235294117647,0.0,28,50.0,0.0,43,0.0,13.953488372093023,22,0.0,4.545454545454546,45,0.0,8.88888888888889,26,0.0,11.538461538461538,29.0,2,6.0,4.0,5.0,1,2,5
20260128TMG12,2026-01-28,1C上,3.1,4.5,3.2,76,76.3157894736842,0.0,49,75.51020408163265,0.0,15,0.0,0.0,15,0.0,0.0,42,0.0,4.761904761904762,25,0.0,8.0,38.0,1,0.0,5.0,4.0,1,6,4
20260129TMG01,2026-01-29,1C下,3.4,2.7,2.0,18,5.555555555555555,0.0,10,10.0,0.0,44,0.0,2.272727272727273,27,0.0,0.0,40,0.0,27.5,20,0.0,30.0,23.0,4,8.0,2.0,1.0,2,3,6
20260129TMG02,2026-01-29,1C上,2.8,3.7,3.2,24,29.166666666666668,0.0,10,20.0,0.0,108,0.0,0.9259259259259259,53,0.0,0.0,43,0.0,4.651162790697675,26,0.0,7.6923076923076925,24.0,4,4.0,3.0,2.0,1,2,3
20260129TMG03,2026-01-29,1C下,3.5,2.9,4.2,32,46.875,0.0,19,52.63157894736842,0.0,34,0.0,2.9411764705882355,17,0.0,0.0,34,0.0,5.882352941176471,16,0.0,6.25,31.0,2,1.0,5.0,5.0,1,5,3
20260129TMG04,2026-01-29,1C下,3.5,2.7,3.2,43,37.2093023255814,0.0,21,47.61904761904762,0.0,46,0.0,8.695652173913043,25,0.0,12.0,35,0.0,2.857142857142857,17,0.0,5.882352941176471,32.0,1,0.0,5.0,5.0,1,4,2
20260129TMG05,2026-01-29,1C下,3.0,2.6,3.2,20,20.0,0.0,11,9.090909090909092,0.0,35,0.0,5.714285714285714,19,0.0,10.526315789473685,26,0.0,0.0,16,0.0,0.0,31.0,3,5.0,5.0,2.0,1,2,5
20260129TMG07,2026-01-29,1C下,4.1,3.1,3.4,40,50.0,0.0,22,50.0,0.0,33,0.0,9.090909090909092,14,0.0,7.142857142857143,42,0.0,9.523809523809524,15,0.0,0.0,34.0,2,1.0,5.0,5.0,1,5,6
20260129TMG08,2026-01-29,1C上,3.5,4.1,2.9,28,39.285714285714285,0.0,13,46.15384615384615,0.0,41,0.0,0.0,22,0.0,0.0,46,0.0,8.695652173913043,27,0.0,11.11111111111111,34.0,1,0.0,5.0,5.0,2,5,1
20260129TMG09,2026-01-29,1C上,2.8,3.7,3.0,39,48.717948717948715,0.0,27,55.55555555555556,0.0,108,0.0,0.9259259259259259,53,0.0,0.0,42,0.0,7.142857142857143,21,0.0,9.523809523809524,32.0,1,0.0,5.0,5.0,4,2,3
20260129TMG10,2026-01-29,1C下,2.9,2.8,2.9,51,45.09803921568628,0.0,28,46.42857142857143,0.0,38,0.0,0.0,19,0.0,0.0,29,0.0,0.0,15,0.0,0.0,34.0,1,0.0,5.0,3.0,1,2,3
20260129TMG11,2026-01-29,1C上,3.0,4.5,2.6,51,68.62745098039215,0.0,24,70.83333333333333,0.0,16,0.0,0.0,16,0.0,0.0,38,0.0,7.894736842105263,23,0.0,8.695652173913043,35.0,1,0.0,5.0,4.0,3,6,1
20260206TMG02,2026-02-06,1C上,3.3,3.5,2.4,54,77.77777777777777,0.0,27,85.18518518518519,0.0,43,0.0,6.976744186046512,23,0.0,4.3478260869565215,43,0.0,6.976744186046512,24,0.0,4.166666666666667,27.0,3,2.0,4.0,4.0,1,2,4
20260206TMG03,2026-02-06,1C上,2.6,2.9,1.8,47,65.95744680851064,0.0,22,63.63636363636363,0.0,38,0.0,2.6315789473684212,19,0.0,5.2631578947368425,32,0.0,18.75,19,0.0,15.789473684210526,23.0,4,7.0,1.0,5.0,1,2,5
20260206TMG04,2026-02-06,1C上,3.1,3.7,2.5,50,64.0,0.0,31,70.96774193548387,0.0,35,0.0,5.714285714285714,15,0.0,6.666666666666667,42,0.0,14.285714285714286,21,0.0,19.047619047619047,28.0,2,6.0,4.0,5.0,4,5,2
20260206TMG05,2026-02-06,1C上,1.8,3.3,3.0,58,77.58620689655173,0.0,29,79.3103448275862,0.0,33,0.0,3.0303030303030303,20,0.0,0.0,35,0.0,17.142857142857142,18,0.0,11.11111111111111,35.0,1,0.0,5.0,4.0,1,3,2
20260206TMG06,2026-02-06,1C上,3.0,3.1,3.0,52,67.3076923076923,0.0,23,60.869565217391305,0.0,44,0.0,9.090909090909092,18,0.0,5.555555555555555,47,0.0,14.893617021276595,20,0.0,5.0,30.0,2,2.0,5.0,2.0,4,6,1
20260206TMG07,2026-02-06,1C下,2.8,2.1,2.6,47,68.08510638297872,0.0,23,69.56521739130434,0.0,38,0.0,5.2631578947368425,22,0.0,4.545454545454546,42,0.0,21.428571428571427,19,0.0,21.05263157894737,34.0,1,0.0,5.0,5.0,1,2,3
20260206TMG08,2026-02-06,1C上,2.4,2.8,1.7,51,60.78431372549019,0.0,25,68.0,0.0,42,0.0,0.0,21,0.0,0.0,27,0.0,11.11111111111111,19,0.0,15.789473684210526,30.0,1,0.0,5.0,5.0,1,3,4
20260206TMG09,2026-02-06,1C上,2.6,2.9,3.2,59,45.76271186440678,0.0,29,55.172413793103445,0.0,36,0.0,16.666666666666668,25,0.0,24.0,36,0.0,22.22222222222222,17,0.0,23.529411764705884,28.0,2,4.0,3.0,5.0,5,6,3
20260206TMG10,2026-02-06,同じ,2.3,2.3,3.2,64,76.5625,0.0,31,74.19354838709677,0.0,43,0.0,2.3255813953488373,28,0.0,3.5714285714285716,40,0.0,5.0,23,0.0,8.695652173913043,38.0,1,0.0,5.0,5.0,1,2,3
20260206TMG11,2026-02-06,1C上,2.0,2.4,2.7,52,82.6923076923077,0.0,24,83.33333333333333,0.0,35,0.0,5.714285714285714,18,0.0,5.555555555555555,47,0.0,19.148936170212767,23,0.0,8.695652173913043,34.0,1,0.0,5.0,5.0,4,6,5
20260206TMG12,2026-02-06,同じ,2.8,2.8,2.7,49,67.34693877551021,0.0,26,57.69230769230769,0.0,42,0.0,7.142857142857143,20,0.0,10.0,37,0.0,16.216216216216218,19,0.0,15.789473684210526,38.0,1,0.0,5.0,5.0,2,1,3
20260207TMG01,2026-02-07,1C上,2.7,3.1,2.4,50,68.0,0.0,24,58.333333333333336,0.0,37,0.0,10.81081081081081,18,0.0,16.666666666666668,36,0.0,16.666666666666668,20,0.0,15.0,20.0,6,14.0,3.0,2.0,4,1,3
20260207TMG02,2026-02-07,1C上,2.2,2.5,2.2,51,78.43137254901961,0.0,21,80.95238095238095,0.0,44,0.0,4.545454545454546,21,0.0,4.761904761904762,43,0.0,16.27906976744186,22,0.0,4.545454545454546,31.0,1,0.0,4.0,5.0,1,3,5
20260207TMG03,2026-02-07,1C上,2.0,3.1,2.3,49,61.224489795918366,0.0,25,64.0,0.0,39,0.0,5.128205128205129,19,0.0,5.2631578947368425,35,0.0,17.142857142857142,18,0.0,27.77777777777778,22.0,4,15.0,4.0,1.0,2,1,5
20260207TMG04,2026-02-07,1C下,3.2,1.7,3.4,48,62.5,0.0,26,57.69230769230769,0.0,27,0.0,0.0,12,0.0,0.0,44,0.0,27.272727272727273,25,0.0,20.0,30.0,1,0.0,5.0,5.0,1,4,3
20260207TMG05,2026-02-07,1C上,2.3,2.7,2.6,38,73.6842105263158,0.0,16,68.75,0.0,44,0.0,9.090909090909092,24,0.0,8.333333333333334,31,0.0,22.580645161290324,17,0.0,29.41176470588235,30.0,2,6.0,4.0,5.0,3,1,4
20260207TMG06,2026-02-07,1C上,2.4,3.8,2.5,48,52.083333333333336,0.0,20,50.0,0.0,46,0.0,4.3478260869565215,21,0.0,4.761904761904762,47,0.0,17.02127659574468,24,0.0,12.5,34.0,1,0.0,5.0,5.0,2,1,4
20260207TMG07,2026-02-07,1C上,2.4,3.6,2.8,50,66.0,0.0,30,70.0,0.0,38,0.0,2.6315789473684212,17,0.0,5.882352941176471,43,0.0,11.627906976744185,24,0.0,20.833333333333332,28.0,1,0.0,3.0,5.0,1,2,6
20260207TMG08,2026-02-07,1C上,2.1,2.9,3.3,67,70.14925373134328,0.0,33,69.6969696969697,0.0,47,0.0,6.382978723404255,21,0.0,4.761904761904762,38,0.0,13.157894736842104,17,0.0,11.764705882352942,32.0,1,0.0,3.0,5.0,1,5,3
20260207TMG09,2026-02-07,1C上,2.9,3.3,2.7,49,77.55102040816327,0.0,24,79.16666666666667,0.0,40,0.0,5.0,18,0.0,5.555555555555555,45,0.0,13.333333333333334,23,0.0,13.043478260869565,34.0,1,0.0,3.0,5.0,1,2,3
20260207TMG10,2026-02-07,1C上,1.9,4.1,2.7,61,65.57377049180327,0.0,32,59.375,0.0,32,0.0,6.25,11,0.0,9.090909090909092,44,0.0,22.727272727272727,26,0.0,23.076923076923077,36.0,1,0.0,5.0,5.0,1,4,3
20260207TMG11,2026-02-07,1C下,2.9,2.8,3.4,56,50.0,0.0,24,33.333333333333336,0.0,49,0.0,2.0408163265306123,27,0.0,3.7037037037037037,35,0.0,11.428571428571429,14,0.0,14.285714285714286,25.0,3,7.0,4.0,1.0,6,2,3
20260207TMG12,2026-02-07,1C上,3.1,3.4,3.1,63,61.904761904761905,0.0,34,55.88235294117647,0.0,43,0.0,2.3255813953488373,27,0.0,3.7037037037037037,29,0.0,13.793103448275861,15,0.0,20.0,29.0,1,0.0,3.0,5.0,4,5,2
20260208TMG01,2026-02-08,1C下,3.1,2.1,2.6,41,70.73170731707317,0.0,19,78.94736842105263,0.0,54,0.0,9.25925925925926,24,0.0,12.5,41,0.0,19.51219512195122,19,0.0,15.789473684210526,29.0,1,0.0,3.0,5.0,1,4,3
20260208TMG02,2026-02-08,1C上,2.5,2.6,3.2,45,77.77777777777777,0.0,21,76.19047619047619,0.0,29,0.0,6.896551724137931,16,0.0,6.25,35,0.0,17.142857142857142,20,0.0,30.0,28.0,1,0.0,3.0,5.0,1,2,3
20260208TMG03,2026-02-08,同じ,2.8,2.8,3.3,54,77.77777777777777,0.0,21,71.42857142857143,0.0,48,0.0,12.5,23,0.0,0.0,42,0.0,21.428571428571427,23,0.0,21.73913043478261,29.0,2,1.0,3.0,5.0,1,3,6
20260208TMG04,2026-02-08,1C上,2.1,3.5,2.5,60,60.0,0.0,29,58.62068965517241,0.0,38,0.0,5.2631578947368425,18,0.0,5.555555555555555,25,0.0,20.0,16,0.0,25.0,25.0,4,4.0,3.0,1.0,4,1,6
20260208TMG05,2026-02-08,1C上,2.3,2.9,2.6,51,60.78431372549019,0.0,28,67.85714285714286,0.0,44,0.0,4.545454545454546,19,0.0,0.0,35,0.0,14.285714285714286,12,0.0,0.0,28.0,2,2.0,4.0,5.0,4,5,6
20260208TMG06,2026-02-08,1C上,2.5,3.1,2.1,58,72.41379310344827,0.0,28,75.0,0.0,46,0.0,6.521739130434782,23,0.0,0.0,21,0.0,0.0,9,0.0,0.0,30.0,2,6.0,4.0,5.0,1,2,6
20260208TMG07,2026-02-08,1C上,2.3,2.9,2.9,61,73.77049180327869,0.0,31,70.96774193548387,0.0,30,0.0,10.0,14,0.0,14.285714285714286,38,0.0,10.526315789473685,20,0.0,5.0,30.0,2,1.0,4.0,5.0,3,6,5
20260208TMG08,2026-02-08,1C上,2.2,3.5,1.9,47,59.57446808510638,0.0,21,57.142857142857146,0.0,38,0.0,7.894736842105263,19,0.0,15.789473684210526,38,0.0,15.789473684210526,19,0.0,15.789473684210526,29.0,2,3.0,3.0,5.0,1,4,2
20260208TMG09,2026-02-08,1C上,2.2,3.0,2.5,32,65.625,0.0,22,77.27272727272727,0.0,41,0.0,0.0,21,0.0,0.0,37,0.0,10.81081081081081,17,0.0,23.529411764705884,34.0,1,0.0,5.0,5.0,1,6,4
20260208TMG10,2026-02-08,1C上,2.0,2.9,2.3,57,71.9298245614035,0.0,31,70.96774193548387,0.0,51,0.0,13.72549019607843,25,0.0,8.0,39,0.0,12.820512820512821,18,0.0,11.11111111111111,28.0,2,1.0,5.0,5.0,1,5,2
20260208TMG11,2026-02-08,1C上,1.8,2.5,2.6,57,66.66666666666667,0.0,26,65.38461538461539,0.0,37,0.0,5.405405405405405,15,0.0,6.666666666666667,47,0.0,25.53191489361702,20,0.0,20.0,35.0,1,0.0,5.0,5.0,1,3,5
20260208TMG12,2026-02-08,同じ,2.9,2.9,3.3,43,74.4186046511628,0.0,19,68.42105263157895,0.0,36,0.0,5.555555555555555,22,0.0,4.545454545454546,44,0.0,20.454545454545453,18,0.0,16.666666666666668,34.0,1,0.0,5.0,5.0,1,3,4
20260209TMG01,2026-02-09,1C上,2.5,3.7,2.8,57,64.91228070175438,0.0,26,65.38461538461539,0.0,46,0.0,2.1739130434782608,22,0.0,0.0,41,0.0,14.634146341463415,21,0.0,9.523809523809524,31.0,1,0.0,5.0,5.0,3,4,1
20260209TMG02,2026-02-09,1C上,2.4,2.9,2.8,45,68.88888888888889,0.0,25,76.0,0.0,38,0.0,7.894736842105263,16,0.0,6.25,44,0.0,11.363636363636363,25,0.0,20.0,27.0,3,7.0,5.0,1.0,1,3,5
20260209TMG03,2026-02-09,1C上,1.8,2.7,2.9,46,52.17391304347826,0.0,21,47.61904761904762,0.0,43,0.0,9.30232558139535,20,0.0,10.0,43,0.0,11.627906976744185,22,0.0,13.636363636363637,21.0,4,19.0,2.0,5.0,3,4,2
20260209TMG04,2026-02-09,1C上,2.1,2.8,3.2,54,83.33333333333333,0.0,22,72.72727272727273,0.0,45,0.0,4.444444444444445,25,0.0,4.0,42,0.0,19.047619047619047,21,0.0,19.047619047619047,30.0,3,4.0,5.0,3.0,1,3,4
20260209TMG05,2026-02-09,1C上,2.2,2.6,2.5,50,72.0,0.0,24,62.5,0.0,41,0.0,17.073170731707318,21,0.0,19.047619047619047,46,0.0,26.08695652173913,22,0.0,27.272727272727273,29.0,1,0.0,4.0,5.0,2,1,3
20260209TMG06,2026-02-09,1C下,3.0,1.9,3.1,40,70.0,0.0,24,70.83333333333333,0.0,43,0.0,6.976744186046512,23,0.0,0.0,49,0.0,12.244897959183673,26,0.0,11.538461538461538,31.0,1,0.0,3.0,5.0,1,3,6
20260209TMG08,2026-02-09,1C上,2.7,3.8,2.9,55,69.0909090909091,0.0,25,80.0,0.0,46,0.0,10.869565217391305,22,0.0,13.636363636363637,46,0.0,10.869565217391305,24,0.0,8.333333333333334,32.0,1,0.0,5.0,3.0,1,3,2
20260209TMG09,2026-02-09,1C上,1.7,3.3,2.6,59,67.79661016949153,0.0,32,78.125,0.0,34,0.0,0.0,15,0.0,0.0,36,0.0,13.88888888888889,13,0.0,0.0,27.0,3,6.0,5.0,1.0,1,2,4
20260209TMG10,2026-02-09,1C上,2.4,3.0,3.1,58,63.793103448275865,0.0,27,59.25925925925926,0.0,37,0.0,10.81081081081081,20,0.0,0.0,34,0.0,17.647058823529413,13,0.0,15.384615384615385,35.0,1,0.0,5.0,5.0,1,5,6
20260209TMG11,2026-02-09,1C下,3.4,2.9,3.1,46,58.69565217391305,0.0,23,52.17391304347826,0.0,35,0.0,8.571428571428571,20,0.0,10.0,51,0.0,17.647058823529413,28,0.0,17.857142857142858,32.0,1,0.0,5.0,5.0,2,4,3
20260209TMG12,2026-02-09,1C下,3.2,3.0,2.2,43,62.7906976744186,0.0,26,69.23076923076923,0.0,44,0.0,2.272727272727273,24,0.0,0.0,43,0.0,4.651162790697675,21,0.0,4.761904761904762,28.0,1,0.0,5.0,5.0,1,2,5
20260210TMG01,2026-02-10,1C上,3.1,4.1,2.5,51,62.745098039215684,0.0,29,68.96551724137932,0.0,33,0.0,6.0606060606060606,12,0.0,8.333333333333334,43,0.0,13.953488372093023,21,0.0,19.047619047619047,34.0,1,0.0,5.0,5.0,1,3,4
20260210TMG02,2026-02-10,1C上,2.4,2.9,2.5,51,66.66666666666667,0.0,31,70.96774193548387,0.0,39,0.0,2.5641025641025643,20,0.0,5.0,26,0.0,19.23076923076923,17,0.0,23.529411764705884,35.0,1,0.0,5.0,5.0,1,2,3
20260210TMG03,2026-02-10,1C上,2.1,3.1,2.1,67,70.14925373134328,0.0,34,70.58823529411765,0.0,47,0.0,6.382978723404255,24,0.0,0.0,22,0.0,0.0,9,0.0,0.0,34.0,1,0.0,5.0,5.0,1,3,2
20260210TMG04,2026-02-10,1C上,2.4,3.5,3.2,45,71.11111111111111,0.0,26,76.92307692307692,0.0,39,0.0,7.6923076923076925,20,0.0,15.0,51,0.0,15.686274509803921,24,0.0,20.833333333333332,28.0,3,2.0,2.0,3.0,1,3,4
20260210TMG05,2026-02-10,1C上,1.7,3.1,2.6,59,69.49152542372882,0.0,33,78.78787878787878,0.0,36,0.0,11.11111111111111,19,0.0,15.789473684210526,43,0.0,18.6046511627907,21,0.0,14.285714285714286,30.0,1,0.0,5.0,4.0,1,5,3
20260210TMG06,2026-02-10,1C下,3.2,2.7,3.3,49,63.265306122448976,0.0,27,59.25925925925926,0.0,44,0.0,9.090909090909092,21,0.0,9.523809523809524,48,0.0,6.25,26,0.0,7.6923076923076925,33.0,1,0.0,5.0,5.0,1,6,5
20260210TMG07,2026-02-10,1C上,2.2,2.9,2.3,33,66.66666666666667,0.0,23,78.26086956521739,0.0,39,0.0,7.6923076923076925,17,0.0,5.882352941176471,36,0.0,16.666666666666668,19,0.0,26.31578947368421,34.0,1,0.0,5.0,5.0,1,2,4
20260210TMG08,2026-02-10,1C上,2.5,3.0,3.3,13,0.0,0.0,7,0.0,0.0,38,0.0,10.526315789473685,21,0.0,0.0,38,0.0,13.157894736842104,18,0.0,11.11111111111111,24.0,4,6.0,2.0,5.0,3,4,1
20260210TMG09,2026-02-10,1C下,3.4,2.5,2.8,47,57.4468085106383,0.0,24,50.0,0.0,37,0.0,5.405405405405405,16,0.0,6.25,31,0.0,12.903225806451612,14,0.0,14.285714285714286,34.0,1,0.0,5.0,5.0,2,1,3
20260210TMG11,2026-02-10,1C上,2.3,2.6,3.3,62,75.80645161290323,0.0,32,75.0,0.0,42,0.0,16.666666666666668,22,0.0,18.181818181818183,43,0.0,20.930232558139537,24,0.0,20.833333333333332,34.0,1,0.0,5.0,5.0,1,5,3
20260210TMG12,2026-02-10,1C上,2.4,3.8,3.3,59,64.40677966101696,0.0,28,60.714285714285715,0.0,46,0.0,4.3478260869565215,22,0.0,4.545454545454546,45,0.0,20.0,19,0.0,15.789473684210526,32.0,1,0.0,4.0,5.0,1,4,5
20260211TMG01,2026-02-11,1C上,2.4,2.5,3.2,49,51.02040816326531,0.0,21,47.61904761904762,0.0,45,0.0,4.444444444444445,21,0.0,4.761904761904762,37,0.0,21.62162162162162,18,0.0,22.22222222222222,28.0,3,4.0,5.0,1.0,3,1,2
20260211TMG02,2026-02-11,1C下,2.2,1.9,2.4,50,70.0,0.0,25,60.0,0.0,44,0.0,6.818181818181818,24,0.0,0.0,44,0.0,6.818181818181818,24,0.0,4.166666666666667,28.0,2,3.0,3.0,5.0,1,3,2
20260211TMG03,2026-02-11,1C上,2.5,3.7,2.5,57,63.1578947368421,0.0,27,62.96296296296296,0.0,46,0.0,2.1739130434782608,21,0.0,0.0,27,0.0,18.51851851851852,18,0.0,22.22222222222222,33.0,1,0.0,4.0,4.0,1,3,4
20260211TMG04,2026-02-11,1C上,2.6,2.9,3.1,60,45.0,0.0,27,48.148148148148145,0.0,52,0.0,13.461538461538462,26,0.0,7.6923076923076925,51,0.0,17.647058823529413,28,0.0,17.857142857142858,35.0,1,0.0,5.0,5.0,2,5,6
20260211TMG05,2026-02-11,1C上,2.0,3.1,3.0,58,72.41379310344827,0.0,32,71.875,0.0,45,0.0,8.88888888888889,19,0.0,5.2631578947368425,37,0.0,16.216216216216218,19,0.0,10.526315789473685,31.0,2,1.0,5.0,5.0,1,6,3
20260211TMG06,2026-02-11,1C上,3.0,3.3,2.8,40,72.5,0.0,25,72.0,0.0,34,0.0,2.9411764705882355,21,0.0,0.0,45,0.0,11.11111111111111,26,0.0,19.23076923076923,27.0,2,3.0,5.0,5.0,1,3,6
20260211TMG07,2026-02-11,1C上,2.3,3.1,2.7,62,72.58064516129032,0.0,32,68.75,0.0,37,0.0,10.81081081081081,20,0.0,15.0,47,0.0,17.02127659574468,24,0.0,8.333333333333334,26.0,2,10.0,2.0,5.0,1,4,3
20260211TMG08,2026-02-11,1C下,2.5,2.4,3.1,59,72.88135593220339,0.0,28,75.0,0.0,35,0.0,2.857142857142857,19,0.0,5.2631578947368425,34,0.0,17.647058823529413,14,0.0,14.285714285714286,31.0,2,3.0,5.0,5.0,1,3,2
20260211TMG09,2026-02-11,1C下,3.2,2.1,2.6,50,64.0,0.0,27,59.25925925925926,0.0,54,0.0,9.25925925925926,25,0.0,12.0,41,0.0,19.51219512195122,20,0.0,15.0,30.0,1,0.0,5.0,5.0,3,1,2
20260211TMG10,2026-02-11,同じ,2.9,2.9,2.4,45,73.33333333333333,0.0,21,66.66666666666667,0.0,37,0.0,10.81081081081081,22,0.0,13.636363636363637,37,0.0,16.216216216216218,21,0.0,14.285714285714286,28.0,1,0.0,5.0,5.0,1,4,3
20260211TMG11,2026-02-11,1C下,3.2,2.9,2.3,44,63.63636363636363,0.0,27,70.37037037037037,0.0,45,0.0,4.444444444444445,20,0.0,0.0,40,0.0,12.5,19,0.0,10.526315789473685,32.0,1,0.0,5.0,5.0,1,2,3
20260211TMG12,2026-02-11,1C上,2.4,3.5,2.6,60,65.0,0.0,29,62.06896551724138,0.0,43,0.0,6.976744186046512,24,0.0,4.166666666666667,48,0.0,25.0,21,0.0,19.047619047619047,34.0,1,0.0,5.0,5.0,1,4,2
20260222TMG01,2026-02-22,1C下,4.6,3.7,3.1,32,12.5,0.0,18,16.666666666666668,0.0,47,0.0,2.127659574468085,23,0.0,4.3478260869565215,25,0.0,4.0,14,0.0,7.142857142857143,30.0,1,0.0,4.0,3.0,1,3,5
20260222TMG02,2026-02-22,1C下,3.7,3.6,3.8,31,25.806451612903224,0.0,15,13.333333333333334,0.0,34,0.0,0.0,15,0.0,0.0,50,0.0,4.0,21,0.0,9.523809523809524,32.0,1,0.0,5.0,5.0,1,2,5
20260222TMG03,2026-02-22,1C下,3.9,3.7,4.0,30,36.666666666666664,0.0,11,27.272727272727273,0.0,47,0.0,2.127659574468085,27,0.0,0.0,27,0.0,0.0,12,0.0,0.0,30.0,2,5.0,3.0,5.0,1,3,2
20260222TMG04,2026-02-22,1C上,2.7,3.7,2.9,38,57.89473684210526,0.0,13,69.23076923076923,0.0,38,0.0,2.6315789473684212,14,0.0,0.0,32,0.0,6.25,15,0.0,6.666666666666667,33.0,1,0.0,4.0,4.0,6,2,1
20260222TMG05,2026-02-22,1C下,3.2,3.0,3.3,39,30.76923076923077,0.0,14,35.714285714285715,0.0,33,0.0,3.0303030303030303,18,0.0,5.555555555555555,50,0.0,6.0,24,0.0,8.333333333333334,37.0,1,0.0,5.0,5.0,1,3,6
20260222TMG06,2026-02-22,1C上,3.9,4.2,2.7,30,36.666666666666664,0.0,13,38.46153846153846,0.0,25,0.0,0.0,4,0.0,0.0,29,0.0,3.4482758620689653,14,0.0,0.0,20.0,4,8.0,1.0,2.0,1,4,3
20260222TMG07,2026-02-22,1C上,3.5,4.2,3.8,31,29.032258064516128,0.0,13,30.76923076923077,0.0,39,0.0,7.6923076923076925,17,0.0,0.0,33,0.0,6.0606060606060606,16,0.0,6.25,25.0,2,4.0,3.0,1.0,1,4,2
20260222TMG08,2026-02-22,1C上,1.7,2.9,3.9,49,55.10204081632653,0.0,27,66.66666666666667,0.0,39,0.0,7.6923076923076925,19,0.0,10.526315789473685,34,0.0,2.9411764705882355,19,0.0,5.2631578947368425,22.0,5,8.0,3.0,2.0,1,5,3
20260222TMG09,2026-02-22,1C上,2.9,3.1,2.6,37,51.351351351351354,0.0,14,50.0,0.0,38,0.0,2.6315789473684212,18,0.0,5.555555555555555,28,0.0,14.285714285714286,14,0.0,14.285714285714286,27.0,3,1.0,4.0,1.0,1,2,5
20260222TMG10,2026-02-22,1C下,3.2,2.5,2.7,31,45.16129032258065,0.0,14,64.28571428571429,0.0,34,0.0,14.705882352941176,17,0.0,11.764705882352942,40,0.0,0.0,16,0.0,0.0,19.0,6,15.0,5.0,1.0,4,2,3
20260222TMG11,2026-02-22,1C上,2.9,3.3,2.7,59,69.49152542372882,0.0,27,62.96296296296296,0.0,34,0.0,0.0,17,0.0,0.0,42,0.0,21.428571428571427,20,0.0,25.0,28.0,2,1.0,5.0,5.0,1,4,2
20260222TMG12,2026-02-22,1C下,3.0,2.7,2.5,74,62.16216216216216,0.0,39,66.66666666666667,0.0,36,0.0,19.444444444444443,15,0.0,26.666666666666668,30,0.0,20.0,16,0.0,18.75,32.0,1,0.0,5.0,5.0,1,5,2
20260223TMG01,2026-02-23,1C上,3.1,3.2,2.6,30,30.0,0.0,11,45.45454545454545,0.0,40,0.0,2.5,16,0.0,0.0,46,0.0,8.695652173913043,19,0.0,5.2631578947368425,28.0,2,4.0,4.0,5.0,1,2,3
20260223TMG02,2026-02-23,1C上,2.1,3.5,4.1,38,55.26315789473684,0.0,16,50.0,0.0,27,0.0,3.7037037037037037,17,0.0,5.882352941176471,42,0.0,0.0,21,0.0,0.0,30.0,1,0.0,3.0,5.0,4,5,6
20260223TMG03,2026-02-23,1C上,2.8,3.5,4.1,37,27.027027027027028,0.0,19,31.57894736842105,0.0,31,0.0,0.0,16,0.0,0.0,38,0.0,10.526315789473685,19,0.0,10.526315789473685,24.0,3,8.0,4.0,5.0,3,4,5
20260223TMG04,2026-02-23,1C上,3.5,3.8,3.7,20,25.0,0.0,4,25.0,0.0,31,0.0,0.0,14,0.0,0.0,50,0.0,12.0,21,0.0,4.761904761904762,36.0,1,0.0,5.0,5.0,1,3,2
20260223TMG05,2026-02-23,1C下,3.7,3.1,2.9,36,36.111111111111114,0.0,15,53.333333333333336,0.0,29,0.0,3.4482758620689653,14,0.0,0.0,36,0.0,22.22222222222222,16,0.0,12.5,34.0,1,0.0,5.0,5.0,3,6,2
20260223TMG06,2026-02-23,1C上,2.9,3.4,3.0,30,33.333333333333336,0.0,13,30.76923076923077,0.0,36,0.0,5.555555555555555,14,0.0,14.285714285714286,49,0.0,14.285714285714286,24,0.0,20.833333333333332,24.0,5,7.0,1.0,5.0,1,3,4
20260223TMG07,2026-02-23,1C下,3.4,3.1,4.0,28,39.285714285714285,0.0,14,42.857142857142854,0.0,38,0.0,2.6315789473684212,16,0.0,6.25,29,0.0,3.4482758620689653,10,0.0,10.0,27.0,3,6.0,5.0,2.0,5,3,1
20260223TMG08,2026-02-23,1C下,4.0,2.4,2.8,42,42.857142857142854,0.0,23,43.47826086956522,0.0,36,0.0,11.11111111111111,22,0.0,13.636363636363637,30,0.0,0.0,15,0.0,0.0,30.0,1,0.0,1.0,5.0,2,5,3
20260223TMG09,2026-02-23,1C上,2.8,3.2,2.7,42,61.904761904761905,0.0,20,60.0,0.0,37,0.0,8.108108108108109,16,0.0,6.25,45,0.0,13.333333333333334,25,0.0,12.0,30.0,2,1.0,5.0,5.0,1,2,5
20260223TMG10,2026-02-23,1C上,3.0,4.3,3.8,50,56.0,0.0,26,50.0,0.0,21,0.0,4.761904761904762,12,0.0,0.0,37,0.0,0.0,15,0.0,0.0,27.0,2,9.0,4.0,5.0,1,5,3
20260223TMG11,2026-02-23,1C上,2.8,3.5,3.3,38,68.42105263157895,0.0,18,77.77777777777777,0.0,46,0.0,6.521739130434782,26,0.0,3.8461538461538463,36,0.0,2.7777777777777777,19,0.0,5.2631578947368425,30.0,1,0.0,4.0,5.0,1,2,5
20260223TMG12,2026-02-23,1C上,2.5,3.4,1.9,58,77.58620689655173,0.0,31,77.41935483870968,0.0,41,0.0,0.0,17,0.0,0.0,34,0.0,8.823529411764707,22,0.0,4.545454545454546,30.0,1,0.0,5.0,5.0,1,2,3
20260224TMG01,2026-02-24,1C上,3.0,3.6,3.6,31,54.83870967741935,0.0,14,57.142857142857146,0.0,41,0.0,2.4390243902439024,14,0.0,7.142857142857143,30,0.0,3.3333333333333335,18,0.0,5.555555555555555,36.0,1,0.0,5.0,5.0,1,2,4
20260224TMG03,2026-02-24,1C下,3.5,3.0,3.2,24,37.5,0.0,12,41.666666666666664,0.0,30,0.0,6.666666666666667,14,0.0,7.142857142857143,36,0.0,19.444444444444443,17,0.0,17.647058823529413,24.0,4,4.0,3.0,5.0,2,3,1
20260224TMG04,2026-02-24,1C上,2.8,3.9,3.8,28,60.714285714285715,0.0,13,46.15384615384615,0.0,29,0.0,0.0,11,0.0,0.0,43,0.0,6.976744186046512,18,0.0,11.11111111111111,27.0,2,5.0,3.0,5.0,1,4,5
20260224TMG05,2026-02-24,1C下,4.3,3.0,3.3,21,19.047619047619047,0.0,14,7.142857142857143,0.0,38,0.0,0.0,18,0.0,0.0,40,0.0,15.0,17,0.0,11.764705882352942,31.0,1,0.0,4.0,5.0,3,1,5
20260224TMG06,2026-02-24,同じ,3.7,3.7,3.4,19,26.31578947368421,0.0,12,25.0,0.0,41,0.0,2.4390243902439024,16,0.0,0.0,30,0.0,6.666666666666667,14,0.0,7.142857142857143,33.0,1,0.0,5.0,5.0,6,2,1
20260224TMG07,2026-02-24,1C上,3.1,4.5,2.6,16,50.0,0.0,6,33.333333333333336,0.0,22,0.0,4.545454545454546,6,0.0,0.0,40,0.0,7.5,19,0.0,0.0,30.0,3,2.0,5.0,2.0,6,3,4
20260224TMG08,2026-02-24,1C上,3.4,3.5,3.6,50,58.0,0.0,24,79.16666666666667,0.0,33,0.0,0.0,11,0.0,0.0,42,0.0,4.761904761904762,18,0.0,0.0,38.0,1,0.0,5.0,5.0,1,2,3
20260224TMG10,2026-02-24,1C上,2.4,3.6,3.1,43,55.81395348837209,0.0,19,63.1578947368421,0.0,28,0.0,3.5714285714285716,13,0.0,7.6923076923076925,27,0.0,3.7037037037037037,17,0.0,5.882352941176471,30.0,2,1.0,5.0,5.0,1,4,5
20260224TMG11,2026-02-24,1C上,2.0,2.9,2.1,49,79.59183673469387,0.0,20,80.0,0.0,41,0.0,7.317073170731708,22,0.0,9.090909090909092,30,0.0,3.3333333333333335,14,0.0,7.142857142857143,31.0,2,1.0,4.0,5.0,1,4,5
20260224TMG12,2026-02-24,1C上,2.6,4.1,2.6,55,70.9090909090909,0.0,38,73.6842105263158,0.0,33,0.0,0.0,17,0.0,0.0,41,0.0,7.317073170731708,19,0.0,10.526315789473685,31.0,1,0.0,5.0,5.0,4,3,5
20260225TMG01,2026-02-25,1C下,4.8,2.9,3.6,26,7.6923076923076925,0.0,11,0.0,0.0,39,0.0,7.6923076923076925,19,0.0,10.526315789473685,43,0.0,4.651162790697675,19,0.0,0.0,31.0,1,0.0,4.0,5.0,5,2,6
20260225TMG02,2026-02-25,1C下,3.6,3.2,3.7,32,46.875,0.0,11,45.45454545454545,0.0,39,0.0,0.0,18,0.0,0.0,24,0.0,4.166666666666667,3,0.0,0.0,32.0,1,0.0,5.0,5.0,1,4,3
20260225TMG03,2026-02-25,1C下,5.1,3.4,3.8,23,26.08695652173913,0.0,11,27.272727272727273,0.0,42,0.0,0.0,17,0.0,0.0,51,0.0,3.9215686274509802,22,0.0,9.090909090909092,36.0,1,0.0,5.0,5.0,2,6,3
20260225TMG04,2026-02-25,1C上,2.6,3.9,2.4,29,37.93103448275862,0.0,13,61.53846153846154,0.0,39,0.0,0.0,18,0.0,0.0,42,0.0,9.523809523809524,17,0.0,11.764705882352942,33.0,1,0.0,4.0,5.0,1,3,2
20260225TMG05,2026-02-25,1C上,2.9,3.9,3.3,38,52.63157894736842,0.0,15,53.333333333333336,0.0,30,0.0,0.0,12,0.0,0.0,41,0.0,17.073170731707318,18,0.0,16.666666666666668,28.0,2,4.0,4.0,3.0,3,6,4
20260225TMG06,2026-02-25,1C上,2.0,4.2,3.1,50,80.0,0.0,21,80.95238095238095,0.0,44,0.0,0.0,19,0.0,0.0,28,0.0,3.5714285714285716,18,0.0,5.555555555555555,28.0,2,7.0,3.0,5.0,4,1,5
20260225TMG07,2026-02-25,同じ,3.0,3.0,2.6,51,56.86274509803921,0.0,26,50.0,0.0,31,0.0,6.451612903225806,14,0.0,7.142857142857143,41,0.0,7.317073170731708,20,0.0,0.0,35.0,1,0.0,5.0,5.0,3,6,2
20260225TMG08,2026-02-25,1C上,2.8,4.3,2.9,39,69.23076923076923,0.0,18,77.77777777777777,0.0,31,0.0,0.0,14,0.0,0.0,52,0.0,9.615384615384615,24,0.0,12.5,30.0,1,0.0,5.0,5.0,1,3,2
20260225TMG10,2026-02-25,1C上,2.6,3.0,2.6,56,69.64285714285714,0.0,38,71.05263157894737,0.0,39,0.0,0.0,19,0.0,0.0,45,0.0,17.77777777777778,21,0.0,14.285714285714286,36.0,1,0.0,5.0,5.0,4,5,3
20260225TMG11,2026-02-25,1C上,2.5,4.2,3.0,59,77.96610169491525,0.0,31,77.41935483870968,0.0,40,0.0,7.5,18,0.0,0.0,37,0.0,5.405405405405405,15,0.0,6.666666666666667,30.0,1,0.0,5.0,5.0,1,4,6
20260225TMG12,2026-02-25,1C上,3.0,3.6,2.6,75,62.666666666666664,0.0,39,66.66666666666667,0.0,39,0.0,2.5641025641025643,17,0.0,5.882352941176471,46,0.0,8.695652173913043,20,0.0,5.0,32.0,1,0.0,3.0,4.0,1,6,2
20260226TMG01,2026-02-26,1C上,3.0,3.6,4.1,32,56.25,0.0,15,60.0,0.0,34,0.0,0.0,14,0.0,0.0,43,0.0,0.0,21,0.0,0.0,30.0,1,0.0,5.0,3.0,1,2,3
20260226TMG02,2026-02-26,1C上,3.5,4.5,3.1,21,28.571428571428573,0.0,5,40.0,0.0,22,0.0,4.545454545454546,7,0.0,0.0,25,0.0,0.0,14,0.0,0.0,24.0,4,7.0,3.0,5.0,2,6,1
20260226TMG03,2026-02-26,1C上,3.1,3.8,3.0,17,47.05882352941177,0.0,7,28.571428571428573,0.0,32,0.0,0.0,15,0.0,0.0,50,0.0,14.0,25,0.0,20.0,25.0,4,7.0,4.0,1.0,4,3,5
20260226TMG04,2026-02-26,1C下,3.8,2.7,3.3,28,17.857142857142858,0.0,15,13.333333333333334,0.0,36,0.0,19.444444444444443,16,0.0,25.0,36,0.0,2.7777777777777777,20,0.0,5.0,30.0,1,0.0,5.0,1.0,2,4,6
20260226TMG05,2026-02-26,1C上,2.1,3.1,3.8,39,53.84615384615385,0.0,17,47.05882352941177,0.0,40,0.0,2.5,18,0.0,5.555555555555555,43,0.0,6.976744186046512,19,0.0,10.526315789473685,30.0,2,3.0,5.0,5.0,5,1,2
20260226TMG06,2026-02-26,1C上,2.7,4.3,2.6,38,55.26315789473684,0.0,14,64.28571428571429,0.0,32,0.0,0.0,14,0.0,0.0,42,0.0,7.142857142857143,20,0.0,10.0,30.0,1,0.0,5.0,5.0,1,2,4
20260226TMG07,2026-02-26,1C上,3.4,4.1,3.6,29,37.93103448275862,0.0,15,40.0,0.0,34,0.0,0.0,18,0.0,0.0,31,0.0,3.225806451612903,19,0.0,5.2631578947368425,25.0,3,3.0,3.0,1.0,3,4,6
20260226TMG08,2026-02-26,1C下,3.9,3.5,3.5,31,38.70967741935484,0.0,14,42.857142857142854,0.0,28,0.0,3.5714285714285716,18,0.0,5.555555555555555,33,0.0,9.090909090909092,16,0.0,12.5,23.0,3,5.0,2.0,1.0,2,6,1
20260226TMG09,2026-02-26,1C下,3.7,3.4,3.8,37,35.13513513513514,0.0,16,50.0,0.0,36,0.0,5.555555555555555,15,0.0,13.333333333333334,36,0.0,0.0,16,0.0,0.0,24.0,4,3.0,2.0,5.0,4,1,3
20260226TMG10,2026-02-26,1C下,3.9,3.2,2.6,30,36.666666666666664,0.0,12,33.333333333333336,0.0,38,0.0,7.894736842105263,17,0.0,5.882352941176471,29,0.0,13.793103448275861,15,0.0,13.333333333333334,35.0,1,0.0,5.0,5.0,1,4,3
20260226TMG11,2026-02-26,同じ,3.5,3.5,3.9,31,32.25806451612903,0.0,14,35.714285714285715,0.0,47,0.0,6.382978723404255,26,0.0,3.8461538461538463,35,0.0,2.857142857142857,19,0.0,5.2631578947368425,36.0,1,0.0,5.0,5.0,2,1,4
20260227TMG01,2026-02-27,1C下,3.7,3.2,3.6,32,28.125,0.0,16,18.75,0.0,40,0.0,0.0,19,0.0,0.0,43,0.0,4.651162790697675,20,0.0,0.0,27.0,2,1.0,5.0,5.0,2,1,4
20260227TMG02,2026-02-27,1C上,3.1,3.5,2.7,18,44.44444444444444,0.0,8,25.0,0.0,29,0.0,3.4482758620689653,19,0.0,5.2631578947368425,30,0.0,3.3333333333333335,14,0.0,0.0,30.0,1,0.0,4.0,5.0,1,2,4
20260227TMG03,2026-02-27,1C下,5.1,4.2,2.1,24,25.0,0.0,12,25.0,0.0,40,0.0,7.5,19,0.0,0.0,30,0.0,3.3333333333333335,14,0.0,7.142857142857143,31.0,1,0.0,4.0,5.0,4,3,5
20260227TMG04,2026-02-27,1C下,3.7,3.2,2.7,37,35.13513513513514,0.0,17,47.05882352941177,0.0,39,0.0,7.6923076923076925,18,0.0,5.555555555555555,37,0.0,5.405405405405405,17,0.0,0.0,29.0,2,2.0,4.0,5.0,3,2,5
20260227TMG05,2026-02-27,1C上,3.4,3.5,3.3,29,37.93103448275862,0.0,16,37.5,0.0,33,0.0,0.0,12,0.0,0.0,37,0.0,2.7027027027027026,21,0.0,4.761904761904762,25.0,3,3.0,1.0,4.0,2,1,5
20260227TMG06,2026-02-27,1C上,3.1,4.2,3.1,31,32.25806451612903,0.0,12,50.0,0.0,25,0.0,0.0,5,0.0,0.0,26,0.0,0.0,15,0.0,0.0,28.0,1,0.0,4.0,5.0,1,3,2
20260227TMG07,2026-02-27,1C下,4.8,4.3,3.3,27,7.407407407407407,0.0,12,0.0,0.0,22,0.0,4.545454545454546,13,0.0,0.0,51,0.0,5.882352941176471,24,0.0,8.333333333333334,32.0,1,0.0,5.0,5.0,3,1,2
20260227TMG08,2026-02-27,1C上,1.7,3.9,4.1,50,56.0,0.0,27,70.37037037037037,0.0,31,0.0,0.0,13,0.0,0.0,44,0.0,0.0,22,0.0,0.0,28.0,1,0.0,5.0,2.0,1,6,4
20260227TMG09,2026-02-27,1C上,2.8,3.9,3.5,43,62.7906976744186,0.0,20,60.0,0.0,40,0.0,0.0,19,0.0,0.0,34,0.0,8.823529411764707,17,0.0,11.764705882352942,33.0,1,0.0,5.0,5.0,1,3,5
20260227TMG10,2026-02-27,1C上,3.0,3.6,2.4,52,55.76923076923077,0.0,27,48.148148148148145,0.0,29,0.0,3.4482758620689653,14,0.0,7.142857142857143,43,0.0,9.30232558139535,17,0.0,11.764705882352942,34.0,1,0.0,5.0,5.0,1,2,4
20260227TMG11,2026-02-27,1C上,2.8,3.1,3.9,29,62.06896551724138,0.0,14,50.0,0.0,37,0.0,2.7027027027027026,19,0.0,5.2631578947368425,36,0.0,2.7777777777777777,20,0.0,5.0,28.0,3,2.0,3.0,5.0,1,3,2
20260227TMG12,2026-02-27,1C上,2.5,3.6,2.9,61,77.04918032786885,0.0,33,75.75757575757575,0.0,40,0.0,2.5,18,0.0,5.555555555555555,53,0.0,9.433962264150944,25,0.0,12.0,29.0,1,0.0,5.0,5.0,1,2,3
20260311TMG01,2026-03-11,1C下,4.6,3.0,3.5,25,4.0,0.0,12,0.0,0.0,26,0.0,0.0,12,0.0,0.0,36,0.0,8.333333333333334,20,0.0,15.0,30.0,1,0.0,5.0,5.0,3,5,2
20260311TMG02,2026-03-11,1C上,3.3,3.7,3.1,34,29.41176470588235,0.0,14,42.857142857142854,0.0,35,0.0,2.857142857142857,21,0.0,4.761904761904762,27,0.0,14.814814814814815,15,0.0,13.333333333333334,27.0,3,5.0,3.0,5.0,1,3,4
20260311TMG04,2026-03-11,1C下,3.2,2.5,4.4,19,21.05263157894737,0.0,8,37.5,0.0,47,0.0,6.382978723404255,26,0.0,7.6923076923076925,33,0.0,12.121212121212121,19,0.0,10.526315789473685,23.0,5,11.0,1.0,1.0,2,6,1
20260311TMG05,2026-03-11,1C上,2.5,3.1,3.2,26,65.38461538461539,0.0,13,46.15384615384615,0.0,39,0.0,15.384615384615385,15,0.0,6.666666666666667,28,0.0,17.857142857142858,11,0.0,27.272727272727273,24.0,4,7.0,3.0,5.0,2,4,3
20260311TMG06,2026-03-11,1C下,4.4,4.3,4.1,29,24.137931034482758,0.0,12,33.333333333333336,0.0,48,0.0,2.0833333333333335,27,0.0,3.7037037037037037,33,0.0,6.0606060606060606,14,0.0,0.0,24.0,3,5.0,4.0,1.0,4,2,1
20260311TMG07,2026-03-11,1C上,3.2,3.7,4.0,50,48.0,0.0,24,45.833333333333336,0.0,34,0.0,0.0,13,0.0,0.0,42,0.0,7.142857142857143,20,0.0,5.0,37.0,1,0.0,5.0,5.0,6,2,1
20260311TMG08,2026-03-11,1C下,3.6,3.5,2.8,40,62.5,0.0,22,68.18181818181819,0.0,24,0.0,4.166666666666667,6,0.0,0.0,26,0.0,0.0,13,0.0,0.0,30.0,2,4.0,3.0,5.0,2,1,
20260311TMG10,2026-03-11,1C上,2.6,2.8,3.3,22,36.36363636363637,0.0,9,22.22222222222222,0.0,21,0.0,0.0,10,0.0,0.0,36,0.0,2.7777777777777777,15,0.0,6.666666666666667,32.0,2,2.0,4.0,4.0,3,4,1
20260311TMG11,2026-03-11,1C下,3.1,3.0,2.7,61,60.65573770491803,0.0,24,62.5,0.0,29,0.0,3.4482758620689653,14,0.0,0.0,35,0.0,8.571428571428571,14,0.0,7.142857142857143,32.0,2,1.0,5.0,5.0,1,2,3
20260311TMG12,2026-03-11,1C上,3.0,3.5,2.8,39,66.66666666666667,0.0,23,69.56521739130434,0.0,36,0.0,2.7777777777777777,18,0.0,0.0,41,0.0,7.317073170731708,21,0.0,4.761904761904762,37.0,1,0.0,5.0,5.0,1,3,2
20260312TMG01,2026-03-12,1C下,3.3,3.2,2.7,16,37.5,0.0,6,33.333333333333336,0.0,36,0.0,0.0,19,0.0,0.0,31,0.0,6.451612903225806,13,0.0,7.6923076923076925,21.0,4,13.0,5.0,1.0,4,2,5
20260312TMG02,2026-03-12,1C上,2.5,3.7,5.1,24,41.666666666666664,0.0,12,50.0,0.0,37,0.0,2.7027027027027026,16,0.0,0.0,30,0.0,0.0,15,0.0,0.0,37.0,1,0.0,5.0,5.0,1,2,3
20260312TMG04,2026-03-12,1C下,3.9,2.3,2.9,28,32.142857142857146,0.0,12,33.333333333333336,0.0,31,0.0,6.451612903225806,14,0.0,7.142857142857143,38,0.0,7.894736842105263,15,0.0,6.666666666666667,24.0,3,9.0,3.0,5.0,3,1,2
20260312TMG05,2026-03-12,1C上,2.9,3.1,3.4,23,34.78260869565217,0.0,12,41.666666666666664,0.0,37,0.0,5.405405405405405,14,0.0,0.0,43,0.0,6.976744186046512,23,0.0,0.0,18.0,6,16.0,1.0,1.0,4,5,6
20260312TMG07,2026-03-12,1C下,3.6,2.9,3.6,25,64.0,0.0,10,90.0,0.0,42,0.0,0.0,20,0.0,0.0,33,0.0,9.090909090909092,17,0.0,0.0,31.0,2,1.0,5.0,5.0,1,3,2
20260312TMG08,2026-03-12,1C上,3.0,3.8,3.1,43,51.16279069767442,0.0,21,57.142857142857146,0.0,26,0.0,0.0,9,0.0,0.0,24,0.0,0.0,10,0.0,0.0,35.0,1,0.0,5.0,5.0,4,5,1
20260312TMG09,2026-03-12,1C上,4.2,4.6,3.2,57,70.17543859649123,0.0,29,72.41379310344827,0.0,38,0.0,0.0,21,0.0,0.0,33,0.0,6.0606060606060606,13,0.0,0.0,32.0,1,0.0,5.0,5.0,1,2,4
20260312TMG10,2026-03-12,1C上,2.7,4.5,2.1,48,66.66666666666667,0.0,21,57.142857142857146,0.0,40,0.0,2.5,22,0.0,4.545454545454546,29,0.0,10.344827586206897,10,0.0,10.0,33.0,1,0.0,5.0,5.0,1,6,5
20260312TMG11,2026-03-12,1C上,2.7,2.8,2.4,54,64.81481481481481,0.0,24,58.333333333333336,0.0,22,0.0,4.545454545454546,6,0.0,0.0,38,0.0,13.157894736842104,18,0.0,16.666666666666668,29.0,2,3.0,5.0,3.0,1,3,4
20260312TMG12,2026-03-12,1C上,2.4,3.3,3.6,45,68.88888888888889,0.0,24,75.0,0.0,39,0.0,5.128205128205129,17,0.0,5.882352941176471,47,0.0,12.76595744680851,19,0.0,21.05263157894737,35.0,1,0.0,5.0,5.0,1,4,5
20260313TMG01,2026-03-13,1C上,3.3,3.7,4.3,30,33.333333333333336,0.0,14,35.714285714285715,0.0,42,0.0,4.761904761904762,25,0.0,8.0,28,0.0,14.285714285714286,9,0.0,33.333333333333336,25.0,4,5.0,3.0,5.0,2,3,5
20260313TMG02,2026-03-13,1C上,1.8,2.6,4.0,31,48.38709677419355,0.0,17,47.05882352941177,0.0,22,0.0,4.545454545454546,6,0.0,16.666666666666668,27,0.0,0.0,10,0.0,0.0,30.0,1,0.0,5.0,5.0,1,5,6
20260313TMG03,2026-03-13,1C上,2.4,4.2,2.9,21,33.333333333333336,0.0,9,33.333333333333336,0.0,35,0.0,2.857142857142857,13,0.0,0.0,39,0.0,15.384615384615385,19,0.0,21.05263157894737,34.0,1,0.0,5.0,5.0,1,4,6
20260313TMG04,2026-03-13,1C上,3.6,3.9,4.4,26,34.61538461538461,0.0,11,27.272727272727273,0.0,43,0.0,4.651162790697675,22,0.0,9.090909090909092,34,0.0,11.764705882352942,20,0.0,10.0,32.0,2,2.0,5.0,5.0,1,4,3
20260313TMG05,2026-03-13,1C上,4.2,5.6,3.0,31,19.35483870967742,0.0,14,28.571428571428573,0.0,30,0.0,3.3333333333333335,12,0.0,0.0,34,0.0,14.705882352941176,19,0.0,26.31578947368421,23.0,3,15.0,3.0,5.0,3,5,4
20260313TMG06,2026-03-13,1C下,4.5,3.5,4.0,31,54.83870967741935,0.0,19,52.63157894736842,0.0,43,0.0,0.0,19,0.0,0.0,42,0.0,23.80952380952381,18,0.0,16.666666666666668,34.0,1,0.0,5.0,5.0,1,5,4
20260313TMG07,2026-03-13,1C上,3.3,3.5,4.3,35,45.714285714285715,0.0,18,44.44444444444444,0.0,37,0.0,2.7027027027027026,19,0.0,0.0,36,0.0,11.11111111111111,16,0.0,12.5,32.0,1,0.0,5.0,5.0,1,4,5
20260313TMG08,2026-03-13,1C上,2.9,3.0,3.5,14,0.0,0.0,8,0.0,0.0,38,0.0,2.6315789473684212,22,0.0,4.545454545454546,39,0.0,7.6923076923076925,14,0.0,14.285714285714286,30.0,1,0.0,5.0,5.0,4,2,
20260313TMG09,2026-03-13,1C下,3.5,2.9,3.6,53,52.83018867924528,0.0,27,55.55555555555556,0.0,34,0.0,2.9411764705882355,15,0.0,0.0,26,0.0,15.384615384615385,14,0.0,21.428571428571427,24.0,4,8.0,3.0,2.0,3,5,1
20260313TMG10,2026-03-13,1C下,2.9,2.7,2.6,62,75.80645161290323,0.0,29,75.86206896551724,0.0,34,0.0,2.9411764705882355,15,0.0,6.666666666666667,35,0.0,5.714285714285714,16,0.0,6.25,32.0,1,0.0,4.0,5.0,1,3,4
20260313TMG11,2026-03-13,1C上,2.6,3.3,2.5,57,64.91228070175438,0.0,30,70.0,0.0,31,0.0,0.0,14,0.0,0.0,42,0.0,2.380952380952381,21,0.0,4.761904761904762,29.0,3,3.0,5.0,1.0,1,2,3
20260313TMG12,2026-03-13,1C上,2.4,3.7,2.4,62,62.903225806451616,0.0,31,54.83870967741935,0.0,28,0.0,0.0,16,0.0,0.0,39,0.0,15.384615384615385,21,0.0,14.285714285714286,24.0,3,8.0,3.0,2.0,1,5,2
20260314TMG01,2026-03-14,1C上,3.7,3.9,3.1,25,36.0,0.0,11,36.36363636363637,0.0,31,0.0,0.0,15,0.0,0.0,39,0.0,23.076923076923077,14,0.0,21.428571428571427,26.0,2,2.0,3.0,5.0,3,1,4
20260314TMG02,2026-03-14,1C上,3.2,3.9,2.7,22,31.818181818181817,0.0,6,50.0,0.0,22,0.0,4.545454545454546,12,0.0,0.0,36,0.0,8.333333333333334,15,0.0,6.666666666666667,34.0,1,0.0,5.0,5.0,3,2,4
20260314TMG03,2026-03-14,1C下,3.2,2.9,4.8,27,51.851851851851855,0.0,16,50.0,0.0,35,0.0,5.714285714285714,20,0.0,5.0,31,0.0,0.0,14,0.0,0.0,29.0,2,1.0,5.0,5.0,1,2,3
20260314TMG04,2026-03-14,1C下,2.8,2.5,2.4,29,48.275862068965516,0.0,12,75.0,0.0,48,0.0,8.333333333333334,24,0.0,12.5,38,0.0,10.526315789473685,19,0.0,15.789473684210526,19.0,5,12.0,1.0,5.0,1,2,3
20260314TMG06,2026-03-14,1C上,2.8,3.1,3.8,31,48.38709677419355,0.0,15,40.0,0.0,39,0.0,17.94871794871795,15,0.0,13.333333333333334,33,0.0,3.0303030303030303,13,0.0,0.0,18.0,5,14.0,1.0,1.0,4,2,5
20260314TMG07,2026-03-14,1C上,1.9,3.2,3.0,44,59.09090909090909,0.0,19,68.42105263157895,0.0,35,0.0,2.857142857142857,17,0.0,5.882352941176471,35,0.0,17.142857142857142,20,0.0,30.0,31.0,1,0.0,5.0,5.0,1,3,6
20260314TMG08,2026-03-14,1C上,3.2,4.3,5.1,50,48.0,0.0,25,44.0,0.0,49,0.0,2.0408163265306123,28,0.0,3.5714285714285716,31,0.0,0.0,15,0.0,0.0,38.0,1,0.0,5.0,5.0,2,1,3
20260314TMG09,2026-03-14,1C上,2.7,4.6,3.8,55,65.45454545454545,0.0,24,58.333333333333336,0.0,35,0.0,0.0,18,0.0,0.0,36,0.0,5.555555555555555,18,0.0,0.0,31.0,2,1.0,5.0,5.0,3,1,6
20260314TMG10,2026-03-14,1C上,2.6,3.5,3.2,57,66.66666666666667,0.0,31,70.96774193548387,0.0,37,0.0,2.7027027027027026,18,0.0,0.0,38,0.0,7.894736842105263,19,0.0,10.526315789473685,29.0,2,8.0,5.0,5.0,1,3,2
20260314TMG11,2026-03-14,1C上,2.4,3.7,3.6,63,63.492063492063494,0.0,32,56.25,0.0,36,0.0,2.7777777777777777,21,0.0,4.761904761904762,25,0.0,4.0,11,0.0,9.090909090909092,26.0,4,6.0,4.0,2.0,1,5,3
20260314TMG12,2026-03-14,1C上,3.0,4.0,2.8,40,67.5,0.0,24,70.83333333333333,0.0,39,0.0,2.5641025641025643,20,0.0,5.0,25,0.0,12.0,11,0.0,18.181818181818183,28.0,1,0.0,5.0,5.0,3,1,
20260315TMG01,2026-03-15,1C上,1.8,2.9,4.4,32,50.0,0.0,17,47.05882352941177,0.0,35,0.0,2.857142857142857,16,0.0,0.0,35,0.0,11.428571428571429,21,0.0,9.523809523809524,28.0,2,1.0,5.0,5.0,1,3,5
20260315TMG02,2026-03-15,1C上,2.6,3.2,4.3,41,39.02439024390244,0.0,13,30.76923076923077,0.0,37,0.0,0.0,20,0.0,0.0,29,0.0,13.793103448275861,10,0.0,30.0,32.0,2,1.0,5.0,5.0,6,4,5
20260315TMG03,2026-03-15,1C上,3.6,4.6,3.2,27,37.03703703703704,0.0,12,33.333333333333336,0.0,39,0.0,0.0,22,0.0,0.0,39,0.0,7.6923076923076925,20,0.0,10.0,32.0,1,0.0,4.0,5.0,1,5,
20260315TMG04,2026-03-15,1C上,2.5,3.2,3.4,25,44.0,0.0,13,53.84615384615385,0.0,36,0.0,2.7777777777777777,18,0.0,5.555555555555555,43,0.0,4.651162790697675,24,0.0,0.0,32.0,2,1.0,5.0,5.0,2,1,4
20260315TMG06,2026-03-15,1C上,3.2,3.7,3.3,28,53.57142857142857,0.0,17,52.94117647058823,0.0,37,0.0,2.7027027027027026,22,0.0,4.545454545454546,37,0.0,5.405405405405405,16,0.0,12.5,28.0,3,5.0,3.0,4.0,1,5,2
20260315TMG07,2026-03-15,1C上,3.0,3.1,3.2,44,50.0,0.0,22,54.54545454545455,0.0,38,0.0,5.2631578947368425,14,0.0,0.0,34,0.0,5.882352941176471,14,0.0,0.0,33.0,1,0.0,4.0,4.0,1,2,3
20260315TMG08,2026-03-15,1C上,2.8,3.9,3.6,30,50.0,0.0,13,76.92307692307692,0.0,23,0.0,4.3478260869565215,13,0.0,0.0,33,0.0,9.090909090909092,18,0.0,0.0,30.0,2,4.0,5.0,5.0,3,1,2
20260315TMG09,2026-03-15,1C上,3.6,3.9,4.2,26,65.38461538461539,0.0,11,90.9090909090909,0.0,43,0.0,4.651162790697675,23,0.0,8.695652173913043,42,0.0,4.761904761904762,25,0.0,8.0,32.0,2,2.0,5.0,5.0,1,2,4
20260315TMG10,2026-03-15,1C下,4.5,2.9,3.0,31,58.064516129032256,0.0,20,55.0,0.0,42,0.0,0.0,21,0.0,0.0,35,0.0,17.142857142857142,20,0.0,30.0,39.0,1,0.0,5.0,5.0,1,2,5
20260315TMG11,2026-03-15,1C上,2.4,3.3,2.8,46,69.56521739130434,0.0,25,76.0,0.0,39,0.0,5.128205128205129,18,0.0,5.555555555555555,25,0.0,0.0,14,0.0,0.0,33.0,1,0.0,5.0,5.0,1,5,2
20260315TMG12,2026-03-15,1C上,2.4,2.9,2.5,22,36.36363636363637,0.0,9,33.333333333333336,0.0,36,0.0,5.555555555555555,21,0.0,4.761904761904762,42,0.0,2.380952380952381,21,0.0,4.761904761904762,33.0,2,1.0,5.0,5.0,1,2,3
20260316TMG01,2026-03-16,1C上,2.9,3.7,3.6,24,33.333333333333336,0.0,13,38.46153846153846,0.0,25,0.0,0.0,10,0.0,0.0,46,0.0,13.043478260869565,20,0.0,20.0,19.0,5,18.0,2.0,2.0,3,1,6
20260316TMG02,2026-03-16,1C下,4.6,4.5,3.8,25,4.0,0.0,12,0.0,0.0,40,0.0,2.5,23,0.0,4.3478260869565215,34,0.0,2.9411764705882355,14,0.0,0.0,22.0,4,8.0,1.0,5.0,2,4,6
20260316TMG03,2026-03-16,1C下,4.2,2.7,3.3,32,18.75,0.0,14,21.428571428571427,0.0,35,0.0,2.857142857142857,16,0.0,6.25,38,0.0,5.2631578947368425,17,0.0,11.764705882352942,22.0,6,10.0,3.0,3.0,1,5,3
20260316TMG05,2026-03-16,1C上,3.6,4.6,3.4,28,39.285714285714285,0.0,13,38.46153846153846,0.0,39,0.0,0.0,23,0.0,0.0,44,0.0,4.545454545454546,25,0.0,0.0,37.0,1,0.0,5.0,5.0,1,4,2
20260316TMG07,2026-03-16,1C上,3.3,3.5,4.4,17,35.294117647058826,0.0,7,28.571428571428573,0.0,26,0.0,3.8461538461538463,8,0.0,0.0,35,0.0,11.428571428571429,22,0.0,9.090909090909092,33.0,2,7.0,5.0,5.0,4,1,2
20260316TMG08,2026-03-16,1C上,3.6,4.2,4.8,41,60.97560975609756,0.0,22,63.63636363636363,0.0,36,0.0,2.7777777777777777,14,0.0,0.0,31,0.0,0.0,15,0.0,0.0,36.0,1,0.0,5.0,5.0,1,2,6
20260316TMG09,2026-03-16,1C上,3.6,3.7,3.5,27,66.66666666666667,0.0,12,91.66666666666667,0.0,37,0.0,2.7027027027027026,16,0.0,0.0,40,0.0,7.5,15,0.0,13.333333333333334,32.0,2,2.0,5.0,5.0,3,1,2
20260316TMG11,2026-03-16,1C上,2.4,3.7,3.0,63,63.492063492063494,0.0,32,56.25,0.0,38,0.0,2.6315789473684212,23,0.0,4.3478260869565215,36,0.0,16.666666666666668,21,0.0,28.571428571428573,28.0,3,4.0,3.0,5.0,1,3,4
20260316TMG12,2026-03-16,1C上,2.4,2.5,3.8,23,39.130434782608695,0.0,10,40.0,0.0,49,0.0,8.16326530612245,25,0.0,12.0,37,0.0,8.108108108108109,19,0.0,5.2631578947368425,38.0,1,0.0,5.0,5.0,2,3,4
20260320TMG01,2026-03-20,1C上,2.8,2.9,3.0,29,27.586206896551722,0.0,11,27.272727272727273,0.0,29,0.0,0.0,14,0.0,0.0,33,0.0,9.090909090909092,22,0.0,13.636363636363637,30.0,1,0.0,2.0,5.0,3,1,2
20260320TMG02,2026-03-20,1C下,4.0,3.1,3.5,27,3.7037037037037037,0.0,13,7.6923076923076925,0.0,37,0.0,0.0,18,0.0,0.0,25,0.0,16.0,11,0.0,9.090909090909092,28.0,1,0.0,5.0,5.0,3,1,2
20260320TMG03,2026-03-20,1C上,3.3,3.9,3.5,25,20.0,0.0,14,28.571428571428573,0.0,37,0.0,5.405405405405405,19,0.0,0.0,37,0.0,13.513513513513514,16,0.0,31.25,24.0,5,5.0,4.0,5.0,3,1,4
20260320TMG06,2026-03-20,同じ,2.7,2.7,2.8,37,59.45945945945946,0.0,27,59.25925925925926,0.0,27,0.0,0.0,9,0.0,0.0,29,0.0,20.689655172413794,6,0.0,16.666666666666668,31.0,1,0.0,5.0,5.0,1,3,2
20260320TMG07,2026-03-20,1C上,2.6,3.7,3.5,26,30.76923076923077,0.0,16,31.25,0.0,36,0.0,0.0,20,0.0,0.0,31,0.0,0.0,13,0.0,0.0,33.0,1,0.0,3.0,5.0,6,2,3
20260320TMG09,2026-03-20,1C下,4.0,2.1,3.1,38,47.36842105263158,0.0,20,50.0,0.0,34,0.0,2.9411764705882355,15,0.0,6.666666666666667,33,0.0,9.090909090909092,17,0.0,11.764705882352942,34.0,1,0.0,5.0,5.0,1,3,2
20260320TMG10,2026-03-20,1C上,2.8,4.1,2.9,26,50.0,0.0,9,44.44444444444444,0.0,38,0.0,7.894736842105263,20,0.0,10.0,26,0.0,11.538461538461538,14,0.0,7.142857142857143,27.0,2,2.0,4.0,5.0,1,2,6
20260320TMG11,2026-03-20,1C上,3.2,3.4,2.2,32,71.875,0.0,12,66.66666666666667,0.0,33,0.0,6.0606060606060606,19,0.0,5.2631578947368425,41,0.0,14.634146341463415,19,0.0,15.789473684210526,34.0,2,4.0,5.0,5.0,4,3,1
20260321TMG01,2026-03-21,1C上,2.3,3.7,4.2,27,29.62962962962963,0.0,12,25.0,0.0,38,0.0,7.894736842105263,19,0.0,5.2631578947368425,26,0.0,7.6923076923076925,16,0.0,12.5,26.0,3,4.0,3.0,4.0,3,1,5
20260321TMG02,2026-03-21,1C下,3.5,2.9,3.1,41,36.58536585365854,0.0,14,42.857142857142854,0.0,56,0.0,16.071428571428573,25,0.0,0.0,32,0.0,3.125,12,0.0,0.0,29.0,1,0.0,4.0,1.0,1,3,2
20260321TMG03,2026-03-21,1C上,3.5,4.7,2.4,20,10.0,0.0,11,18.181818181818183,0.0,31,0.0,0.0,15,0.0,0.0,25,0.0,8.0,12,0.0,8.333333333333334,24.0,2,1.0,3.0,5.0,2,5,6
20260321TMG04,2026-03-21,1C上,2.3,5.1,2.9,29,51.724137931034484,0.0,9,55.55555555555556,0.0,22,0.0,4.545454545454546,12,0.0,8.333333333333334,35,0.0,0.0,16,0.0,0.0,34.0,1,0.0,5.0,4.0,5,6,3
20260321TMG05,2026-03-21,1C上,3.5,4.0,1.5,22,63.63636363636363,0.0,9,44.44444444444444,0.0,14,0.0,0.0,9,0.0,0.0,10,0.0,0.0,8,0.0,0.0,12.0,6,22.0,1.0,1.0,4,1,5
20260321TMG06,2026-03-21,1C上,2.6,3.0,3.7,43,67.44186046511628,0.0,18,66.66666666666667,0.0,32,0.0,0.0,15,0.0,0.0,26,0.0,7.6923076923076925,12,0.0,8.333333333333334,28.0,2,1.0,5.0,5.0,4,5,1
20260321TMG07,2026-03-21,1C上,3.2,4.1,3.1,55,49.09090909090909,0.0,32,53.125,0.0,36,0.0,2.7777777777777777,18,0.0,5.555555555555555,33,0.0,12.121212121212121,17,0.0,5.882352941176471,32.0,1,0.0,5.0,5.0,1,2,4
20260321TMG08,2026-03-21,1C下,2.6,2.4,3.3,60,63.333333333333336,0.0,29,75.86206896551724,0.0,34,0.0,2.9411764705882355,18,0.0,0.0,44,0.0,13.636363636363637,17,0.0,17.647058823529413,36.0,1,0.0,5.0,5.0,4,1,5
20260321TMG10,2026-03-21,1C下,4.2,3.0,3.3,58,58.62068965517241,0.0,39,56.41025641025641,0.0,29,0.0,0.0,19,0.0,0.0,36,0.0,8.333333333333334,19,0.0,10.526315789473685,32.0,1,0.0,5.0,5.0,2,4,3
20260321TMG11,2026-03-21,1C上,2.5,3.7,3.8,65,70.76923076923077,0.0,36,75.0,0.0,27,0.0,0.0,15,0.0,0.0,9,0.0,0.0,5,0.0,0.0,34.0,1,0.0,5.0,5.0,1,2,5
20260321TMG12,2026-03-21,1C上,1.7,3.0,2.5,57,71.9298245614035,0.0,28,78.57142857142857,0.0,43,0.0,0.0,18,0.0,0.0,45,0.0,24.444444444444443,22,0.0,27.272727272727273,30.0,1,0.0,5.0,1.0,2,1,4
20260322TMG02,2026-03-22,1C下,4.1,2.8,2.9,25,32.0,0.0,10,30.0,0.0,29,0.0,6.896551724137931,9,0.0,11.11111111111111,27,0.0,11.11111111111111,15,0.0,6.666666666666667,32.0,1,0.0,3.0,3.0,1,2,3
20260322TMG03,2026-03-22,1C上,3.3,3.4,2.6,16,37.5,0.0,8,50.0,0.0,32,0.0,6.25,10,0.0,10.0,46,0.0,6.521739130434782,22,0.0,4.545454545454546,25.0,4,9.0,4.0,5.0,1,5,3
20260322TMG04,2026-03-22,1C下,3.8,2.8,2.8,12,25.0,0.0,7,14.285714285714286,0.0,32,0.0,6.25,17,0.0,11.764705882352942,27,0.0,7.407407407407407,12,0.0,0.0,22.0,3,14.0,3.0,1.0,3,4,2
20260322TMG05,2026-03-22,1C上,3.4,3.6,2.9,24,41.666666666666664,0.0,10,60.0,0.0,35,0.0,2.857142857142857,24,0.0,4.166666666666667,39,0.0,12.820512820512821,17,0.0,17.647058823529413,24.0,4,8.0,4.0,1.0,1,4,5
20260322TMG06,2026-03-22,1C上,2.6,2.9,3.1,43,60.46511627906977,0.0,25,64.0,0.0,28,0.0,17.857142857142858,11,0.0,9.090909090909092,36,0.0,5.555555555555555,22,0.0,4.545454545454546,36.0,1,0.0,4.0,5.0,4,1,2
20260322TMG07,2026-03-22,1C上,3.3,4.7,3.8,28,46.42857142857143,0.0,15,26.666666666666668,0.0,20,0.0,0.0,10,0.0,0.0,39,0.0,7.6923076923076925,20,0.0,5.0,30.0,2,2.0,4.0,5.0,3,4,6
20260322TMG09,2026-03-22,1C上,1.9,3.1,3.8,51,78.43137254901961,0.0,22,77.27272727272727,0.0,45,0.0,6.666666666666667,21,0.0,4.761904761904762,26,0.0,11.538461538461538,13,0.0,7.6923076923076925,28.0,2,8.0,2.0,5.0,1,4,3
20260322TMG10,2026-03-22,1C上,3.4,3.6,4.1,60,56.666666666666664,0.0,27,62.96296296296296,0.0,27,0.0,11.11111111111111,13,0.0,0.0,37,0.0,8.108108108108109,18,0.0,5.555555555555555,30.0,1,0.0,4.0,5.0,1,3,2
20260322TMG12,2026-03-22,1C上,2.5,3.5,4.4,13,0.0,0.0,8,0.0,0.0,30,0.0,3.3333333333333335,17,0.0,5.882352941176471,43,0.0,11.627906976744185,25,0.0,12.0,33.0,2,2.0,3.0,5.0,5,3,6
20260323TMG01,2026-03-23,1C上,3.2,3.6,3.3,25,56.0,0.0,11,45.45454545454545,0.0,36,0.0,2.7777777777777777,25,0.0,4.0,44,0.0,11.363636363636363,18,0.0,16.666666666666668,30.0,3,6.0,4.0,5.0,1,3,2
20260323TMG03,2026-03-23,1C上,2.5,2.9,3.3,29,44.827586206896555,0.0,10,40.0,0.0,28,0.0,7.142857142857143,15,0.0,6.666666666666667,23,0.0,17.391304347826086,9,0.0,33.333333333333336,24.0,4,8.0,2.0,5.0,4,2,6
20260323TMG04,2026-03-23,1C上,0.0,3.1,3.8,7,28.571428571428573,0.0,7,28.571428571428573,0.0,38,0.0,0.0,19,0.0,0.0,10,0.0,0.0,6,0.0,0.0,30.0,2,3.0,4.0,4.0,2,1,3
20260323TMG05,2026-03-23,1C下,3.6,3.1,4.0,34,50.0,0.0,15,53.333333333333336,0.0,46,0.0,6.521739130434782,22,0.0,4.545454545454546,28,0.0,3.5714285714285716,11,0.0,9.090909090909092,36.0,1,0.0,5.0,5.0,1,4,2
20260323TMG06,2026-03-23,1C上,1.7,3.8,3.1,57,70.17543859649123,0.0,29,75.86206896551724,0.0,19,0.0,0.0,10,0.0,0.0,34,0.0,5.882352941176471,18,0.0,5.555555555555555,28.0,2,6.0,4.0,5.0,5,2,4
20260323TMG07,2026-03-23,1C上,3.4,3.7,3.5,61,57.377049180327866,0.0,28,64.28571428571429,0.0,44,0.0,4.545454545454546,24,0.0,8.333333333333334,32,0.0,0.0,14,0.0,0.0,26.0,2,1.0,4.0,5.0,1,3,5
20260323TMG08,2026-03-23,1C上,2.5,4.1,3.1,27,14.814814814814815,0.0,12,0.0,0.0,39,0.0,7.6923076923076925,21,0.0,9.523809523809524,37,0.0,24.324324324324323,20,0.0,35.0,33.0,1,0.0,5.0,5.0,2,4,1
20260323TMG10,2026-03-23,1C下,3.5,2.8,3.1,44,43.18181818181818,0.0,27,33.333333333333336,0.0,30,0.0,6.666666666666667,10,0.0,10.0,34,0.0,11.764705882352942,18,0.0,5.555555555555555,27.0,2,1.0,4.0,1.0,1,2,4
20260323TMG11,2026-03-23,1C上,1.7,2.9,2.6,48,72.91666666666667,0.0,20,80.0,0.0,29,0.0,17.24137931034483,12,0.0,8.333333333333334,39,0.0,20.512820512820515,17,0.0,17.647058823529413,29.0,1,0.0,4.0,5.0,4,5,1
20260323TMG12,2026-03-23,1C上,2.5,3.9,3.2,65,70.76923076923077,0.0,37,75.67567567567568,0.0,35,0.0,0.0,17,0.0,0.0,34,0.0,5.882352941176471,17,0.0,5.882352941176471,28.0,1,0.0,4.0,5.0,1,5,4
20260324TMG01,2026-03-24,1C下,3.5,3.4,2.8,21,9.523809523809524,0.0,12,16.666666666666668,0.0,32,0.0,3.125,15,0.0,0.0,28,0.0,10.714285714285714,12,0.0,8.333333333333334,32.0,1,0.0,5.0,5.0,2,3,1
20260324TMG02,2026-03-24,1C上,2.5,3.7,4.0,30,43.333333333333336,0.0,11,36.36363636363637,0.0,34,0.0,5.882352941176471,15,0.0,13.333333333333334,29,0.0,3.4482758620689653,12,0.0,8.333333333333334,30.0,2,6.0,5.0,5.0,1,3,2
20260324TMG03,2026-03-24,1C上,2.6,2.9,2.9,44,63.63636363636363,0.0,20,60.0,0.0,57,0.0,15.789473684210526,26,0.0,0.0,40,0.0,12.5,18,0.0,16.666666666666668,37.0,1,0.0,5.0,5.0,3,1,4
20260324TMG04,2026-03-24,1C下,3.3,3.0,3.5,26,19.23076923076923,0.0,14,21.428571428571427,0.0,30,0.0,3.3333333333333335,20,0.0,5.0,38,0.0,15.789473684210526,17,0.0,35.294117647058826,31.0,1,0.0,4.0,5.0,2,4,5
20260324TMG05,2026-03-24,1C下,3.2,1.7,4.1,56,50.0,0.0,32,53.125,0.0,29,0.0,0.0,14,0.0,0.0,37,0.0,8.108108108108109,19,0.0,5.2631578947368425,34.0,1,0.0,5.0,5.0,3,1,2
20260324TMG06,2026-03-24,1C下,3.4,3.0,3.5,61,59.01639344262295,0.0,29,65.51724137931035,0.0,40,0.0,25.0,17,0.0,29.41176470588235,26,0.0,15.384615384615385,12,0.0,8.333333333333334,19.0,5,12.0,1.0,1.0,1,4,5
20260324TMG08,2026-03-24,1C上,3.3,3.5,1.5,29,44.827586206896555,0.0,16,25.0,0.0,31,0.0,3.225806451612903,18,0.0,5.555555555555555,11,0.0,0.0,9,0.0,0.0,30.0,2,4.0,4.0,4.0,1,4,2
20260324TMG09,2026-03-24,1C上,1.9,3.4,2.8,51,78.43137254901961,0.0,23,78.26086956521739,0.0,24,0.0,0.0,14,0.0,0.0,29,0.0,17.24137931034483,6,0.0,16.666666666666668,30.0,2,3.0,3.0,5.0,1,3,2
20260324TMG10,2026-03-24,1C上,2.7,2.9,3.5,38,60.526315789473685,0.0,27,62.96296296296296,0.0,28,0.0,7.142857142857143,16,0.0,6.25,38,0.0,15.789473684210526,17,0.0,35.294117647058826,31.0,1,0.0,5.0,4.0,1,2,5
20260324TMG12,2026-03-24,1C上,2.5,3.1,2.9,66,71.21212121212122,0.0,38,76.3157894736842,0.0,39,0.0,0.0,19,0.0,0.0,44,0.0,9.090909090909092,21,0.0,14.285714285714286,31.0,1,0.0,5.0,5.0,1,2,4
20260325TMG01,2026-03-25,1C上,3.0,3.9,3.7,25,28.0,0.0,11,27.272727272727273,0.0,37,0.0,5.405405405405405,19,0.0,0.0,27,0.0,7.407407407407407,13,0.0,7.6923076923076925,28.0,3,6.0,4.0,3.0,2,3,5
20260325TMG02,2026-03-25,1C上,3.4,3.6,3.8,25,44.0,0.0,11,63.63636363636363,0.0,27,0.0,11.11111111111111,14,0.0,0.0,26,0.0,11.538461538461538,13,0.0,7.6923076923076925,28.0,2,2.0,3.0,4.0,3,5,1
20260325TMG03,2026-03-25,1C上,2.3,3.6,3.8,28,28.571428571428573,0.0,13,23.076923076923077,0.0,37,0.0,2.7027027027027026,24,0.0,4.166666666666667,26,0.0,30.76923076923077,10,0.0,40.0,30.0,2,2.0,4.0,3.0,2,3,1
20260325TMG04,2026-03-25,1C上,3.1,4.0,2.4,51,43.13725490196079,0.0,27,48.148148148148145,0.0,15,0.0,0.0,10,0.0,0.0,26,0.0,7.6923076923076925,13,0.0,7.6923076923076925,32.0,1,0.0,5.0,5.0,1,2,3
20260325TMG05,2026-03-25,1C下,3.2,2.4,3.3,21,28.571428571428573,0.0,8,37.5,0.0,35,0.0,2.857142857142857,17,0.0,0.0,37,0.0,8.108108108108109,18,0.0,11.11111111111111,36.0,1,0.0,5.0,5.0,5,4,1
20260325TMG06,2026-03-25,1C下,4.1,3.9,3.5,26,34.61538461538461,0.0,10,40.0,0.0,36,0.0,0.0,18,0.0,0.0,22,0.0,9.090909090909092,11,0.0,0.0,32.0,1,0.0,4.0,3.0,1,2,5
20260325TMG07,2026-03-25,1C下,3.5,2.9,3.8,41,36.58536585365854,0.0,15,46.666666666666664,0.0,30,0.0,0.0,15,0.0,0.0,26,0.0,30.76923076923077,10,0.0,40.0,27.0,3,7.0,4.0,3.0,3,1,2
20260325TMG08,2026-03-25,1C下,2.7,0.0,2.9,28,67.85714285714286,0.0,14,71.42857142857143,0.0,10,0.0,0.0,10,0.0,0.0,28,0.0,10.714285714285714,15,0.0,6.666666666666667,35.0,1,0.0,5.0,5.0,1,4,5
20260325TMG09,2026-03-25,1C上,2.6,3.0,4.2,61,62.295081967213115,0.0,28,75.0,0.0,33,0.0,0.0,16,0.0,0.0,27,0.0,7.407407407407407,17,0.0,11.764705882352942,32.0,1,0.0,5.0,5.0,5,6,3
20260325TMG10,2026-03-25,1C下,3.7,2.8,3.1,34,35.294117647058826,0.0,24,37.5,0.0,33,0.0,6.0606060606060606,18,0.0,11.11111111111111,31,0.0,3.225806451612903,18,0.0,5.555555555555555,30.0,1,0.0,5.0,2.0,1,5,2
20260325TMG11,2026-03-25,1C上,2.7,2.9,2.8,39,61.53846153846154,0.0,27,66.66666666666667,0.0,29,0.0,6.896551724137931,17,0.0,5.882352941176471,30,0.0,16.666666666666668,7,0.0,14.285714285714286,31.0,1,0.0,4.0,4.0,3,5,6
20260328TMG01,2026-03-28,1C上,2.7,3.0,3.1,24,16.666666666666668,0.0,13,7.6923076923076925,0.0,36,0.0,2.7777777777777777,14,0.0,0.0,46,0.0,15.217391304347826,26,0.0,23.076923076923077,15.0,6,16.0,1.0,1.0,3,5,1
20260328TMG02,2026-03-28,1C上,2.4,4.1,3.0,29,55.172413793103445,0.0,12,50.0,0.0,27,0.0,0.0,15,0.0,0.0,35,0.0,8.571428571428571,18,0.0,11.11111111111111,30.0,2,5.0,3.0,5.0,6,5,1
20260328TMG03,2026-03-28,1C上,2.3,4.4,2.6,25,40.0,0.0,13,53.84615384615385,0.0,36,0.0,0.0,20,0.0,0.0,42,0.0,19.047619047619047,16,0.0,18.75,23.0,3,7.0,3.0,4.0,5,4,1
20260328TMG04,2026-03-28,1C上,2.8,3.3,3.2,33,45.45454545454545,0.0,13,38.46153846153846,0.0,28,0.0,7.142857142857143,17,0.0,11.764705882352942,39,0.0,10.256410256410257,20,0.0,15.0,29.0,1,0.0,5.0,5.0,1,4,3
20260328TMG06,2026-03-28,1C下,3.9,3.5,3.3,45,40.0,0.0,19,52.63157894736842,0.0,42,0.0,0.0,13,0.0,0.0,34,0.0,17.647058823529413,20,0.0,15.0,30.0,1,0.0,3.0,5.0,1,2,3
20260328TMG07,2026-03-28,1C下,3.5,2.8,3.3,55,43.63636363636363,0.0,26,42.30769230769231,0.0,44,0.0,4.545454545454546,20,0.0,5.0,29,0.0,3.4482758620689653,16,0.0,6.25,30.0,1,0.0,5.0,5.0,1,4,2
20260328TMG08,2026-03-28,1C上,2.3,3.9,3.0,29,44.827586206896555,0.0,10,60.0,0.0,29,0.0,3.4482758620689653,11,0.0,0.0,45,0.0,13.333333333333334,24,0.0,8.333333333333334,26.0,3,3.0,5.0,1.0,3,1,4
20260328TMG09,2026-03-28,1C下,3.3,2.2,3.6,56,57.142857142857146,0.0,22,63.63636363636363,0.0,43,0.0,4.651162790697675,19,0.0,5.2631578947368425,39,0.0,0.0,22,0.0,0.0,28.0,2,8.0,4.0,5.0,2,1,5
20260328TMG10,2026-03-28,1C上,2.5,4.2,3.1,51,72.54901960784314,0.0,25,60.0,0.0,35,0.0,2.857142857142857,18,0.0,0.0,34,0.0,0.0,16,0.0,0.0,28.0,2,2.0,5.0,5.0,1,5,2
20260328TMG11,2026-03-28,1C上,3.0,3.3,3.3,39,69.23076923076923,0.0,17,58.8235294117647,0.0,31,0.0,0.0,14,0.0,0.0,31,0.0,0.0,19,0.0,0.0,29.0,2,3.0,5.0,5.0,1,4,3
20260328TMG12,2026-03-28,1C上,2.0,3.9,2.4,55,70.9090909090909,0.0,21,80.95238095238095,0.0,34,0.0,5.882352941176471,15,0.0,6.666666666666667,42,0.0,19.047619047619047,23,0.0,8.695652173913043,26.0,3,2.0,3.0,5.0,4,5,6
20260329TMG01,2026-03-29,1C上,2.6,4.3,3.7,31,41.935483870967744,0.0,16,43.75,0.0,24,0.0,4.166666666666667,11,0.0,9.090909090909092,30,0.0,6.666666666666667,8,0.0,25.0,36.0,1,0.0,5.0,5.0,1,5,4
20260329TMG02,2026-03-29,同じ,3.2,3.2,3.8,31,25.806451612903224,0.0,13,15.384615384615385,0.0,32,0.0,0.0,11,0.0,0.0,35,0.0,2.857142857142857,15,0.0,0.0,28.0,2,8.0,4.0,5.0,4,3,2
20260329TMG03,2026-03-29,1C下,4.6,2.7,3.7,31,35.483870967741936,0.0,16,50.0,0.0,23,0.0,0.0,12,0.0,0.0,30,0.0,0.0,15,0.0,0.0,23.0,4,7.0,4.0,2.0,2,4,5
20260329TMG04,2026-03-29,1C上,3.4,3.6,3.2,27,25.925925925925927,0.0,13,23.076923076923077,0.0,38,0.0,10.526315789473685,15,0.0,20.0,39,0.0,15.384615384615385,17,0.0,17.647058823529413,31.0,2,1.0,5.0,5.0,5,3,2
20260329TMG05,2026-03-29,1C上,1.9,2.8,2.2,24,37.5,0.0,10,50.0,0.0,46,0.0,8.695652173913043,18,0.0,22.22222222222222,41,0.0,7.317073170731708,22,0.0,4.545454545454546,28.0,2,4.0,5.0,5.0,2,1,3
20260329TMG06,2026-03-29,1C上,2.5,3.7,3.2,36,63.888888888888886,0.0,16,75.0,0.0,34,0.0,5.882352941176471,12,0.0,0.0,31,0.0,3.225806451612903,10,0.0,10.0,33.0,1,0.0,3.0,5.0,4,5,6
20260329TMG07,2026-03-29,1C上,2.7,3.5,3.1,49,55.10204081632653,0.0,27,55.55555555555556,0.0,41,0.0,2.4390243902439024,19,0.0,0.0,39,0.0,0.0,17,0.0,0.0,28.0,1,0.0,3.0,5.0,1,2,5
20260329TMG08,2026-03-29,1C上,1.5,3.2,3.3,61,70.49180327868852,0.0,31,87.09677419354838,0.0,48,0.0,0.0,25,0.0,0.0,24,0.0,8.333333333333334,13,0.0,7.6923076923076925,36.0,1,0.0,5.0,5.0,1,5,4
20260329TMG09,2026-03-29,1C上,2.5,3.1,2.6,45,51.111111111111114,0.0,24,54.166666666666664,0.0,33,0.0,12.121212121212121,17,0.0,5.882352941176471,38,0.0,7.894736842105263,17,0.0,0.0,30.0,2,4.0,3.0,5.0,2,1,4
20260329TMG10,2026-03-29,1C上,2.5,3.5,2.0,52,75.0,0.0,26,88.46153846153847,0.0,46,0.0,2.1739130434782608,25,0.0,0.0,28,0.0,7.142857142857143,16,0.0,6.25,38.0,1,0.0,5.0,5.0,1,2,6
20260329TMG11,2026-03-29,1C上,2.7,3.3,3.0,54,77.77777777777777,0.0,25,84.0,0.0,37,0.0,2.7027027027027026,21,0.0,0.0,47,0.0,17.02127659574468,23,0.0,21.73913043478261,35.0,1,0.0,5.0,5.0,1,3,4
20260329TMG12,2026-03-29,1C上,3.5,3.8,2.8,59,79.66101694915254,0.0,33,81.81818181818181,0.0,49,0.0,4.081632653061225,22,0.0,9.090909090909092,39,0.0,10.256410256410257,19,0.0,0.0,37.0,1,0.0,5.0,5.0,1,2,5
20260330TMG01,2026-03-30,1C上,2.5,3.8,2.0,30,43.333333333333336,0.0,14,50.0,0.0,35,0.0,5.714285714285714,16,0.0,0.0,49,0.0,14.285714285714286,22,0.0,13.636363636363637,30.0,2,2.0,5.0,1.0,1,3,2
20260330TMG02,2026-03-30,1C下,3.1,2.7,3.3,34,50.0,0.0,14,57.142857142857146,0.0,46,0.0,2.1739130434782608,23,0.0,4.3478260869565215,40,0.0,17.5,20,0.0,15.0,24.0,4,5.0,3.0,1.0,1,3,2
20260330TMG03,2026-03-30,1C下,3.5,3.2,3.3,24,25.0,0.0,18,33.333333333333336,0.0,35,0.0,2.857142857142857,13,0.0,7.6923076923076925,35,0.0,17.142857142857142,20,0.0,15.0,20.0,6,14.0,1.0,5.0,3,5,2
20260330TMG04,2026-03-30,1C上,2.8,2.9,3.6,33,51.515151515151516,0.0,17,58.8235294117647,0.0,55,0.0,1.8181818181818181,23,0.0,4.3478260869565215,39,0.0,0.0,23,0.0,0.0,33.0,1,0.0,5.0,5.0,4,5,2
20260330TMG05,2026-03-30,1C下,3.5,2.7,2.7,43,37.2093023255814,0.0,19,63.1578947368421,0.0,29,0.0,0.0,15,0.0,0.0,50,0.0,16.0,23,0.0,13.043478260869565,24.0,4,10.0,4.0,2.0,2,3,4
20260330TMG06,2026-03-30,1C下,3.5,3.4,3.1,36,69.44444444444444,0.0,10,70.0,0.0,36,0.0,8.333333333333334,18,0.0,5.555555555555555,38,0.0,7.894736842105263,16,0.0,6.25,30.0,1,0.0,5.0,5.0,4,2,3
20260330TMG08,2026-03-30,1C下,3.4,3.3,2.9,31,51.61290322580645,0.0,18,55.55555555555556,0.0,38,0.0,0.0,14,0.0,0.0,48,0.0,20.833333333333332,20,0.0,20.0,35.0,2,1.0,5.0,4.0,3,5,4
20260330TMG09,2026-03-30,1C上,2.8,3.5,3.5,46,50.0,0.0,25,56.0,0.0,42,0.0,4.761904761904762,20,0.0,0.0,37,0.0,16.216216216216218,15,0.0,13.333333333333334,25.0,2,1.0,3.0,5.0,1,2,3
20260330TMG10,2026-03-30,1C下,3.2,2.6,3.0,42,42.857142857142854,0.0,20,50.0,0.0,41,0.0,4.878048780487805,15,0.0,0.0,46,0.0,15.217391304347826,25,0.0,12.0,26.0,3,2.0,3.0,1.0,1,3,5
20260330TMG11,2026-03-30,1C下,3.5,2.8,2.6,42,52.38095238095238,0.0,23,52.17391304347826,0.0,45,0.0,4.444444444444445,21,0.0,4.761904761904762,43,0.0,18.6046511627907,17,0.0,17.647058823529413,31.0,2,2.0,5.0,5.0,1,2,4
20260330TMG12,2026-03-30,1C上,2.8,4.0,2.4,54,74.07407407407408,0.0,26,69.23076923076923,0.0,38,0.0,7.894736842105263,20,0.0,10.0,43,0.0,18.6046511627907,24,0.0,8.333333333333334,26.0,2,4.0,3.0,2.0,1,3,2
20260331TMG01,2026-03-31,同じ,3.5,3.5,2.4,25,36.0,0.0,14,42.857142857142854,0.0,47,0.0,2.127659574468085,26,0.0,0.0,44,0.0,2.272727272727273,15,0.0,0.0,36.0,1,0.0,5.0,5.0,1,2,5
20260331TMG02,2026-03-31,1C上,3.2,3.9,3.2,19,31.57894736842105,0.0,11,36.36363636363637,0.0,30,0.0,3.3333333333333335,12,0.0,0.0,40,0.0,10.0,21,0.0,14.285714285714286,18.0,6,16.0,1.0,3.0,3,4,1
20260331TMG03,2026-03-31,1C上,2.0,2.9,2.6,20,25.0,0.0,10,40.0,0.0,56,0.0,1.7857142857142858,24,0.0,4.166666666666667,39,0.0,7.6923076923076925,18,0.0,0.0,29.0,2,5.0,5.0,5.0,4,2,1
20260331TMG05,2026-03-31,1C下,3.3,2.7,3.1,55,58.18181818181818,0.0,23,60.869565217391305,0.0,30,0.0,3.3333333333333335,16,0.0,6.25,43,0.0,20.930232558139537,14,0.0,21.428571428571427,26.0,2,3.0,4.0,1.0,3,5,1
20260331TMG06,2026-03-31,1C上,1.9,4.2,3.8,25,36.0,0.0,11,45.45454545454545,0.0,36,0.0,2.7777777777777777,19,0.0,0.0,41,0.0,2.4390243902439024,19,0.0,0.0,27.0,1,0.0,5.0,5.0,5,4,2
20260331TMG07,2026-03-31,1C下,3.1,2.4,3.8,24,12.5,0.0,7,14.285714285714286,0.0,27,0.0,0.0,14,0.0,0.0,36,0.0,5.555555555555555,18,0.0,5.555555555555555,36.0,1,0.0,5.0,5.0,3,1,2
20260331TMG09,2026-03-31,1C下,3.2,2.7,3.1,25,44.0,0.0,13,61.53846153846154,0.0,24,0.0,0.0,13,0.0,0.0,39,0.0,7.6923076923076925,17,0.0,5.882352941176471,27.0,2,1.0,4.0,1.0,2,3,5
20260331TMG10,2026-03-31,1C下,3.5,2.7,3.0,56,44.642857142857146,0.0,27,44.44444444444444,0.0,47,0.0,2.127659574468085,24,0.0,4.166666666666667,48,0.0,16.666666666666668,24,0.0,20.833333333333332,23.0,3,12.0,3.0,2.0,2,5,6
20260331TMG11,2026-03-31,1C上,3.0,3.9,2.0,40,70.0,0.0,18,61.111111111111114,0.0,39,0.0,5.128205128205129,22,0.0,9.090909090909092,50,0.0,14.0,23,0.0,13.043478260869565,23.0,3,8.0,3.0,5.0,1,2,6
20260331TMG12,2026-03-31,1C下,3.5,3.4,2.9,43,53.48837209302326,0.0,24,54.166666666666664,0.0,37,0.0,8.108108108108109,19,0.0,5.2631578947368425,48,0.0,22.916666666666668,21,0.0,23.80952380952381,33.0,2,1.0,5.0,5.0,1,4,2
20260418TMG01,2026-04-18,1C下,4.5,3.3,3.4,11,36.36363636363637,0.0,8,37.5,0.0,19,0.0,0.0,12,0.0,0.0,46,0.0,0.0,23,0.0,0.0,31.0,1,0.0,5.0,5.0,3,5,4
20260418TMG02,2026-04-18,1C下,2.8,2.5,3.0,27,40.74074074074074,0.0,14,42.857142857142854,0.0,41,0.0,2.4390243902439024,18,0.0,5.555555555555555,35,0.0,8.571428571428571,16,0.0,12.5,25.0,3,8.0,4.0,1.0,1,5,3
20260418TMG03,2026-04-18,1C下,3.8,2.5,3.2,28,32.142857142857146,0.0,13,30.76923076923077,0.0,41,0.0,2.4390243902439024,21,0.0,4.761904761904762,25,0.0,4.0,12,0.0,8.333333333333334,28.0,2,2.0,3.0,5.0,1,4,2
20260418TMG04,2026-04-18,1C上,5.1,5.4,3.3,22,27.272727272727273,0.0,10,10.0,0.0,30,0.0,0.0,14,0.0,0.0,34,0.0,20.58823529411765,14,0.0,21.428571428571427,26.0,4,6.0,5.0,3.0,4,5,3
20260418TMG05,2026-04-18,1C上,2.9,3.5,3.1,21,42.857142857142854,0.0,11,54.54545454545455,0.0,28,0.0,0.0,11,0.0,0.0,31,0.0,9.67741935483871,17,0.0,5.882352941176471,29.0,1,0.0,5.0,5.0,1,4,6
20260418TMG06,2026-04-18,1C上,3.8,4.3,2.9,32,12.5,0.0,15,0.0,0.0,32,0.0,0.0,14,0.0,0.0,28,0.0,3.5714285714285716,13,0.0,7.6923076923076925,17.0,5,18.0,2.0,1.0,4,2,5
20260418TMG07,2026-04-18,同じ,4.1,4.1,2.3,34,58.8235294117647,0.0,14,64.28571428571429,0.0,29,0.0,0.0,14,0.0,0.0,48,0.0,10.416666666666666,26,0.0,7.6923076923076925,28.0,1,0.0,3.0,4.0,1,5,3
20260418TMG08,2026-04-18,1C下,3.8,3.3,2.8,39,41.02564102564103,0.0,19,36.8421052631579,0.0,31,0.0,3.225806451612903,15,0.0,6.666666666666667,27,0.0,0.0,13,0.0,0.0,33.0,1,0.0,5.0,5.0,4,6,1
20260418TMG09,2026-04-18,1C上,2.5,3.3,3.3,40,50.0,0.0,21,47.61904761904762,0.0,59,0.0,1.694915254237288,32,0.0,3.125,39,0.0,7.6923076923076925,20,0.0,10.0,35.0,1,0.0,5.0,5.0,1,5,3
20260418TMG10,2026-04-18,同じ,3.5,3.5,3.9,51,64.70588235294117,0.0,27,51.851851851851855,0.0,49,0.0,2.0408163265306123,28,0.0,0.0,34,0.0,8.823529411764707,18,0.0,11.11111111111111,34.0,1,0.0,5.0,5.0,1,5,6
20260418TMG11,2026-04-18,1C上,2.4,3.6,3.3,48,60.416666666666664,0.0,22,50.0,0.0,39,0.0,5.128205128205129,17,0.0,5.882352941176471,25,0.0,4.0,11,0.0,9.090909090909092,32.0,1,0.0,5.0,5.0,1,3,5
20260418TMG12,2026-04-18,1C上,2.3,2.9,3.2,60,70.0,0.0,22,59.09090909090909,0.0,36,0.0,5.555555555555555,19,0.0,0.0,51,0.0,15.686274509803921,24,0.0,8.333333333333334,36.0,1,0.0,5.0,5.0,1,4,5
20260419TMG01,2026-04-19,1C下,4.4,0.0,5.3,29,31.03448275862069,0.0,13,38.46153846153846,0.0,1,0.0,0.0,1,0.0,0.0,33,0.0,6.0606060606060606,14,0.0,7.142857142857143,27.0,2,1.0,5.0,2.0,1,3,5
20260419TMG02,2026-04-19,1C下,4.3,3.7,2.5,25,16.0,0.0,16,18.75,0.0,39,0.0,0.0,19,0.0,0.0,37,0.0,21.62162162162162,18,0.0,16.666666666666668,27.0,2,5.0,4.0,5.0,4,5,3
20260419TMG03,2026-04-19,1C上,3.8,4.4,2.8,32,37.5,0.0,15,33.333333333333336,0.0,36,0.0,2.7777777777777777,16,0.0,0.0,36,0.0,5.555555555555555,17,0.0,5.882352941176471,28.0,1,0.0,5.0,5.0,5,1,4
20260419TMG05,2026-04-19,同じ,2.7,2.7,2.8,25,52.0,0.0,11,27.272727272727273,0.0,47,0.0,6.382978723404255,23,0.0,8.695652173913043,37,0.0,2.7027027027027026,11,0.0,9.090909090909092,35.0,1,0.0,5.0,5.0,2,1,3
20260419TMG06,2026-04-19,1C上,2.4,4.4,3.4,27,44.44444444444444,0.0,17,41.1764705882353,0.0,32,0.0,0.0,14,0.0,0.0,46,0.0,6.521739130434782,32,0.0,9.375,27.0,2,7.0,4.0,5.0,1,2,4
20260419TMG07,2026-04-19,1C上,2.6,3.4,2.9,32,62.5,0.0,17,70.58823529411765,0.0,26,0.0,15.384615384615385,17,0.0,11.764705882352942,37,0.0,8.108108108108109,19,0.0,0.0,26.0,2,3.0,4.0,5.0,1,4,6
20260419TMG08,2026-04-19,1C上,2.5,3.4,3.7,38,50.0,0.0,21,47.61904761904762,0.0,35,0.0,0.0,16,0.0,0.0,29,0.0,3.4482758620689653,13,0.0,7.6923076923076925,32.0,1,0.0,5.0,5.0,1,2,6
20260419TMG09,2026-04-19,1C上,3.5,3.6,3.3,41,36.58536585365854,0.0,18,55.55555555555556,0.0,38,0.0,0.0,16,0.0,0.0,44,0.0,2.272727272727273,19,0.0,0.0,34.0,1,0.0,5.0,5.0,3,6,4
20260419TMG10,2026-04-19,1C上,2.5,3.4,2.9,51,58.8235294117647,0.0,27,55.55555555555556,0.0,21,0.0,0.0,12,0.0,0.0,39,0.0,10.256410256410257,22,0.0,18.181818181818183,23.0,3,7.0,3.0,5.0,1,4,3
20260419TMG11,2026-04-19,1C下,3.2,2.6,3.4,64,60.9375,0.0,33,69.6969696969697,0.0,47,0.0,6.382978723404255,26,0.0,3.8461538461538463,47,0.0,2.127659574468085,23,0.0,4.3478260869565215,33.0,1,0.0,5.0,5.0,1,5,4
20260419TMG12,2026-04-19,1C上,2.4,3.3,3.3,63,63.492063492063494,0.0,38,65.78947368421052,0.0,39,0.0,2.5641025641025643,17,0.0,5.882352941176471,41,0.0,19.51219512195122,18,0.0,33.333333333333336,29.0,2,1.0,5.0,3.0,1,5,3
20260420TMG01,2026-04-20,1C下,4.3,3.6,3.2,11,18.181818181818183,0.0,6,16.666666666666668,0.0,35,0.0,0.0,20,0.0,0.0,42,0.0,4.761904761904762,19,0.0,5.2631578947368425,14.0,6,20.0,1.0,2.0,1,3,6
20260420TMG02,2026-04-20,1C上,3.1,3.6,2.9,24,8.333333333333334,0.0,10,0.0,0.0,37,0.0,5.405405405405405,18,0.0,0.0,40,0.0,10.0,23,0.0,17.391304347826086,28.0,2,6.0,5.0,2.0,3,5,6
20260420TMG03,2026-04-20,1C下,4.2,4.1,4.0,20,20.0,0.0,10,20.0,0.0,28,0.0,0.0,15,0.0,0.0,12,0.0,8.333333333333334,10,0.0,10.0,28.0,1,0.0,3.0,5.0,3,2,6
20260420TMG04,2026-04-20,1C上,2.4,3.4,2.9,32,31.25,0.0,16,18.75,0.0,45,0.0,11.11111111111111,17,0.0,5.882352941176471,35,0.0,8.571428571428571,25,0.0,4.0,29.0,2,4.0,5.0,5.0,1,2,3
20260420TMG05,2026-04-20,1C下,3.0,2.9,2.7,22,50.0,0.0,14,57.142857142857146,0.0,34,0.0,11.764705882352942,18,0.0,11.11111111111111,43,0.0,25.58139534883721,20,0.0,25.0,32.0,1,0.0,5.0,5.0,1,6,3
20260420TMG06,2026-04-20,1C上,3.1,3.6,3.0,29,48.275862068965516,0.0,15,73.33333333333333,0.0,34,0.0,2.9411764705882355,16,0.0,0.0,43,0.0,9.30232558139535,21,0.0,9.523809523809524,22.0,3,5.0,3.0,1.0,1,6,2
20260420TMG07,2026-04-20,1C上,2.4,2.9,4.6,29,37.93103448275862,0.0,12,33.333333333333336,0.0,38,0.0,7.894736842105263,14,0.0,0.0,47,0.0,8.51063829787234,19,0.0,10.526315789473685,22.0,4,11.0,3.0,2.0,2,6,4
20260420TMG08,2026-04-20,1C上,0.0,2.9,3.4,0,0.0,0.0,0,0.0,0.0,36,0.0,2.7777777777777777,13,0.0,0.0,38,0.0,0.0,15,0.0,0.0,27.0,1,0.0,4.0,5.0,1,2,3
20260420TMG09,2026-04-20,1C上,2.7,4.5,2.2,56,67.85714285714286,0.0,30,70.0,0.0,21,0.0,0.0,14,0.0,0.0,37,0.0,16.216216216216218,22,0.0,13.636363636363637,23.0,3,14.0,4.0,4.0,1,2,3
20260420TMG10,2026-04-20,1C上,2.9,4.0,3.4,47,57.4468085106383,0.0,23,52.17391304347826,0.0,23,0.0,0.0,10,0.0,0.0,25,0.0,4.0,16,0.0,6.25,34.0,1,0.0,5.0,5.0,1,3,2
20260420TMG11,2026-04-20,1C上,2.9,3.7,3.4,61,85.24590163934427,0.0,29,89.65517241379311,0.0,36,0.0,5.555555555555555,17,0.0,0.0,49,0.0,16.3265306122449,26,0.0,15.384615384615385,32.0,1,0.0,4.0,5.0,1,3,2
20260420TMG12,2026-04-20,1C上,2.7,3.8,2.8,53,60.37735849056604,0.0,25,56.0,0.0,31,0.0,0.0,16,0.0,0.0,35,0.0,11.428571428571429,15,0.0,13.333333333333334,23.0,3,5.0,1.0,5.0,1,5,3
20260421TMG01,2026-04-21,1C上,3.1,3.8,3.1,30,53.333333333333336,0.0,13,69.23076923076923,0.0,30,0.0,0.0,14,0.0,0.0,35,0.0,14.285714285714286,18,0.0,5.555555555555555,24.0,2,2.0,1.0,5.0,1,2,4
20260421TMG02,2026-04-21,1C下,4.4,2.2,4.2,26,30.76923076923077,0.0,11,27.272727272727273,0.0,31,0.0,3.225806451612903,14,0.0,7.142857142857143,42,0.0,2.380952380952381,12,0.0,0.0,27.0,1,0.0,4.0,5.0,1,2,3
20260421TMG03,2026-04-21,1C下,3.3,2.6,2.7,26,30.76923076923077,0.0,10,40.0,0.0,36,0.0,0.0,19,0.0,0.0,39,0.0,7.6923076923076925,23,0.0,8.695652173913043,30.0,1,0.0,5.0,5.0,1,2,3
20260421TMG04,2026-04-21,1C下,3.1,2.7,2.8,35,37.142857142857146,0.0,14,35.714285714285715,0.0,48,0.0,6.25,24,0.0,8.333333333333334,35,0.0,11.428571428571429,16,0.0,12.5,27.0,2,2.0,3.0,5.0,3,2,6
20260421TMG05,2026-04-21,1C下,3.6,3.4,3.5,36,47.22222222222222,0.0,19,57.89473684210526,0.0,44,0.0,6.818181818181818,21,0.0,4.761904761904762,40,0.0,12.5,15,0.0,0.0,30.0,1,0.0,5.0,5.0,1,2,6
20260421TMG06,2026-04-21,1C上,2.9,3.3,4.6,33,36.36363636363637,0.0,17,47.05882352941177,0.0,40,0.0,2.5,17,0.0,5.882352941176471,48,0.0,8.333333333333334,20,0.0,10.0,29.0,2,6.0,5.0,3.0,2,4,6
20260421TMG07,2026-04-21,1C上,2.6,3.6,2.8,46,52.17391304347826,0.0,26,61.53846153846154,0.0,32,0.0,0.0,16,0.0,0.0,18,0.0,5.555555555555555,9,0.0,0.0,31.0,1,0.0,5.0,2.0,1,4,6
20260421TMG08,2026-04-21,1C上,3.0,4.4,2.8,48,60.416666666666664,0.0,21,66.66666666666667,0.0,42,0.0,2.380952380952381,20,0.0,5.0,37,0.0,0.0,15,0.0,0.0,28.0,2,2.0,3.0,4.0,1,4,5
20260421TMG09,2026-04-21,1C上,3.2,4.2,3.1,39,56.41025641025641,0.0,20,45.0,0.0,24,0.0,4.166666666666667,13,0.0,7.6923076923076925,36,0.0,8.333333333333334,18,0.0,5.555555555555555,32.0,1,0.0,3.0,5.0,1,2,5
20260421TMG11,2026-04-21,同じ,2.9,2.9,3.4,62,85.48387096774194,0.0,29,89.65517241379311,0.0,39,0.0,7.6923076923076925,15,0.0,0.0,47,0.0,6.382978723404255,32,0.0,9.375,38.0,1,0.0,5.0,5.0,1,2,3
20260421TMG12,2026-04-21,1C下,2.3,2.0,0.0,61,70.49180327868852,0.0,23,60.869565217391305,0.0,42,0.0,9.523809523809524,21,0.0,14.285714285714286,0,0.0,0.0,0,0.0,0.0,32.0,1,0.0,4.0,5.0,1,2,3
20260422TMG01,2026-04-22,1C下,5.1,4.1,2.8,23,26.08695652173913,0.0,11,9.090909090909092,0.0,30,0.0,0.0,15,0.0,0.0,44,0.0,6.818181818181818,19,0.0,0.0,32.0,1,0.0,5.0,5.0,3,2,4
20260422TMG02,2026-04-22,1C上,3.0,4.7,3.1,49,61.224489795918366,0.0,22,68.18181818181819,0.0,36,0.0,0.0,19,0.0,0.0,37,0.0,8.108108108108109,19,0.0,5.2631578947368425,22.0,5,9.0,1.0,5.0,1,5,3
20260422TMG03,2026-04-22,1C下,4.4,2.9,3.7,27,33.333333333333336,0.0,12,33.333333333333336,0.0,37,0.0,5.405405405405405,20,0.0,0.0,24,0.0,0.0,14,0.0,0.0,28.0,2,1.0,3.0,5.0,2,6,1
20260422TMG04,2026-04-22,1C下,4.4,3.3,3.3,30,33.333333333333336,0.0,14,42.857142857142854,0.0,60,0.0,1.6666666666666667,30,0.0,3.3333333333333335,42,0.0,19.047619047619047,19,0.0,31.57894736842105,20.0,5,10.0,3.0,1.0,6,1,3
20260422TMG06,2026-04-22,1C上,2.5,3.4,2.8,52,59.61538461538461,0.0,26,53.84615384615385,0.0,26,0.0,15.384615384615385,17,0.0,11.764705882352942,36,0.0,13.88888888888889,17,0.0,17.647058823529413,30.0,1,0.0,5.0,4.0,2,1,3
20260422TMG07,2026-04-22,1C上,2.4,3.6,3.0,33,33.333333333333336,0.0,17,23.529411764705884,0.0,35,0.0,2.857142857142857,17,0.0,0.0,43,0.0,9.30232558139535,22,0.0,9.090909090909092,31.0,2,1.0,4.0,5.0,5,1,4
20260422TMG08,2026-04-22,1C下,4.5,2.9,3.4,12,33.333333333333336,0.0,9,33.333333333333336,0.0,37,0.0,2.7027027027027026,14,0.0,0.0,39,0.0,0.0,16,0.0,0.0,28.0,1,0.0,5.0,5.0,5,2,4
20260422TMG09,2026-04-22,1C上,2.9,3.6,3.4,22,45.45454545454545,0.0,12,58.333333333333336,0.0,39,0.0,5.128205128205129,18,0.0,5.555555555555555,48,0.0,2.0833333333333335,23,0.0,4.3478260869565215,29.0,1,0.0,5.0,5.0,2,6,1
20260422TMG10,2026-04-22,1C上,2.4,4.2,2.6,64,64.0625,0.0,39,66.66666666666667,0.0,25,0.0,4.0,14,0.0,7.142857142857143,40,0.0,10.0,17,0.0,5.882352941176471,27.0,3,1.0,5.0,3.0,1,2,3
20260422TMG11,2026-04-22,1C下,2.9,2.6,3.3,63,85.71428571428571,0.0,30,90.0,0.0,37,0.0,0.0,20,0.0,0.0,40,0.0,7.5,19,0.0,10.526315789473685,30.0,2,2.0,3.0,5.0,1,6,4
20260422TMG12,2026-04-22,1C上,2.4,2.7,3.3,49,61.224489795918366,0.0,23,52.17391304347826,0.0,49,0.0,6.122448979591836,25,0.0,8.0,35,0.0,20.0,15,0.0,20.0,32.0,2,4.0,5.0,5.0,1,2,3
20260423TMG01,2026-04-23,1C上,0.0,4.4,2.8,1,100.0,0.0,1,100.0,0.0,43,0.0,2.3255813953488373,21,0.0,4.761904761904762,38,0.0,2.6315789473684212,12,0.0,8.333333333333334,27.0,3,2.0,3.0,4.0,5,1,6
20260423TMG02,2026-04-23,同じ,3.4,3.4,3.7,29,27.586206896551722,0.0,14,28.571428571428573,0.0,35,0.0,0.0,17,0.0,0.0,25,0.0,0.0,15,0.0,0.0,30.0,1,0.0,5.0,5.0,3,4,6
20260423TMG03,2026-04-23,1C下,3.8,3.4,3.3,34,35.294117647058826,0.0,17,29.41176470588235,0.0,27,0.0,14.814814814814815,18,0.0,11.11111111111111,43,0.0,18.6046511627907,20,0.0,30.0,28.0,2,4.0,5.0,5.0,1,3,5
20260423TMG04,2026-04-23,1C上,2.4,3.3,3.2,30,36.666666666666664,0.0,13,30.76923076923077,0.0,31,0.0,3.225806451612903,15,0.0,6.666666666666667,26,0.0,3.8461538461538463,13,0.0,7.6923076923076925,32.0,1,0.0,4.0,5.0,2,6,1
20260423TMG05,2026-04-23,1C上,2.5,4.1,2.9,52,57.69230769230769,0.0,27,51.851851851851855,0.0,28,0.0,0.0,15,0.0,0.0,38,0.0,7.894736842105263,20,0.0,0.0,28.0,2,5.0,4.0,5.0,1,2,3
20260423TMG06,2026-04-23,1C上,2.9,3.8,3.3,34,35.294117647058826,0.0,17,47.05882352941177,0.0,32,0.0,0.0,16,0.0,0.0,41,0.0,7.317073170731708,20,0.0,10.0,36.0,1,0.0,5.0,5.0,3,1,4
20260423TMG07,2026-04-23,1C下,4.3,3.6,3.5,12,25.0,0.0,7,28.571428571428573,0.0,38,0.0,0.0,17,0.0,0.0,36,0.0,2.7777777777777777,15,0.0,0.0,18.0,5,14.0,1.0,5.0,4,5,2
20260423TMG08,2026-04-23,1C上,3.5,4.4,2.8,42,35.714285714285715,0.0,19,52.63157894736842,0.0,37,0.0,2.7027027027027026,15,0.0,0.0,28,0.0,0.0,14,0.0,0.0,28.0,3,8.0,5.0,5.0,1,4,5
20260423TMG09,2026-04-23,1C下,4.4,3.6,2.8,28,32.142857142857146,0.0,13,30.76923076923077,0.0,40,0.0,7.5,19,0.0,10.526315789473685,45,0.0,8.88888888888889,19,0.0,5.2631578947368425,28.0,3,3.0,3.0,5.0,1,2,5
20260423TMG10,2026-04-23,1C上,2.5,2.6,2.7,41,51.21951219512195,0.0,22,50.0,0.0,38,0.0,0.0,21,0.0,0.0,40,0.0,7.5,23,0.0,8.695652173913043,36.0,1,0.0,5.0,5.0,2,4,6
20260423TMG11,2026-04-23,1C上,2.3,2.9,3.0,62,70.96774193548387,0.0,24,62.5,0.0,35,0.0,11.428571428571429,19,0.0,10.526315789473685,43,0.0,9.30232558139535,23,0.0,8.695652173913043,34.0,1,0.0,5.0,4.0,1,4,2
20260423TMG12,2026-04-23,1C上,2.4,3.4,3.4,50,62.0,0.0,24,54.166666666666664,0.0,45,0.0,6.666666666666667,22,0.0,4.545454545454546,50,0.0,16.0,27,0.0,14.814814814814815,28.0,1,0.0,5.0,5.0,2,3,1
20260427TMG01,2026-04-27,1C下,3.2,2.8,5.1,24,25.0,0.0,11,27.272727272727273,0.0,25,0.0,4.0,15,0.0,0.0,31,0.0,0.0,15,0.0,0.0,30.0,1,0.0,5.0,5.0,2,3,4
20260427TMG02,2026-04-27,同じ,3.5,3.5,3.2,45,46.666666666666664,0.0,25,40.0,0.0,37,0.0,2.7027027027027026,14,0.0,7.142857142857143,36,0.0,13.88888888888889,18,0.0,16.666666666666668,26.0,3,7.0,4.0,4.0,1,3,5
20260427TMG03,2026-04-27,1C上,3.1,3.9,2.6,33,48.484848484848484,0.0,17,47.05882352941177,0.0,20,0.0,10.0,11,0.0,9.090909090909092,42,0.0,16.666666666666668,19,0.0,10.526315789473685,28.0,3,9.0,5.0,5.0,4,3,2
20260427TMG05,2026-04-27,1C上,2.3,2.9,2.7,43,34.883720930232556,0.0,17,41.1764705882353,0.0,40,0.0,5.0,21,0.0,4.761904761904762,34,0.0,8.823529411764707,21,0.0,9.523809523809524,27.0,3,2.0,3.0,3.0,4,3,2
20260427TMG06,2026-04-27,1C下,3.7,2.6,2.5,32,43.75,0.0,8,50.0,0.0,33,0.0,9.090909090909092,16,0.0,6.25,49,0.0,22.448979591836736,21,0.0,23.80952380952381,34.0,2,2.0,4.0,5.0,3,1,2
20260427TMG07,2026-04-27,1C上,2.5,3.3,2.6,57,57.89473684210526,0.0,25,52.0,0.0,12,0.0,0.0,4,0.0,0.0,32,0.0,6.25,12,0.0,8.333333333333334,20.0,4,13.0,3.0,1.0,3,1,4
20260427TMG08,2026-04-27,1C上,4.2,4.5,2.9,58,55.172413793103445,0.0,41,53.65853658536585,0.0,24,0.0,4.166666666666667,10,0.0,0.0,43,0.0,11.627906976744185,22,0.0,18.181818181818183,36.0,1,0.0,5.0,5.0,1,2,3
20260427TMG09,2026-04-27,1C上,2.1,3.0,3.0,44,65.9090909090909,0.0,17,58.8235294117647,0.0,40,0.0,0.0,14,0.0,0.0,27,0.0,18.51851851851852,23,0.0,13.043478260869565,28.0,2,1.0,5.0,5.0,4,1,5
20260427TMG10,2026-04-27,1C下,3.7,3.0,3.1,32,43.75,0.0,8,50.0,0.0,38,0.0,7.894736842105263,19,0.0,0.0,24,0.0,8.333333333333334,13,0.0,0.0,24.0,3,6.0,2.0,5.0,2,1,3
20260427TMG11,2026-04-27,1C上,3.0,3.8,3.3,53,66.0377358490566,0.0,23,60.869565217391305,0.0,32,0.0,3.125,10,0.0,0.0,38,0.0,7.894736842105263,17,0.0,11.764705882352942,33.0,1,0.0,5.0,5.0,1,3,4
20260428TMG01,2026-04-28,1C下,2.8,2.5,3.3,25,36.0,0.0,13,23.076923076923077,0.0,35,0.0,0.0,14,0.0,0.0,34,0.0,20.58823529411765,15,0.0,26.666666666666668,32.0,1,0.0,5.0,5.0,2,3,1
20260428TMG02,2026-04-28,1C下,3.0,2.9,2.4,33,48.484848484848484,0.0,14,42.857142857142854,0.0,37,0.0,5.405405405405405,19,0.0,10.526315789473685,35,0.0,25.714285714285715,14,0.0,7.142857142857143,26.0,3,6.0,2.0,3.0,3,4,2
20260428TMG03,2026-04-28,1C下,3.3,2.1,3.5,34,52.94117647058823,0.0,12,58.333333333333336,0.0,35,0.0,5.714285714285714,15,0.0,6.666666666666667,39,0.0,15.384615384615385,21,0.0,28.571428571428573,34.0,1,0.0,5.0,5.0,2,3,5
20260428TMG04,2026-04-28,1C上,4.8,5.5,4.1,27,3.7037037037037037,0.0,14,0.0,0.0,24,0.0,0.0,11,0.0,0.0,37,0.0,8.108108108108109,19,0.0,5.2631578947368425,29.0,3,3.0,4.0,5.0,4,2,5
20260428TMG05,2026-04-28,1C下,4.6,3.3,3.2,24,4.166666666666667,0.0,10,0.0,0.0,128,0.0,2.34375,60,0.0,3.3333333333333335,39,0.0,10.256410256410257,18,0.0,11.11111111111111,29.0,2,4.0,5.0,5.0,3,6,2
20260428TMG06,2026-04-28,1C上,2.4,2.9,2.3,34,38.23529411764706,0.0,13,30.76923076923077,0.0,33,0.0,6.0606060606060606,18,0.0,0.0,52,0.0,5.769230769230769,27,0.0,3.7037037037037037,33.0,1,0.0,5.0,5.0,1,3,4
20260428TMG07,2026-04-28,1C上,2.6,3.8,3.0,42,47.61904761904762,0.0,19,52.63157894736842,0.0,39,0.0,0.0,16,0.0,0.0,32,0.0,6.25,14,0.0,7.142857142857143,35.0,1,0.0,5.0,5.0,1,5,2
20260428TMG08,2026-04-28,1C上,1.7,3.0,3.0,58,72.41379310344827,0.0,29,72.41379310344827,0.0,39,0.0,7.6923076923076925,20,0.0,0.0,35,0.0,20.0,15,0.0,26.666666666666668,20.0,5,15.0,4.0,1.0,1,3,5
20260428TMG09,2026-04-28,1C下,2.8,0.0,2.0,40,45.0,0.0,16,50.0,0.0,12,0.0,0.0,12,0.0,0.0,44,0.0,20.454545454545453,20,0.0,15.0,28.0,4,3.0,4.0,4.0,1,2,5
20260428TMG10,2026-04-28,1C上,2.6,3.3,4.1,48,64.58333333333333,0.0,19,63.1578947368421,0.0,128,0.0,2.34375,60,0.0,3.3333333333333335,30,0.0,3.3333333333333335,12,0.0,0.0,26.0,2,5.0,3.0,5.0,4,1,3
20260428TMG11,2026-04-28,1C上,2.5,3.5,2.8,39,71.7948717948718,0.0,16,56.25,0.0,41,0.0,2.4390243902439024,14,0.0,7.142857142857143,43,0.0,6.976744186046512,17,0.0,5.882352941176471,34.0,1,0.0,5.0,5.0,1,4,3
20260428TMG12,2026-04-28,1C上,2.5,2.8,2.4,56,73.21428571428571,0.0,24,75.0,0.0,44,0.0,11.363636363636363,17,0.0,5.882352941176471,42,0.0,11.904761904761905,18,0.0,5.555555555555555,34.0,1,0.0,5.0,5.0,1,2,4
20260429TMG01,2026-04-29,1C上,2.8,4.0,2.1,33,27.272727272727273,0.0,14,35.714285714285715,0.0,34,0.0,8.823529411764707,19,0.0,15.789473684210526,25,0.0,4.0,12,0.0,8.333333333333334,30.0,2,1.0,5.0,5.0,1,6,2
20260429TMG02,2026-04-29,1C下,3.6,2.6,4.3,12,25.0,0.0,3,33.333333333333336,0.0,38,0.0,7.894736842105263,19,0.0,15.789473684210526,25,0.0,4.0,9,0.0,11.11111111111111,18.0,6,14.0,1.0,2.0,1,3,2
20260429TMG03,2026-04-29,1C上,3.0,3.4,4.0,17,35.294117647058826,0.0,12,41.666666666666664,0.0,33,0.0,6.0606060606060606,15,0.0,6.666666666666667,29,0.0,3.4482758620689653,13,0.0,0.0,30.0,2,2.0,5.0,5.0,1,2,4
20260429TMG05,2026-04-29,1C下,3.3,3.2,3.9,34,41.1764705882353,0.0,14,50.0,0.0,45,0.0,0.0,23,0.0,0.0,26,0.0,3.8461538461538463,11,0.0,0.0,31.0,1,0.0,5.0,5.0,5,4,2
20260429TMG06,2026-04-29,1C下,3.5,2.9,2.5,31,35.483870967741936,0.0,15,40.0,0.0,40,0.0,5.0,22,0.0,4.545454545454546,38,0.0,10.526315789473685,14,0.0,14.285714285714286,30.0,2,6.0,4.0,5.0,1,2,5
20260429TMG07,2026-04-29,1C上,2.6,2.9,2.9,49,61.224489795918366,0.0,20,55.0,0.0,27,0.0,11.11111111111111,15,0.0,13.333333333333334,45,0.0,13.333333333333334,25,0.0,8.0,34.0,1,0.0,5.0,4.0,1,4,3
20260429TMG08,2026-04-29,同じ,3.1,3.1,3.9,60,66.66666666666667,0.0,33,72.72727272727273,0.0,38,0.0,5.2631578947368425,12,0.0,0.0,10,0.0,10.0,4,0.0,25.0,34.0,1,0.0,5.0,5.0,1,4,5
20260429TMG09,2026-04-29,1C上,2.7,3.6,3.1,41,53.65853658536585,0.0,22,59.09090909090909,0.0,37,0.0,2.7027027027027026,21,0.0,4.761904761904762,25,0.0,8.0,14,0.0,0.0,27.0,3,4.0,5.0,5.0,2,4,5
20260429TMG10,2026-04-29,1C上,2.4,3.8,2.6,56,41.07142857142857,0.0,28,32.142857142857146,0.0,34,0.0,8.823529411764707,17,0.0,11.764705882352942,38,0.0,18.42105263157895,19,0.0,15.789473684210526,34.0,1,0.0,5.0,5.0,1,2,3
20260429TMG11,2026-04-29,同じ,2.5,2.5,2.6,40,72.5,0.0,17,58.8235294117647,0.0,36,0.0,0.0,15,0.0,0.0,42,0.0,21.428571428571427,16,0.0,25.0,28.0,1,0.0,5.0,5.0,1,3,4
20260429TMG12,2026-04-29,1C上,2.1,3.3,2.8,54,61.111111111111114,0.0,23,60.869565217391305,0.0,130,0.0,2.3076923076923075,62,0.0,3.225806451612903,44,0.0,6.818181818181818,18,0.0,5.555555555555555,31.0,1,0.0,4.0,5.0,1,5,3
20260430TMG01,2026-04-30,1C上,2.3,3.1,2.4,35,51.42857142857143,0.0,22,63.63636363636363,0.0,35,0.0,8.571428571428571,20,0.0,10.0,41,0.0,9.75609756097561,15,0.0,6.666666666666667,28.0,3,6.0,5.0,1.0,2,1,4
20260430TMG02,2026-04-30,1C上,2.8,3.8,2.8,24,75.0,0.0,18,77.77777777777777,0.0,34,0.0,8.823529411764707,18,0.0,11.11111111111111,34,0.0,5.882352941176471,17,0.0,5.882352941176471,37.0,1,0.0,5.0,5.0,5,4,2
20260430TMG03,2026-04-30,1C上,2.4,3.3,2.4,35,40.0,0.0,13,30.76923076923077,0.0,131,0.0,2.2900763358778624,63,0.0,3.1746031746031744,43,0.0,11.627906976744185,19,0.0,5.2631578947368425,32.0,1,0.0,5.0,5.0,4,3,5
20260430TMG04,2026-04-30,1C上,2.4,3.1,2.6,43,51.16279069767442,0.0,19,47.36842105263158,0.0,23,0.0,0.0,14,0.0,0.0,33,0.0,9.090909090909092,13,0.0,15.384615384615385,30.0,1,0.0,5.0,2.0,4,3,1
20260430TMG05,2026-04-30,1C上,2.1,3.8,1.5,54,61.111111111111114,0.0,24,62.5,0.0,34,0.0,0.0,16,0.0,0.0,13,0.0,0.0,11,0.0,0.0,32.0,1,0.0,5.0,5.0,1,2,5
20260430TMG06,2026-04-30,1C上,2.5,3.9,3.5,55,72.72727272727273,0.0,25,76.0,0.0,34,0.0,0.0,15,0.0,0.0,40,0.0,15.0,22,0.0,27.272727272727273,33.0,1,0.0,5.0,5.0,3,4,6
20260430TMG07,2026-04-30,1C上,2.6,4.0,1.7,48,62.5,0.0,19,57.89473684210526,0.0,35,0.0,8.571428571428571,20,0.0,15.0,32,0.0,12.5,17,0.0,11.764705882352942,32.0,2,4.0,5.0,5.0,1,3,2
20260430TMG08,2026-04-30,1C上,3.0,3.1,2.3,42,66.66666666666667,0.0,23,65.21739130434783,0.0,50,0.0,0.0,20,0.0,0.0,44,0.0,20.454545454545453,19,0.0,31.57894736842105,31.0,1,0.0,5.0,5.0,1,4,2
20260430TMG09,2026-04-30,1C上,3.0,3.7,2.7,53,66.0377358490566,0.0,23,60.869565217391305,0.0,36,0.0,0.0,19,0.0,0.0,36,0.0,0.0,11,0.0,0.0,31.0,1,0.0,5.0,5.0,1,4,2
20260430TMG10,2026-04-30,1C上,1.7,2.8,3.2,58,72.41379310344827,0.0,30,73.33333333333333,0.0,37,0.0,0.0,17,0.0,0.0,40,0.0,12.5,19,0.0,15.789473684210526,30.0,2,4.0,5.0,3.0,2,3,1
20260430TMG11,2026-04-30,1C下,3.1,2.6,2.7,61,67.21311475409836,0.0,34,73.52941176470588,0.0,40,0.0,2.5,17,0.0,0.0,32,0.0,25.0,19,0.0,26.31578947368421,32.0,2,4.0,5.0,5.0,1,4,3
20260430TMG12,2026-04-30,同じ,2.8,2.8,2.5,39,71.7948717948718,0.0,16,75.0,0.0,20,0.0,5.0,16,0.0,6.25,49,0.0,20.408163265306122,21,0.0,23.80952380952381,35.0,2,3.0,4.0,5.0,1,4,6
20260501TMG01,2026-05-01,1C上,4.8,5.1,2.4,13,30.76923076923077,0.0,4,50.0,0.0,31,0.0,0.0,13,0.0,0.0,33,0.0,24.242424242424242,18,0.0,27.77777777777778,26.0,3,5.0,4.0,1.0,3,2,6
20260501TMG02,2026-05-01,1C上,2.9,3.8,2.5,34,29.41176470588235,0.0,14,42.857142857142854,0.0,21,0.0,4.761904761904762,17,0.0,5.882352941176471,44,0.0,15.909090909090908,21,0.0,9.523809523809524,26.0,4,7.0,4.0,5.0,4,2,5
20260501TMG03,2026-05-01,1C下,3.4,3.1,3.9,18,38.888888888888886,0.0,13,46.15384615384615,0.0,13,0.0,0.0,13,0.0,0.0,29,0.0,3.4482758620689653,14,0.0,0.0,29.0,1,0.0,5.0,5.0,4,3,1
20260501TMG04,2026-05-01,1C上,2.8,4.2,2.2,57,42.10526315789474,0.0,28,35.714285714285715,0.0,35,0.0,0.0,16,0.0,0.0,43,0.0,11.627906976744185,19,0.0,5.2631578947368425,27.0,1,0.0,4.0,5.0,3,1,5
20260501TMG05,2026-05-01,1C下,3.6,3.0,1.8,45,44.44444444444444,0.0,25,40.0,0.0,36,0.0,8.333333333333334,21,0.0,14.285714285714286,33,0.0,6.0606060606060606,14,0.0,7.142857142857143,27.0,4,4.0,5.0,3.0,2,3,5
20260501TMG06,2026-05-01,1C上,2.3,3.4,3.2,58,56.89655172413793,0.0,25,48.0,0.0,31,0.0,9.67741935483871,11,0.0,9.090909090909092,11,0.0,9.090909090909092,5,0.0,20.0,28.0,2,6.0,4.0,5.0,5,1,6
20260501TMG07,2026-05-01,1C上,2.5,4.8,3.6,50,60.0,0.0,21,52.38095238095238,0.0,25,0.0,0.0,12,0.0,0.0,38,0.0,7.894736842105263,15,0.0,13.333333333333334,36.0,1,0.0,5.0,5.0,4,5,1
20260501TMG08,2026-05-01,1C上,2.8,3.4,3.1,45,64.44444444444444,0.0,17,58.8235294117647,0.0,132,0.0,2.272727272727273,64,0.0,3.125,36,0.0,13.88888888888889,19,0.0,15.789473684210526,26.0,1,0.0,5.0,5.0,1,5,4
20260501TMG09,2026-05-01,1C上,2.3,4.0,2.5,43,48.83720930232558,0.0,20,55.0,0.0,39,0.0,0.0,15,0.0,0.0,50,0.0,6.0,28,0.0,3.5714285714285716,30.0,1,0.0,5.0,5.0,1,3,4
20260501TMG10,2026-05-01,1C上,2.1,2.3,2.2,53,66.0377358490566,0.0,23,65.21739130434783,0.0,38,0.0,0.0,18,0.0,0.0,39,0.0,17.94871794871795,20,0.0,15.0,29.0,1,0.0,5.0,5.0,1,2,3
20260501TMG11,2026-05-01,1C上,2.9,3.5,4.3,40,75.0,0.0,18,61.111111111111114,0.0,33,0.0,6.0606060606060606,15,0.0,6.666666666666667,36,0.0,19.444444444444443,16,0.0,25.0,28.0,1,0.0,3.0,5.0,1,2,5
20260501TMG12,2026-05-01,1C下,3.4,2.4,2.9,59,55.932203389830505,0.0,41,56.09756097560975,0.0,34,0.0,8.823529411764707,17,0.0,5.882352941176471,42,0.0,21.428571428571427,17,0.0,23.529411764705884,34.0,1,0.0,5.0,5.0,3,2,1
20260502TMG01,2026-05-02,1C下,4.9,4.2,2.5,27,3.7037037037037037,0.0,15,0.0,0.0,36,0.0,0.0,17,0.0,0.0,45,0.0,15.555555555555555,22,0.0,9.090909090909092,37.0,1,0.0,5.0,4.0,5,3,4
20260502TMG02,2026-05-02,1C下,4.2,3.4,3.2,35,40.0,0.0,13,38.46153846153846,0.0,32,0.0,9.375,12,0.0,8.333333333333334,12,0.0,8.333333333333334,6,0.0,16.666666666666668,32.0,1,0.0,4.0,5.0,5,6,1
20260502TMG03,2026-05-02,1C上,1.5,3.4,2.8,34,47.05882352941177,0.0,17,41.1764705882353,0.0,133,0.0,2.255639097744361,63,0.0,3.1746031746031744,26,0.0,3.8461538461538463,13,0.0,7.6923076923076925,27.0,2,5.0,5.0,5.0,4,2,6
20260502TMG04,2026-05-02,1C上,2.5,3.2,3.7,42,52.38095238095238,0.0,22,59.09090909090909,0.0,34,0.0,0.0,17,0.0,0.0,29,0.0,3.4482758620689653,12,0.0,0.0,31.0,1,0.0,4.0,5.0,5,4,6
20260502TMG05,2026-05-02,1C下,3.8,3.6,2.6,25,4.0,0.0,11,0.0,0.0,38,0.0,0.0,17,0.0,0.0,45,0.0,6.666666666666667,19,0.0,5.2631578947368425,27.0,1,0.0,5.0,5.0,4,5,3
20260502TMG06,2026-05-02,1C下,2.8,2.4,4.2,10,30.0,0.0,10,30.0,0.0,37,0.0,2.7027027027027026,15,0.0,6.666666666666667,36,0.0,8.333333333333334,19,0.0,5.2631578947368425,33.0,1,0.0,4.0,5.0,1,3,4
20260502TMG07,2026-05-02,1C下,3.2,2.3,2.8,40,45.0,0.0,17,52.94117647058823,0.0,40,0.0,5.0,22,0.0,4.545454545454546,26,0.0,3.8461538461538463,13,0.0,7.6923076923076925,25.0,5,9.0,4.0,1.0,1,6,4
20260502TMG08,2026-05-02,1C上,2.9,4.0,2.9,44,34.09090909090909,0.0,17,35.294117647058826,0.0,40,0.0,0.0,16,0.0,0.0,43,0.0,11.627906976744185,22,0.0,18.181818181818183,29.0,2,3.0,5.0,5.0,3,5,2
20260502TMG09,2026-05-02,1C下,3.2,3.1,2.5,25,72.0,0.0,19,73.6842105263158,0.0,35,0.0,8.571428571428571,19,0.0,10.526315789473685,51,0.0,5.882352941176471,28,0.0,3.5714285714285716,33.0,1,0.0,5.0,5.0,1,4,3
20260502TMG10,2026-05-02,1C上,3.4,5.1,2.8,59,55.932203389830505,0.0,42,54.76190476190476,0.0,33,0.0,3.0303030303030303,11,0.0,0.0,50,0.0,20.0,22,0.0,22.727272727272727,30.0,1,0.0,5.0,5.0,1,6,2
20260502TMG11,2026-05-02,1C上,2.1,4.8,3.8,59,71.1864406779661,0.0,31,70.96774193548387,0.0,26,0.0,0.0,13,0.0,0.0,27,0.0,3.7037037037037037,12,0.0,0.0,31.0,1,0.0,5.0,4.0,1,4,3
20260502TMG12,2026-05-02,1C上,2.9,3.1,2.9,41,75.60975609756098,0.0,19,63.1578947368421,0.0,36,0.0,5.555555555555555,19,0.0,10.526315789473685,43,0.0,20.930232558139537,18,0.0,22.22222222222222,26.0,3,4.0,3.0,5.0,1,3,2
20260506TMG01,2026-05-06,1C下,3.7,3.1,3.4,46,39.130434782608695,0.0,26,53.84615384615385,0.0,36,0.0,0.0,14,0.0,0.0,32,0.0,15.625,13,0.0,0.0,29.0,1,0.0,4.0,4.0,2,4,1
20260506TMG02,2026-05-06,1C下,3.2,2.7,2.6,28,42.857142857142854,0.0,15,53.333333333333336,0.0,43,0.0,4.651162790697675,19,0.0,0.0,19,0.0,5.2631578947368425,7,0.0,0.0,32.0,1,0.0,5.0,5.0,1,2,4
20260506TMG03,2026-05-06,1C下,3.1,2.9,2.7,28,14.285714285714286,0.0,14,21.428571428571427,0.0,34,0.0,2.9411764705882355,15,0.0,0.0,43,0.0,13.953488372093023,14,0.0,21.428571428571427,31.0,1,0.0,5.0,5.0,1,3,6
20260506TMG04,2026-05-06,1C上,2.9,3.8,3.7,30,53.333333333333336,0.0,15,33.333333333333336,0.0,25,0.0,12.0,15,0.0,20.0,19,0.0,0.0,8,0.0,0.0,30.0,1,0.0,5.0,2.0,5,2,1
20260506TMG05,2026-05-06,1C上,1.6,3.5,3.8,25,44.0,0.0,14,71.42857142857143,0.0,34,0.0,5.882352941176471,16,0.0,12.5,24,0.0,0.0,19,0.0,0.0,25.0,2,7.0,4.0,4.0,2,1,3
20260506TMG06,2026-05-06,1C上,3.6,4.2,3.7,34,29.41176470588235,0.0,16,25.0,0.0,31,0.0,6.451612903225806,10,0.0,20.0,21,0.0,4.761904761904762,6,0.0,0.0,28.0,2,2.0,5.0,3.0,3,5,2
20260506TMG07,2026-05-06,同じ,4.0,4.0,2.7,15,13.333333333333334,0.0,6,0.0,0.0,41,0.0,7.317073170731708,25,0.0,4.0,43,0.0,9.30232558139535,21,0.0,4.761904761904762,30.0,2,5.0,5.0,5.0,2,3,1
20260506TMG08,2026-05-06,1C下,4.3,3.4,2.6,49,57.142857142857146,0.0,22,45.45454545454545,0.0,40,0.0,0.0,18,0.0,0.0,33,0.0,21.21212121212121,17,0.0,23.529411764705884,33.0,1,0.0,5.0,5.0,3,4,1
20260506TMG09,2026-05-06,1C上,2.8,3.4,3.4,53,52.83018867924528,0.0,23,47.82608695652174,0.0,33,0.0,0.0,18,0.0,0.0,28,0.0,3.5714285714285716,16,0.0,0.0,25.0,4,8.0,2.0,5.0,1,4,5
20260506TMG10,2026-05-06,1C上,1.7,3.3,3.2,41,73.17073170731707,0.0,18,72.22222222222223,0.0,28,0.0,3.5714285714285716,16,0.0,6.25,42,0.0,23.80952380952381,17,0.0,17.647058823529413,34.0,1,0.0,3.0,5.0,3,1,5
20260506TMG11,2026-05-06,1C下,3.1,3.0,2.2,38,55.26315789473684,0.0,22,45.45454545454545,0.0,31,0.0,0.0,16,0.0,0.0,30,0.0,13.333333333333334,19,0.0,15.789473684210526,28.0,1,0.0,5.0,5.0,1,4,3
20260506TMG12,2026-05-06,1C下,2.9,2.8,2.3,64,57.8125,0.0,31,64.51612903225806,0.0,49,0.0,4.081632653061225,24,0.0,0.0,27,0.0,11.11111111111111,12,0.0,0.0,37.0,1,0.0,5.0,5.0,3,4,2
20260507TMG01,2026-05-07,1C上,3.0,3.6,3.1,36,22.22222222222222,0.0,15,13.333333333333334,0.0,39,0.0,2.5641025641025643,14,0.0,7.142857142857143,35,0.0,22.857142857142858,17,0.0,23.529411764705884,22.0,4,14.0,3.0,3.0,3,1,5
20260507TMG04,2026-05-07,1C上,2.7,4.5,4.5,32,37.5,0.0,13,30.76923076923077,0.0,24,0.0,0.0,17,0.0,0.0,37,0.0,5.405405405405405,16,0.0,0.0,24.0,2,6.0,5.0,1.0,2,6,3
20260507TMG05,2026-05-07,1C上,3.4,4.0,2.5,23,30.434782608695652,0.0,13,46.15384615384615,0.0,42,0.0,7.142857142857143,25,0.0,4.0,37,0.0,10.81081081081081,17,0.0,17.647058823529413,23.0,2,7.0,3.0,5.0,2,3,6
20260507TMG06,2026-05-07,1C上,2.4,3.6,4.2,29,48.275862068965516,0.0,16,50.0,0.0,37,0.0,8.108108108108109,17,0.0,0.0,30,0.0,0.0,15,0.0,0.0,32.0,1,0.0,5.0,5.0,1,2,3
20260507TMG07,2026-05-07,1C上,2.7,4.4,2.5,19,5.2631578947368425,0.0,11,0.0,0.0,35,0.0,0.0,17,0.0,0.0,45,0.0,11.11111111111111,23,0.0,13.043478260869565,30.0,1,0.0,5.0,5.0,3,1,5
20260507TMG08,2026-05-07,1C上,2.7,4.6,4.2,46,58.69565217391305,0.0,20,55.0,0.0,20,0.0,10.0,15,0.0,6.666666666666667,6,0.0,0.0,6,0.0,0.0,32.0,1,0.0,5.0,4.0,5,6,4
20260507TMG10,2026-05-07,1C上,2.4,3.6,2.9,44,59.09090909090909,0.0,21,71.42857142857143,0.0,33,0.0,0.0,16,0.0,0.0,44,0.0,34.09090909090909,25,0.0,28.0,26.0,3,5.0,5.0,1.0,1,3,4
20260507TMG11,2026-05-07,1C上,2.5,3.2,2.0,43,74.4186046511628,0.0,23,82.6086956521739,0.0,47,0.0,6.382978723404255,24,0.0,0.0,30,0.0,0.0,16,0.0,0.0,32.0,1,0.0,5.0,5.0,1,6,4
20260507TMG12,2026-05-07,1C上,3.1,3.6,3.4,45,77.77777777777777,0.0,13,69.23076923076923,0.0,50,0.0,2.0,21,0.0,4.761904761904762,22,0.0,13.636363636363637,9,0.0,11.11111111111111,34.0,1,0.0,5.0,5.0,1,4,2
20260508TMG01,2026-05-08,1C上,3.3,3.9,3.4,29,31.03448275862069,0.0,15,26.666666666666668,0.0,36,0.0,0.0,15,0.0,0.0,44,0.0,6.818181818181818,23,0.0,4.3478260869565215,27.0,2,3.0,4.0,3.0,2,1,3
20260508TMG02,2026-05-08,1C上,2.9,4.1,3.6,24,37.5,0.0,10,30.0,0.0,30,0.0,3.3333333333333335,14,0.0,0.0,33,0.0,6.0606060606060606,18,0.0,0.0,25.0,3,6.0,4.0,5.0,1,5,4
20260508TMG03,2026-05-08,1C下,3.5,3.4,2.7,30,40.0,0.0,17,35.294117647058826,0.0,36,0.0,2.7777777777777777,19,0.0,0.0,35,0.0,20.0,16,0.0,18.75,27.0,2,5.0,4.0,5.0,1,2,3
20260508TMG04,2026-05-08,1C下,3.7,2.7,3.0,22,27.272727272727273,0.0,16,37.5,0.0,38,0.0,5.2631578947368425,14,0.0,0.0,43,0.0,9.30232558139535,19,0.0,15.789473684210526,32.0,1,0.0,5.0,5.0,5,2,1
20260508TMG05,2026-05-08,1C上,3.4,3.8,3.0,25,36.0,0.0,12,33.333333333333336,0.0,37,0.0,2.7027027027027026,20,0.0,0.0,32,0.0,12.5,13,0.0,0.0,28.0,2,6.0,5.0,2.0,2,3,1
20260508TMG06,2026-05-08,1C上,1.9,3.4,2.6,18,0.0,0.0,11,0.0,0.0,41,0.0,4.878048780487805,20,0.0,10.0,34,0.0,20.58823529411765,18,0.0,22.22222222222222,27.0,2,7.0,4.0,4.0,2,3,4
20260508TMG07,2026-05-08,1C下,5.0,4.0,2.5,7,0.0,0.0,7,0.0,0.0,18,0.0,5.555555555555555,4,0.0,25.0,38,0.0,10.526315789473685,18,0.0,16.666666666666668,29.0,1,0.0,5.0,5.0,3,6,5
20260508TMG08,2026-05-08,1C上,2.5,2.7,2.5,31,51.61290322580645,0.0,11,36.36363636363637,0.0,25,0.0,4.0,14,0.0,7.142857142857143,32,0.0,15.625,13,0.0,15.384615384615385,25.0,3,4.0,3.0,3.0,1,2,4
20260508TMG09,2026-05-08,1C上,3.0,4.3,2.7,53,54.716981132075475,0.0,22,40.90909090909091,0.0,41,0.0,2.4390243902439024,21,0.0,0.0,34,0.0,2.9411764705882355,18,0.0,0.0,29.0,1,0.0,5.0,5.0,1,4,5
20260508TMG10,2026-05-08,1C上,3.0,3.8,2.9,46,45.65217391304348,0.0,22,68.18181818181819,0.0,33,0.0,0.0,16,0.0,0.0,26,0.0,15.384615384615385,18,0.0,22.22222222222222,30.0,1,0.0,5.0,5.0,1,2,3
20260508TMG11,2026-05-08,1C上,2.9,3.2,3.1,35,77.14285714285714,0.0,13,76.92307692307692,0.0,40,0.0,2.5,17,0.0,5.882352941176471,43,0.0,0.0,20,0.0,0.0,35.0,1,0.0,5.0,5.0,1,5,4
20260509TMG01,2026-05-09,1C上,2.3,4.0,2.6,29,41.37931034482759,0.0,14,71.42857142857143,0.0,8,0.0,0.0,8,0.0,0.0,20,0.0,5.0,8,0.0,0.0,25.0,3,2.0,1.0,5.0,5,4,6
20260509TMG02,2026-05-09,1C下,4.5,1.3,4.2,24,20.833333333333332,0.0,11,27.272727272727273,0.0,36,0.0,5.555555555555555,14,0.0,14.285714285714286,39,0.0,2.5641025641025643,21,0.0,0.0,23.0,4,5.0,3.0,1.0,2,1,3
20260509TMG03,2026-05-09,1C上,2.4,4.2,3.5,32,46.875,0.0,18,55.55555555555556,0.0,31,0.0,6.451612903225806,11,0.0,18.181818181818183,45,0.0,6.666666666666667,22,0.0,9.090909090909092,28.0,1,0.0,5.0,5.0,1,2,4
20260509TMG04,2026-05-09,1C下,3.9,2.7,3.3,30,53.333333333333336,0.0,14,64.28571428571429,0.0,39,0.0,5.128205128205129,15,0.0,0.0,37,0.0,10.81081081081081,15,0.0,20.0,26.0,3,4.0,5.0,2.0,3,2,4
20260509TMG05,2026-05-09,1C上,1.7,3.1,3.7,41,70.73170731707317,0.0,19,68.42105263157895,0.0,40,0.0,7.5,15,0.0,0.0,22,0.0,9.090909090909092,5,0.0,20.0,28.0,1,0.0,4.0,5.0,4,5,3
20260509TMG06,2026-05-09,1C上,1.7,3.5,4.7,49,67.34693877551021,0.0,25,72.0,0.0,34,0.0,5.882352941176471,17,0.0,11.764705882352942,42,0.0,0.0,17,0.0,0.0,30.0,1,0.0,5.0,1.0,1,2,4
20260509TMG07,2026-05-09,1C上,3.3,3.4,3.7,61,63.9344262295082,0.0,25,48.0,0.0,19,0.0,0.0,8,0.0,0.0,43,0.0,4.651162790697675,19,0.0,5.2631578947368425,37.0,1,0.0,5.0,5.0,1,5,3
20260509TMG09,2026-05-09,1C上,2.9,3.9,2.7,46,69.56521739130434,0.0,27,70.37037037037037,0.0,58,0.0,15.517241379310345,35,0.0,14.285714285714286,35,0.0,2.857142857142857,19,0.0,0.0,28.0,2,2.0,5.0,1.0,4,2,1
20260509TMG10,2026-05-09,1C上,2.5,3.0,3.4,43,76.74418604651163,0.0,23,86.95652173913044,0.0,48,0.0,2.0833333333333335,23,0.0,0.0,33,0.0,15.151515151515152,14,0.0,0.0,34.0,1,0.0,4.0,5.0,1,2,5
20260509TMG11,2026-05-09,1C上,2.4,4.1,2.7,37,75.67567567567568,0.0,19,73.6842105263158,0.0,32,0.0,0.0,15,0.0,0.0,40,0.0,5.0,19,0.0,5.2631578947368425,33.0,1,0.0,5.0,5.0,1,3,4
20260509TMG12,2026-05-09,1C上,2.9,3.6,3.0,64,57.8125,0.0,31,64.51612903225806,0.0,51,0.0,1.9607843137254901,21,0.0,0.0,33,0.0,12.121212121212121,14,0.0,0.0,36.0,1,0.0,5.0,5.0,1,3,2
20260510TMG01,2026-05-10,1C上,2.7,3.4,2.7,20,5.0,0.0,12,0.0,0.0,41,0.0,0.0,19,0.0,0.0,43,0.0,9.30232558139535,22,0.0,4.545454545454546,30.0,2,4.0,4.0,5.0,1,4,6
20260510TMG02,2026-05-10,1C上,2.4,4.5,4.2,30,50.0,0.0,17,52.94117647058823,0.0,25,0.0,0.0,18,0.0,0.0,40,0.0,2.5,22,0.0,0.0,28.0,2,2.0,2.0,5.0,1,5,6
20260510TMG03,2026-05-10,1C上,3.0,4.4,3.5,18,16.666666666666668,0.0,2,50.0,0.0,36,0.0,0.0,18,0.0,0.0,34,0.0,0.0,19,0.0,0.0,28.0,2,7.0,4.0,3.0,5,4,2
20260510TMG04,2026-05-10,1C上,3.3,3.4,2.7,30,30.0,0.0,16,25.0,0.0,34,0.0,0.0,19,0.0,0.0,43,0.0,13.953488372093023,14,0.0,21.428571428571427,29.0,2,1.0,4.0,2.0,3,5,6
20260510TMG05,2026-05-10,1C上,2.7,3.9,2.3,33,36.36363636363637,0.0,14,28.571428571428573,0.0,36,0.0,0.0,16,0.0,0.0,30,0.0,6.666666666666667,13,0.0,0.0,28.0,2,3.0,5.0,1.0,1,2,3
20260510TMG06,2026-05-10,1C上,3.9,4.0,2.2,31,51.61290322580645,0.0,14,64.28571428571429,0.0,42,0.0,7.142857142857143,26,0.0,3.8461538461538463,31,0.0,12.903225806451612,20,0.0,15.0,32.0,1,0.0,5.0,5.0,1,2,3
20260510TMG07,2026-05-10,1C上,2.9,3.9,2.9,25,40.0,0.0,11,36.36363636363637,0.0,38,0.0,5.2631578947368425,19,0.0,0.0,44,0.0,34.09090909090909,26,0.0,26.923076923076923,20.0,4,10.0,2.0,3.0,5,3,1
20260510TMG08,2026-05-10,1C上,2.4,3.4,3.1,44,59.09090909090909,0.0,22,72.72727272727273,0.0,20,0.0,0.0,9,0.0,0.0,43,0.0,0.0,20,0.0,0.0,29.0,2,2.0,4.0,5.0,1,2,3
20260510TMG09,2026-05-10,1C上,2.8,4.6,3.6,53,52.83018867924528,0.0,24,50.0,0.0,21,0.0,9.523809523809524,16,0.0,6.25,34,0.0,5.882352941176471,19,0.0,0.0,27.0,3,3.0,4.0,2.0,2,1,5
20260510TMG11,2026-05-10,1C上,2.9,3.6,3.0,36,77.77777777777777,0.0,13,84.61538461538461,0.0,40,0.0,2.5,15,0.0,6.666666666666667,34,0.0,11.764705882352942,15,0.0,0.0,26.0,3,6.0,3.0,3.0,1,6,2
20260510TMG12,2026-05-10,1C上,3.3,4.2,2.5,62,62.903225806451616,0.0,26,46.15384615384615,0.0,32,0.0,6.25,12,0.0,16.666666666666668,33,0.0,15.151515151515152,14,0.0,14.285714285714286,37.0,1,0.0,5.0,5.0,3,1,4
20260511TMG01,2026-05-11,1C下,3.7,3.0,3.8,47,38.297872340425535,0.0,27,51.851851851851855,0.0,32,0.0,0.0,17,0.0,0.0,25,0.0,0.0,20,0.0,0.0,29.0,1,0.0,5.0,5.0,5,6,2
20260511TMG04,2026-05-11,1C下,3.7,3.0,1.5,23,26.08695652173913,0.0,17,35.294117647058826,0.0,26,0.0,0.0,13,0.0,0.0,28,0.0,28.571428571428573,12,0.0,58.333333333333336,34.0,1,0.0,5.0,5.0,4,3,2
20260511TMG05,2026-05-11,1C上,2.4,3.9,2.7,31,51.61290322580645,0.0,18,55.55555555555556,0.0,58,0.0,15.517241379310345,36,0.0,13.88888888888889,43,0.0,6.976744186046512,23,0.0,4.3478260869565215,36.0,1,0.0,4.0,5.0,3,1,6
20260511TMG07,2026-05-11,1C下,3.6,2.8,2.3,34,29.41176470588235,0.0,17,23.529411764705884,0.0,39,0.0,0.0,19,0.0,0.0,31,0.0,6.451612903225806,14,0.0,0.0,22.0,5,10.0,1.0,5.0,2,6,3
20260511TMG08,2026-05-11,1C下,4.5,3.6,2.9,25,20.0,0.0,12,25.0,0.0,51,0.0,1.9607843137254901,21,0.0,0.0,27,0.0,14.814814814814815,19,0.0,21.05263157894737,23.0,5,6.0,2.0,1.0,1,5,2
20260511TMG09,2026-05-11,1C上,2.4,3.6,2.2,45,57.77777777777778,0.0,23,69.56521739130434,0.0,38,0.0,7.894736842105263,17,0.0,0.0,32,0.0,12.5,21,0.0,14.285714285714286,30.0,2,2.0,5.0,3.0,1,3,2
20260511TMG10,2026-05-11,1C上,2.9,3.5,3.7,47,68.08510638297872,0.0,28,67.85714285714286,0.0,35,0.0,5.714285714285714,18,0.0,11.11111111111111,23,0.0,8.695652173913043,6,0.0,16.666666666666668,28.0,1,0.0,5.0,5.0,6,5,2
20260511TMG11,2026-05-11,1C上,3.0,3.9,2.7,54,55.55555555555556,0.0,23,43.47826086956522,0.0,37,0.0,0.0,17,0.0,0.0,44,0.0,15.909090909090908,15,0.0,26.666666666666668,25.0,4,2.0,2.0,2.0,1,3,6
20260511TMG12,2026-05-11,1C上,2.9,3.0,2.5,37,78.37837837837837,0.0,14,85.71428571428571,0.0,49,0.0,2.0408163265306123,24,0.0,0.0,34,0.0,14.705882352941176,15,0.0,13.333333333333334,28.0,1,0.0,5.0,5.0,1,5,2
20260520TMG01,2026-05-20,1C上,4.0,4.3,2.2,22,4.545454545454546,0.0,8,0.0,0.0,30,0.0,0.0,17,0.0,0.0,39,0.0,10.256410256410257,20,0.0,10.0,18.0,4,16.0,3.0,2.0,3,4,1
20260520TMG03,2026-05-20,1C上,2.5,3.5,3.0,34,38.23529411764706,0.0,18,44.44444444444444,0.0,49,0.0,0.0,28,0.0,0.0,40,0.0,7.5,20,0.0,5.0,36.0,1,0.0,5.0,5.0,2,1,4
20260520TMG04,2026-05-20,1C下,4.3,3.5,2.7,49,34.69387755102041,0.0,22,31.818181818181817,0.0,32,0.0,0.0,15,0.0,0.0,36,0.0,2.7777777777777777,22,0.0,4.545454545454546,28.0,2,2.0,3.0,5.0,1,2,3
20260520TMG05,2026-05-20,1C下,3.9,3.7,3.6,23,39.130434782608695,0.0,13,46.15384615384615,0.0,36,0.0,0.0,19,0.0,0.0,44,0.0,4.545454545454546,26,0.0,0.0,31.0,1,0.0,5.0,2.0,4,3,1
20260520TMG06,2026-05-20,1C上,1.9,3.7,4.0,29,58.62068965517241,0.0,11,63.63636363636363,0.0,40,0.0,2.5,20,0.0,0.0,25,0.0,0.0,13,0.0,0.0,35.0,1,0.0,5.0,5.0,1,4,2
20260520TMG07,2026-05-20,1C下,3.7,2.9,2.6,23,30.434782608695652,0.0,9,22.22222222222222,0.0,40,0.0,5.0,18,0.0,5.555555555555555,37,0.0,18.91891891891892,22,0.0,22.727272727272727,18.0,6,14.0,1.0,1.0,1,3,5
20260520TMG08,2026-05-20,1C上,2.3,3.6,2.2,48,64.58333333333333,0.0,26,69.23076923076923,0.0,37,0.0,0.0,15,0.0,0.0,34,0.0,14.705882352941176,18,0.0,22.22222222222222,36.0,1,0.0,5.0,5.0,1,2,3
20260520TMG09,2026-05-20,1C上,2.5,4.0,4.1,39,51.282051282051285,0.0,21,47.61904761904762,0.0,36,0.0,5.555555555555555,19,0.0,5.2631578947368425,29,0.0,3.4482758620689653,15,0.0,0.0,23.0,3,6.0,4.0,5.0,1,3,4
20260520TMG10,2026-05-20,1C上,3.2,4.1,3.4,36,66.66666666666667,0.0,19,63.1578947368421,0.0,29,0.0,0.0,13,0.0,0.0,35,0.0,2.857142857142857,14,0.0,7.142857142857143,25.0,3,5.0,4.0,1.0,3,1,4
20260520TMG11,2026-05-20,1C下,3.2,2.9,2.6,56,67.85714285714286,0.0,25,56.0,0.0,32,0.0,6.25,15,0.0,6.666666666666667,38,0.0,10.526315789473685,22,0.0,9.090909090909092,31.0,1,0.0,5.0,5.0,1,2,4
20260520TMG12,2026-05-20,1C上,2.4,2.6,3.2,62,64.51612903225806,0.0,35,68.57142857142857,0.0,39,0.0,10.256410256410257,16,0.0,0.0,36,0.0,16.666666666666668,14,0.0,28.571428571428573,30.0,2,3.0,5.0,4.0,1,3,4
20260521TMG01,2026-05-21,1C上,2.9,3.9,2.9,32,40.625,0.0,18,44.44444444444444,0.0,31,0.0,0.0,13,0.0,0.0,33,0.0,3.0303030303030303,17,0.0,5.882352941176471,30.0,1,0.0,3.0,5.0,1,4,2
20260521TMG03,2026-05-21,1C上,2.1,3.2,3.1,35,54.285714285714285,0.0,15,53.333333333333336,0.0,26,0.0,19.23076923076923,15,0.0,26.666666666666668,35,0.0,8.571428571428571,19,0.0,10.526315789473685,36.0,1,0.0,5.0,5.0,2,1,3
20260521TMG04,2026-05-21,同じ,3.7,3.7,2.1,30,20.0,0.0,15,20.0,0.0,39,0.0,0.0,20,0.0,0.0,35,0.0,14.285714285714286,13,0.0,23.076923076923077,29.0,1,0.0,4.0,5.0,3,1,4
20260521TMG06,2026-05-21,1C上,3.3,3.5,2.5,30,43.333333333333336,0.0,15,46.666666666666664,0.0,47,0.0,2.127659574468085,25,0.0,4.0,36,0.0,13.88888888888889,18,0.0,22.22222222222222,24.0,3,12.0,3.0,5.0,1,2,3
20260521TMG07,2026-05-21,1C上,2.3,3.9,3.9,36,33.333333333333336,0.0,22,31.818181818181817,0.0,27,0.0,0.0,13,0.0,0.0,30,0.0,0.0,11,0.0,0.0,36.0,1,0.0,5.0,5.0,5,3,1
20260521TMG08,2026-05-21,1C下,3.6,3.4,2.2,44,29.545454545454547,0.0,18,27.77777777777778,0.0,33,0.0,3.0303030303030303,12,0.0,0.0,41,0.0,24.390243902439025,16,0.0,25.0,22.0,4,8.0,2.0,3.0,1,2,4
20260521TMG09,2026-05-21,1C上,3.3,3.5,2.8,39,33.333333333333336,0.0,26,30.76923076923077,0.0,35,0.0,2.857142857142857,15,0.0,0.0,34,0.0,2.9411764705882355,11,0.0,0.0,34.0,1,0.0,5.0,5.0,3,1,2
20260521TMG11,2026-05-21,1C上,2.1,3.0,4.4,53,71.69811320754717,0.0,23,78.26086956521739,0.0,39,0.0,10.256410256410257,23,0.0,13.043478260869565,43,0.0,4.651162790697675,14,0.0,7.142857142857143,36.0,1,0.0,5.0,5.0,1,2,4
20260521TMG12,2026-05-21,1C上,2.0,3.4,3.5,55,56.36363636363637,0.0,28,53.57142857142857,0.0,35,0.0,2.857142857142857,16,0.0,0.0,39,0.0,17.94871794871795,18,0.0,16.666666666666668,31.0,1,0.0,5.0,4.0,1,2,4
20260522TMG01,2026-05-22,同じ,2.7,2.7,3.4,28,32.142857142857146,0.0,13,38.46153846153846,0.0,36,0.0,27.77777777777778,18,0.0,16.666666666666668,40,0.0,15.0,19,0.0,15.789473684210526,32.0,1,0.0,4.0,5.0,1,2,3
20260522TMG02,2026-05-22,1C上,3.4,3.7,3.3,30,36.666666666666664,0.0,13,38.46153846153846,0.0,30,0.0,6.666666666666667,11,0.0,0.0,38,0.0,13.157894736842104,17,0.0,17.647058823529413,26.0,1,0.0,3.0,5.0,6,3,1
20260522TMG04,2026-05-22,1C上,3.2,3.3,3.4,23,30.434782608695652,0.0,8,25.0,0.0,30,0.0,6.666666666666667,14,0.0,7.142857142857143,36,0.0,5.555555555555555,14,0.0,14.285714285714286,22.0,4,7.0,2.0,3.0,2,5,3
20260522TMG05,2026-05-22,1C上,3.1,4.1,3.7,29,41.37931034482759,0.0,15,46.666666666666664,0.0,42,0.0,0.0,17,0.0,0.0,34,0.0,11.764705882352942,16,0.0,12.5,26.0,3,5.0,2.0,5.0,1,5,2
20260522TMG06,2026-05-22,1C上,2.6,3.3,2.5,46,65.21739130434783,0.0,20,55.0,0.0,40,0.0,0.0,17,0.0,0.0,46,0.0,19.565217391304348,25,0.0,20.0,28.0,1,0.0,5.0,5.0,1,2,3
20260522TMG08,2026-05-22,1C下,3.3,2.7,3.8,43,37.2093023255814,0.0,22,50.0,0.0,38,0.0,2.6315789473684212,15,0.0,6.666666666666667,37,0.0,8.108108108108109,15,0.0,13.333333333333334,28.0,2,3.0,5.0,5.0,2,4,1
20260522TMG09,2026-05-22,1C上,2.4,2.8,3.2,43,79.06976744186046,0.0,19,78.94736842105263,0.0,43,0.0,4.651162790697675,24,0.0,8.333333333333334,35,0.0,14.285714285714286,13,0.0,7.6923076923076925,32.0,2,5.0,5.0,5.0,1,2,6
20260522TMG10,2026-05-22,1C下,4.6,3.3,3.1,28,32.142857142857146,0.0,17,17.647058823529413,0.0,52,0.0,11.538461538461538,26,0.0,3.8461538461538463,30,0.0,10.0,14,0.0,14.285714285714286,31.0,1,0.0,3.0,5.0,1,2,3
20260522TMG12,2026-05-22,1C下,3.0,2.2,3.2,48,77.08333333333333,0.0,21,85.71428571428571,0.0,34,0.0,11.764705882352942,17,0.0,11.764705882352942,23,0.0,0.0,11,0.0,0.0,32.0,1,0.0,5.0,3.0,1,2,6
20260523TMG01,2026-05-23,1C下,3.9,3.3,4.1,25,32.0,0.0,11,45.45454545454545,0.0,41,0.0,0.0,18,0.0,0.0,30,0.0,3.3333333333333335,16,0.0,0.0,32.0,2,5.0,5.0,5.0,1,2,3
20260523TMG02,2026-05-23,1C上,2.7,2.9,3.7,32,31.25,0.0,15,46.666666666666664,0.0,32,0.0,0.0,17,0.0,0.0,24,0.0,8.333333333333334,14,0.0,7.142857142857143,30.0,1,0.0,4.0,1.0,2,3,5
20260523TMG03,2026-05-23,1C上,2.8,3.5,2.4,34,44.11764705882353,0.0,12,16.666666666666668,0.0,40,0.0,5.0,16,0.0,6.25,36,0.0,8.333333333333334,22,0.0,9.090909090909092,25.0,3,8.0,4.0,4.0,3,2,4
20260523TMG04,2026-05-23,1C上,3.4,4.5,2.5,26,42.30769230769231,0.0,13,53.84615384615385,0.0,43,0.0,4.651162790697675,21,0.0,0.0,47,0.0,19.148936170212767,26,0.0,19.23076923076923,30.0,1,0.0,5.0,5.0,1,3,2
20260523TMG05,2026-05-23,1C下,5.1,3.3,2.9,22,4.545454545454546,0.0,12,8.333333333333334,0.0,42,0.0,7.142857142857143,22,0.0,4.545454545454546,38,0.0,5.2631578947368425,16,0.0,0.0,22.0,5,9.0,4.0,2.0,3,4,1
20260523TMG06,2026-05-23,1C上,2.3,3.9,2.9,37,32.432432432432435,0.0,23,30.434782608695652,0.0,32,0.0,0.0,14,0.0,0.0,33,0.0,3.0303030303030303,18,0.0,5.555555555555555,36.0,1,0.0,5.0,5.0,1,3,4
20260523TMG07,2026-05-23,1C上,2.2,3.6,3.3,40,72.5,0.0,20,90.0,0.0,45,0.0,6.666666666666667,23,0.0,8.695652173913043,49,0.0,12.244897959183673,20,0.0,30.0,33.0,2,1.0,5.0,5.0,1,3,2
20260523TMG08,2026-05-23,1C上,2.0,4.2,2.5,56,57.142857142857146,0.0,28,53.57142857142857,0.0,37,0.0,0.0,20,0.0,0.0,37,0.0,13.513513513513514,19,0.0,21.05263157894737,36.0,1,0.0,5.0,5.0,1,6,3
20260523TMG10,2026-05-23,1C上,2.6,2.9,2.8,52,69.23076923076923,0.0,24,70.83333333333333,0.0,28,0.0,0.0,13,0.0,0.0,34,0.0,5.882352941176471,12,0.0,8.333333333333334,32.0,1,0.0,5.0,5.0,3,1,2
20260523TMG11,2026-05-23,1C上,2.6,4.1,3.4,47,65.95744680851064,0.0,20,55.0,0.0,43,0.0,0.0,17,0.0,0.0,50,0.0,8.0,22,0.0,9.090909090909092,35.0,1,0.0,5.0,5.0,1,2,4
20260523TMG12,2026-05-23,1C上,2.4,3.5,3.9,62,66.12903225806451,0.0,35,68.57142857142857,0.0,48,0.0,2.0833333333333335,25,0.0,4.0,43,0.0,13.953488372093023,21,0.0,9.523809523809524,34.0,2,1.0,5.0,5.0,1,5,4
20260524TMG01,2026-05-24,1C上,2.5,4.2,3.7,35,37.142857142857146,0.0,18,44.44444444444444,0.0,38,0.0,0.0,21,0.0,0.0,35,0.0,11.428571428571429,17,0.0,11.764705882352942,34.0,1,0.0,5.0,5.0,1,3,2
20260524TMG02,2026-05-24,1C上,2.7,3.7,2.9,36,38.888888888888886,0.0,15,33.333333333333336,0.0,40,0.0,2.5,20,0.0,0.0,34,0.0,2.9411764705882355,18,0.0,5.555555555555555,35.0,1,0.0,5.0,3.0,3,2,4
20260524TMG04,2026-05-24,1C下,4.6,2.9,2.2,29,34.48275862068966,0.0,18,22.22222222222222,0.0,33,0.0,0.0,18,0.0,0.0,38,0.0,10.526315789473685,21,0.0,14.285714285714286,29.0,1,0.0,4.0,5.0,1,3,6
20260524TMG05,2026-05-24,1C下,4.3,4.1,3.8,50,36.0,0.0,23,34.78260869565217,0.0,44,0.0,0.0,18,0.0,0.0,38,0.0,7.894736842105263,16,0.0,12.5,30.0,2,2.0,3.0,5.0,1,2,4
20260524TMG06,2026-05-24,1C上,2.3,3.6,2.6,48,64.58333333333333,0.0,27,70.37037037037037,0.0,39,0.0,2.5641025641025643,18,0.0,0.0,32,0.0,0.0,18,0.0,0.0,38.0,1,0.0,5.0,5.0,1,5,6
20260524TMG07,2026-05-24,1C上,3.7,4.5,2.2,23,30.434782608695652,0.0,9,33.333333333333336,0.0,44,0.0,4.545454545454546,22,0.0,0.0,35,0.0,14.285714285714286,18,0.0,22.22222222222222,30.0,2,4.0,3.0,3.0,2,3,5
20260524TMG09,2026-05-24,1C下,3.3,2.9,3.6,40,32.5,0.0,27,29.62962962962963,0.0,33,0.0,6.0606060606060606,15,0.0,6.666666666666667,44,0.0,11.363636363636363,20,0.0,15.0,35.0,1,0.0,5.0,5.0,1,3,2
20260524TMG10,2026-05-24,1C上,2.7,3.5,3.6,29,34.48275862068966,0.0,14,42.857142857142854,0.0,40,0.0,5.0,16,0.0,6.25,45,0.0,4.444444444444445,26,0.0,0.0,34.0,1,0.0,4.0,5.0,3,2,5
20260524TMG12,2026-05-24,1C上,2.0,3.3,3.3,56,58.92857142857143,0.0,29,55.172413793103445,0.0,53,0.0,11.320754716981131,26,0.0,3.8461538461538463,52,0.0,7.6923076923076925,23,0.0,4.3478260869565215,34.0,1,0.0,4.0,5.0,1,4,2
20260525TMG01,2026-05-25,1C上,2.7,3.9,4.0,33,30.303030303030305,0.0,16,43.75,0.0,43,0.0,0.0,18,0.0,0.0,26,0.0,0.0,14,0.0,0.0,32.0,1,0.0,5.0,4.0,1,4,2
20260525TMG04,2026-05-25,1C上,3.1,3.4,3.9,30,43.333333333333336,0.0,16,50.0,0.0,33,0.0,3.0303030303030303,12,0.0,0.0,31,0.0,0.0,12,0.0,0.0,34.0,1,0.0,5.0,5.0,1,2,5
20260525TMG05,2026-05-25,1C上,1.9,4.0,3.2,28,39.285714285714285,0.0,15,33.333333333333336,0.0,37,0.0,5.405405405405405,20,0.0,5.0,24,0.0,0.0,13,0.0,0.0,34.0,1,0.0,5.0,5.0,1,4,5
20260525TMG06,2026-05-25,1C上,2.1,2.8,2.6,34,52.94117647058823,0.0,16,50.0,0.0,44,0.0,4.545454545454546,25,0.0,8.0,33,0.0,0.0,19,0.0,0.0,37.0,1,0.0,5.0,5.0,1,2,4
20260525TMG07,2026-05-25,1C上,2.8,3.6,4.1,40,55.0,0.0,19,63.1578947368421,0.0,40,0.0,2.5,19,0.0,0.0,28,0.0,0.0,14,0.0,0.0,25.0,2,1.0,3.0,5.0,1,4,2
20260525TMG09,2026-05-25,1C上,2.5,3.6,3.4,36,38.888888888888886,0.0,19,47.36842105263158,0.0,46,0.0,6.521739130434782,24,0.0,8.333333333333334,51,0.0,7.8431372549019605,23,0.0,8.695652173913043,36.0,1,0.0,5.0,5.0,1,2,3
20260525TMG10,2026-05-25,1C上,2.6,3.2,4.1,52,67.3076923076923,0.0,25,68.0,0.0,28,0.0,17.857142857142858,17,0.0,23.529411764705884,31,0.0,3.225806451612903,17,0.0,0.0,32.0,1,0.0,5.0,4.0,1,5,2
20260525TMG11,2026-05-25,1C上,2.4,2.9,2.5,63,65.07936507936508,0.0,35,65.71428571428571,0.0,34,0.0,0.0,18,0.0,0.0,48,0.0,18.75,27,0.0,18.51851851851852,30.0,1,0.0,5.0,1.0,1,4,6
20260525TMG12,2026-05-25,1C上,2.0,3.2,3.6,57,59.64912280701754,0.0,29,58.62068965517241,0.0,36,0.0,2.7777777777777777,13,0.0,0.0,46,0.0,4.3478260869565215,26,0.0,0.0,30.0,1,0.0,5.0,5.0,1,5,2
20260530TMG02,2026-05-30,1C上,2.1,5.0,4.2,27,51.851851851851855,0.0,16,50.0,0.0,28,0.0,3.5714285714285716,15,0.0,6.666666666666667,38,0.0,7.894736842105263,21,0.0,4.761904761904762,35.0,1,0.0,4.0,5.0,1,3,4
20260530TMG03,2026-05-30,1C上,3.7,5.0,3.6,18,55.55555555555556,0.0,10,60.0,0.0,12,0.0,16.666666666666668,7,0.0,14.285714285714286,36,0.0,2.7777777777777777,13,0.0,7.6923076923076925,26.0,3,9.0,3.0,2.0,1,4,3
20260530TMG04,2026-05-30,1C上,0.0,2.4,3.4,1,100.0,0.0,1,100.0,0.0,34,0.0,14.705882352941176,16,0.0,6.25,36,0.0,2.7777777777777777,19,0.0,0.0,24.0,4,6.0,2.0,1.0,1,2,3
20260530TMG05,2026-05-30,1C上,2.9,3.6,3.6,20,55.0,0.0,8,37.5,0.0,42,0.0,2.380952380952381,19,0.0,0.0,38,0.0,10.526315789473685,18,0.0,16.666666666666668,23.0,4,7.0,5.0,1.0,1,3,5
20260530TMG06,2026-05-30,1C上,3.6,3.8,3.8,18,44.44444444444444,0.0,18,44.44444444444444,0.0,35,0.0,2.857142857142857,18,0.0,0.0,29,0.0,3.4482758620689653,20,0.0,5.0,17.0,6,12.0,3.0,1.0,1,3,4
20260530TMG07,2026-05-30,1C上,2.9,3.4,4.9,28,64.28571428571429,0.0,16,62.5,0.0,40,0.0,12.5,15,0.0,20.0,11,0.0,0.0,9,0.0,0.0,31.0,2,1.0,5.0,5.0,2,4,5
20260530TMG08,2026-05-30,1C上,2.2,3.7,2.1,24,50.0,0.0,12,66.66666666666667,0.0,31,0.0,0.0,19,0.0,0.0,41,0.0,12.195121951219512,17,0.0,23.529411764705884,30.0,2,2.0,5.0,5.0,1,3,5
20260530TMG09,2026-05-30,1C上,2.8,4.3,4.2,56,39.285714285714285,0.0,29,31.03448275862069,0.0,36,0.0,2.7777777777777777,19,0.0,0.0,27,0.0,0.0,12,0.0,0.0,38.0,1,0.0,5.0,5.0,1,3,4
20260530TMG10,2026-05-30,1C上,1.7,4.0,2.4,50,68.0,0.0,26,61.53846153846154,0.0,28,0.0,3.5714285714285716,20,0.0,5.0,29,0.0,20.689655172413794,11,0.0,9.090909090909092,32.0,2,4.0,5.0,5.0,1,3,2
20260530TMG11,2026-05-30,1C上,3.6,4.8,2.8,46,41.30434782608695,0.0,23,43.47826086956522,0.0,21,0.0,0.0,13,0.0,0.0,50,0.0,10.0,22,0.0,13.636363636363637,34.0,1,0.0,5.0,4.0,3,6,1
20260530TMG12,2026-05-30,1C上,2.3,2.8,3.6,13,0.0,0.0,6,0.0,0.0,31,0.0,25.806451612903224,14,0.0,14.285714285714286,30,0.0,13.333333333333334,16,0.0,25.0,28.0,3,4.0,4.0,5.0,2,1,4
20260531TMG01,2026-05-31,1C下,4.8,3.9,2.5,14,7.142857142857143,0.0,8,12.5,0.0,34,0.0,0.0,18,0.0,0.0,34,0.0,8.823529411764707,19,0.0,0.0,35.0,1,0.0,5.0,5.0,1,2,3
20260531TMG02,2026-05-31,1C下,4.7,3.8,2.9,8,25.0,0.0,5,40.0,0.0,38,0.0,7.894736842105263,23,0.0,8.695652173913043,26,0.0,11.538461538461538,14,0.0,0.0,29.0,1,0.0,5.0,5.0,2,4,3
20260531TMG03,2026-05-31,1C下,4.6,3.1,2.9,13,0.0,0.0,6,0.0,0.0,39,0.0,5.128205128205129,20,0.0,10.0,12,0.0,0.0,12,0.0,0.0,22.0,5,15.0,2.0,1.0,2,6,4
20260531TMG05,2026-05-31,1C下,3.8,2.4,0.0,27,11.11111111111111,0.0,14,21.428571428571427,0.0,39,0.0,10.256410256410257,19,0.0,10.526315789473685,3,0.0,0.0,3,0.0,0.0,28.0,3,4.0,4.0,3.0,6,4,5
20260531TMG06,2026-05-31,1C下,4.8,3.6,2.5,8,25.0,0.0,7,28.571428571428573,0.0,27,0.0,3.7037037037037037,11,0.0,0.0,51,0.0,5.882352941176471,29,0.0,3.4482758620689653,26.0,2,6.0,2.0,5.0,4,3,2
20260531TMG07,2026-05-31,1C下,4.7,4.4,2.6,8,0.0,0.0,8,0.0,0.0,39,0.0,2.5641025641025643,21,0.0,4.761904761904762,38,0.0,2.6315789473684212,22,0.0,4.545454545454546,28.0,2,2.0,5.0,1.0,2,5,4
20260531TMG08,2026-05-31,1C上,3.0,4.4,3.9,42,71.42857142857143,0.0,16,62.5,0.0,39,0.0,2.5641025641025643,17,0.0,5.882352941176471,31,0.0,6.451612903225806,17,0.0,0.0,29.0,1,0.0,3.0,5.0,3,4,2
20260531TMG09,2026-05-31,1C上,3.4,4.1,2.8,25,56.0,0.0,14,57.142857142857146,0.0,24,0.0,0.0,13,0.0,0.0,32,0.0,18.75,18,0.0,22.22222222222222,34.0,2,1.0,3.0,5.0,1,3,2
20260531TMG10,2026-05-31,1C上,2.3,3.7,4.8,46,73.91304347826087,0.0,22,81.81818181818181,0.0,31,0.0,3.225806451612903,13,0.0,0.0,30,0.0,3.3333333333333335,14,0.0,7.142857142857143,30.0,1,0.0,5.0,5.0,1,3,2
20260531TMG11,2026-05-31,1C下,2.3,1.3,2.6,47,59.57446808510638,0.0,25,60.0,0.0,7,0.0,0.0,7,0.0,0.0,35,0.0,0.0,16,0.0,0.0,28.0,1,0.0,5.0,5.0,1,3,6
20260601TMG01,2026-06-01,1C上,3.5,4.9,3.7,21,4.761904761904762,0.0,11,9.090909090909092,0.0,32,0.0,3.125,15,0.0,0.0,36,0.0,11.11111111111111,14,0.0,7.142857142857143,30.0,1,0.0,4.0,2.0,1,3,2
20260601TMG02,2026-06-01,1C上,0.0,2.8,2.2,3,33.333333333333336,0.0,3,33.333333333333336,0.0,18,0.0,5.555555555555555,18,0.0,5.555555555555555,31,0.0,9.67741935483871,15,0.0,6.666666666666667,32.0,2,3.0,5.0,1.0,3,5,1
20260601TMG03,2026-06-01,1C下,4.1,2.8,2.9,32,28.125,0.0,15,20.0,0.0,45,0.0,6.666666666666667,25,0.0,12.0,38,0.0,13.157894736842104,17,0.0,17.647058823529413,31.0,1,0.0,5.0,5.0,2,1,3
20260601TMG04,2026-06-01,1C下,4.3,3.9,4.2,25,4.0,0.0,13,7.6923076923076925,0.0,30,0.0,3.3333333333333335,19,0.0,0.0,17,0.0,5.882352941176471,10,0.0,0.0,22.0,3,11.0,3.0,3.0,1,5,6
20260601TMG06,2026-06-01,1C下,3.5,2.8,5.2,16,18.75,0.0,8,25.0,0.0,24,0.0,4.166666666666667,14,0.0,0.0,15,0.0,6.666666666666667,8,0.0,0.0,21.0,4,10.0,2.0,1.0,2,5,4
20260601TMG07,2026-06-01,1C下,3.4,2.4,4.0,29,37.93103448275862,0.0,18,38.888888888888886,0.0,40,0.0,10.0,24,0.0,12.5,24,0.0,12.5,15,0.0,6.666666666666667,32.0,1,0.0,5.0,5.0,2,4,3
20260601TMG08,2026-06-01,1C上,2.9,4.3,4.1,38,60.526315789473685,0.0,17,58.8235294117647,0.0,35,0.0,0.0,18,0.0,0.0,28,0.0,3.5714285714285716,15,0.0,6.666666666666667,30.0,2,2.0,5.0,2.0,2,1,4
20260601TMG09,2026-06-01,1C上,3.3,3.7,2.5,43,62.7906976744186,0.0,18,83.33333333333333,0.0,37,0.0,2.7027027027027026,21,0.0,4.761904761904762,40,0.0,7.5,17,0.0,5.882352941176471,34.0,1,0.0,5.0,5.0,4,3,5
20260601TMG10,2026-06-01,1C上,3.6,3.9,4.1,59,61.016949152542374,0.0,34,67.6470588235294,0.0,24,0.0,4.166666666666667,11,0.0,0.0,28,0.0,7.142857142857143,15,0.0,0.0,21.0,4,9.0,2.0,5.0,1,2,5
20260601TMG11,2026-06-01,1C上,2.9,3.5,2.9,53,69.81132075471699,0.0,28,67.85714285714286,0.0,26,0.0,7.6923076923076925,12,0.0,0.0,24,0.0,16.666666666666668,10,0.0,20.0,36.0,1,0.0,5.0,5.0,4,1,3
20260601TMG12,2026-06-01,1C上,2.4,2.9,3.1,55,74.54545454545455,0.0,26,73.07692307692308,0.0,46,0.0,0.0,25,0.0,0.0,26,0.0,0.0,15,0.0,0.0,30.0,2,6.0,5.0,5.0,1,5,6
20260602TMG01,2026-06-02,1C下,3.7,2.7,2.8,27,18.51851851851852,0.0,16,31.25,0.0,32,0.0,3.125,14,0.0,0.0,33,0.0,18.181818181818183,18,0.0,16.666666666666668,30.0,2,5.0,5.0,4.0,1,3,2
20260602TMG02,2026-06-02,1C下,3.9,3.4,3.4,14,21.428571428571427,0.0,12,25.0,0.0,45,0.0,4.444444444444445,24,0.0,0.0,28,0.0,10.714285714285714,15,0.0,6.666666666666667,30.0,3,6.0,3.0,5.0,1,2,3
20260602TMG03,2026-06-02,1C上,3.4,5.6,3.6,25,28.0,0.0,11,36.36363636363637,0.0,16,0.0,0.0,8,0.0,0.0,24,0.0,8.333333333333334,9,0.0,0.0,25.0,4,7.0,5.0,2.0,1,5,2
20260602TMG04,2026-06-02,1C上,2.6,3.2,3.5,27,11.11111111111111,0.0,14,14.285714285714286,0.0,30,0.0,0.0,15,0.0,0.0,34,0.0,8.823529411764707,18,0.0,16.666666666666668,38.0,1,0.0,5.0,5.0,3,4,1
20260602TMG06,2026-06-02,1C上,2.8,4.8,2.1,30,23.333333333333332,0.0,19,26.31578947368421,0.0,15,0.0,0.0,14,0.0,0.0,31,0.0,12.903225806451612,14,0.0,14.285714285714286,27.0,2,4.0,5.0,3.0,4,5,2
20260602TMG07,2026-06-02,1C上,2.3,2.8,4.0,57,70.17543859649123,0.0,30,73.33333333333333,0.0,19,0.0,5.2631578947368425,18,0.0,5.555555555555555,18,0.0,0.0,9,0.0,0.0,31.0,1,0.0,5.0,5.0,1,2,5
20260602TMG08,2026-06-02,1C上,2.4,3.7,2.1,46,54.34782608695652,0.0,27,62.96296296296296,0.0,26,0.0,0.0,20,0.0,0.0,42,0.0,11.904761904761905,17,0.0,23.529411764705884,34.0,1,0.0,5.0,5.0,1,3,2
20260602TMG09,2026-06-02,1C上,2.4,3.7,3.6,55,74.54545454545455,0.0,27,74.07407407407408,0.0,32,0.0,0.0,19,0.0,0.0,31,0.0,12.903225806451612,17,0.0,23.529411764705884,31.0,2,1.0,5.0,5.0,1,3,2
20260602TMG10,2026-06-02,1C下,3.1,2.8,0.0,39,76.92307692307692,0.0,18,72.22222222222223,0.0,32,0.0,28.125,14,0.0,21.428571428571427,4,0.0,0.0,4,0.0,0.0,34.0,1,0.0,5.0,5.0,2,1,3
20260602TMG11,2026-06-02,1C上,2.9,3.3,3.3,35,68.57142857142857,0.0,14,71.42857142857143,0.0,41,0.0,2.4390243902439024,20,0.0,0.0,43,0.0,2.3255813953488373,22,0.0,4.545454545454546,37.0,1,0.0,5.0,5.0,2,1,4
20260603TMG01,2026-06-03,1C下,4.1,3.7,2.6,32,28.125,0.0,15,20.0,0.0,33,0.0,0.0,19,0.0,0.0,39,0.0,2.5641025641025643,22,0.0,4.545454545454546,34.0,1,0.0,5.0,5.0,1,6,3
20260603TMG02,2026-06-03,1C下,3.9,2.8,3.4,15,26.666666666666668,0.0,13,30.76923076923077,0.0,20,0.0,5.0,19,0.0,5.2631578947368425,29,0.0,10.344827586206897,16,0.0,6.25,28.0,1,0.0,3.0,5.0,1,6,2
20260603TMG03,2026-06-03,1C下,3.4,2.4,5.2,25,32.0,0.0,12,41.666666666666664,0.0,40,0.0,10.0,20,0.0,10.0,16,0.0,6.25,9,0.0,0.0,27.0,2,5.0,3.0,5.0,2,4,5
20260603TMG04,2026-06-03,1C上,2.1,5.3,4.0,28,53.57142857142857,0.0,17,52.94117647058823,0.0,9,0.0,0.0,9,0.0,0.0,25,0.0,12.0,16,0.0,6.25,28.0,1,0.0,3.0,5.0,1,3,5
20260603TMG05,2026-06-03,1C上,3.4,4.8,2.9,26,57.69230769230769,0.0,15,60.0,0.0,22,0.0,0.0,13,0.0,0.0,25,0.0,16.0,11,0.0,18.181818181818183,26.0,3,6.0,3.0,3.0,1,3,2
20260603TMG06,2026-06-03,1C下,2.8,2.4,2.8,56,39.285714285714285,0.0,29,31.03448275862069,0.0,41,0.0,12.195121951219512,25,0.0,16.0,34,0.0,17.647058823529413,18,0.0,11.11111111111111,29.0,2,1.0,3.0,4.0,2,5,3
20260603TMG07,2026-06-03,1C上,2.9,3.6,3.2,29,62.06896551724138,0.0,17,58.8235294117647,0.0,43,0.0,2.3255813953488373,20,0.0,0.0,28,0.0,10.714285714285714,24,0.0,12.5,27.0,2,1.0,3.0,5.0,4,1,2
20260603TMG08,2026-06-03,1C上,3.3,4.9,4.1,44,61.36363636363637,0.0,19,78.94736842105263,0.0,33,0.0,3.0303030303030303,16,0.0,0.0,28,0.0,7.142857142857143,16,0.0,0.0,28.0,2,2.0,3.0,5.0,1,6,4
20260603TMG09,2026-06-03,1C上,2.9,3.7,2.5,39,58.97435897435897,0.0,18,55.55555555555556,0.0,32,0.0,3.125,14,0.0,0.0,41,0.0,7.317073170731708,18,0.0,5.555555555555555,32.0,1,0.0,3.0,5.0,1,3,6
20260603TMG10,2026-06-03,1C下,3.6,2.8,4.8,60,61.666666666666664,0.0,35,68.57142857142857,0.0,33,0.0,27.272727272727273,15,0.0,20.0,31,0.0,3.225806451612903,15,0.0,6.666666666666667,30.0,1,0.0,3.0,5.0,2,3,4
20260603TMG11,2026-06-03,1C下,2.9,2.4,4.2,36,66.66666666666667,0.0,15,66.66666666666667,0.0,35,0.0,14.285714285714286,17,0.0,5.882352941176471,39,0.0,7.6923076923076925,20,0.0,5.0,32.0,1,0.0,3.0,5.0,1,5,2
20260603TMG12,2026-06-03,1C下,2.9,2.6,2.8,54,68.51851851851852,0.0,29,65.51724137931035,0.0,28,0.0,0.0,12,0.0,0.0,50,0.0,12.0,22,0.0,18.181818181818183,25.0,3,4.0,3.0,5.0,1,3,
20260604TMG01,2026-06-04,1C上,2.1,2.7,3.9,29,55.172413793103445,0.0,18,55.55555555555556,0.0,33,0.0,3.0303030303030303,15,0.0,0.0,31,0.0,9.67741935483871,17,0.0,5.882352941176471,34.0,1,0.0,5.0,4.0,5,1,2
20260604TMG02,2026-06-04,1C上,3.7,3.9,2.5,28,21.428571428571427,0.0,17,35.294117647058826,0.0,31,0.0,3.225806451612903,18,0.0,0.0,35,0.0,8.571428571428571,19,0.0,0.0,30.0,1,0.0,5.0,4.0,2,3,1
20260604TMG03,2026-06-04,1C下,3.3,1.3,4.1,44,61.36363636363637,0.0,20,80.0,0.0,8,0.0,0.0,8,0.0,0.0,29,0.0,6.896551724137931,17,0.0,0.0,31.0,1,0.0,4.0,5.0,4,2,5
20260604TMG04,2026-06-04,1C上,2.6,5.6,3.4,28,10.714285714285714,0.0,15,13.333333333333334,0.0,17,0.0,0.0,9,0.0,0.0,30,0.0,10.0,17,0.0,5.882352941176471,34.0,1,0.0,5.0,5.0,6,3,4
20260604TMG05,2026-06-04,1C上,3.8,4.8,2.2,32,31.25,0.0,15,33.333333333333336,0.0,16,0.0,0.0,15,0.0,0.0,32,0.0,12.5,15,0.0,13.333333333333334,26.0,3,6.0,4.0,5.0,6,3,4
20260604TMG06,2026-06-04,1C上,3.5,4.3,3.3,17,17.647058823529413,0.0,9,22.22222222222222,0.0,35,0.0,2.857142857142857,18,0.0,5.555555555555555,43,0.0,2.3255813953488373,23,0.0,4.3478260869565215,17.0,6,12.0,1.0,3.0,4,2,6
20260604TMG07,2026-06-04,1C下,3.8,0.0,2.1,27,11.11111111111111,0.0,15,20.0,0.0,1,0.0,0.0,1,0.0,0.0,43,0.0,11.627906976744185,18,0.0,22.22222222222222,30.0,2,4.0,5.0,2.0,3,2,6
20260604TMG08,2026-06-04,1C上,3.4,4.8,4.2,30,36.666666666666664,0.0,18,38.888888888888886,0.0,23,0.0,0.0,14,0.0,0.0,27,0.0,0.0,12,0.0,0.0,30.0,1,0.0,3.0,4.0,1,2,4
20260604TMG09,2026-06-04,1C上,2.9,3.4,3.6,30,60.0,0.0,17,52.94117647058823,0.0,46,0.0,4.3478260869565215,25,0.0,0.0,36,0.0,2.7777777777777777,14,0.0,7.142857142857143,30.0,1,0.0,5.0,3.0,2,5,1
20260604TMG11,2026-06-04,1C上,2.4,2.8,4.0,56,75.0,0.0,28,75.0,0.0,25,0.0,8.0,15,0.0,6.666666666666667,26,0.0,11.538461538461538,17,0.0,5.882352941176471,27.0,2,3.0,5.0,5.0,1,4,2
20260604TMG12,2026-06-04,1C上,2.9,3.6,2.1,55,69.0909090909091,0.0,30,66.66666666666667,0.0,27,0.0,3.7037037037037037,12,0.0,0.0,32,0.0,12.5,15,0.0,13.333333333333334,36.0,1,0.0,5.0,5.0,1,2,4
20260607TMG01,2026-06-07,1C下,3.5,3.2,3.3,30,36.666666666666664,0.0,14,35.714285714285715,0.0,38,0.0,0.0,20,0.0,0.0,41,0.0,9.75609756097561,19,0.0,5.2631578947368425,32.0,1,0.0,4.0,5.0,1,3,2
20260607TMG05,2026-06-07,1C下,3.5,2.8,3.0,15,13.333333333333334,0.0,5,0.0,0.0,37,0.0,8.108108108108109,15,0.0,0.0,30,0.0,16.666666666666668,15,0.0,20.0,31.0,1,0.0,4.0,4.0,4,6,5
20260607TMG07,2026-06-07,1C上,3.7,4.3,2.8,38,57.89473684210526,0.0,22,68.18181818181819,0.0,32,0.0,0.0,15,0.0,0.0,35,0.0,2.857142857142857,17,0.0,0.0,38.0,1,0.0,5.0,5.0,1,4,2
20260607TMG09,2026-06-07,1C上,2.8,3.6,2.6,47,57.4468085106383,0.0,21,52.38095238095238,0.0,38,0.0,7.894736842105263,20,0.0,5.0,35,0.0,17.142857142857142,14,0.0,21.428571428571427,31.0,1,0.0,5.0,5.0,1,3,4
20260607TMG10,2026-06-07,1C上,3.5,3.7,2.7,55,61.81818181818182,0.0,30,66.66666666666667,0.0,40,0.0,5.0,18,0.0,5.555555555555555,49,0.0,10.204081632653061,28,0.0,10.714285714285714,34.0,1,0.0,5.0,5.0,1,2,5
20260607TMG11,2026-06-07,1C上,2.1,3.6,3.6,57,70.17543859649123,0.0,30,76.66666666666667,0.0,24,0.0,4.166666666666667,10,0.0,10.0,34,0.0,2.9411764705882355,19,0.0,5.2631578947368425,30.0,1,0.0,5.0,5.0,1,5,3
20260607TMG12,2026-06-07,1C上,2.2,3.5,2.9,50,78.0,0.0,23,86.95652173913044,0.0,43,0.0,6.976744186046512,22,0.0,0.0,41,0.0,26.829268292682926,21,0.0,28.571428571428573,28.0,2,2.0,5.0,5.0,3,2,6
20260608TMG01,2026-06-08,1C上,2.5,3.6,2.5,29,65.51724137931035,0.0,14,71.42857142857143,0.0,28,0.0,0.0,18,0.0,0.0,41,0.0,4.878048780487805,21,0.0,4.761904761904762,33.0,1,0.0,5.0,5.0,3,4,1
20260608TMG03,2026-06-08,1C上,2.1,4.3,3.1,30,46.666666666666664,0.0,15,53.333333333333336,0.0,40,0.0,2.5,17,0.0,0.0,49,0.0,18.367346938775512,27,0.0,14.814814814814815,28.0,2,5.0,3.0,5.0,1,2,3
20260608TMG04,2026-06-08,1C上,2.9,3.8,2.4,28,39.285714285714285,0.0,16,43.75,0.0,32,0.0,3.125,14,0.0,7.142857142857143,47,0.0,10.638297872340425,25,0.0,8.0,28.0,2,2.0,5.0,1.0,3,5,2
20260608TMG05,2026-06-08,1C下,3.3,2.9,3.5,26,30.76923076923077,0.0,17,23.529411764705884,0.0,47,0.0,2.127659574468085,23,0.0,4.3478260869565215,32,0.0,6.25,13,0.0,7.6923076923076925,30.0,2,1.0,5.0,5.0,1,5,2
20260608TMG06,2026-06-08,1C下,3.0,2.4,0.0,25,24.0,0.0,13,23.076923076923077,0.0,40,0.0,0.0,18,0.0,0.0,1,0.0,0.0,1,0.0,0.0,27.0,2,5.0,2.0,5.0,4,1,5
20260608TMG07,2026-06-08,1C上,3.0,3.3,3.2,48,60.416666666666664,0.0,24,66.66666666666667,0.0,24,0.0,4.166666666666667,14,0.0,0.0,20,0.0,10.0,4,0.0,25.0,32.0,1,0.0,4.0,5.0,1,4,6
20260608TMG08,2026-06-08,1C下,2.9,2.8,3.9,48,43.75,0.0,24,45.833333333333336,0.0,38,0.0,7.894736842105263,16,0.0,0.0,38,0.0,0.0,19,0.0,0.0,28.0,2,2.0,5.0,5.0,1,3,2
20260608TMG10,2026-06-08,1C上,3.0,3.8,4.1,55,58.18181818181818,0.0,29,58.62068965517241,0.0,40,0.0,0.0,19,0.0,0.0,34,0.0,2.9411764705882355,16,0.0,0.0,32.0,2,2.0,5.0,4.0,1,4,2
20260608TMG11,2026-06-08,1C下,3.6,3.2,3.3,48,62.5,0.0,26,69.23076923076923,0.0,40,0.0,10.0,21,0.0,14.285714285714286,32,0.0,12.5,13,0.0,0.0,29.0,3,3.0,3.0,5.0,1,4,2
20260608TMG12,2026-06-08,1C上,3.0,4.3,3.3,56,71.42857142857143,0.0,26,76.92307692307692,0.0,25,0.0,4.0,8,0.0,12.5,42,0.0,9.523809523809524,20,0.0,5.0,28.0,1,0.0,4.0,4.0,1,3,4
20260609TMG01,2026-06-09,1C上,2.9,4.0,4.2,32,56.25,0.0,16,56.25,0.0,31,0.0,0.0,16,0.0,0.0,44,0.0,13.636363636363637,19,0.0,10.526315789473685,36.0,1,0.0,5.0,5.0,1,3,2
20260609TMG02,2026-06-09,1C下,3.3,3.1,2.9,31,51.61290322580645,0.0,16,43.75,0.0,41,0.0,4.878048780487805,19,0.0,10.526315789473685,24,0.0,8.333333333333334,15,0.0,6.666666666666667,30.0,2,4.0,4.0,5.0,1,2,3
20260609TMG03,2026-06-09,1C下,2.7,2.4,2.3,30,33.333333333333336,0.0,15,13.333333333333334,0.0,40,0.0,15.0,19,0.0,21.05263157894737,34,0.0,8.823529411764707,15,0.0,13.333333333333334,32.0,1,0.0,5.0,5.0,2,3,1
20260609TMG05,2026-06-09,1C上,2.6,3.9,3.6,23,26.08695652173913,0.0,11,18.181818181818183,0.0,37,0.0,0.0,19,0.0,0.0,35,0.0,20.0,15,0.0,13.333333333333334,34.0,1,0.0,5.0,4.0,3,4,5
20260609TMG06,2026-06-09,1C上,2.6,3.3,2.7,26,34.61538461538461,0.0,13,30.76923076923077,0.0,32,0.0,0.0,15,0.0,0.0,53,0.0,15.09433962264151,18,0.0,11.11111111111111,25.0,4,11.0,3.0,4.0,3,1,4
20260609TMG07,2026-06-09,1C上,3.3,3.6,3.9,28,25.0,0.0,15,26.666666666666668,0.0,42,0.0,7.142857142857143,22,0.0,4.545454545454546,37,0.0,5.405405405405405,18,0.0,5.555555555555555,30.0,1,0.0,5.0,5.0,2,1,4
20260609TMG08,2026-06-09,1C下,3.9,3.7,3.3,20,30.0,0.0,10,30.0,0.0,42,0.0,4.761904761904762,20,0.0,5.0,41,0.0,12.195121951219512,21,0.0,4.761904761904762,27.0,2,4.0,5.0,5.0,6,1,2
20260609TMG09,2026-06-09,1C上,2.7,3.1,3.8,40,62.5,0.0,23,56.52173913043478,0.0,24,0.0,0.0,14,0.0,0.0,31,0.0,3.225806451612903,19,0.0,0.0,38.0,1,0.0,5.0,5.0,1,4,5
20260609TMG11,2026-06-09,1C上,2.9,4.3,3.2,57,73.6842105263158,0.0,26,88.46153846153847,0.0,41,0.0,2.4390243902439024,18,0.0,0.0,45,0.0,13.333333333333334,20,0.0,10.0,38.0,1,0.0,5.0,5.0,1,2,4
20260609TMG12,2026-06-09,1C下,3.4,2.6,2.9,54,79.62962962962963,0.0,28,82.14285714285714,0.0,38,0.0,13.157894736842104,18,0.0,5.555555555555555,41,0.0,29.26829268292683,22,0.0,31.818181818181817,33.0,1,0.0,5.0,5.0,3,1,5
20260610TMG02,2026-06-10,1C下,3.9,0.0,3.1,20,30.0,0.0,11,27.272727272727273,0.0,2,0.0,0.0,2,0.0,0.0,33,0.0,3.0303030303030303,17,0.0,5.882352941176471,32.0,1,0.0,5.0,5.0,1,3,5
20260610TMG03,2026-06-10,1C下,3.5,2.7,4.6,30,36.666666666666664,0.0,15,40.0,0.0,43,0.0,4.651162790697675,23,0.0,4.3478260869565215,31,0.0,6.451612903225806,18,0.0,11.11111111111111,38.0,1,0.0,5.0,5.0,4,6,3
20260610TMG04,2026-06-10,1C上,3.3,4.3,2.7,29,24.137931034482758,0.0,16,25.0,0.0,33,0.0,0.0,16,0.0,0.0,50,0.0,10.0,29,0.0,10.344827586206897,32.0,2,2.0,4.0,5.0,1,3,2
20260610TMG05,2026-06-10,1C上,3.0,3.1,3.0,26,23.076923076923077,0.0,14,21.428571428571427,0.0,42,0.0,4.761904761904762,19,0.0,10.526315789473685,34,0.0,11.764705882352942,17,0.0,5.882352941176471,26.0,1,0.0,3.0,1.0,2,1,4
20260610TMG06,2026-06-10,1C下,3.9,3.4,3.1,21,4.761904761904762,0.0,10,0.0,0.0,38,0.0,5.2631578947368425,17,0.0,11.764705882352942,32,0.0,21.875,19,0.0,21.05263157894737,22.0,3,8.0,3.0,1.0,1,4,2
20260610TMG07,2026-06-10,1C上,3.7,4.0,3.8,38,60.526315789473685,0.0,21,71.42857142857143,0.0,32,0.0,0.0,17,0.0,0.0,32,0.0,3.125,20,0.0,0.0,32.0,1,0.0,4.0,4.0,4,5,1
20260610TMG08,2026-06-10,1C上,3.0,3.5,2.9,25,28.0,0.0,12,25.0,0.0,37,0.0,2.7027027027027026,16,0.0,6.25,25,0.0,8.0,16,0.0,6.25,32.0,1,0.0,5.0,5.0,1,3,5
20260610TMG10,2026-06-10,1C下,3.6,3.2,3.5,48,62.5,0.0,27,70.37037037037037,0.0,41,0.0,9.75609756097561,22,0.0,13.636363636363637,40,0.0,20.0,20,0.0,25.0,22.0,4,7.0,1.0,5.0,1,4,3
20260610TMG11,2026-06-10,同じ,3.5,3.5,3.1,56,62.5,0.0,30,70.0,0.0,44,0.0,6.818181818181818,23,0.0,0.0,49,0.0,18.367346938775512,28,0.0,14.285714285714286,36.0,2,2.0,5.0,5.0,1,3,2
20260611TMG01,2026-06-11,1C下,3.3,2.7,2.6,27,33.333333333333336,0.0,17,29.41176470588235,0.0,17,0.0,11.764705882352942,12,0.0,0.0,36,0.0,16.666666666666668,13,0.0,23.076923076923077,28.0,3,4.0,4.0,1.0,1,4,2
20260611TMG02,2026-06-11,1C上,2.6,4.1,2.9,27,33.333333333333336,0.0,14,28.571428571428573,0.0,44,0.0,2.272727272727273,19,0.0,0.0,41,0.0,4.878048780487805,19,0.0,0.0,34.0,1,0.0,4.0,5.0,1,3,5
20260611TMG03,2026-06-11,1C下,4.5,3.7,2.4,24,4.166666666666667,0.0,11,0.0,0.0,41,0.0,4.878048780487805,19,0.0,5.2631578947368425,39,0.0,7.6923076923076925,19,0.0,0.0,16.0,6,14.0,1.0,2.0,4,5,6
20260611TMG04,2026-06-11,1C上,2.6,3.7,2.8,38,50.0,0.0,23,47.82608695652174,0.0,43,0.0,4.651162790697675,20,0.0,5.0,36,0.0,2.7777777777777777,18,0.0,0.0,31.0,2,3.0,4.0,5.0,4,5,1
20260611TMG05,2026-06-11,1C上,2.6,3.3,2.4,15,40.0,0.0,11,36.36363636363637,0.0,32,0.0,0.0,16,0.0,0.0,48,0.0,12.5,26,0.0,11.538461538461538,34.0,1,0.0,5.0,5.0,1,6,3
20260611TMG07,2026-06-11,1C上,2.8,3.8,3.8,48,58.333333333333336,0.0,20,50.0,0.0,32,0.0,3.125,15,0.0,6.666666666666667,26,0.0,7.6923076923076925,12,0.0,0.0,38.0,1,0.0,5.0,5.0,1,2,4
20260611TMG08,2026-06-11,1C上,2.1,3.6,2.8,31,48.38709677419355,0.0,15,60.0,0.0,37,0.0,8.108108108108109,21,0.0,4.761904761904762,36,0.0,8.333333333333334,22,0.0,4.545454545454546,30.0,2,3.0,4.0,5.0,1,4,5
20260611TMG09,2026-06-11,1C下,3.9,3.4,3.9,21,33.333333333333336,0.0,12,33.333333333333336,0.0,40,0.0,0.0,17,0.0,0.0,38,0.0,5.2631578947368425,19,0.0,5.2631578947368425,33.0,1,0.0,5.0,5.0,1,2,3
20260611TMG10,2026-06-11,1C上,3.0,4.6,3.2,56,58.92857142857143,0.0,30,60.0,0.0,40,0.0,0.0,16,0.0,0.0,30,0.0,3.3333333333333335,16,0.0,6.25,26.0,3,4.0,5.0,1.0,1,2,3
20260617TMG01,2026-06-17,1C上,2.6,4.0,3.5,28,25.0,0.0,15,33.333333333333336,0.0,28,0.0,0.0,14,0.0,0.0,29,0.0,0.0,16,0.0,0.0,30.0,2,1.0,5.0,5.0,1,2,6
20260617TMG02,2026-06-17,1C下,2.5,2.4,3.9,27,29.62962962962963,0.0,14,21.428571428571427,0.0,31,0.0,6.451612903225806,16,0.0,12.5,44,0.0,6.818181818181818,20,0.0,0.0,27.0,3,8.0,4.0,2.0,3,2,6
20260617TMG03,2026-06-17,1C上,2.2,3.1,3.9,26,34.61538461538461,0.0,14,50.0,0.0,35,0.0,2.857142857142857,18,0.0,5.555555555555555,28,0.0,10.714285714285714,13,0.0,0.0,26.0,3,7.0,3.0,5.0,2,1,5
20260617TMG04,2026-06-17,1C上,2.6,3.8,2.6,30,40.0,0.0,16,43.75,0.0,35,0.0,0.0,20,0.0,0.0,37,0.0,13.513513513513514,23,0.0,8.695652173913043,26.0,2,3.0,3.0,4.0,1,3,4
20260617TMG06,2026-06-17,1C上,2.9,3.5,3.1,30,50.0,0.0,15,60.0,0.0,27,0.0,22.22222222222222,11,0.0,27.272727272727273,40,0.0,10.0,19,0.0,15.789473684210526,27.0,3,7.0,4.0,5.0,1,2,3
20260617TMG07,2026-06-17,1C下,2.8,2.7,3.1,42,52.38095238095238,0.0,18,50.0,0.0,35,0.0,5.714285714285714,18,0.0,11.11111111111111,48,0.0,14.583333333333334,27,0.0,14.814814814814815,26.0,2,7.0,3.0,5.0,1,4,6
20260617TMG08,2026-06-17,1C上,2.7,4.0,2.5,45,62.22222222222222,0.0,25,56.0,0.0,42,0.0,0.0,20,0.0,0.0,35,0.0,5.714285714285714,16,0.0,6.25,29.0,2,1.0,5.0,5.0,5,1,2
20260617TMG09,2026-06-17,1C上,1.8,4.2,3.4,43,60.46511627906977,0.0,20,70.0,0.0,29,0.0,0.0,15,0.0,0.0,39,0.0,17.94871794871795,14,0.0,14.285714285714286,32.0,1,0.0,5.0,5.0,1,3,5
20260617TMG10,2026-06-17,1C上,2.1,3.6,2.6,36,47.22222222222222,0.0,11,45.45454545454545,0.0,31,0.0,6.451612903225806,15,0.0,6.666666666666667,52,0.0,21.153846153846153,22,0.0,27.272727272727273,32.0,1,0.0,3.0,5.0,1,4,2
20260617TMG11,2026-06-17,1C上,3.2,3.6,3.2,54,53.7037037037037,0.0,29,48.275862068965516,0.0,24,0.0,0.0,10,0.0,0.0,42,0.0,11.904761904761905,19,0.0,10.526315789473685,28.0,3,2.0,3.0,5.0,1,2,6
20260617TMG12,2026-06-17,1C下,3.0,2.9,2.8,60,80.0,0.0,31,70.96774193548387,0.0,35,0.0,5.714285714285714,17,0.0,5.882352941176471,37,0.0,27.027027027027028,21,0.0,9.523809523809524,33.0,1,0.0,4.0,5.0,1,5,4
20260618TMG01,2026-06-18,1C上,1.5,4.4,3.1,35,54.285714285714285,0.0,15,40.0,0.0,13,0.0,0.0,6,0.0,0.0,34,0.0,14.705882352941176,20,0.0,10.0,26.0,3,5.0,4.0,5.0,1,4,3
20260618TMG02,2026-06-18,1C下,4.6,3.2,2.6,32,15.625,0.0,17,17.647058823529413,0.0,40,0.0,2.5,22,0.0,4.545454545454546,34,0.0,2.9411764705882355,20,0.0,5.0,18.0,6,16.0,2.0,1.0,1,2,5
20260618TMG03,2026-06-18,1C上,2.9,3.8,4.0,17,23.529411764705884,0.0,11,36.36363636363637,0.0,31,0.0,0.0,14,0.0,0.0,38,0.0,5.2631578947368425,21,0.0,4.761904761904762,28.0,2,2.0,4.0,5.0,4,6,5
20260618TMG04,2026-06-18,1C下,3.2,3.1,3.1,28,28.571428571428573,0.0,14,35.714285714285715,0.0,30,0.0,3.3333333333333335,16,0.0,6.25,41,0.0,4.878048780487805,17,0.0,0.0,21.0,4,12.0,3.0,2.0,1,6,4
20260618TMG05,2026-06-18,1C上,2.5,3.3,2.2,22,50.0,0.0,11,36.36363636363637,0.0,41,0.0,7.317073170731708,20,0.0,10.0,43,0.0,13.953488372093023,23,0.0,13.043478260869565,34.0,1,0.0,5.0,5.0,3,2,1
20260618TMG06,2026-06-18,1C上,3.5,4.3,3.1,15,20.0,0.0,8,12.5,0.0,27,0.0,0.0,15,0.0,0.0,34,0.0,2.9411764705882355,22,0.0,4.545454545454546,32.0,1,0.0,5.0,5.0,4,5,1
20260618TMG07,2026-06-18,1C上,2.1,3.4,2.8,55,74.54545454545455,0.0,29,79.3103448275862,0.0,27,0.0,7.407407407407407,11,0.0,9.090909090909092,41,0.0,17.073170731707318,18,0.0,11.11111111111111,38.0,1,0.0,5.0,5.0,1,3,4
20260618TMG08,2026-06-18,1C下,3.0,2.7,3.7,55,56.36363636363637,0.0,36,61.111111111111114,0.0,37,0.0,8.108108108108109,16,0.0,12.5,40,0.0,2.5,18,0.0,5.555555555555555,26.0,2,1.0,5.0,1.0,1,2,3
20260618TMG11,2026-06-18,1C下,3.4,2.8,3.7,48,72.91666666666667,0.0,26,80.76923076923077,0.0,27,0.0,3.7037037037037037,13,0.0,7.6923076923076925,28,0.0,10.714285714285714,8,0.0,12.5,36.0,1,0.0,5.0,5.0,1,3,6
20260619TMG01,2026-06-19,同じ,3.5,3.5,2.8,27,48.148148148148145,0.0,12,50.0,0.0,4,0.0,0.0,4,0.0,0.0,39,0.0,20.512820512820515,16,0.0,25.0,25.0,3,7.0,4.0,5.0,4,3,5
20260619TMG02,2026-06-19,1C上,3.2,3.3,3.4,23,39.130434782608695,0.0,11,27.272727272727273,0.0,30,0.0,6.666666666666667,16,0.0,6.25,35,0.0,5.714285714285714,19,0.0,5.2631578947368425,27.0,2,3.0,3.0,5.0,3,5,6
20260619TMG03,2026-06-19,1C下,3.3,3.2,2.4,38,28.94736842105263,0.0,19,36.8421052631579,0.0,48,0.0,4.166666666666667,22,0.0,9.090909090909092,39,0.0,17.94871794871795,22,0.0,27.272727272727273,32.0,1,0.0,5.0,4.0,1,2,3
20260619TMG04,2026-06-19,1C上,2.2,2.6,3.2,37,45.945945945945944,0.0,18,38.888888888888886,0.0,37,0.0,8.108108108108109,22,0.0,4.545454545454546,30,0.0,3.3333333333333335,17,0.0,5.882352941176471,24.0,3,3.0,2.0,5.0,2,1,6
20260619TMG05,2026-06-19,1C下,4.2,2.6,3.1,30,33.333333333333336,0.0,14,21.428571428571427,0.0,30,0.0,10.0,15,0.0,6.666666666666667,25,0.0,4.0,13,0.0,7.6923076923076925,31.0,1,0.0,4.0,5.0,2,3,5
20260619TMG06,2026-06-19,1C上,2.2,2.9,2.7,28,46.42857142857143,0.0,13,30.76923076923077,0.0,36,0.0,8.333333333333334,20,0.0,10.0,29,0.0,17.24137931034483,12,0.0,25.0,21.0,4,9.0,4.0,3.0,2,1,3
20260619TMG08,2026-06-19,1C上,3.0,3.1,2.1,47,55.319148936170215,0.0,20,50.0,0.0,42,0.0,2.380952380952381,17,0.0,0.0,39,0.0,20.512820512820515,18,0.0,33.333333333333336,29.0,3,3.0,3.0,5.0,1,3,4
20260619TMG10,2026-06-19,1C上,1.9,3.0,3.1,48,75.0,0.0,24,83.33333333333333,0.0,44,0.0,9.090909090909092,23,0.0,17.391304347826086,35,0.0,5.714285714285714,20,0.0,10.0,32.0,1,0.0,5.0,5.0,1,2,3
20260619TMG11,2026-06-19,1C上,2.5,3.9,3.2,51,66.66666666666667,0.0,27,66.66666666666667,0.0,34,0.0,2.9411764705882355,15,0.0,6.666666666666667,29,0.0,10.344827586206897,10,0.0,0.0,26.0,2,4.0,3.0,5.0,2,1,5
20260619TMG12,2026-06-19,1C上,2.7,3.2,2.4,40,57.5,0.0,21,57.142857142857146,0.0,39,0.0,2.5641025641025643,17,0.0,0.0,36,0.0,22.22222222222222,19,0.0,21.05263157894737,28.0,2,2.0,5.0,2.0,1,2,6
20260620TMG01,2026-06-20,1C下,4.2,2.9,1.8,9,0.0,0.0,5,0.0,0.0,35,0.0,2.857142857142857,16,0.0,0.0,32,0.0,6.25,12,0.0,0.0,25.0,3,6.0,5.0,3.0,2,3,1
20260620TMG02,2026-06-20,1C下,3.7,1.9,3.6,28,35.714285714285715,0.0,13,46.15384615384615,0.0,28,0.0,3.5714285714285716,9,0.0,11.11111111111111,30,0.0,3.3333333333333335,16,0.0,0.0,36.0,1,0.0,5.0,5.0,1,4,2
20260620TMG03,2026-06-20,1C上,1.0,3.9,3.9,3,33.333333333333336,0.0,3,33.333333333333336,0.0,43,0.0,0.0,23,0.0,0.0,37,0.0,5.405405405405405,18,0.0,11.11111111111111,27.0,3,8.0,5.0,5.0,3,2,5
20260620TMG04,2026-06-20,同じ,2.8,2.8,3.7,26,34.61538461538461,0.0,13,46.15384615384615,0.0,45,0.0,8.88888888888889,24,0.0,8.333333333333334,37,0.0,0.0,18,0.0,0.0,28.0,3,2.0,4.0,5.0,1,4,2
20260620TMG05,2026-06-20,1C下,2.9,2.6,3.1,30,40.0,0.0,15,33.333333333333336,0.0,31,0.0,12.903225806451612,16,0.0,12.5,29,0.0,0.0,17,0.0,0.0,21.0,4,11.0,5.0,2.0,2,1,3
20260620TMG06,2026-06-20,1C上,3.6,4.4,2.6,18,50.0,0.0,9,44.44444444444444,0.0,32,0.0,0.0,20,0.0,0.0,52,0.0,19.23076923076923,23,0.0,26.08695652173913,29.0,2,5.0,4.0,5.0,4,1,3
20260620TMG07,2026-06-20,1C上,2.5,3.2,3.1,21,33.333333333333336,0.0,11,27.272727272727273,0.0,49,0.0,4.081632653061225,23,0.0,8.695652173913043,26,0.0,3.8461538461538463,14,0.0,7.142857142857143,28.0,3,2.0,5.0,5.0,5,3,2
20260620TMG08,2026-06-20,1C上,2.9,4.1,3.6,28,60.714285714285715,0.0,10,60.0,0.0,35,0.0,5.714285714285714,19,0.0,5.2631578947368425,46,0.0,0.0,26,0.0,0.0,31.0,2,1.0,5.0,5.0,1,2,5
20260620TMG09,2026-06-20,1C上,2.0,4.3,3.1,63,73.01587301587301,0.0,30,80.0,0.0,34,0.0,0.0,17,0.0,0.0,49,0.0,14.285714285714286,28,0.0,14.285714285714286,37.0,1,0.0,5.0,5.0,1,6,3
20260620TMG10,2026-06-20,1C下,3.4,3.1,2.4,49,73.46938775510205,0.0,27,81.48148148148148,0.0,32,0.0,6.25,15,0.0,13.333333333333334,40,0.0,17.5,23,0.0,26.08695652173913,33.0,1,0.0,5.0,4.0,3,2,4
20260620TMG11,2026-06-20,1C上,2.6,3.1,3.7,40,77.5,0.0,23,82.6086956521739,0.0,35,0.0,2.857142857142857,19,0.0,5.2631578947368425,28,0.0,0.0,14,0.0,0.0,32.0,1,0.0,4.0,5.0,1,4,5
20260620TMG12,2026-06-20,1C下,3.0,2.6,3.1,61,80.32786885245902,0.0,32,71.875,0.0,38,0.0,7.894736842105263,23,0.0,4.3478260869565215,34,0.0,14.705882352941176,21,0.0,9.523809523809524,31.0,1,0.0,4.0,5.0,1,2,5
20260621TMG01,2026-06-21,1C上,2.5,4.4,3.2,23,47.82608695652174,0.0,12,33.333333333333336,0.0,33,0.0,0.0,21,0.0,0.0,30,0.0,10.0,11,0.0,0.0,34.0,1,0.0,5.0,5.0,1,3,6
20260621TMG02,2026-06-21,1C上,1.5,3.8,3.1,36,55.55555555555556,0.0,16,43.75,0.0,35,0.0,0.0,20,0.0,0.0,41,0.0,4.878048780487805,18,0.0,0.0,30.0,1,0.0,5.0,5.0,1,2,6
20260621TMG03,2026-06-21,1C上,2.6,4.1,3.0,29,27.586206896551722,0.0,15,40.0,0.0,35,0.0,5.714285714285714,19,0.0,5.2631578947368425,41,0.0,7.317073170731708,25,0.0,8.0,30.0,1,0.0,5.0,5.0,1,4,3
20260621TMG04,2026-06-21,1C下,3.9,3.3,3.9,31,29.032258064516128,0.0,16,31.25,0.0,31,0.0,6.451612903225806,16,0.0,6.25,28,0.0,10.714285714285714,14,0.0,0.0,30.0,1,0.0,4.0,5.0,1,4,5
20260621TMG05,2026-06-21,1C上,2.8,3.3,3.1,27,37.03703703703704,0.0,14,50.0,0.0,42,0.0,7.142857142857143,20,0.0,10.0,28,0.0,3.5714285714285716,12,0.0,0.0,28.0,4,4.0,5.0,3.0,4,2,1
20260621TMG06,2026-06-21,1C上,3.0,3.6,3.2,55,56.36363636363637,0.0,37,62.16216216216216,0.0,25,0.0,0.0,11,0.0,0.0,43,0.0,11.627906976744185,20,0.0,10.0,31.0,1,0.0,5.0,4.0,1,2,3
20260621TMG07,2026-06-21,1C上,2.2,3.5,3.4,27,33.333333333333336,0.0,15,46.666666666666664,0.0,27,0.0,22.22222222222222,12,0.0,25.0,38,0.0,18.42105263157895,15,0.0,13.333333333333334,16.0,6,16.0,1.0,3.0,1,3,2
20260621TMG08,2026-06-21,1C上,2.1,3.6,2.6,37,48.648648648648646,0.0,12,50.0,0.0,32,0.0,6.25,16,0.0,6.25,34,0.0,2.9411764705882355,21,0.0,4.761904761904762,30.0,1,0.0,5.0,5.0,1,3,6
20260621TMG09,2026-06-21,1C上,2.5,3.9,3.8,39,64.1025641025641,0.0,23,69.56521739130434,0.0,44,0.0,0.0,24,0.0,0.0,38,0.0,2.6315789473684212,18,0.0,0.0,37.0,1,0.0,5.0,5.0,1,3,4
20260621TMG10,2026-06-21,1C上,2.7,3.1,3.1,44,59.09090909090909,0.0,25,56.0,0.0,33,0.0,6.0606060606060606,16,0.0,12.5,41,0.0,9.75609756097561,20,0.0,15.0,26.0,4,8.0,4.0,5.0,1,3,4
20260621TMG11,2026-06-21,1C上,2.0,2.6,3.9,64,73.4375,0.0,31,80.64516129032258,0.0,39,0.0,7.6923076923076925,24,0.0,4.166666666666667,44,0.0,9.090909090909092,21,0.0,4.761904761904762,30.0,2,4.0,5.0,1.0,3,4,5
20260621TMG12,2026-06-21,1C下,3.0,2.9,2.8,62,80.64516129032258,0.0,33,72.72727272727273,0.0,36,0.0,5.555555555555555,18,0.0,5.555555555555555,38,0.0,26.31578947368421,22,0.0,9.090909090909092,32.0,1,0.0,5.0,5.0,1,2,5
20260622TMG01,2026-06-22,1C下,3.5,3.3,4.3,28,46.42857142857143,0.0,13,46.15384615384615,0.0,32,0.0,6.25,17,0.0,5.882352941176471,11,0.0,9.090909090909092,7,0.0,14.285714285714286,28.0,2,2.0,4.0,4.0,2,1,5
20260622TMG02,2026-06-22,1C上,2.9,3.6,3.4,18,22.22222222222222,0.0,11,27.272727272727273,0.0,26,0.0,0.0,12,0.0,0.0,36,0.0,8.333333333333334,19,0.0,10.526315789473685,28.0,1,0.0,3.0,4.0,5,1,4
20260622TMG03,2026-06-22,1C上,2.5,4.4,2.6,27,25.925925925925927,0.0,14,21.428571428571427,0.0,34,0.0,0.0,22,0.0,0.0,38,0.0,13.157894736842104,24,0.0,8.333333333333334,26.0,3,11.0,5.0,5.0,3,5,6
20260622TMG04,2026-06-22,1C上,2.8,3.4,2.8,28,35.714285714285715,0.0,15,46.666666666666664,0.0,27,0.0,7.407407407407407,12,0.0,8.333333333333334,39,0.0,25.641025641025642,23,0.0,8.695652173913043,26.0,2,6.0,5.0,1.0,1,3,6
20260622TMG05,2026-06-22,1C下,3.6,2.8,1.8,18,44.44444444444444,0.0,10,40.0,0.0,46,0.0,8.695652173913043,25,0.0,8.0,33,0.0,6.0606060606060606,13,0.0,0.0,22.0,5,12.0,2.0,4.0,2,4,3
20260622TMG06,2026-06-22,1C下,4.2,3.8,2.2,30,30.0,0.0,15,20.0,0.0,36,0.0,0.0,21,0.0,0.0,44,0.0,15.909090909090908,24,0.0,16.666666666666668,28.0,1,0.0,3.0,5.0,3,1,4
20260622TMG08,2026-06-22,1C上,2.9,4.0,3.1,31,51.61290322580645,0.0,16,62.5,0.0,42,0.0,0.0,21,0.0,0.0,41,0.0,2.4390243902439024,18,0.0,0.0,36.0,1,0.0,5.0,5.0,2,1,3
20260622TMG09,2026-06-22,1C上,2.5,3.4,3.2,40,65.0,0.0,24,70.83333333333333,0.0,34,0.0,8.823529411764707,18,0.0,11.11111111111111,31,0.0,9.67741935483871,12,0.0,0.0,32.0,2,2.0,5.0,5.0,1,5,4
20260622TMG10,2026-06-22,1C上,2.7,3.1,3.1,41,58.53658536585366,0.0,21,57.142857142857146,0.0,34,0.0,5.882352941176471,17,0.0,11.764705882352942,50,0.0,14.0,29,0.0,13.793103448275861,24.0,3,6.0,3.0,5.0,1,3,2
20260622TMG11,2026-06-22,1C上,3.2,3.5,3.1,55,54.54545454545455,0.0,30,50.0,0.0,28,0.0,21.428571428571427,13,0.0,23.076923076923077,27,0.0,3.7037037037037037,15,0.0,6.666666666666667,28.0,2,2.0,3.0,5.0,4,1,3
20260622TMG12,2026-06-22,1C下,3.0,2.9,3.9,63,80.95238095238095,0.0,34,73.52941176470588,0.0,36,0.0,0.0,15,0.0,0.0,45,0.0,8.88888888888889,21,0.0,4.761904761904762,31.0,1,0.0,4.0,5.0,1,4,5
20260628TMG01,2026-06-28,1C下,2.8,2.6,3.9,33,42.42424242424242,0.0,14,50.0,0.0,37,0.0,2.7027027027027026,16,0.0,0.0,24,0.0,4.166666666666667,12,0.0,0.0,34.0,1,0.0,5.0,5.0,1,5,2
20260628TMG02,2026-06-28,1C下,2.8,2.5,2.9,24,20.833333333333332,0.0,12,8.333333333333334,0.0,43,0.0,0.0,20,0.0,0.0,38,0.0,21.05263157894737,20,0.0,35.0,31.0,1,0.0,4.0,5.0,1,3,5
20260628TMG04,2026-06-28,1C上,3.3,3.4,3.2,33,30.303030303030305,0.0,18,33.333333333333336,0.0,39,0.0,5.128205128205129,24,0.0,8.333333333333334,37,0.0,13.513513513513514,20,0.0,15.0,32.0,1,0.0,5.0,5.0,1,5,6
20260628TMG05,2026-06-28,1C下,4.1,2.3,3.6,25,40.0,0.0,16,37.5,0.0,25,0.0,8.0,13,0.0,15.384615384615385,39,0.0,23.076923076923077,15,0.0,6.666666666666667,28.0,3,7.0,4.0,4.0,1,3,2
20260628TMG06,2026-06-28,1C上,3.7,5.0,3.1,24,16.666666666666668,0.0,11,18.181818181818183,0.0,26,0.0,3.8461538461538463,15,0.0,6.666666666666667,44,0.0,13.636363636363637,24,0.0,16.666666666666668,22.0,5,8.0,3.0,1.0,6,4,1
20260628TMG08,2026-06-28,1C上,3.4,4.3,3.4,47,65.95744680851064,0.0,24,66.66666666666667,0.0,29,0.0,0.0,16,0.0,0.0,45,0.0,0.0,24,0.0,0.0,26.0,2,7.0,3.0,5.0,1,4,2
20260628TMG09,2026-06-28,1C下,3.7,3.1,2.8,50,68.0,0.0,24,58.333333333333336,0.0,43,0.0,11.627906976744185,16,0.0,0.0,30,0.0,0.0,19,0.0,0.0,30.0,3,4.0,5.0,5.0,1,2,6
20260628TMG10,2026-06-28,1C下,3.4,2.4,2.9,52,57.69230769230769,0.0,23,65.21739130434783,0.0,28,0.0,3.5714285714285716,15,0.0,0.0,40,0.0,20.0,16,0.0,12.5,32.0,1,0.0,4.0,5.0,1,3,2
20260628TMG11,2026-06-28,同じ,3.4,3.4,2.5,67,61.19402985074627,0.0,37,62.16216216216216,0.0,42,0.0,11.904761904761905,24,0.0,20.833333333333332,28,0.0,3.5714285714285716,15,0.0,6.666666666666667,30.0,1,0.0,5.0,5.0,5,2,1
20260628TMG12,2026-06-28,1C上,2.4,3.5,2.6,61,63.9344262295082,0.0,25,68.0,0.0,35,0.0,8.571428571428571,16,0.0,12.5,42,0.0,21.428571428571427,17,0.0,29.41176470588235,32.0,1,0.0,5.0,5.0,1,4,2
20260629TMG01,2026-06-29,1C上,3.0,3.9,3.4,35,42.857142857142854,0.0,20,35.0,0.0,23,0.0,4.3478260869565215,18,0.0,5.555555555555555,31,0.0,0.0,17,0.0,0.0,31.0,1,0.0,5.0,5.0,6,4,5
20260629TMG03,2026-06-29,1C上,2.5,3.9,3.8,31,48.38709677419355,0.0,17,47.05882352941177,0.0,36,0.0,2.7777777777777777,16,0.0,0.0,34,0.0,17.647058823529413,18,0.0,16.666666666666668,36.0,1,0.0,5.0,5.0,1,2,3
20260629TMG04,2026-06-29,1C下,3.4,3.0,3.0,28,21.428571428571427,0.0,14,21.428571428571427,0.0,16,0.0,0.0,11,0.0,0.0,39,0.0,7.6923076923076925,17,0.0,11.764705882352942,29.0,2,7.0,5.0,5.0,5,1,6
20260629TMG06,2026-06-29,1C下,3.9,3.6,3.9,20,20.0,0.0,8,0.0,0.0,39,0.0,0.0,16,0.0,0.0,43,0.0,9.30232558139535,23,0.0,17.391304347826086,31.0,1,0.0,4.0,4.0,5,3,6
20260629TMG07,2026-06-29,1C上,2.3,3.7,2.9,33,57.57575757575758,0.0,15,73.33333333333333,0.0,37,0.0,0.0,19,0.0,0.0,51,0.0,19.607843137254903,25,0.0,16.0,35.0,1,0.0,5.0,5.0,1,2,4
20260629TMG10,2026-06-29,1C上,2.4,2.6,2.9,38,71.05263157894737,0.0,20,70.0,0.0,34,0.0,0.0,15,0.0,0.0,36,0.0,16.666666666666668,15,0.0,6.666666666666667,37.0,1,0.0,5.0,5.0,1,3,2
20260629TMG11,2026-06-29,1C上,2.2,2.6,3.5,50,58.0,0.0,28,57.142857142857146,0.0,26,0.0,0.0,11,0.0,0.0,34,0.0,5.882352941176471,20,0.0,0.0,36.0,1,0.0,5.0,5.0,1,3,5
20260629TMG12,2026-06-29,1C上,2.2,2.5,2.8,42,69.04761904761905,0.0,24,62.5,0.0,41,0.0,0.0,21,0.0,0.0,48,0.0,12.5,21,0.0,14.285714285714286,25.0,4,5.0,3.0,2.0,4,2,3
20260630TMG06,2026-06-30,1C上,2.2,3.9,2.8,26,50.0,0.0,13,53.84615384615385,0.0,27,0.0,3.7037037037037037,12,0.0,0.0,49,0.0,12.244897959183673,22,0.0,13.636363636363637,32.0,2,2.0,5.0,5.0,1,3,6
20260630TMG07,2026-06-30,1C下,3.8,3.4,3.0,22,36.36363636363637,0.0,9,55.55555555555556,0.0,43,0.0,0.0,22,0.0,0.0,18,0.0,0.0,11,0.0,0.0,29.0,1,0.0,3.0,3.0,5,2,1
20260630TMG10,2026-06-30,1C下,3.6,2.3,2.9,48,54.166666666666664,0.0,19,52.63157894736842,0.0,36,0.0,11.11111111111111,18,0.0,5.555555555555555,38,0.0,13.157894736842104,22,0.0,13.636363636363637,33.0,1,0.0,5.0,5.0,1,2,4
20260630TMG11,2026-06-30,1C下,3.5,3.2,3.2,54,51.851851851851855,0.0,19,52.63157894736842,0.0,36,0.0,5.555555555555555,18,0.0,0.0,35,0.0,8.571428571428571,22,0.0,13.636363636363637,30.0,2,4.0,5.0,5.0,3,4,5
20260701TMG02,2026-07-01,1C上,2.8,3.8,2.8,34,44.11764705882353,0.0,15,53.333333333333336,0.0,30,0.0,0.0,15,0.0,0.0,31,0.0,0.0,18,0.0,0.0,32.0,1,0.0,5.0,5.0,1,5,4
20260701TMG04,2026-07-01,1C上,2.6,3.2,3.1,24,54.166666666666664,0.0,11,45.45454545454545,0.0,36,0.0,0.0,19,0.0,0.0,32,0.0,9.375,13,0.0,23.076923076923077,29.0,2,3.0,3.0,5.0,1,3,5
20260701TMG07,2026-07-01,同じ,3.9,3.9,2.9,31,25.806451612903224,0.0,17,29.41176470588235,0.0,28,0.0,3.5714285714285716,13,0.0,0.0,42,0.0,7.142857142857143,16,0.0,6.25,26.0,2,6.0,2.0,5.0,1,3,6
20260701TMG08,2026-07-01,1C下,4.1,4.0,3.2,14,50.0,0.0,9,66.66666666666667,0.0,39,0.0,0.0,19,0.0,0.0,27,0.0,11.11111111111111,16,0.0,12.5,28.0,2,2.0,5.0,5.0,1,3,2
20260701TMG09,2026-07-01,1C上,3.4,3.7,2.9,68,60.294117647058826,0.0,37,62.16216216216216,0.0,34,0.0,0.0,15,0.0,0.0,51,0.0,19.607843137254903,26,0.0,15.384615384615385,34.0,1,0.0,5.0,5.0,1,5,3
20260701TMG10,2026-07-01,1C下,3.6,3.4,2.3,49,55.10204081632653,0.0,20,55.0,0.0,43,0.0,11.627906976744185,24,0.0,20.833333333333332,35,0.0,17.142857142857142,19,0.0,21.05263157894737,34.0,1,0.0,5.0,5.0,5,1,4
20260701TMG11,2026-07-01,1C上,2.4,3.6,2.9,40,52.5,0.0,28,50.0,0.0,41,0.0,0.0,18,0.0,0.0,37,0.0,16.216216216216218,16,0.0,6.25,28.0,2,3.0,5.0,5.0,1,2,5
20260701TMG12,2026-07-01,1C上,2.4,3.2,3.2,61,63.9344262295082,0.0,26,69.23076923076923,0.0,53,0.0,7.547169811320755,27,0.0,7.407407407407407,36,0.0,11.11111111111111,23,0.0,17.391304347826086,33.0,1,0.0,5.0,5.0,1,2,4
20260702TMG01,2026-07-02,1C上,2.5,3.2,4.2,26,30.76923076923077,0.0,16,37.5,0.0,37,0.0,0.0,20,0.0,0.0,31,0.0,9.67741935483871,16,0.0,12.5,37.0,1,0.0,5.0,5.0,4,6,1
20260702TMG02,2026-07-02,1C下,3.0,2.6,2.7,35,42.857142857142854,0.0,20,35.0,0.0,31,0.0,3.225806451612903,13,0.0,0.0,33,0.0,18.181818181818183,18,0.0,27.77777777777778,32.0,2,2.0,5.0,5.0,1,3,6
20260702TMG03,2026-07-02,1C下,2.6,2.3,3.9,21,47.61904761904762,0.0,13,53.84615384615385,0.0,37,0.0,10.81081081081081,19,0.0,5.2631578947368425,25,0.0,4.0,11,0.0,0.0,30.0,2,1.0,5.0,5.0,1,2,4
20260702TMG05,2026-07-02,1C上,2.2,3.1,3.4,27,51.851851851851855,0.0,13,53.84615384615385,0.0,39,0.0,7.6923076923076925,19,0.0,15.789473684210526,46,0.0,0.0,24,0.0,0.0,34.0,1,0.0,5.0,5.0,1,6,3
20260702TMG06,2026-07-02,1C上,2.5,3.8,3.5,32,46.875,0.0,17,47.05882352941177,0.0,31,0.0,0.0,15,0.0,0.0,35,0.0,5.714285714285714,21,0.0,0.0,39.0,1,0.0,5.0,5.0,1,3,4
20260702TMG07,2026-07-02,1C下,3.4,3.2,3.0,28,21.428571428571427,0.0,13,15.384615384615385,0.0,42,0.0,2.380952380952381,26,0.0,3.8461538461538463,19,0.0,0.0,11,0.0,0.0,26.0,3,8.0,4.0,3.0,5,2,1
20260702TMG08,2026-07-02,1C上,2.5,5.0,3.0,44,45.45454545454545,0.0,18,44.44444444444444,0.0,27,0.0,3.7037037037037037,15,0.0,6.666666666666667,40,0.0,7.5,18,0.0,11.11111111111111,32.0,1,0.0,5.0,5.0,1,2,6
20260702TMG09,2026-07-02,1C上,3.4,4.3,2.9,52,55.76923076923077,0.0,22,54.54545454545455,0.0,29,0.0,0.0,15,0.0,0.0,39,0.0,20.512820512820515,20,0.0,35.0,30.0,2,2.0,2.0,5.0,4,1,3
20260702TMG10,2026-07-02,1C下,3.7,3.4,2.3,50,68.0,0.0,24,58.333333333333336,0.0,39,0.0,5.128205128205129,24,0.0,8.333333333333334,36,0.0,16.666666666666668,20,0.0,20.0,28.0,2,4.0,5.0,5.0,2,4,5
20260702TMG11,2026-07-02,1C下,3.4,3.1,2.9,46,65.21739130434783,0.0,24,70.83333333333333,0.0,31,0.0,3.225806451612903,15,0.0,6.666666666666667,38,0.0,15.789473684210526,17,0.0,5.882352941176471,23.0,5,7.0,3.0,5.0,1,3,4
20260702TMG12,2026-07-02,1C上,2.4,2.9,3.2,62,64.51612903225806,0.0,27,70.37037037037037,0.0,43,0.0,4.651162790697675,23,0.0,8.695652173913043,25,0.0,16.0,12,0.0,25.0,36.0,1,0.0,5.0,5.0,1,6,3
20260705TMG01,2026-07-05,1C上,3.1,3.4,2.8,44,54.54545454545455,0.0,24,50.0,0.0,37,0.0,2.7027027027027026,20,0.0,5.0,39,0.0,7.6923076923076925,17,0.0,5.882352941176471,32.0,1,0.0,5.0,5.0,4,1,5
20260705TMG03,2026-07-05,1C上,1.9,4.1,3.2,24,29.166666666666668,0.0,13,30.76923076923077,0.0,83,0.0,8.433734939759036,36,0.0,11.11111111111111,43,0.0,13.953488372093023,26,0.0,15.384615384615385,27.0,3,6.0,4.0,5.0,3,5,1
20260705TMG04,2026-07-05,1C上,2.9,3.1,2.5,41,24.390243902439025,0.0,14,21.428571428571427,0.0,30,0.0,0.0,16,0.0,0.0,8,0.0,0.0,5,0.0,0.0,31.0,1,0.0,5.0,4.0,3,1,5
20260705TMG06,2026-07-05,1C下,4.6,2.9,2.5,24,16.666666666666668,0.0,11,9.090909090909092,0.0,30,0.0,3.3333333333333335,15,0.0,0.0,31,0.0,16.129032258064516,17,0.0,17.647058823529413,28.0,2,8.0,4.0,5.0,4,3,5
20260705TMG07,2026-07-05,1C上,2.7,3.2,3.3,40,50.0,0.0,19,57.89473684210526,0.0,38,0.0,5.2631578947368425,19,0.0,5.2631578947368425,29,0.0,3.4482758620689653,16,0.0,0.0,32.0,1,0.0,4.0,5.0,1,2,4
20260705TMG12,2026-07-05,1C下,3.3,3.0,2.6,66,78.78787878787878,0.0,27,70.37037037037037,0.0,47,0.0,8.51063829787234,19,0.0,10.526315789473685,38,0.0,10.526315789473685,22,0.0,13.636363636363637,32.0,1,0.0,5.0,5.0,1,3,5
20260706TMG01,2026-07-06,1C下,3.7,3.6,3.0,29,41.37931034482759,0.0,19,36.8421052631579,0.0,37,0.0,0.0,18,0.0,0.0,38,0.0,15.789473684210526,21,0.0,14.285714285714286,27.0,3,1.0,4.0,2.0,4,1,3
20260706TMG02,2026-07-06,1C上,2.3,3.7,3.1,27,62.96296296296296,0.0,16,62.5,0.0,41,0.0,2.4390243902439024,19,0.0,5.2631578947368425,29,0.0,6.896551724137931,14,0.0,0.0,28.0,3,7.0,4.0,5.0,1,2,6
20260706TMG03,2026-07-06,1C上,1.9,3.1,2.4,25,48.0,0.0,13,46.15384615384615,0.0,36,0.0,11.11111111111111,22,0.0,13.636363636363637,36,0.0,22.22222222222222,15,0.0,6.666666666666667,36.0,1,0.0,4.0,5.0,1,3,2
20260706TMG04,2026-07-06,1C下,4.1,2.3,3.0,33,27.272727272727273,0.0,17,23.529411764705884,0.0,36,0.0,5.555555555555555,17,0.0,0.0,48,0.0,18.75,24,0.0,16.666666666666668,32.0,1,0.0,4.0,5.0,3,1,2
20260706TMG05,2026-07-06,同じ,3.1,3.1,3.5,28,46.42857142857143,0.0,11,36.36363636363637,0.0,33,0.0,0.0,13,0.0,0.0,30,0.0,10.0,16,0.0,18.75,31.0,1,0.0,4.0,4.0,5,3,4
20260706TMG07,2026-07-06,1C上,2.9,3.2,2.4,36,63.888888888888886,0.0,14,71.42857142857143,0.0,41,0.0,2.4390243902439024,18,0.0,0.0,40,0.0,2.5,17,0.0,0.0,34.0,1,0.0,5.0,5.0,4,2,6
20260706TMG09,2026-07-06,1C上,2.9,3.7,3.4,28,32.142857142857146,0.0,14,42.857142857142854,0.0,37,0.0,2.7027027027027026,17,0.0,0.0,29,0.0,0.0,13,0.0,0.0,36.0,1,0.0,4.0,5.0,1,2,3
20260706TMG10,2026-07-06,1C上,2.8,3.0,3.1,37,40.54054054054054,0.0,15,40.0,0.0,44,0.0,4.545454545454546,18,0.0,0.0,43,0.0,4.651162790697675,21,0.0,4.761904761904762,25.0,3,2.0,4.0,5.0,3,4,1
20260706TMG11,2026-07-06,1C下,2.7,2.6,4.1,42,54.76190476190476,0.0,20,70.0,0.0,25,0.0,8.0,13,0.0,15.384615384615385,36,0.0,8.333333333333334,19,0.0,15.789473684210526,34.0,1,0.0,5.0,5.0,1,5,4
20260706TMG12,2026-07-06,1C上,2.0,3.6,3.9,62,85.48387096774194,0.0,37,86.48648648648648,0.0,35,0.0,2.857142857142857,16,0.0,0.0,32,0.0,12.5,16,0.0,18.75,30.0,1,0.0,5.0,5.0,1,3,5
20260707TMG01,2026-07-07,1C上,2.4,4.1,3.3,31,51.61290322580645,0.0,18,66.66666666666667,0.0,84,0.0,8.333333333333334,37,0.0,10.81081081081081,69,0.0,8.695652173913043,42,0.0,11.904761904761905,34.0,2,2.0,5.0,4.0,5,1,3
20260707TMG02,2026-07-07,1C下,3.1,2.2,2.9,28,32.142857142857146,0.0,13,38.46153846153846,0.0,34,0.0,8.823529411764707,13,0.0,15.384615384615385,23,0.0,4.3478260869565215,10,0.0,10.0,32.0,2,4.0,4.0,5.0,1,4,6
20260707TMG03,2026-07-07,1C下,4.3,3.3,3.0,29,44.827586206896555,0.0,13,23.076923076923077,0.0,47,0.0,0.0,26,0.0,0.0,40,0.0,10.0,19,0.0,15.789473684210526,30.0,1,0.0,5.0,5.0,1,5,3
20260707TMG04,2026-07-07,1C上,3.1,4.1,4.1,35,60.0,0.0,21,52.38095238095238,0.0,49,0.0,2.0408163265306123,22,0.0,4.545454545454546,51,0.0,3.9215686274509802,22,0.0,0.0,23.0,4,6.0,5.0,2.0,2,1,3
20260707TMG05,2026-07-07,1C下,4.0,3.8,2.7,11,54.54545454545455,0.0,7,42.857142857142854,0.0,28,0.0,0.0,16,0.0,0.0,36,0.0,16.666666666666668,15,0.0,20.0,26.0,2,6.0,3.0,5.0,1,3,5
20260707TMG06,2026-07-07,1C上,3.3,4.3,2.7,40,50.0,0.0,14,42.857142857142854,0.0,28,0.0,0.0,17,0.0,0.0,31,0.0,16.129032258064516,18,0.0,27.77777777777778,26.0,2,1.0,4.0,1.0,5,4,1
20260707TMG07,2026-07-07,1C下,3.6,3.3,3.4,31,41.935483870967744,0.0,17,58.8235294117647,0.0,36,0.0,16.666666666666668,15,0.0,6.666666666666667,30,0.0,0.0,14,0.0,0.0,33.0,1,0.0,5.0,5.0,4,2,5
20260707TMG08,2026-07-07,1C上,2.1,3.6,3.1,57,59.64912280701754,0.0,25,56.0,0.0,100,0.0,0.0,43,0.0,0.0,43,0.0,2.3255813953488373,15,0.0,0.0,34.0,2,2.0,5.0,5.0,4,1,2
20260707TMG09,2026-07-07,1C下,3.2,2.3,2.8,32,43.75,0.0,18,61.111111111111114,0.0,29,0.0,6.896551724137931,13,0.0,7.6923076923076925,39,0.0,15.384615384615385,20,0.0,20.0,29.0,1,0.0,5.0,5.0,3,5,6
20260707TMG10,2026-07-07,1C上,3.4,3.6,3.1,55,69.0909090909091,0.0,30,66.66666666666667,0.0,33,0.0,3.0303030303030303,16,0.0,6.25,38,0.0,10.526315789473685,20,0.0,15.0,31.0,2,2.0,5.0,3.0,3,1,6
20260707TMG11,2026-07-07,1C上,2.4,3.6,3.0,47,63.829787234042556,0.0,22,59.09090909090909,0.0,26,0.0,0.0,14,0.0,0.0,49,0.0,20.408163265306122,25,0.0,20.0,34.0,1,0.0,5.0,5.0,5,3,2
20260707TMG12,2026-07-07,1C上,2.5,4.4,3.7,19,0.0,0.0,6,0.0,0.0,33,0.0,0.0,14,0.0,0.0,38,0.0,7.894736842105263,17,0.0,5.882352941176471,30.0,1,0.0,5.0,5.0,2,4,5
20260708TMG01,2026-07-08,1C下,3.1,2.8,3.4,30,23.333333333333332,0.0,14,28.571428571428573,0.0,34,0.0,8.823529411764707,18,0.0,5.555555555555555,40,0.0,5.0,18,0.0,0.0,26.0,3,8.0,4.0,5.0,1,3,2
20260708TMG02,2026-07-08,1C下,3.7,3.6,3.4,31,25.806451612903224,0.0,16,18.75,0.0,28,0.0,0.0,17,0.0,0.0,38,0.0,0.0,19,0.0,0.0,30.0,3,3.0,5.0,5.0,2,1,3
20260708TMG04,2026-07-08,1C下,3.8,3.2,2.4,33,48.484848484848484,0.0,16,62.5,0.0,44,0.0,9.090909090909092,25,0.0,8.0,39,0.0,5.128205128205129,23,0.0,8.695652173913043,22.0,5,10.0,2.0,1.0,1,2,3
20260708TMG07,2026-07-08,1C上,4.0,4.7,3.3,25,28.0,0.0,13,30.76923076923077,0.0,39,0.0,5.128205128205129,18,0.0,5.555555555555555,32,0.0,6.25,17,0.0,5.882352941176471,37.0,1,0.0,5.0,5.0,1,4,5
20260708TMG08,2026-07-08,1C上,2.8,3.3,2.1,26,61.53846153846154,0.0,12,50.0,0.0,48,0.0,0.0,27,0.0,0.0,31,0.0,6.451612903225806,15,0.0,6.666666666666667,26.0,3,3.0,3.0,2.0,2,1,4
20260708TMG09,2026-07-08,1C上,3.1,3.6,3.8,26,42.30769230769231,0.0,11,45.45454545454545,0.0,34,0.0,2.9411764705882355,17,0.0,5.882352941176471,35,0.0,14.285714285714286,19,0.0,15.789473684210526,34.0,1,0.0,4.0,5.0,3,1,4
20260708TMG10,2026-07-08,1C上,1.9,3.7,3.6,26,50.0,0.0,14,50.0,0.0,38,0.0,2.6315789473684212,18,0.0,0.0,27,0.0,7.407407407407407,13,0.0,7.6923076923076925,30.0,1,0.0,2.0,5.0,1,3,4
20260708TMG12,2026-07-08,1C下,3.3,3.2,2.8,67,79.1044776119403,0.0,26,69.23076923076923,0.0,41,0.0,2.4390243902439024,19,0.0,0.0,40,0.0,17.5,21,0.0,23.80952380952381,35.0,1,0.0,5.0,5.0,1,6,3
20260709TMG02,2026-07-09,1C上,2.4,4.1,3.3,32,50.0,0.0,19,63.1578947368421,0.0,85,0.0,8.235294117647058,38,0.0,10.526315789473685,33,0.0,6.0606060606060606,18,0.0,5.555555555555555,36.0,1,0.0,5.0,5.0,1,2,4
20260709TMG03,2026-07-09,1C上,3.2,3.6,3.8,33,42.42424242424242,0.0,18,55.55555555555556,0.0,100,0.0,0.0,44,0.0,0.0,36,0.0,16.666666666666668,20,0.0,20.0,27.0,3,5.0,4.0,4.0,6,2,4
20260709TMG04,2026-07-09,1C上,3.3,4.3,3.6,29,20.689655172413794,0.0,11,27.272727272727273,0.0,29,0.0,0.0,18,0.0,0.0,46,0.0,6.521739130434782,24,0.0,8.333333333333334,26.0,4,8.0,3.0,5.0,5,3,6
20260709TMG05,2026-07-09,1C下,3.6,2.8,3.2,28,28.571428571428573,0.0,17,17.647058823529413,0.0,35,0.0,8.571428571428571,19,0.0,5.2631578947368425,44,0.0,13.636363636363637,26,0.0,15.384615384615385,32.0,1,0.0,5.0,2.0,3,2,4
20260709TMG06,2026-07-09,1C上,2.7,3.1,2.7,17,23.529411764705884,0.0,9,11.11111111111111,0.0,34,0.0,0.0,13,0.0,0.0,36,0.0,16.666666666666668,16,0.0,18.75,27.0,2,5.0,5.0,2.0,3,4,5
20260709TMG07,2026-07-09,1C上,2.6,3.5,3.3,30,20.0,0.0,14,7.142857142857143,0.0,29,0.0,0.0,14,0.0,0.0,71,0.0,8.450704225352112,44,0.0,11.363636363636363,17.0,6,15.0,2.0,2.0,6,2,4
20260709TMG08,2026-07-09,1C上,2.8,4.1,4.1,38,39.473684210526315,0.0,15,33.333333333333336,0.0,85,0.0,8.235294117647058,38,0.0,10.526315789473685,37,0.0,8.108108108108109,20,0.0,15.0,20.0,5,10.0,3.0,1.0,1,2,4
20260709TMG09,2026-07-09,1C上,3.4,3.6,2.6,55,67.27272727272727,0.0,31,64.51612903225806,0.0,27,0.0,0.0,15,0.0,0.0,33,0.0,6.0606060606060606,16,0.0,12.5,31.0,1,0.0,5.0,5.0,1,3,4
20260709TMG10,2026-07-09,1C上,2.9,3.1,4.1,29,34.48275862068966,0.0,15,46.666666666666664,0.0,38,0.0,10.526315789473685,23,0.0,8.695652173913043,52,0.0,3.8461538461538463,23,0.0,0.0,22.0,4,9.0,4.0,1.0,1,4,2
20260709TMG12,2026-07-09,1C下,3.3,3.0,3.9,68,79.41176470588235,0.0,27,70.37037037037037,0.0,29,0.0,0.0,14,0.0,0.0,33,0.0,12.121212121212121,17,0.0,17.647058823529413,37.0,1,0.0,5.0,5.0,1,3,2
20260712TMG01,2026-07-12,1C上,2.4,4.3,2.3,43,53.48837209302326,0.0,16,43.75,0.0,22,0.0,4.545454545454546,11,0.0,9.090909090909092,31,0.0,6.451612903225806,13,0.0,7.6923076923076925,36.0,1,0.0,5.0,5.0,5,4,2
20260712TMG02,2026-07-12,1C上,3.1,3.9,2.7,16,37.5,0.0,5,20.0,0.0,36,0.0,0.0,17,0.0,0.0,30,0.0,6.666666666666667,14,0.0,7.142857142857143,32.0,1,0.0,5.0,5.0,4,1,3
20260712TMG03,2026-07-12,1C上,2.9,3.6,2.7,33,60.60606060606061,0.0,10,80.0,0.0,36,0.0,2.7777777777777777,13,0.0,0.0,37,0.0,0.0,17,0.0,0.0,25.0,3,5.0,5.0,2.0,1,2,4
20260712TMG04,2026-07-12,1C下,3.5,3.0,3.1,42,38.095238095238095,0.0,23,34.78260869565217,0.0,42,0.0,4.761904761904762,21,0.0,4.761904761904762,43,0.0,20.930232558139537,23,0.0,17.391304347826086,28.0,1,0.0,4.0,5.0,1,5,2
20260712TMG05,2026-07-12,1C上,2.8,4.6,3.9,37,43.24324324324324,0.0,20,45.0,0.0,19,0.0,5.2631578947368425,5,0.0,0.0,34,0.0,2.9411764705882355,17,0.0,0.0,25.0,4,6.0,3.0,4.0,2,6,3
20260712TMG06,2026-07-12,1C下,4.8,3.4,2.9,11,36.36363636363637,0.0,9,33.333333333333336,0.0,38,0.0,0.0,23,0.0,0.0,32,0.0,18.75,17,0.0,23.529411764705884,32.0,1,0.0,5.0,3.0,3,4,1
20260712TMG07,2026-07-12,1C下,3.1,2.0,3.6,42,66.66666666666667,0.0,15,53.333333333333336,0.0,10,0.0,10.0,6,0.0,0.0,37,0.0,5.405405405405405,16,0.0,0.0,28.0,1,0.0,5.0,5.0,1,3,4
20260712TMG09,2026-07-12,1C上,2.1,3.4,2.4,44,75.0,0.0,20,75.0,0.0,41,0.0,0.0,24,0.0,0.0,36,0.0,5.555555555555555,16,0.0,6.25,30.0,1,0.0,4.0,3.0,1,6,2
20260712TMG11,2026-07-12,1C上,2.3,3.8,4.1,36,38.888888888888886,0.0,16,50.0,0.0,42,0.0,4.761904761904762,14,0.0,7.142857142857143,31,0.0,3.225806451612903,13,0.0,0.0,28.0,2,4.0,4.0,5.0,2,5,3
20260713TMG03,2026-07-13,1C下,3.5,3.3,2.6,27,62.96296296296296,0.0,15,60.0,0.0,42,0.0,2.380952380952381,22,0.0,4.545454545454546,39,0.0,10.256410256410257,11,0.0,0.0,33.0,1,0.0,5.0,5.0,2,1,4
20260713TMG04,2026-07-13,1C上,2.6,4.1,3.7,22,50.0,0.0,11,63.63636363636363,0.0,47,0.0,2.127659574468085,20,0.0,0.0,38,0.0,10.526315789473685,14,0.0,7.142857142857143,32.0,2,4.0,5.0,5.0,1,4,6
20260713TMG05,2026-07-13,1C上,2.2,3.3,2.8,29,58.62068965517241,0.0,13,53.84615384615385,0.0,45,0.0,6.666666666666667,21,0.0,4.761904761904762,29,0.0,0.0,10,0.0,0.0,32.0,1,0.0,5.0,5.0,1,4,2
20260713TMG07,2026-07-13,1C上,3.9,4.8,3.4,25,36.0,0.0,12,33.333333333333336,0.0,28,0.0,0.0,11,0.0,0.0,34,0.0,2.9411764705882355,18,0.0,5.555555555555555,26.0,3,6.0,5.0,1.0,1,2,4
20260713TMG09,2026-07-13,1C下,3.2,2.5,3.1,41,63.41463414634146,0.0,20,55.0,0.0,35,0.0,2.857142857142857,18,0.0,0.0,32,0.0,6.25,15,0.0,6.666666666666667,30.0,1,0.0,5.0,5.0,1,6,4
20260713TMG11,2026-07-13,1C上,1.9,3.5,3.4,57,68.42105263157895,0.0,32,71.875,0.0,46,0.0,4.3478260869565215,21,0.0,0.0,26,0.0,15.384615384615385,15,0.0,20.0,26.0,2,1.0,4.0,5.0,1,2,5
20260713TMG12,2026-07-13,1C下,3.2,3.0,2.2,64,71.875,0.0,34,73.52941176470588,0.0,34,0.0,5.882352941176471,19,0.0,10.526315789473685,45,0.0,8.88888888888889,25,0.0,4.0,29.0,2,2.0,3.0,5.0,3,4,1
20260714TMG02,2026-07-14,1C上,2.1,2.8,2.9,25,40.0,0.0,12,58.333333333333336,0.0,48,0.0,4.166666666666667,23,0.0,4.3478260869565215,41,0.0,21.951219512195124,22,0.0,18.181818181818183,34.0,1,0.0,4.0,5.0,1,3,2
20260714TMG03,2026-07-14,1C上,1.6,2.9,2.7,29,37.93103448275862,0.0,15,46.666666666666664,0.0,43,0.0,0.0,21,0.0,0.0,42,0.0,26.19047619047619,20,0.0,30.0,31.0,1,0.0,4.0,4.0,3,2,4
20260714TMG04,2026-07-14,1C下,3.2,1.9,3.9,28,39.285714285714285,0.0,12,41.666666666666664,0.0,36,0.0,8.333333333333334,18,0.0,5.555555555555555,27,0.0,7.407407407407407,16,0.0,6.25,30.0,1,0.0,4.0,5.0,2,1,4
20260714TMG05,2026-07-14,1C上,2.8,3.4,2.4,26,53.84615384615385,0.0,11,45.45454545454545,0.0,26,0.0,0.0,15,0.0,0.0,40,0.0,10.0,20,0.0,5.0,22.0,4,12.0,1.0,5.0,1,3,5
20260714TMG07,2026-07-14,1C下,2.9,2.8,3.4,37,56.75675675675676,0.0,15,60.0,0.0,50,0.0,6.0,27,0.0,7.407407407407407,26,0.0,3.8461538461538463,12,0.0,8.333333333333334,34.0,1,0.0,5.0,5.0,1,4,5
20260714TMG08,2026-07-14,1C上,2.5,3.2,3.7,51,60.78431372549019,0.0,26,73.07692307692308,0.0,31,0.0,16.129032258064516,14,0.0,21.428571428571427,42,0.0,0.0,17,0.0,0.0,33.0,1,0.0,5.0,5.0,1,2,3
20260714TMG09,2026-07-14,1C下,3.0,2.1,4.3,31,67.74193548387096,0.0,17,76.47058823529412,0.0,37,0.0,0.0,20,0.0,0.0,17,0.0,0.0,4,0.0,0.0,26.0,4,4.0,3.0,5.0,1,3,2
20260714TMG10,2026-07-14,1C上,2.8,4.3,4.1,44,63.63636363636363,0.0,16,50.0,0.0,50,0.0,2.0,27,0.0,3.7037037037037037,31,0.0,19.35483870967742,10,0.0,10.0,28.0,1,0.0,4.0,5.0,1,2,3
20260714TMG12,2026-07-14,1C上,2.2,2.5,2.8,45,68.88888888888889,0.0,23,78.26086956521739,0.0,36,0.0,2.7777777777777777,15,0.0,6.666666666666667,43,0.0,27.906976744186046,22,0.0,36.36363636363637,27.0,2,3.0,3.0,5.0,1,2,6
20260715TMG02,2026-07-15,1C上,3.9,4.3,3.3,17,35.294117647058826,0.0,10,20.0,0.0,21,0.0,0.0,14,0.0,0.0,13,0.0,0.0,5,0.0,0.0,20.0,5,13.0,3.0,1.0,4,5,3
20260715TMG03,2026-07-15,1C下,3.9,1.9,3.2,19,42.10526315789474,0.0,9,44.44444444444444,0.0,37,0.0,8.108108108108109,19,0.0,5.2631578947368425,44,0.0,9.090909090909092,27,0.0,11.11111111111111,27.0,2,3.0,5.0,5.0,4,2,5
20260715TMG04,2026-07-15,1C上,2.8,3.8,4.3,16,62.5,0.0,6,50.0,0.0,36,0.0,2.7777777777777777,17,0.0,5.882352941176471,27,0.0,7.407407407407407,14,0.0,0.0,30.0,1,0.0,4.0,5.0,4,5,2
20260715TMG06,2026-07-15,1C下,3.9,3.1,2.9,26,38.46153846153846,0.0,13,38.46153846153846,0.0,35,0.0,0.0,20,0.0,0.0,42,0.0,21.428571428571427,23,0.0,17.391304347826086,33.0,2,2.0,5.0,5.0,3,1,6
20260715TMG08,2026-07-15,1C上,2.3,2.9,3.4,36,38.888888888888886,0.0,17,47.05882352941177,0.0,32,0.0,3.125,17,0.0,5.882352941176471,21,0.0,0.0,10,0.0,0.0,34.0,1,0.0,5.0,5.0,1,2,3
20260715TMG09,2026-07-15,1C上,1.9,2.8,2.4,46,65.21739130434783,0.0,26,57.69230769230769,0.0,30,0.0,3.3333333333333335,11,0.0,0.0,33,0.0,15.151515151515152,17,0.0,17.647058823529413,26.0,3,6.0,4.0,1.0,1,3,2
20260715TMG10,2026-07-15,1C上,1.9,3.8,3.6,48,72.91666666666667,0.0,28,67.85714285714286,0.0,41,0.0,7.317073170731708,15,0.0,13.333333333333334,46,0.0,30.434782608695652,20,0.0,30.0,29.0,2,5.0,3.0,5.0,1,2,4
20260715TMG11,2026-07-15,1C下,3.3,2.8,2.1,56,51.785714285714285,0.0,27,59.25925925925926,0.0,51,0.0,5.882352941176471,28,0.0,7.142857142857143,49,0.0,18.367346938775512,30,0.0,16.666666666666668,36.0,1,0.0,5.0,5.0,1,2,3
20260715TMG12,2026-07-15,1C上,3.3,3.5,2.4,50,64.0,0.0,25,60.0,0.0,46,0.0,4.3478260869565215,21,0.0,0.0,41,0.0,9.75609756097561,20,0.0,5.0,28.0,1,0.0,4.0,5.0,1,2,4
20260716TMG01,2026-07-16,1C下,3.3,2.5,4.1,17,17.647058823529413,0.0,10,10.0,0.0,35,0.0,2.857142857142857,19,0.0,0.0,31,0.0,3.225806451612903,14,0.0,0.0,22.0,5,4.0,2.0,5.0,1,6,5
20260716TMG02,2026-07-16,1C上,3.1,3.9,2.7,28,35.714285714285715,0.0,16,37.5,0.0,37,0.0,0.0,17,0.0,0.0,38,0.0,0.0,18,0.0,0.0,32.0,1,0.0,5.0,5.0,1,6,2
20260716TMG03,2026-07-16,1C下,3.0,2.4,3.3,38,60.526315789473685,0.0,20,50.0,0.0,29,0.0,3.4482758620689653,13,0.0,7.6923076923076925,14,0.0,0.0,6,0.0,0.0,29.0,1,0.0,4.0,5.0,5,2,4
20260716TMG04,2026-07-16,1C上,2.3,4.1,3.7,26,23.076923076923077,0.0,12,25.0,0.0,17,0.0,0.0,11,0.0,0.0,39,0.0,10.256410256410257,15,0.0,6.666666666666667,34.0,1,0.0,5.0,5.0,4,1,6
20260716TMG05,2026-07-16,1C上,2.8,3.2,2.4,26,57.69230769230769,0.0,12,50.0,0.0,32,0.0,15.625,15,0.0,20.0,42,0.0,9.523809523809524,21,0.0,4.761904761904762,22.0,3,4.0,2.0,5.0,2,3,1
20260716TMG06,2026-07-16,1C下,3.2,2.8,3.2,59,69.49152542372882,0.0,24,58.333333333333336,0.0,31,0.0,3.225806451612903,12,0.0,0.0,40,0.0,2.5,18,0.0,0.0,33.0,1,0.0,5.0,3.0,1,3,4
20260716TMG07,2026-07-16,1C上,2.2,2.6,2.8,46,69.56521739130434,0.0,24,79.16666666666667,0.0,35,0.0,0.0,19,0.0,0.0,30,0.0,0.0,11,0.0,0.0,22.0,4,6.0,2.0,5.0,1,5,3
20260716TMG08,2026-07-16,1C下,3.7,2.5,3.1,21,28.571428571428573,0.0,9,11.11111111111111,0.0,37,0.0,2.7027027027027026,16,0.0,6.25,40,0.0,2.5,21,0.0,4.761904761904762,20.0,4,6.0,3.0,1.0,3,6,4
20260716TMG09,2026-07-16,1C上,3.0,3.4,2.8,33,69.6969696969697,0.0,18,77.77777777777777,0.0,25,0.0,0.0,11,0.0,0.0,44,0.0,27.272727272727273,23,0.0,34.78260869565217,22.0,3,9.0,3.0,4.0,1,3,5
20260716TMG10,2026-07-16,1C上,3.2,4.3,4.3,42,64.28571428571429,0.0,21,57.142857142857146,0.0,51,0.0,1.9607843137254901,28,0.0,3.5714285714285716,17,0.0,0.0,5,0.0,0.0,37.0,1,0.0,5.0,5.0,4,3,5
20260716TMG11,2026-07-16,1C上,1.9,3.1,3.4,57,68.42105263157895,0.0,33,72.72727272727273,0.0,26,0.0,0.0,11,0.0,0.0,41,0.0,7.317073170731708,20,0.0,0.0,24.0,4,5.0,3.0,5.0,1,6,4
20260716TMG12,2026-07-16,同じ,3.3,3.3,2.2,50,64.0,0.0,26,61.53846153846154,0.0,42,0.0,2.380952380952381,23,0.0,4.3478260869565215,46,0.0,10.869565217391305,25,0.0,8.0,34.0,1,0.0,5.0,5.0,1,3,6
20260719TMG01,2026-07-19,1C上,2.9,3.3,3.6,41,36.58536585365854,0.0,18,44.44444444444444,0.0,24,0.0,4.166666666666667,15,0.0,6.666666666666667,54,0.0,7.407407407407407,25,0.0,8.0,28.0,2,2.0,5.0,5.0,1,3,5
20260719TMG03,2026-07-19,1C上,2.7,4.1,2.4,17,58.8235294117647,0.0,14,71.42857142857143,0.0,28,0.0,0.0,15,0.0,0.0,51,0.0,11.764705882352942,22,0.0,4.545454545454546,33.0,1,0.0,5.0,4.0,1,3,5
20260719TMG05,2026-07-19,1C上,3.0,3.1,3.4,45,48.888888888888886,0.0,19,42.10526315789474,0.0,34,0.0,2.9411764705882355,17,0.0,5.882352941176471,43,0.0,9.30232558139535,21,0.0,4.761904761904762,26.0,2,4.0,5.0,5.0,1,3,4
20260719TMG06,2026-07-19,1C下,4.0,3.2,3.3,26,26.923076923076923,0.0,11,18.181818181818183,0.0,24,0.0,8.333333333333334,14,0.0,7.142857142857143,16,0.0,6.25,10,0.0,10.0,26.0,2,2.0,3.0,1.0,3,4,2
20260719TMG08,2026-07-19,1C下,2.7,0.0,2.8,35,42.857142857142854,0.0,17,41.1764705882353,0.0,6,0.0,0.0,6,0.0,0.0,32,0.0,12.5,18,0.0,11.11111111111111,20.0,4,16.0,3.0,1.0,2,4,1
20260719TMG09,2026-07-19,1C上,3.4,3.9,3.8,44,38.63636363636363,0.0,18,44.44444444444444,0.0,40,0.0,0.0,20,0.0,0.0,43,0.0,4.651162790697675,21,0.0,4.761904761904762,28.0,2,2.0,2.0,5.0,1,4,2
20260719TMG10,2026-07-19,1C上,2.5,3.1,2.7,40,52.5,0.0,16,56.25,0.0,35,0.0,5.714285714285714,17,0.0,11.764705882352942,45,0.0,11.11111111111111,28,0.0,14.285714285714286,26.0,2,2.0,4.0,5.0,6,2,1
20260719TMG11,2026-07-19,1C上,2.0,3.8,3.1,53,64.15094339622641,0.0,23,60.869565217391305,0.0,36,0.0,5.555555555555555,16,0.0,12.5,44,0.0,9.090909090909092,26,0.0,11.538461538461538,31.0,2,1.0,4.0,4.0,1,2,3
20260719TMG12,2026-07-19,1C上,2.2,4.2,2.7,46,82.6086956521739,0.0,24,87.5,0.0,43,0.0,11.627906976744185,21,0.0,19.047619047619047,74,0.0,6.756756756756757,36,0.0,5.555555555555555,24.0,3,11.0,3.0,3.0,1,2,4
20260720TMG01,2026-07-20,1C上,2.9,3.5,3.3,30,50.0,0.0,14,50.0,0.0,17,0.0,17.647058823529413,9,0.0,22.22222222222222,32,0.0,9.375,15,0.0,13.333333333333334,25.0,2,11.0,5.0,3.0,5,4,6
20260720TMG02,2026-07-20,1C上,2.9,3.0,2.7,28,21.428571428571427,0.0,18,27.77777777777778,0.0,49,0.0,0.0,25,0.0,0.0,75,0.0,6.666666666666667,36,0.0,5.555555555555555,29.0,3,2.0,3.0,5.0,1,3,6
20260720TMG04,2026-07-20,1C上,2.9,3.6,2.9,27,33.333333333333336,0.0,13,38.46153846153846,0.0,32,0.0,9.375,16,0.0,12.5,44,0.0,11.363636363636363,21,0.0,14.285714285714286,32.0,1,0.0,3.0,5.0,2,1,3
20260720TMG05,2026-07-20,1C上,2.5,3.6,3.3,53,64.15094339622641,0.0,28,64.28571428571429,0.0,124,0.0,1.6129032258064515,66,0.0,0.0,32,0.0,9.375,15,0.0,13.333333333333334,32.0,1,0.0,5.0,5.0,1,2,6
20260720TMG06,2026-07-20,1C上,1.7,2.9,3.3,16,50.0,0.0,7,71.42857142857143,0.0,41,0.0,2.4390243902439024,23,0.0,0.0,32,0.0,6.25,13,0.0,7.6923076923076925,30.0,1,0.0,4.0,5.0,1,2,5
20260720TMG07,2026-07-20,1C上,2.6,3.1,2.5,31,38.70967741935484,0.0,15,33.333333333333336,0.0,20,0.0,0.0,16,0.0,0.0,30,0.0,33.333333333333336,18,0.0,33.333333333333336,33.0,1,0.0,5.0,5.0,1,3,2
20260720TMG08,2026-07-20,1C下,3.0,2.8,3.7,50,56.0,0.0,25,60.0,0.0,87,0.0,6.896551724137931,48,0.0,6.25,43,0.0,11.627906976744185,23,0.0,0.0,25.0,3,3.0,3.0,5.0,1,3,6
20260720TMG10,2026-07-20,1C下,3.4,2.9,3.5,54,75.92592592592592,0.0,24,87.5,0.0,29,0.0,3.4482758620689653,15,0.0,6.666666666666667,28,0.0,3.5714285714285716,13,0.0,7.6923076923076925,38.0,1,0.0,5.0,5.0,1,4,6
20260720TMG11,2026-07-20,1C上,2.5,3.4,2.5,53,64.15094339622641,0.0,28,64.28571428571429,0.0,32,0.0,6.25,15,0.0,6.666666666666667,21,0.0,9.523809523809524,14,0.0,7.142857142857143,33.0,1,0.0,5.0,5.0,1,2,3
20260720TMG12,2026-07-20,1C上,2.6,2.8,0.0,63,71.42857142857143,0.0,34,79.41176470588235,0.0,38,0.0,2.6315789473684212,18,0.0,5.555555555555555,5,0.0,0.0,5,0.0,0.0,21.0,3,8.0,3.0,1.0,1,3,2
20260731TMG01,2026-07-31,1C上,2.5,3.2,2.6,27,44.44444444444444,0.0,12,25.0,0.0,33,0.0,15.151515151515152,16,0.0,18.75,26,0.0,7.6923076923076925,10,0.0,20.0,27.0,3,6.0,4.0,4.0,3,1,6
20260731TMG02,2026-07-31,1C上,3.9,4.2,3.0,27,25.925925925925927,0.0,14,35.714285714285715,0.0,39,0.0,2.5641025641025643,20,0.0,0.0,58,0.0,18.96551724137931,29,0.0,20.689655172413794,21.0,5,7.0,3.0,1.0,2,5,6
20260731TMG03,2026-07-31,1C上,2.5,3.6,4.8,29,65.51724137931035,0.0,16,68.75,0.0,38,0.0,0.0,19,0.0,0.0,18,0.0,11.11111111111111,5,0.0,0.0,31.0,1,0.0,5.0,5.0,1,5,2
20260731TMG04,2026-07-31,1C下,4.6,4.2,2.3,29,27.586206896551722,0.0,19,26.31578947368421,0.0,36,0.0,0.0,19,0.0,0.0,32,0.0,15.625,13,0.0,15.384615384615385,26.0,4,6.0,2.0,5.0,3,2,4
20260731TMG05,2026-07-31,1C上,3.0,3.5,2.4,35,51.42857142857143,0.0,18,61.111111111111114,0.0,36,0.0,0.0,18,0.0,0.0,39,0.0,15.384615384615385,15,0.0,20.0,19.0,6,15.0,1.0,4.0,4,2,3
20260731TMG06,2026-07-31,1C下,3.8,0.0,2.5,23,43.47826086956522,0.0,14,42.857142857142854,0.0,1,0.0,0.0,1,0.0,0.0,41,0.0,12.195121951219512,20,0.0,10.0,31.0,1,0.0,5.0,5.0,1,3,5
20260731TMG07,2026-07-31,1C下,4.2,4.0,2.5,31,35.483870967741936,0.0,15,40.0,0.0,26,0.0,3.8461538461538463,22,0.0,4.545454545454546,34,0.0,11.764705882352942,20,0.0,15.0,25.0,3,11.0,4.0,5.0,3,1,5
20260731TMG08,2026-07-31,1C上,2.7,4.4,2.1,30,60.0,0.0,18,72.22222222222223,0.0,21,0.0,0.0,8,0.0,0.0,30,0.0,6.666666666666667,14,0.0,7.142857142857143,30.0,1,0.0,5.0,5.0,1,3,2
20260731TMG09,2026-07-31,1C上,1.9,3.8,3.0,33,60.60606060606061,0.0,10,40.0,0.0,29,0.0,0.0,14,0.0,0.0,38,0.0,7.894736842105263,26,0.0,7.6923076923076925,27.0,3,6.0,5.0,5.0,3,1,4
20260731TMG10,2026-07-31,1C下,2.3,1.6,2.6,50,72.0,0.0,18,72.22222222222223,0.0,35,0.0,2.857142857142857,16,0.0,0.0,33,0.0,0.0,16,0.0,0.0,30.0,1,0.0,5.0,5.0,1,5,4
20260731TMG11,2026-07-31,1C上,2.5,2.6,3.7,58,53.44827586206897,0.0,21,52.38095238095238,0.0,30,0.0,10.0,13,0.0,0.0,19,0.0,0.0,8,0.0,0.0,22.0,4,11.0,3.0,3.0,4,1,5
20260731TMG12,2026-07-31,1C下,2.5,2.4,2.8,44,65.9090909090909,0.0,17,76.47058823529412,0.0,36,0.0,8.333333333333334,18,0.0,5.555555555555555,31,0.0,3.225806451612903,17,0.0,5.882352941176471,28.0,3,7.0,4.0,4.0,1,2,3
20260801TMG01,2026-08-01,1C上,3.0,4.4,3.0,29,17.24137931034483,0.0,15,6.666666666666667,0.0,36,0.0,0.0,18,0.0,0.0,49,0.0,24.489795918367346,20,0.0,30.0,19.0,5,13.0,2.0,4.0,3,1,5
20260801TMG02,2026-08-01,1C上,3.6,4.1,3.7,44,47.72727272727273,0.0,23,39.130434782608695,0.0,31,0.0,0.0,17,0.0,0.0,28,0.0,7.142857142857143,12,0.0,0.0,37.0,1,0.0,5.0,5.0,3,5,1
20260801TMG03,2026-08-01,1C上,1.7,2.9,2.4,37,56.75675675675676,0.0,21,61.904761904761905,0.0,31,0.0,3.225806451612903,16,0.0,6.25,31,0.0,9.67741935483871,7,0.0,14.285714285714286,27.0,2,5.0,4.0,5.0,1,2,4
20260801TMG04,2026-08-01,1C上,3.3,3.7,3.3,27,40.74074074074074,0.0,13,53.84615384615385,0.0,34,0.0,0.0,18,0.0,0.0,37,0.0,13.513513513513514,12,0.0,16.666666666666668,28.0,2,8.0,4.0,5.0,1,4,2
20260801TMG05,2026-08-01,1C上,2.3,3.2,4.0,38,47.36842105263158,0.0,20,45.0,0.0,16,0.0,0.0,8,0.0,0.0,22,0.0,9.090909090909092,16,0.0,6.25,27.0,2,1.0,3.0,5.0,3,6,4
20260801TMG07,2026-08-01,1C上,2.4,3.6,3.6,54,62.96296296296296,0.0,25,64.0,0.0,30,0.0,0.0,14,0.0,0.0,45,0.0,6.666666666666667,17,0.0,0.0,30.0,1,0.0,5.0,2.0,1,3,4
20260801TMG08,2026-08-01,1C上,2.4,2.6,0.0,32,56.25,0.0,12,50.0,0.0,41,0.0,7.317073170731708,18,0.0,16.666666666666668,2,0.0,0.0,2,0.0,0.0,31.0,1,0.0,5.0,5.0,1,3,2
20260801TMG10,2026-08-01,1C上,3.0,3.2,3.5,57,63.1578947368421,0.0,28,53.57142857142857,0.0,32,0.0,3.125,15,0.0,0.0,42,0.0,19.047619047619047,16,0.0,18.75,34.0,1,0.0,5.0,5.0,1,3,6
20260801TMG11,2026-08-01,1C上,2.9,3.4,3.4,45,80.0,0.0,22,81.81818181818181,0.0,27,0.0,11.11111111111111,15,0.0,13.333333333333334,28,0.0,3.5714285714285716,9,0.0,0.0,30.0,1,0.0,5.0,5.0,1,3,4
20260801TMG12,2026-08-01,1C下,3.2,2.3,3.4,45,51.111111111111114,0.0,29,55.172413793103445,0.0,26,0.0,3.8461538461538463,13,0.0,0.0,26,0.0,0.0,11,0.0,0.0,30.0,1,0.0,5.0,1.0,3,1,5
20260802TMG01,2026-08-02,1C上,2.6,3.4,2.2,27,11.11111111111111,0.0,14,7.142857142857143,0.0,43,0.0,0.0,22,0.0,0.0,37,0.0,5.405405405405405,17,0.0,5.882352941176471,33.0,1,0.0,4.0,4.0,4,5,3
20260802TMG02,2026-08-02,1C下,4.4,3.8,3.1,14,21.428571428571427,0.0,4,0.0,0.0,42,0.0,7.142857142857143,24,0.0,4.166666666666667,40,0.0,12.5,21,0.0,23.80952380952381,27.0,2,1.0,4.0,5.0,2,4,3
20260802TMG03,2026-08-02,1C下,3.1,2.8,3.2,26,38.46153846153846,0.0,13,30.76923076923077,0.0,41,0.0,4.878048780487805,16,0.0,12.5,42,0.0,7.142857142857143,21,0.0,9.523809523809524,28.0,2,2.0,5.0,2.0,3,5,4
20260802TMG04,2026-08-02,1C下,4.2,3.5,3.3,22,45.45454545454545,0.0,19,42.10526315789474,0.0,35,0.0,0.0,22,0.0,0.0,38,0.0,15.789473684210526,21,0.0,9.523809523809524,36.0,1,0.0,5.0,5.0,3,2,5
20260802TMG05,2026-08-02,1C上,3.3,4.3,3.1,39,56.41025641025641,0.0,17,47.05882352941177,0.0,27,0.0,0.0,13,0.0,0.0,45,0.0,6.666666666666667,25,0.0,0.0,34.0,1,0.0,5.0,5.0,1,4,2
20260802TMG06,2026-08-02,1C上,2.6,3.6,3.1,37,35.13513513513514,0.0,20,40.0,0.0,35,0.0,2.857142857142857,14,0.0,0.0,32,0.0,9.375,16,0.0,6.25,33.0,1,0.0,5.0,5.0,6,1,5
20260802TMG07,2026-08-02,1C上,2.5,3.6,4.1,56,60.714285714285715,0.0,31,64.51612903225806,0.0,35,0.0,11.428571428571429,13,0.0,15.384615384615385,25,0.0,0.0,14,0.0,0.0,30.0,1,0.0,4.0,5.0,5,2,6
20260802TMG08,2026-08-02,同じ,2.9,2.9,3.3,45,80.0,0.0,23,82.6086956521739,0.0,25,0.0,4.0,11,0.0,9.090909090909092,32,0.0,6.25,15,0.0,6.666666666666667,30.0,2,1.0,5.0,5.0,1,6,5
20260802TMG10,2026-08-02,1C上,2.7,3.3,1.8,37,56.75675675675676,0.0,14,50.0,0.0,33,0.0,0.0,19,0.0,0.0,30,0.0,16.666666666666668,8,0.0,12.5,26.0,2,3.0,4.0,5.0,1,2,4
20260802TMG11,2026-08-02,1C上,2.6,2.9,3.4,41,53.65853658536585,0.0,21,57.142857142857146,0.0,31,0.0,3.225806451612903,9,0.0,0.0,49,0.0,20.408163265306122,23,0.0,17.391304347826086,23.0,5,2.0,4.0,2.0,1,2,3
20260803TMG01,2026-08-03,1C上,2.1,3.1,2.1,10,40.0,0.0,6,16.666666666666668,0.0,30,0.0,0.0,14,0.0,0.0,31,0.0,6.451612903225806,14,0.0,7.142857142857143,36.0,1,0.0,5.0,5.0,1,3,6
20260803TMG02,2026-08-03,1C上,1.8,2.5,2.5,27,55.55555555555556,0.0,13,46.15384615384615,0.0,22,0.0,9.090909090909092,7,0.0,0.0,35,0.0,14.285714285714286,21,0.0,19.047619047619047,27.0,3,9.0,4.0,3.0,1,4,2
20260803TMG03,2026-08-03,1C下,3.9,3.6,3.0,26,42.30769230769231,0.0,13,38.46153846153846,0.0,32,0.0,0.0,15,0.0,0.0,38,0.0,7.894736842105263,27,0.0,11.11111111111111,35.0,2,1.0,5.0,5.0,1,3,2
20260803TMG04,2026-08-03,1C上,0.0,2.8,3.3,2,50.0,0.0,2,50.0,0.0,42,0.0,4.761904761904762,16,0.0,12.5,43,0.0,13.953488372093023,18,0.0,22.22222222222222,23.0,5,11.0,4.0,1.0,3,2,4
20260803TMG05,2026-08-03,1C下,3.0,2.8,3.1,42,66.66666666666667,0.0,14,50.0,0.0,39,0.0,0.0,22,0.0,0.0,48,0.0,25.0,21,0.0,38.095238095238095,29.0,2,2.0,4.0,5.0,1,3,6
20260803TMG06,2026-08-03,1C上,2.6,4.0,3.2,42,54.76190476190476,0.0,22,59.09090909090909,0.0,39,0.0,0.0,17,0.0,0.0,31,0.0,16.129032258064516,13,0.0,7.6923076923076925,30.0,3,7.0,5.0,1.0,3,2,1
20260803TMG07,2026-08-03,1C上,1.6,2.6,3.2,32,62.5,0.0,15,60.0,0.0,31,0.0,9.67741935483871,13,0.0,0.0,32,0.0,12.5,17,0.0,11.764705882352942,29.0,1,0.0,5.0,5.0,3,1,2
20260803TMG08,2026-08-03,1C上,3.7,3.8,3.5,51,50.98039215686274,0.0,22,50.0,0.0,43,0.0,9.30232558139535,25,0.0,8.0,32,0.0,6.25,17,0.0,5.882352941176471,35.0,1,0.0,5.0,5.0,1,2,4
20260803TMG09,2026-08-03,同じ,3.2,3.2,3.4,46,50.0,0.0,30,53.333333333333336,0.0,42,0.0,2.380952380952381,23,0.0,4.3478260869565215,28,0.0,7.142857142857143,15,0.0,6.666666666666667,28.0,2,5.0,5.0,1.0,1,4,6
20260803TMG10,2026-08-03,1C上,3.0,4.1,3.3,58,63.793103448275865,0.0,29,55.172413793103445,0.0,33,0.0,6.0606060606060606,21,0.0,4.761904761904762,38,0.0,13.157894736842104,13,0.0,15.384615384615385,34.0,1,0.0,5.0,5.0,3,5,1
20260803TMG11,2026-08-03,1C上,2.0,3.6,2.4,59,66.10169491525424,0.0,27,59.25925925925926,0.0,35,0.0,2.857142857142857,15,0.0,0.0,32,0.0,9.375,8,0.0,12.5,32.0,1,0.0,5.0,5.0,1,4,6
20260803TMG12,2026-08-03,1C上,2.5,3.6,3.0,44,65.9090909090909,0.0,18,77.77777777777777,0.0,38,0.0,5.2631578947368425,20,0.0,5.0,50,0.0,26.0,21,0.0,33.333333333333336,30.0,2,2.0,5.0,5.0,1,3,6
20260804TMG01,2026-08-04,1C上,2.6,3.6,0.0,38,34.21052631578947,0.0,21,38.095238095238095,0.0,39,0.0,0.0,19,0.0,0.0,3,0.0,0.0,3,0.0,0.0,36.0,1,0.0,5.0,5.0,4,1,6
20260804TMG02,2026-08-04,1C下,3.8,3.2,2.5,24,45.833333333333336,0.0,14,42.857142857142854,0.0,43,0.0,2.3255813953488373,24,0.0,4.166666666666667,42,0.0,11.904761904761905,21,0.0,9.523809523809524,28.0,2,6.0,4.0,5.0,1,6,2
20260804TMG04,2026-08-04,1C上,1.9,3.2,2.4,33,57.57575757575758,0.0,11,36.36363636363637,0.0,33,0.0,3.0303030303030303,16,0.0,0.0,32,0.0,9.375,9,0.0,11.11111111111111,33.0,1,0.0,5.0,5.0,1,2,6
20260804TMG05,2026-08-04,1C上,2.3,3.6,3.7,49,71.42857142857143,0.0,19,73.6842105263158,0.0,30,0.0,0.0,15,0.0,0.0,29,0.0,10.344827586206897,13,0.0,7.6923076923076925,37.0,1,0.0,5.0,5.0,1,6,5
20260804TMG06,2026-08-04,1C下,3.6,2.8,3.2,45,46.666666666666664,0.0,24,37.5,0.0,43,0.0,4.651162790697675,17,0.0,11.764705882352942,42,0.0,7.142857142857143,23,0.0,8.695652173913043,36.0,1,0.0,5.0,5.0,2,1,4
20260804TMG07,2026-08-04,1C上,2.9,4.1,3.1,44,68.18181818181819,0.0,24,83.33333333333333,0.0,32,0.0,0.0,18,0.0,0.0,41,0.0,12.195121951219512,22,0.0,22.727272727272727,31.0,1,0.0,4.0,5.0,1,2,3
20260804TMG08,2026-08-04,1C上,2.7,3.8,3.9,37,59.45945945945946,0.0,15,53.333333333333336,0.0,30,0.0,0.0,15,0.0,0.0,44,0.0,6.818181818181818,20,0.0,10.0,28.0,2,9.0,4.0,5.0,1,5,3
20260804TMG09,2026-08-04,1C下,2.5,2.3,3.4,58,51.724137931034484,0.0,22,50.0,0.0,27,0.0,3.7037037037037037,13,0.0,0.0,27,0.0,3.7037037037037037,12,0.0,8.333333333333334,18.0,5,13.0,3.0,2.0,3,5,2
20260804TMG10,2026-08-04,同じ,3.7,3.7,3.4,52,51.92307692307692,0.0,23,52.17391304347826,0.0,35,0.0,0.0,19,0.0,0.0,28,0.0,0.0,10,0.0,0.0,30.0,2,6.0,4.0,5.0,2,1,5
20260804TMG11,2026-08-04,1C上,2.0,3.5,3.6,60,66.66666666666667,0.0,28,60.714285714285715,0.0,36,0.0,0.0,23,0.0,0.0,46,0.0,6.521739130434782,18,0.0,0.0,35.0,1,0.0,5.0,5.0,1,6,2
20260804TMG12,2026-08-04,1C上,2.5,4.0,3.3,45,66.66666666666667,0.0,19,78.94736842105263,0.0,40,0.0,0.0,18,0.0,0.0,38,0.0,15.789473684210526,14,0.0,21.428571428571427,28.0,2,1.0,5.0,1.0,1,6,4
20260805TMG01,2026-08-05,1C上,2.5,2.9,0.0,30,66.66666666666667,0.0,16,75.0,0.0,26,0.0,3.8461538461538463,11,0.0,0.0,4,0.0,0.0,4,0.0,0.0,29.0,2,4.0,5.0,5.0,1,5,2
20260805TMG02,2026-08-05,1C上,2.3,3.2,3.3,38,47.36842105263158,0.0,21,42.857142857142854,0.0,34,0.0,14.705882352941176,17,0.0,17.647058823529413,32,0.0,6.25,16,0.0,6.25,32.0,1,0.0,5.0,5.0,5,4,3
20260805TMG03,2026-08-05,1C上,2.6,4.0,4.8,28,10.714285714285714,0.0,15,6.666666666666667,0.0,27,0.0,3.7037037037037037,22,0.0,4.545454545454546,18,0.0,11.11111111111111,6,0.0,0.0,30.0,3,4.0,5.0,2.0,2,3,4
20260805TMG04,2026-08-05,1C上,3.0,3.5,1.8,30,16.666666666666668,0.0,16,6.25,0.0,37,0.0,0.0,19,0.0,0.0,31,0.0,16.129032258064516,9,0.0,11.11111111111111,28.0,3,2.0,4.0,5.0,3,2,1
20260805TMG05,2026-08-05,1C上,2.5,3.4,2.5,27,40.74074074074074,0.0,12,25.0,0.0,44,0.0,0.0,22,0.0,0.0,43,0.0,11.627906976744185,22,0.0,9.090909090909092,28.0,1,0.0,3.0,5.0,1,6,4
20260805TMG06,2026-08-05,1C上,1.7,4.2,3.3,38,57.89473684210526,0.0,22,63.63636363636363,0.0,37,0.0,0.0,20,0.0,0.0,39,0.0,15.384615384615385,15,0.0,20.0,32.0,2,2.0,5.0,5.0,1,3,2
20260805TMG07,2026-08-05,1C上,2.4,2.7,4.1,54,62.96296296296296,0.0,24,66.66666666666667,0.0,39,0.0,5.128205128205129,19,0.0,5.2631578947368425,26,0.0,0.0,15,0.0,0.0,29.0,1,0.0,3.0,3.0,3,4,2
20260805TMG08,2026-08-05,1C上,2.5,4.4,3.5,56,58.92857142857143,0.0,32,62.5,0.0,22,0.0,0.0,9,0.0,0.0,33,0.0,6.0606060606060606,18,0.0,5.555555555555555,30.0,2,1.0,5.0,5.0,3,4,2
20260805TMG09,2026-08-05,1C下,3.8,2.6,3.0,25,48.0,0.0,15,46.666666666666664,0.0,32,0.0,9.375,14,0.0,0.0,39,0.0,7.6923076923076925,28,0.0,10.714285714285714,29.0,3,3.0,5.0,5.0,1,3,4
20260805TMG10,2026-08-05,1C上,1.6,4.0,3.4,33,60.60606060606061,0.0,16,56.25,0.0,41,0.0,0.0,19,0.0,0.0,29,0.0,0.0,11,0.0,0.0,28.0,2,4.0,5.0,5.0,2,4,1
20260805TMG11,2026-08-05,同じ,3.2,3.2,3.6,45,53.333333333333336,0.0,31,54.83870967741935,0.0,44,0.0,2.272727272727273,25,0.0,4.0,46,0.0,6.521739130434782,19,0.0,0.0,29.0,1,0.0,5.0,2.0,1,2,6
20260805TMG12,2026-08-05,1C上,2.0,2.8,3.3,61,67.21311475409836,0.0,29,62.06896551724138,0.0,34,0.0,0.0,13,0.0,0.0,42,0.0,16.666666666666668,19,0.0,26.31578947368421,36.0,1,0.0,5.0,5.0,1,3,2
20260808TMG01,2026-08-08,1C下,3.5,3.3,2.9,25,44.0,0.0,13,38.46153846153846,0.0,41,0.0,2.4390243902439024,19,0.0,0.0,48,0.0,12.5,21,0.0,14.285714285714286,28.0,1,0.0,4.0,5.0,1,5,3
20260808TMG03,2026-08-08,1C上,1.7,4.3,2.6,21,28.571428571428573,0.0,11,18.181818181818183,0.0,27,0.0,3.7037037037037037,13,0.0,7.6923076923076925,24,0.0,16.666666666666668,16,0.0,25.0,18.0,6,14.0,3.0,2.0,1,3,2
20260808TMG04,2026-08-08,1C上,2.9,3.5,2.1,33,51.515151515151516,0.0,11,63.63636363636363,0.0,43,0.0,2.3255813953488373,17,0.0,5.882352941176471,30,0.0,10.0,14,0.0,14.285714285714286,23.0,2,1.0,4.0,1.0,1,5,6
20260808TMG05,2026-08-08,1C上,2.2,3.2,2.7,22,36.36363636363637,0.0,13,53.84615384615385,0.0,30,0.0,0.0,16,0.0,0.0,29,0.0,3.4482758620689653,16,0.0,6.25,30.0,2,6.0,4.0,5.0,4,5,1
20260808TMG07,2026-08-08,1C上,2.8,3.0,3.7,51,56.86274509803921,0.0,22,63.63636363636363,0.0,30,0.0,3.3333333333333335,12,0.0,0.0,26,0.0,3.8461538461538463,11,0.0,0.0,24.0,3,4.0,3.0,5.0,1,5,4
20260808TMG08,2026-08-08,1C上,2.6,3.4,2.9,52,65.38461538461539,0.0,23,69.56521739130434,0.0,32,0.0,0.0,14,0.0,0.0,45,0.0,17.77777777777778,19,0.0,21.05263157894737,33.0,1,0.0,5.0,4.0,1,3,6
20260808TMG10,2026-08-08,1C上,2.7,3.5,4.3,51,64.70588235294117,0.0,23,73.91304347826087,0.0,45,0.0,8.88888888888889,24,0.0,8.333333333333334,50,0.0,2.0,25,0.0,4.0,28.0,3,6.0,3.0,5.0,1,3,2
20260808TMG11,2026-08-08,同じ,2.8,2.8,2.9,49,79.59183673469387,0.0,26,84.61538461538461,0.0,24,0.0,4.166666666666667,10,0.0,0.0,36,0.0,19.444444444444443,15,0.0,13.333333333333334,36.0,1,0.0,5.0,4.0,1,4,6
20260808TMG12,2026-08-08,1C上,2.8,3.3,4.5,63,77.77777777777777,0.0,32,78.125,0.0,53,0.0,3.7735849056603774,27,0.0,0.0,32,0.0,21.875,11,0.0,27.272727272727273,31.0,1,0.0,3.0,5.0,1,5,4
20260809TMG01,2026-08-09,1C上,3.5,3.8,3.1,27,14.814814814814815,0.0,14,21.428571428571427,0.0,31,0.0,0.0,20,0.0,0.0,26,0.0,0.0,9,0.0,0.0,25.0,2,11.0,3.0,5.0,3,2,5
20260809TMG02,2026-08-09,1C上,1.9,3.8,3.4,26,42.30769230769231,0.0,12,50.0,0.0,30,0.0,0.0,18,0.0,0.0,38,0.0,2.6315789473684212,16,0.0,6.25,36.0,1,0.0,5.0,5.0,1,4,5
20260809TMG03,2026-08-09,1C上,3.0,3.3,3.7,22,40.90909090909091,0.0,13,46.15384615384615,0.0,18,0.0,0.0,17,0.0,0.0,25,0.0,0.0,13,0.0,0.0,30.0,2,2.0,5.0,5.0,2,4,1
20260809TMG04,2026-08-09,1C下,3.7,3.1,3.7,23,39.130434782608695,0.0,12,50.0,0.0,29,0.0,3.4482758620689653,19,0.0,5.2631578947368425,47,0.0,17.02127659574468,18,0.0,11.11111111111111,30.0,1,0.0,5.0,5.0,5,6,2
20260809TMG05,2026-08-09,1C上,3.1,4.0,3.2,39,56.41025641025641,0.0,24,58.333333333333336,0.0,47,0.0,2.127659574468085,27,0.0,0.0,23,0.0,4.3478260869565215,15,0.0,6.666666666666667,30.0,1,0.0,4.0,5.0,2,4,6
20260809TMG07,2026-08-09,1C上,3.6,3.9,3.2,23,39.130434782608695,0.0,17,29.41176470588235,0.0,29,0.0,0.0,15,0.0,0.0,26,0.0,3.8461538461538463,12,0.0,8.333333333333334,22.0,4,14.0,2.0,5.0,5,6,3
20260809TMG08,2026-08-09,1C下,4.0,3.5,3.2,51,37.254901960784316,0.0,24,41.666666666666664,0.0,10,0.0,0.0,10,0.0,0.0,34,0.0,11.764705882352942,10,0.0,0.0,32.0,1,0.0,5.0,5.0,5,4,1
20260809TMG09,2026-08-09,1C上,1.7,4.8,3.7,41,65.85365853658537,0.0,17,76.47058823529412,0.0,21,0.0,0.0,12,0.0,0.0,15,0.0,0.0,13,0.0,0.0,31.0,1,0.0,5.0,2.0,1,4,2
20260809TMG10,2026-08-09,1C上,2.9,3.8,2.9,62,54.83870967741935,0.0,31,61.29032258064516,0.0,36,0.0,0.0,16,0.0,0.0,42,0.0,7.142857142857143,24,0.0,4.166666666666667,32.0,1,0.0,4.0,5.0,5,4,6
20260809TMG11,2026-08-09,1C上,2.6,3.3,2.8,39,48.717948717948715,0.0,19,42.10526315789474,0.0,36,0.0,0.0,17,0.0,0.0,44,0.0,11.363636363636363,20,0.0,15.0,37.0,1,0.0,5.0,5.0,1,3,2
20260809TMG12,2026-08-09,1C下,3.9,3.3,2.4,46,54.34782608695652,0.0,18,38.888888888888886,0.0,28,0.0,3.5714285714285716,11,0.0,9.090909090909092,37,0.0,5.405405405405405,16,0.0,6.25,29.0,2,3.0,4.0,5.0,1,2,4
20260810TMG01,2026-08-10,1C上,0.0,3.1,4.3,1,0.0,0.0,1,0.0,0.0,38,0.0,10.526315789473685,18,0.0,16.666666666666668,35,0.0,0.0,18,0.0,0.0,26.0,4,4.0,3.0,5.0,4,2,1
20260810TMG02,2026-08-10,1C上,2.5,2.7,3.2,38,36.8421052631579,0.0,24,37.5,0.0,40,0.0,0.0,20,0.0,0.0,31,0.0,12.903225806451612,19,0.0,5.2631578947368425,31.0,3,5.0,5.0,5.0,1,2,6
20260810TMG03,2026-08-10,1C下,4.9,4.3,2.5,24,33.333333333333336,0.0,12,16.666666666666668,0.0,24,0.0,0.0,16,0.0,0.0,47,0.0,12.76595744680851,22,0.0,13.636363636363637,28.0,1,0.0,4.0,2.0,3,2,4
20260810TMG05,2026-08-10,1C上,2.8,3.0,3.0,17,23.529411764705884,0.0,11,18.181818181818183,0.0,47,0.0,12.76595744680851,21,0.0,14.285714285714286,39,0.0,10.256410256410257,16,0.0,12.5,20.0,6,12.0,2.0,1.0,4,5,6
20260810TMG06,2026-08-10,1C上,2.4,3.8,4.0,27,48.148148148148145,0.0,13,46.15384615384615,0.0,33,0.0,0.0,19,0.0,0.0,10,0.0,10.0,10,0.0,10.0,23.0,3,5.0,4.0,5.0,4,1,5
20260810TMG07,2026-08-10,同じ,3.6,3.6,0.0,49,59.183673469387756,0.0,24,54.166666666666664,0.0,38,0.0,0.0,17,0.0,0.0,0,0.0,0.0,0,0.0,0.0,32.0,2,3.0,5.0,3.0,1,2,4
20260810TMG08,2026-08-10,1C上,3.1,3.6,3.5,49,40.816326530612244,0.0,20,35.0,0.0,28,0.0,3.5714285714285716,16,0.0,6.25,29,0.0,3.4482758620689653,13,0.0,0.0,32.0,1,0.0,5.0,5.0,1,5,3
20260810TMG09,2026-08-10,同じ,2.8,2.8,2.9,31,38.70967741935484,0.0,16,50.0,0.0,28,0.0,3.5714285714285716,18,0.0,5.555555555555555,44,0.0,4.545454545454546,22,0.0,9.090909090909092,32.0,1,0.0,5.0,5.0,2,1,3
20260810TMG11,2026-08-10,1C上,2.6,4.1,4.0,60,68.33333333333333,0.0,25,76.0,0.0,43,0.0,2.3255813953488373,19,0.0,0.0,15,0.0,0.0,7,0.0,0.0,36.0,1,0.0,5.0,5.0,5,4,2
20260810TMG12,2026-08-10,1C上,3.1,5.4,3.7,72,62.5,0.0,34,52.94117647058823,0.0,24,0.0,4.166666666666667,10,0.0,0.0,48,0.0,16.666666666666668,19,0.0,10.526315789473685,32.0,1,0.0,5.0,3.0,3,1,6
20260811TMG01,2026-08-11,1C上,3.6,4.1,0.0,22,18.181818181818183,0.0,9,0.0,0.0,44,0.0,2.272727272727273,20,0.0,0.0,1,0.0,0.0,1,0.0,0.0,30.0,1,0.0,5.0,5.0,2,5,6
20260811TMG02,2026-08-11,1C下,4.0,3.3,3.6,20,10.0,0.0,10,20.0,0.0,36,0.0,0.0,18,0.0,0.0,23,0.0,8.695652173913043,15,0.0,13.333333333333334,29.0,2,1.0,5.0,5.0,1,3,2
20260811TMG03,2026-08-11,1C下,4.0,3.1,2.6,10,30.0,0.0,9,33.333333333333336,0.0,21,0.0,0.0,12,0.0,0.0,25,0.0,16.0,17,0.0,23.529411764705884,36.0,1,0.0,5.0,5.0,1,3,2
20260811TMG04,2026-08-11,1C下,3.0,2.8,4.4,16,12.5,0.0,6,16.666666666666668,0.0,25,0.0,4.0,11,0.0,0.0,38,0.0,13.157894736842104,20,0.0,20.0,30.0,1,0.0,5.0,5.0,1,3,2
20260811TMG05,2026-08-11,1C下,3.7,3.5,3.0,20,20.0,0.0,11,18.181818181818183,0.0,43,0.0,2.3255813953488373,18,0.0,5.555555555555555,40,0.0,7.5,25,0.0,4.0,26.0,2,4.0,3.0,5.0,4,3,1
20260811TMG06,2026-08-11,1C下,4.6,3.5,2.9,10,10.0,0.0,7,14.285714285714286,0.0,45,0.0,8.88888888888889,25,0.0,8.0,37,0.0,18.91891891891892,16,0.0,12.5,29.0,1,0.0,4.0,4.0,2,5,6
20260811TMG07,2026-08-11,1C上,3.9,4.0,3.7,20,15.0,0.0,11,18.181818181818183,0.0,48,0.0,2.0833333333333335,28,0.0,0.0,27,0.0,3.7037037037037037,12,0.0,0.0,35.0,1,0.0,5.0,4.0,1,5,6
20260811TMG08,2026-08-11,1C下,6.0,3.4,2.9,4,0.0,0.0,4,0.0,0.0,28,0.0,0.0,14,0.0,0.0,46,0.0,17.391304347826086,19,0.0,15.789473684210526,28.0,3,11.0,5.0,1.0,3,4,5
20260811TMG09,2026-08-11,1C上,2.8,5.4,3.2,32,37.5,0.0,17,47.05882352941177,0.0,25,0.0,4.0,11,0.0,0.0,32,0.0,12.5,20,0.0,5.0,30.0,1,0.0,5.0,5.0,3,4,6
20260811TMG10,2026-08-11,1C上,2.6,3.8,2.9,53,66.0377358490566,0.0,23,73.91304347826087,0.0,37,0.0,0.0,17,0.0,0.0,45,0.0,4.444444444444445,23,0.0,8.695652173913043,36.0,1,0.0,4.0,5.0,2,3,5
20260811TMG11,2026-08-11,1C上,2.5,3.8,2.9,39,38.46153846153846,0.0,24,41.666666666666664,0.0,34,0.0,0.0,19,0.0,0.0,49,0.0,12.244897959183673,22,0.0,13.636363636363637,29.0,1,0.0,5.0,5.0,2,1,4
20260811TMG12,2026-08-11,1C下,2.8,2.7,4.5,51,58.8235294117647,0.0,23,65.21739130434783,0.0,41,0.0,0.0,21,0.0,0.0,34,0.0,20.58823529411765,13,0.0,23.076923076923077,24.0,6,7.0,3.0,5.0,1,2,5
20260815TMG01,2026-08-15,1C下,3.8,3.4,3.3,25,8.0,0.0,14,14.285714285714286,0.0,30,0.0,3.3333333333333335,16,0.0,6.25,38,0.0,5.2631578947368425,18,0.0,5.555555555555555,28.0,1,0.0,5.0,5.0,6,2,5
20260815TMG02,2026-08-15,1C上,2.6,4.6,3.0,29,27.586206896551722,0.0,12,25.0,0.0,28,0.0,0.0,13,0.0,0.0,39,0.0,10.256410256410257,24,0.0,12.5,36.0,1,0.0,5.0,5.0,3,2,5
20260815TMG03,2026-08-15,1C下,2.9,2.5,2.4,40,37.5,0.0,18,38.888888888888886,0.0,30,0.0,10.0,12,0.0,8.333333333333334,36,0.0,5.555555555555555,14,0.0,7.142857142857143,26.0,3,5.0,3.0,5.0,2,4,1
20260815TMG04,2026-08-15,1C上,2.8,3.5,2.1,25,24.0,0.0,12,25.0,0.0,34,0.0,11.764705882352942,16,0.0,18.75,29,0.0,27.586206896551722,12,0.0,8.333333333333334,18.0,6,10.0,1.0,5.0,1,5,2
20260815TMG05,2026-08-15,1C下,3.9,3.8,2.8,30,30.0,0.0,15,40.0,0.0,31,0.0,3.225806451612903,17,0.0,0.0,46,0.0,21.73913043478261,25,0.0,24.0,29.0,1,0.0,4.0,5.0,1,5,2
20260815TMG06,2026-08-15,1C上,3.2,5.1,2.8,23,30.434782608695652,0.0,9,22.22222222222222,0.0,30,0.0,0.0,16,0.0,0.0,43,0.0,13.953488372093023,19,0.0,21.05263157894737,30.0,2,4.0,4.0,2.0,1,3,5
20260815TMG07,2026-08-15,1C下,4.2,3.4,2.8,32,40.625,0.0,14,50.0,0.0,12,0.0,0.0,9,0.0,0.0,31,0.0,9.67741935483871,17,0.0,17.647058823529413,36.0,1,0.0,5.0,5.0,2,1,3
20260815TMG08,2026-08-15,1C上,2.5,3.6,3.1,46,56.52173913043478,0.0,23,47.82608695652174,0.0,24,0.0,0.0,9,0.0,0.0,27,0.0,3.7037037037037037,13,0.0,0.0,25.0,3,5.0,4.0,1.0,6,1,3
20260815TMG09,2026-08-15,1C上,2.5,4.1,3.1,50,60.0,0.0,26,61.53846153846154,0.0,30,0.0,0.0,14,0.0,0.0,26,0.0,11.538461538461538,16,0.0,18.75,26.0,2,4.0,3.0,4.0,3,5,2
20260815TMG10,2026-08-15,1C下,3.2,2.6,2.4,36,52.77777777777778,0.0,17,58.8235294117647,0.0,39,0.0,2.5641025641025643,20,0.0,0.0,38,0.0,5.2631578947368425,22,0.0,9.090909090909092,25.0,5,7.0,5.0,3.0,1,2,3
20260815TMG11,2026-08-15,1C上,2.1,3.4,2.5,60,70.0,0.0,28,60.714285714285715,0.0,116,0.0,1.7241379310344827,57,0.0,0.0,46,0.0,10.869565217391305,24,0.0,16.666666666666668,29.0,2,3.0,5.0,4.0,3,1,5
20260815TMG12,2026-08-15,1C上,2.4,4.1,2.7,57,59.64912280701754,0.0,25,72.0,0.0,49,0.0,4.081632653061225,21,0.0,4.761904761904762,43,0.0,23.25581395348837,25,0.0,28.0,32.0,1,0.0,5.0,5.0,5,1,6
20260816TMG01,2026-08-16,1C上,2.6,3.1,3.1,26,15.384615384615385,0.0,9,22.22222222222222,0.0,36,0.0,5.555555555555555,20,0.0,10.0,32,0.0,6.25,14,0.0,14.285714285714286,30.0,1,0.0,3.0,5.0,1,2,5
20260816TMG02,2026-08-16,1C上,3.7,4.2,3.2,20,15.0,0.0,11,0.0,0.0,36,0.0,0.0,19,0.0,0.0,43,0.0,13.953488372093023,22,0.0,18.181818181818183,30.0,1,0.0,5.0,5.0,5,4,3
20260816TMG03,2026-08-16,1C上,2.6,3.4,2.7,29,31.03448275862069,0.0,16,31.25,0.0,117,0.0,1.7094017094017093,56,0.0,0.0,44,0.0,22.727272727272727,26,0.0,26.923076923076923,24.0,2,10.0,5.0,2.0,3,2,5
20260816TMG04,2026-08-16,1C下,4.5,3.6,2.8,16,12.5,0.0,11,18.181818181818183,0.0,30,0.0,0.0,18,0.0,0.0,42,0.0,23.80952380952381,21,0.0,19.047619047619047,32.0,1,0.0,5.0,5.0,3,2,5
20260816TMG05,2026-08-16,1C下,4.8,2.1,3.2,15,40.0,0.0,13,38.46153846153846,0.0,35,0.0,11.428571428571429,14,0.0,21.428571428571427,37,0.0,13.513513513513514,12,0.0,8.333333333333334,38.0,1,0.0,4.0,5.0,3,1,6
20260816TMG06,2026-08-16,1C上,3.4,3.7,3.1,21,38.095238095238095,0.0,10,40.0,0.0,33,0.0,6.0606060606060606,20,0.0,10.0,33,0.0,24.242424242424242,14,0.0,14.285714285714286,36.0,1,0.0,5.0,5.0,3,2,5
20260816TMG07,2026-08-16,1C下,3.3,2.8,3.1,43,67.44186046511628,0.0,29,72.41379310344827,0.0,39,0.0,5.128205128205129,15,0.0,13.333333333333334,31,0.0,6.451612903225806,12,0.0,0.0,25.0,2,1.0,5.0,1.0,1,2,6
20260816TMG08,2026-08-16,1C上,2.4,3.2,2.9,32,40.625,0.0,17,35.294117647058826,0.0,34,0.0,5.882352941176471,13,0.0,7.6923076923076925,44,0.0,2.272727272727273,22,0.0,0.0,32.0,1,0.0,5.0,5.0,3,5,2
20260816TMG09,2026-08-16,1C上,2.3,4.8,2.3,54,66.66666666666667,0.0,23,73.91304347826087,0.0,27,0.0,3.7037037037037037,19,0.0,5.2631578947368425,27,0.0,3.7037037037037037,12,0.0,8.333333333333334,30.0,1,0.0,5.0,2.0,1,5,3
20260816TMG10,2026-08-16,1C下,3.4,3.1,3.0,43,65.11627906976744,0.0,23,60.869565217391305,0.0,33,0.0,0.0,16,0.0,0.0,38,0.0,7.894736842105263,16,0.0,12.5,36.0,1,0.0,5.0,5.0,1,2,4
20260816TMG12,2026-08-16,1C上,2.2,3.0,2.9,54,79.62962962962963,0.0,21,85.71428571428571,0.0,32,0.0,12.5,14,0.0,14.285714285714286,41,0.0,24.390243902439025,14,0.0,35.714285714285715,34.0,1,0.0,5.0,5.0,1,3,2
20260817TMG01,2026-08-17,1C下,4.9,2.7,3.0,29,3.4482758620689653,0.0,16,6.25,0.0,28,0.0,3.5714285714285716,15,0.0,6.666666666666667,30,0.0,6.666666666666667,18,0.0,11.11111111111111,30.0,1,0.0,5.0,5.0,6,2,1
20260817TMG02,2026-08-17,1C上,1.9,4.0,2.5,24,33.333333333333336,0.0,11,36.36363636363637,0.0,32,0.0,3.125,18,0.0,0.0,47,0.0,12.76595744680851,25,0.0,20.0,20.0,5,13.0,1.0,5.0,1,3,6
20260817TMG03,2026-08-17,1C下,3.7,3.2,3.4,28,28.571428571428573,0.0,13,23.076923076923077,0.0,49,0.0,6.122448979591836,24,0.0,4.166666666666667,37,0.0,0.0,16,0.0,0.0,33.0,1,0.0,3.0,5.0,4,5,2
20260817TMG04,2026-08-17,同じ,3.1,3.1,2.9,22,45.45454545454545,0.0,13,46.15384615384615,0.0,23,0.0,4.3478260869565215,14,0.0,7.142857142857143,31,0.0,22.580645161290324,14,0.0,28.571428571428573,28.0,2,3.0,3.0,5.0,3,2,5
20260817TMG05,2026-08-17,1C上,1.9,3.1,3.5,25,40.0,0.0,12,58.333333333333336,0.0,37,0.0,8.108108108108109,19,0.0,10.526315789473685,26,0.0,0.0,15,0.0,0.0,34.0,2,2.0,5.0,5.0,2,1,6
20260817TMG06,2026-08-17,1C下,4.6,2.9,3.9,25,16.0,0.0,12,8.333333333333334,0.0,27,0.0,0.0,10,0.0,0.0,23,0.0,4.3478260869565215,13,0.0,0.0,30.0,1,0.0,5.0,5.0,4,5,6
20260817TMG07,2026-08-17,1C上,2.9,4.0,2.4,26,34.61538461538461,0.0,12,33.333333333333336,0.0,44,0.0,0.0,22,0.0,0.0,48,0.0,10.416666666666666,21,0.0,4.761904761904762,28.0,1,0.0,3.0,5.0,3,4,1
20260817TMG08,2026-08-17,1C上,3.2,3.4,3.2,54,50.0,0.0,29,41.37931034482759,0.0,117,0.0,1.7094017094017093,55,0.0,0.0,38,0.0,15.789473684210526,13,0.0,15.384615384615385,30.0,2,4.0,3.0,5.0,5,2,6
20260817TMG09,2026-08-17,1C上,2.7,4.2,3.4,45,60.0,0.0,19,68.42105263157895,0.0,31,0.0,3.225806451612903,14,0.0,7.142857142857143,39,0.0,7.6923076923076925,18,0.0,5.555555555555555,32.0,1,0.0,5.0,5.0,1,3,6
20260817TMG10,2026-08-17,1C上,2.2,3.3,2.9,42,61.904761904761905,0.0,25,60.0,0.0,18,0.0,5.555555555555555,9,0.0,11.11111111111111,35,0.0,20.0,16,0.0,18.75,27.0,2,5.0,5.0,5.0,1,3,4
20260817TMG11,2026-08-17,1C上,2.6,2.8,4.0,54,70.37037037037037,0.0,22,59.09090909090909,0.0,38,0.0,10.526315789473685,18,0.0,5.555555555555555,43,0.0,4.651162790697675,25,0.0,4.0,28.0,3,4.0,5.0,5.0,1,2,3
20260817TMG12,2026-08-17,1C上,1.5,2.6,3.2,56,78.57142857142857,0.0,33,78.78787878787878,0.0,30,0.0,3.3333333333333335,14,0.0,0.0,18,0.0,5.555555555555555,15,0.0,6.666666666666667,35.0,1,0.0,5.0,5.0,4,1,6
20260818TMG01,2026-08-18,1C下,3.8,2.8,3.0,26,7.6923076923076925,0.0,12,0.0,0.0,32,0.0,0.0,18,0.0,0.0,33,0.0,18.181818181818183,19,0.0,26.31578947368421,24.0,4,8.0,3.0,4.0,2,1,4
20260818TMG02,2026-08-18,1C下,3.6,2.9,3.8,19,21.05263157894737,0.0,9,33.333333333333336,0.0,42,0.0,2.380952380952381,22,0.0,0.0,30,0.0,6.666666666666667,18,0.0,11.11111111111111,32.0,1,0.0,5.0,5.0,4,2,1
20260818TMG03,2026-08-18,1C上,2.8,4.3,2.9,27,55.55555555555556,0.0,18,55.55555555555556,0.0,41,0.0,2.4390243902439024,15,0.0,0.0,41,0.0,24.390243902439025,15,0.0,33.333333333333336,18.0,4,18.0,2.0,2.0,2,3,1
20260818TMG04,2026-08-18,1C上,2.3,3.9,2.8,25,48.0,0.0,11,36.36363636363637,0.0,38,0.0,0.0,17,0.0,0.0,43,0.0,25.58139534883721,22,0.0,22.727272727272727,26.0,3,2.0,4.0,5.0,5,2,1
20260818TMG05,2026-08-18,1C下,3.1,2.1,3.6,25,36.0,0.0,12,33.333333333333336,0.0,36,0.0,11.11111111111111,14,0.0,21.428571428571427,34,0.0,2.9411764705882355,18,0.0,5.555555555555555,33.0,1,0.0,3.0,5.0,1,4,3
20260818TMG06,2026-08-18,1C上,2.8,3.4,2.8,29,68.96551724137932,0.0,16,68.75,0.0,118,0.0,1.694915254237288,55,0.0,0.0,31,0.0,9.67741935483871,18,0.0,16.666666666666668,32.0,1,0.0,5.0,5.0,5,1,6
20260818TMG07,2026-08-18,1C上,2.5,4.8,2.8,43,48.83720930232558,0.0,17,41.1764705882353,0.0,31,0.0,3.225806451612903,15,0.0,0.0,47,0.0,21.27659574468085,26,0.0,23.076923076923077,37.0,1,0.0,5.0,5.0,1,2,3
20260818TMG08,2026-08-18,1C上,3.9,4.2,3.9,31,32.25806451612903,0.0,16,43.75,0.0,32,0.0,3.125,15,0.0,6.666666666666667,35,0.0,0.0,20,0.0,0.0,24.0,4,4.0,3.0,3.0,4,1,5
20260818TMG09,2026-08-18,1C上,2.2,3.6,2.2,54,81.48148148148148,0.0,22,86.36363636363636,0.0,40,0.0,5.0,19,0.0,10.526315789473685,45,0.0,13.333333333333334,24,0.0,8.333333333333334,32.0,1,0.0,5.0,5.0,1,2,3
20260818TMG10,2026-08-18,1C上,2.1,2.5,3.2,54,70.37037037037037,0.0,31,80.64516129032258,0.0,31,0.0,12.903225806451612,13,0.0,15.384615384615385,44,0.0,13.636363636363637,22,0.0,18.181818181818183,32.0,1,0.0,5.0,3.0,1,2,4
20260818TMG11,2026-08-18,1C上,1.7,4.2,2.1,44,88.63636363636364,0.0,24,95.83333333333333,0.0,34,0.0,5.882352941176471,20,0.0,0.0,29,0.0,24.137931034482758,13,0.0,7.6923076923076925,28.0,3,2.0,5.0,5.0,1,3,4
20260818TMG12,2026-08-18,1C上,2.4,3.4,3.4,58,58.62068965517241,0.0,26,69.23076923076923,0.0,28,0.0,7.142857142857143,8,0.0,25.0,32,0.0,0.0,17,0.0,0.0,31.0,2,6.0,5.0,5.0,1,4,6
20260819TMG01,2026-08-19,1C下,4.8,3.9,3.9,16,37.5,0.0,14,35.714285714285715,0.0,28,0.0,0.0,16,0.0,0.0,27,0.0,3.7037037037037037,11,0.0,9.090909090909092,23.0,5,10.0,2.0,4.0,5,1,3
20260819TMG02,2026-08-19,1C上,2.9,3.6,2.8,40,37.5,0.0,19,36.8421052631579,0.0,31,0.0,0.0,19,0.0,0.0,48,0.0,20.833333333333332,27,0.0,22.22222222222222,30.0,1,0.0,5.0,5.0,5,4,1
20260819TMG03,2026-08-19,1C上,3.4,4.1,3.2,44,65.9090909090909,0.0,24,62.5,0.0,31,0.0,0.0,15,0.0,0.0,45,0.0,13.333333333333334,22,0.0,13.636363636363637,31.0,2,1.0,5.0,5.0,1,2,5
20260819TMG04,2026-08-19,1C上,2.5,3.1,3.1,51,58.8235294117647,0.0,27,59.25925925925926,0.0,37,0.0,8.108108108108109,19,0.0,10.526315789473685,31,0.0,6.451612903225806,13,0.0,0.0,34.0,2,1.0,5.0,4.0,2,1,5
20260819TMG05,2026-08-19,1C上,2.5,2.7,3.8,46,54.34782608695652,0.0,24,45.833333333333336,0.0,29,0.0,3.4482758620689653,16,0.0,6.25,31,0.0,6.451612903225806,19,0.0,10.526315789473685,33.0,1,0.0,5.0,5.0,4,5,6
20260819TMG06,2026-08-19,1C下,4.6,2.8,3.9,26,15.384615384615385,0.0,13,7.6923076923076925,0.0,33,0.0,0.0,19,0.0,0.0,36,0.0,0.0,20,0.0,0.0,25.0,2,12.0,2.0,1.0,1,2,3
20260819TMG07,2026-08-19,1C下,3.9,3.4,2.3,32,31.25,0.0,17,41.1764705882353,0.0,118,0.0,1.694915254237288,56,0.0,0.0,28,0.0,3.5714285714285716,12,0.0,8.333333333333334,34.0,1,0.0,5.0,5.0,1,5,3
20260819TMG08,2026-08-19,1C上,2.6,3.2,2.9,30,26.666666666666668,0.0,13,23.076923076923077,0.0,50,0.0,6.0,25,0.0,4.0,44,0.0,4.545454545454546,23,0.0,4.3478260869565215,24.0,3,10.0,3.0,5.0,1,2,3
20260819TMG09,2026-08-19,1C上,2.1,4.8,3.0,60,68.33333333333333,0.0,29,58.62068965517241,0.0,32,0.0,3.125,16,0.0,0.0,34,0.0,17.647058823529413,20,0.0,25.0,32.0,1,0.0,5.0,5.0,4,2,5
20260819TMG10,2026-08-19,1C下,3.3,2.8,2.7,44,68.18181818181819,0.0,30,73.33333333333333,0.0,40,0.0,5.0,15,0.0,13.333333333333334,45,0.0,24.444444444444443,27,0.0,29.62962962962963,21.0,5,11.0,2.0,4.0,1,2,3
20260819TMG11,2026-08-19,1C下,2.4,2.2,2.1,59,59.32203389830509,0.0,26,69.23076923076923,0.0,42,0.0,9.523809523809524,20,0.0,0.0,30,0.0,23.333333333333332,14,0.0,7.142857142857143,32.0,1,0.0,5.0,5.0,1,6,3
20260819TMG12,2026-08-19,1C上,2.2,3.4,3.0,55,81.81818181818181,0.0,22,86.36363636363636,0.0,29,0.0,6.896551724137931,9,0.0,22.22222222222222,40,0.0,12.5,25,0.0,16.0,37.0,1,0.0,5.0,4.0,1,2,4
20260820TMG01,2026-08-20,1C下,4.9,4.0,4.0,29,3.4482758620689653,0.0,17,5.882352941176471,0.0,33,0.0,3.0303030303030303,19,0.0,0.0,35,0.0,2.857142857142857,23,0.0,0.0,30.0,2,5.0,4.0,4.0,2,3,6
20260820TMG02,2026-08-20,1C上,3.2,3.4,3.1,23,30.434782608695652,0.0,10,20.0,0.0,119,0.0,1.680672268907563,57,0.0,0.0,28,0.0,3.5714285714285716,14,0.0,0.0,36.0,1,0.0,5.0,4.0,6,1,4
20260820TMG03,2026-08-20,1C上,2.2,3.2,3.4,42,61.904761904761905,0.0,26,57.69230769230769,0.0,33,0.0,6.0606060606060606,14,0.0,7.142857142857143,40,0.0,7.5,19,0.0,5.2631578947368425,26.0,3,4.0,3.0,1.0,1,4,2
20260820TMG04,2026-08-20,1C上,2.5,3.6,3.1,43,51.16279069767442,0.0,18,44.44444444444444,0.0,32,0.0,0.0,20,0.0,0.0,32,0.0,6.25,14,0.0,0.0,35.0,1,0.0,5.0,5.0,1,2,3
20260820TMG05,2026-08-20,1C上,2.5,4.2,3.0,52,57.69230769230769,0.0,28,57.142857142857146,0.0,36,0.0,0.0,20,0.0,0.0,39,0.0,7.6923076923076925,17,0.0,11.764705882352942,30.0,2,6.0,3.0,5.0,1,5,6
20260820TMG07,2026-08-20,1C上,2.6,4.1,3.1,30,30.0,0.0,17,29.41176470588235,0.0,50,0.0,4.0,21,0.0,4.761904761904762,32,0.0,6.25,15,0.0,13.333333333333334,28.0,2,2.0,3.0,4.0,3,1,5
20260820TMG08,2026-08-20,1C下,4.2,4.1,3.6,33,39.39393939393939,0.0,15,46.666666666666664,0.0,32,0.0,0.0,16,0.0,0.0,35,0.0,2.857142857142857,19,0.0,5.2631578947368425,30.0,1,0.0,5.0,1.0,1,5,6
20260820TMG09,2026-08-20,1C上,1.9,3.4,3.2,25,36.0,0.0,12,41.666666666666664,0.0,119,0.0,1.680672268907563,57,0.0,0.0,19,0.0,5.2631578947368425,16,0.0,6.25,30.0,1,0.0,3.0,5.0,4,5,2
20260820TMG10,2026-08-20,1C下,2.6,2.2,2.8,55,70.9090909090909,0.0,23,60.869565217391305,0.0,43,0.0,9.30232558139535,21,0.0,0.0,32,0.0,9.375,18,0.0,16.666666666666668,28.0,2,2.0,4.0,5.0,1,3,4
20260820TMG11,2026-08-20,1C下,3.2,2.9,4.0,36,50.0,0.0,18,55.55555555555556,0.0,44,0.0,15.909090909090908,20,0.0,5.0,44,0.0,4.545454545454546,26,0.0,3.8461538461538463,28.0,2,1.0,3.0,5.0,1,2,3
20260820TMG12,2026-08-20,1C上,2.2,2.8,3.1,55,81.81818181818181,0.0,23,86.95652173913044,0.0,39,0.0,10.256410256410257,18,0.0,5.555555555555555,27,0.0,14.814814814814815,17,0.0,23.529411764705884,37.0,1,0.0,5.0,5.0,1,6,2
20260828TMG01,2026-08-28,1C上,2.9,4.3,1.9,30,40.0,0.0,17,23.529411764705884,0.0,32,0.0,3.125,14,0.0,7.142857142857143,36,0.0,13.88888888888889,20,0.0,15.0,30.0,1,0.0,5.0,5.0,2,5,1
20260828TMG02,2026-08-28,1C下,3.1,2.6,3.5,28,28.571428571428573,0.0,17,29.41176470588235,0.0,48,0.0,4.166666666666667,28,0.0,7.142857142857143,29,0.0,20.689655172413794,15,0.0,20.0,23.0,4,11.0,2.0,4.0,1,3,4
20260828TMG03,2026-08-28,1C上,2.6,2.7,2.8,34,47.05882352941177,0.0,14,64.28571428571429,0.0,37,0.0,8.108108108108109,18,0.0,5.555555555555555,36,0.0,22.22222222222222,17,0.0,23.529411764705884,33.0,1,0.0,5.0,5.0,1,2,3
20260828TMG05,2026-08-28,1C下,3.8,2.4,3.3,31,32.25806451612903,0.0,16,31.25,0.0,32,0.0,0.0,14,0.0,0.0,40,0.0,17.5,20,0.0,20.0,25.0,2,7.0,3.0,5.0,1,2,3
20260828TMG06,2026-08-28,1C上,2.9,4.3,2.5,29,48.275862068965516,0.0,15,53.333333333333336,0.0,32,0.0,3.125,14,0.0,7.142857142857143,39,0.0,10.256410256410257,17,0.0,5.882352941176471,26.0,3,4.0,4.0,5.0,1,4,3
20260828TMG07,2026-08-28,1C下,2.8,2.7,2.4,39,61.53846153846154,0.0,18,50.0,0.0,35,0.0,0.0,20,0.0,0.0,37,0.0,24.324324324324323,17,0.0,17.647058823529413,28.0,1,0.0,5.0,5.0,1,4,6
20260828TMG08,2026-08-28,1C上,3.2,3.6,3.4,46,65.21739130434783,0.0,31,77.41935483870968,0.0,32,0.0,6.25,15,0.0,6.666666666666667,33,0.0,9.090909090909092,12,0.0,16.666666666666668,34.0,1,0.0,5.0,5.0,5,1,3
20260828TMG09,2026-08-28,1C上,2.6,2.7,3.8,44,65.9090909090909,0.0,21,61.904761904761905,0.0,43,0.0,0.0,27,0.0,0.0,32,0.0,6.25,12,0.0,0.0,33.0,2,1.0,5.0,5.0,1,4,2
20260828TMG10,2026-08-28,1C上,2.8,3.8,2.4,44,81.81818181818181,0.0,21,85.71428571428571,0.0,28,0.0,0.0,11,0.0,0.0,35,0.0,8.571428571428571,18,0.0,11.11111111111111,31.0,2,3.0,5.0,3.0,1,3,5
20260828TMG11,2026-08-28,1C上,1.8,3.2,3.2,53,60.37735849056604,0.0,26,73.07692307692308,0.0,33,0.0,0.0,14,0.0,0.0,35,0.0,5.714285714285714,19,0.0,5.2631578947368425,22.0,5,10.0,1.0,5.0,1,2,6
20260828TMG12,2026-08-28,1C下,2.8,2.6,3.8,63,71.42857142857143,0.0,30,70.0,0.0,48,0.0,2.0833333333333335,19,0.0,0.0,33,0.0,21.21212121212121,15,0.0,26.666666666666668,28.0,2,4.0,4.0,5.0,1,2,6
20260829TMG01,2026-08-29,1C下,3.2,2.7,2.8,19,10.526315789473685,0.0,9,0.0,0.0,42,0.0,11.904761904761905,17,0.0,11.764705882352942,46,0.0,4.3478260869565215,23,0.0,4.3478260869565215,32.0,1,0.0,5.0,2.0,1,4,3
20260829TMG02,2026-08-29,1C上,2.8,2.9,2.4,45,55.55555555555556,0.0,23,69.56521739130434,0.0,39,0.0,7.6923076923076925,20,0.0,10.0,41,0.0,24.390243902439025,19,0.0,21.05263157894737,24.0,3,12.0,5.0,1.0,1,3,6
20260829TMG03,2026-08-29,1C下,3.3,2.7,2.3,34,29.41176470588235,0.0,15,26.666666666666668,0.0,37,0.0,21.62162162162162,17,0.0,11.764705882352942,41,0.0,2.4390243902439024,19,0.0,5.2631578947368425,26.0,3,2.0,3.0,4.0,4,3,2
20260829TMG04,2026-08-29,1C上,2.5,3.1,2.7,40,65.0,0.0,21,66.66666666666667,0.0,37,0.0,2.7027027027027026,18,0.0,0.0,43,0.0,9.30232558139535,17,0.0,11.764705882352942,30.0,2,6.0,5.0,5.0,1,2,5
20260829TMG05,2026-08-29,1C上,3.2,3.7,2.4,44,40.90909090909091,0.0,21,38.095238095238095,0.0,39,0.0,0.0,20,0.0,0.0,49,0.0,12.244897959183673,25,0.0,16.0,28.0,2,1.0,5.0,4.0,3,2,1
20260829TMG06,2026-08-29,1C上,1.8,2.9,2.5,27,51.851851851851855,0.0,12,50.0,0.0,34,0.0,5.882352941176471,14,0.0,0.0,33,0.0,6.0606060606060606,23,0.0,8.695652173913043,28.0,1,0.0,5.0,5.0,4,3,6
20260829TMG07,2026-08-29,1C下,4.0,3.7,3.0,39,51.282051282051285,0.0,14,64.28571428571429,0.0,40,0.0,0.0,18,0.0,0.0,36,0.0,11.11111111111111,19,0.0,21.05263157894737,28.0,2,2.0,5.0,4.0,4,5,2
20260829TMG08,2026-08-29,1C上,2.6,3.8,3.2,41,65.85365853658537,0.0,20,65.0,0.0,32,0.0,3.125,15,0.0,6.666666666666667,28,0.0,21.428571428571427,18,0.0,27.77777777777778,26.0,2,10.0,3.0,5.0,1,3,5
20260829TMG09,2026-08-29,1C下,3.9,2.4,3.4,37,56.75675675675676,0.0,20,65.0,0.0,47,0.0,4.25531914893617,19,0.0,5.2631578947368425,40,0.0,17.5,16,0.0,12.5,28.0,1,0.0,2.0,5.0,1,3,6
20260829TMG10,2026-08-29,1C上,1.9,4.2,3.4,57,77.19298245614036,0.0,26,80.76923076923077,0.0,21,0.0,0.0,11,0.0,0.0,32,0.0,18.75,21,0.0,19.047619047619047,20.0,6,9.0,1.0,4.0,1,3,4
20260829TMG11,2026-08-29,1C下,3.5,3.1,1.9,51,70.58823529411765,0.0,30,66.66666666666667,0.0,32,0.0,6.25,17,0.0,11.764705882352942,37,0.0,13.513513513513514,21,0.0,14.285714285714286,34.0,1,0.0,5.0,5.0,5,4,6
20260829TMG12,2026-08-29,1C上,1.9,2.5,2.9,17,35.294117647058826,0.0,9,66.66666666666667,0.0,24,0.0,0.0,12,0.0,0.0,39,0.0,7.6923076923076925,20,0.0,15.0,36.0,1,0.0,5.0,5.0,1,3,5
20260830TMG01,2026-08-30,1C下,3.5,3.1,2.9,25,40.0,0.0,14,28.571428571428573,0.0,31,0.0,6.451612903225806,17,0.0,0.0,34,0.0,2.9411764705882355,16,0.0,0.0,27.0,3,7.0,2.0,5.0,1,4,2
20260830TMG03,2026-08-30,1C上,2.4,2.7,3.2,44,79.54545454545455,0.0,22,77.27272727272727,0.0,39,0.0,12.820512820512821,23,0.0,17.391304347826086,36,0.0,5.555555555555555,20,0.0,5.0,27.0,2,5.0,4.0,5.0,4,6,3
20260830TMG04,2026-08-30,1C上,2.8,3.5,2.8,28,28.571428571428573,0.0,14,21.428571428571427,0.0,38,0.0,7.894736842105263,14,0.0,14.285714285714286,36,0.0,11.11111111111111,23,0.0,13.043478260869565,26.0,4,8.0,4.0,5.0,2,3,5
20260830TMG05,2026-08-30,1C上,3.0,3.2,3.0,26,53.84615384615385,0.0,12,58.333333333333336,0.0,26,0.0,3.8461538461538463,13,0.0,0.0,53,0.0,7.547169811320755,26,0.0,7.6923076923076925,18.0,6,14.0,3.0,2.0,4,1,6
20260830TMG06,2026-08-30,1C上,1.8,3.4,2.2,35,57.142857142857146,0.0,17,47.05882352941177,0.0,41,0.0,0.0,19,0.0,0.0,35,0.0,14.285714285714286,16,0.0,18.75,32.0,1,0.0,5.0,5.0,4,3,1
20260830TMG07,2026-08-30,1C上,2.6,3.6,3.3,39,69.23076923076923,0.0,25,72.0,0.0,37,0.0,5.405405405405405,20,0.0,0.0,40,0.0,7.5,16,0.0,6.25,26.0,3,2.0,4.0,5.0,1,3,5
20260830TMG08,2026-08-30,1C上,2.6,3.2,3.2,45,66.66666666666667,0.0,22,63.63636363636363,0.0,34,0.0,0.0,15,0.0,0.0,30,0.0,16.666666666666668,16,0.0,12.5,26.0,2,6.0,3.0,5.0,5,2,4
20260830TMG09,2026-08-30,1C下,3.4,2.6,3.2,45,66.66666666666667,0.0,21,66.66666666666667,0.0,40,0.0,7.5,21,0.0,4.761904761904762,28,0.0,10.714285714285714,14,0.0,7.142857142857143,33.0,1,0.0,3.0,5.0,6,4,2
20260830TMG10,2026-08-30,1C下,3.8,2.6,2.4,42,57.142857142857146,0.0,25,56.0,0.0,49,0.0,4.081632653061225,29,0.0,6.896551724137931,36,0.0,8.333333333333334,19,0.0,10.526315789473685,34.0,1,0.0,4.0,5.0,1,2,3
20260830TMG11,2026-08-30,1C上,2.1,3.4,3.7,49,69.38775510204081,0.0,19,68.42105263157895,0.0,36,0.0,0.0,18,0.0,0.0,33,0.0,9.090909090909092,19,0.0,10.526315789473685,25.0,4,11.0,5.0,1.0,1,2,3
20260830TMG12,2026-08-30,1C上,2.7,3.8,3.3,55,70.9090909090909,0.0,19,78.94736842105263,0.0,40,0.0,5.0,17,0.0,11.764705882352942,45,0.0,15.555555555555555,22,0.0,22.727272727272727,30.0,1,0.0,4.0,4.0,1,2,3
20260831TMG01,2026-08-31,1C上,3.9,4.0,3.7,30,63.333333333333336,0.0,17,70.58823529411765,0.0,25,0.0,4.0,12,0.0,0.0,34,0.0,8.823529411764707,20,0.0,10.0,34.0,1,0.0,5.0,5.0,2,1,5
20260831TMG02,2026-08-31,1C下,2.9,2.6,3.2,31,38.70967741935484,0.0,18,22.22222222222222,0.0,41,0.0,7.317073170731708,22,0.0,4.545454545454546,29,0.0,20.689655172413794,19,0.0,26.31578947368421,30.0,3,4.0,5.0,5.0,2,4,1
20260831TMG03,2026-08-31,同じ,2.7,2.7,2.8,30,36.666666666666664,0.0,15,33.333333333333336,0.0,38,0.0,7.894736842105263,19,0.0,5.2631578947368425,37,0.0,10.81081081081081,24,0.0,12.5,20.0,6,13.0,1.0,4.0,3,4,1
20260831TMG04,2026-08-31,1C上,2.6,3.9,2.4,28,57.142857142857146,0.0,13,46.15384615384615,0.0,35,0.0,2.857142857142857,14,0.0,7.142857142857143,38,0.0,23.68421052631579,18,0.0,16.666666666666668,25.0,4,8.0,2.0,5.0,1,2,5
20260831TMG05,2026-08-31,同じ,3.1,3.1,2.9,31,29.032258064516128,0.0,13,23.076923076923077,0.0,39,0.0,5.128205128205129,18,0.0,5.555555555555555,35,0.0,2.857142857142857,17,0.0,0.0,22.0,5,8.0,4.0,2.0,5,2,6
20260831TMG06,2026-08-31,1C上,2.8,3.8,3.3,39,61.53846153846154,0.0,19,52.63157894736842,0.0,27,0.0,3.7037037037037037,12,0.0,0.0,40,0.0,17.5,21,0.0,19.047619047619047,30.0,1,0.0,5.0,5.0,3,1,4
20260831TMG07,2026-08-31,1C上,1.8,2.7,2.3,27,51.851851851851855,0.0,13,46.15384615384615,0.0,38,0.0,21.05263157894737,18,0.0,11.11111111111111,42,0.0,2.380952380952381,20,0.0,5.0,22.0,6,8.0,1.0,5.0,3,5,4
20260831TMG08,2026-08-31,1C上,3.0,3.1,3.6,39,56.41025641025641,0.0,20,55.0,0.0,35,0.0,5.714285714285714,17,0.0,5.882352941176471,39,0.0,15.384615384615385,22,0.0,18.181818181818183,30.0,2,1.0,5.0,4.0,1,2,6
20260831TMG09,2026-08-31,1C下,2.7,2.6,2.2,56,71.42857142857143,0.0,20,80.0,0.0,50,0.0,4.0,30,0.0,6.666666666666667,24,0.0,12.5,11,0.0,0.0,35.0,1,0.0,5.0,5.0,1,4,2
20260831TMG10,2026-08-31,1C上,2.5,3.1,3.2,52,69.23076923076923,0.0,26,65.38461538461539,0.0,35,0.0,2.857142857142857,15,0.0,0.0,37,0.0,5.405405405405405,21,0.0,4.761904761904762,25.0,3,8.0,4.0,5.0,4,6,5
20260831TMG11,2026-08-31,1C上,1.9,3.3,2.4,18,38.888888888888886,0.0,10,70.0,0.0,37,0.0,8.108108108108109,19,0.0,10.526315789473685,41,0.0,24.390243902439025,20,0.0,20.0,33.0,1,0.0,5.0,5.0,1,3,2
20260831TMG12,2026-08-31,1C下,2.8,2.6,3.2,62,70.96774193548387,0.0,31,70.96774193548387,0.0,49,0.0,2.0408163265306123,20,0.0,0.0,31,0.0,16.129032258064516,17,0.0,11.764705882352942,25.0,3,11.0,3.0,5.0,1,2,4
20260901TMG01,2026-09-01,1C下,3.8,3.1,2.4,33,33.333333333333336,0.0,18,33.333333333333336,0.0,38,0.0,2.6315789473684212,16,0.0,0.0,38,0.0,10.526315789473685,19,0.0,15.789473684210526,32.0,1,0.0,5.0,5.0,1,6,2
20260901TMG02,2026-09-01,1C下,3.5,2.6,3.2,26,42.30769230769231,0.0,15,33.333333333333336,0.0,42,0.0,7.142857142857143,23,0.0,4.3478260869565215,32,0.0,15.625,18,0.0,11.11111111111111,26.0,2,2.0,3.0,5.0,2,3,4
20260901TMG03,2026-09-01,1C上,2.4,3.9,2.5,52,57.69230769230769,0.0,22,68.18181818181819,0.0,36,0.0,2.7777777777777777,15,0.0,6.666666666666667,40,0.0,10.0,18,0.0,5.555555555555555,34.0,1,0.0,5.0,5.0,6,1,2
20260901TMG05,2026-09-01,1C上,4.0,4.3,2.9,39,48.717948717948715,0.0,15,60.0,0.0,33,0.0,3.0303030303030303,16,0.0,6.25,39,0.0,7.6923076923076925,21,0.0,14.285714285714286,24.0,3,8.0,3.0,4.0,4,5,6
20260901TMG06,2026-09-01,1C下,3.0,2.7,2.8,27,51.851851851851855,0.0,13,53.84615384615385,0.0,40,0.0,12.5,24,0.0,16.666666666666668,38,0.0,13.157894736842104,25,0.0,16.0,26.0,3,9.0,4.0,4.0,1,4,2
20260901TMG08,2026-09-01,1C上,2.8,4.0,2.8,29,27.586206896551722,0.0,15,20.0,0.0,25,0.0,4.0,13,0.0,0.0,35,0.0,22.857142857142858,18,0.0,22.22222222222222,28.0,3,2.0,4.0,2.0,2,1,5
20260901TMG09,2026-09-01,1C上,2.6,3.3,3.0,40,70.0,0.0,26,73.07692307692308,0.0,39,0.0,5.128205128205129,23,0.0,8.695652173913043,37,0.0,10.81081081081081,20,0.0,20.0,26.0,3,6.0,4.0,5.0,2,1,4
20260901TMG10,2026-09-01,1C上,1.9,3.1,3.3,19,42.10526315789474,0.0,11,72.72727272727273,0.0,40,0.0,5.0,19,0.0,5.2631578947368425,41,0.0,19.51219512195122,22,0.0,22.727272727272727,31.0,1,0.0,5.0,4.0,1,4,2
20260901TMG11,2026-09-01,1C下,2.7,2.6,2.3,57,71.9298245614035,0.0,21,80.95238095238095,0.0,51,0.0,3.9215686274509802,31,0.0,6.451612903225806,32,0.0,9.375,15,0.0,13.333333333333334,30.0,2,2.0,5.0,4.0,1,2,5
20260901TMG12,2026-09-01,1C上,2.1,2.9,3.3,50,70.0,0.0,20,70.0,0.0,40,0.0,7.5,21,0.0,9.523809523809524,46,0.0,15.217391304347826,23,0.0,21.73913043478261,36.0,1,0.0,5.0,5.0,3,5,1
20260902TMG01,2026-09-02,1C上,3.3,3.5,3.4,34,29.41176470588235,0.0,16,25.0,0.0,15,0.0,13.333333333333334,12,0.0,16.666666666666668,31,0.0,12.903225806451612,14,0.0,0.0,28.0,2,2.0,5.0,4.0,2,1,6
20260902TMG02,2026-09-02,1C上,2.8,4.2,4.0,46,54.34782608695652,0.0,24,66.66666666666667,0.0,23,0.0,0.0,13,0.0,0.0,31,0.0,9.67741935483871,18,0.0,11.11111111111111,28.0,1,0.0,5.0,1.0,2,5,6
20260902TMG03,2026-09-02,1C上,3.8,5.4,3.4,34,35.294117647058826,0.0,19,36.8421052631579,0.0,26,0.0,3.8461538461538463,14,0.0,0.0,31,0.0,6.451612903225806,16,0.0,0.0,26.0,2,2.0,5.0,1.0,6,1,3
20260902TMG04,2026-09-02,1C上,2.9,3.1,2.5,32,37.5,0.0,19,21.05263157894737,0.0,36,0.0,5.555555555555555,18,0.0,5.555555555555555,36,0.0,22.22222222222222,20,0.0,35.0,28.0,1,0.0,3.0,5.0,3,6,2
20260902TMG05,2026-09-02,1C上,2.7,3.1,2.9,31,35.483870967741936,0.0,16,31.25,0.0,36,0.0,2.7777777777777777,16,0.0,0.0,36,0.0,2.7777777777777777,18,0.0,0.0,26.0,3,7.0,3.0,1.0,3,4,1
20260902TMG06,2026-09-02,1C上,3.2,3.8,3.5,44,40.90909090909091,0.0,22,36.36363636363637,0.0,27,0.0,3.7037037037037037,13,0.0,0.0,30,0.0,20.0,16,0.0,18.75,24.0,4,7.0,3.0,2.0,3,4,1
20260902TMG07,2026-09-02,1C上,1.8,3.2,4.0,27,48.148148148148145,0.0,14,42.857142857142854,0.0,26,0.0,3.8461538461538463,14,0.0,0.0,31,0.0,9.67741935483871,18,0.0,11.11111111111111,22.0,5,10.0,1.0,5.0,4,6,5
20260902TMG08,2026-09-02,1C下,3.9,2.7,3.4,31,61.29032258064516,0.0,18,66.66666666666667,0.0,35,0.0,0.0,21,0.0,0.0,37,0.0,8.108108108108109,21,0.0,4.761904761904762,30.0,1,0.0,5.0,5.0,1,2,4
20260902TMG09,2026-09-02,1C上,2.6,2.7,2.4,46,65.21739130434783,0.0,23,60.869565217391305,0.0,43,0.0,0.0,28,0.0,0.0,38,0.0,23.68421052631579,19,0.0,15.789473684210526,33.0,2,1.0,5.0,5.0,1,2,4
20260902TMG10,2026-09-02,1C上,2.9,3.3,3.2,47,48.93617021276596,0.0,24,54.166666666666664,0.0,38,0.0,7.894736842105263,20,0.0,10.0,33,0.0,15.151515151515152,19,0.0,10.526315789473685,24.0,4,5.0,2.0,5.0,2,5,1
20260902TMG11,2026-09-02,1C上,2.1,3.7,2.9,50,70.0,0.0,21,66.66666666666667,0.0,42,0.0,0.0,20,0.0,0.0,40,0.0,7.5,22,0.0,13.636363636363637,36.0,1,0.0,5.0,5.0,1,2,3
20260902TMG12,2026-09-02,1C下,2.7,2.4,3.3,58,72.41379310344827,0.0,22,81.81818181818181,0.0,32,0.0,0.0,15,0.0,0.0,47,0.0,14.893617021276595,24,0.0,20.833333333333332,33.0,1,0.0,5.0,5.0,1,4,2
20260909TMG01,2026-09-09,1C下,3.8,3.3,2.6,25,8.0,0.0,13,15.384615384615385,0.0,19,0.0,0.0,5,0.0,0.0,35,0.0,2.857142857142857,19,0.0,0.0,32.0,1,0.0,5.0,5.0,4,3,6
20260909TMG02,2026-09-09,1C下,3.5,3.4,3.5,23,43.47826086956522,0.0,13,53.84615384615385,0.0,27,0.0,3.7037037037037037,13,0.0,0.0,80,0.0,13.75,34,0.0,17.647058823529413,34.0,1,0.0,5.0,5.0,4,3,1
20260909TMG03,2026-09-09,1C上,4.1,4.4,2.8,21,4.761904761904762,0.0,10,10.0,0.0,37,0.0,0.0,18,0.0,0.0,35,0.0,22.857142857142858,16,0.0,25.0,25.0,3,9.0,4.0,5.0,1,5,6
20260909TMG04,2026-09-09,1C上,2.5,4.1,2.4,32,34.375,0.0,15,40.0,0.0,49,0.0,4.081632653061225,22,0.0,4.545454545454546,38,0.0,13.157894736842104,21,0.0,9.523809523809524,24.0,3,7.0,4.0,3.0,4,5,3
20260909TMG05,2026-09-09,1C上,2.8,3.0,3.2,28,25.0,0.0,15,26.666666666666668,0.0,32,0.0,12.5,14,0.0,14.285714285714286,36,0.0,11.11111111111111,19,0.0,10.526315789473685,30.0,1,0.0,5.0,5.0,5,1,2
20260909TMG06,2026-09-09,1C上,2.9,4.0,3.0,42,61.904761904761905,0.0,19,57.89473684210526,0.0,41,0.0,0.0,23,0.0,0.0,36,0.0,8.333333333333334,19,0.0,5.2631578947368425,36.0,1,0.0,5.0,5.0,1,5,3
20260909TMG07,2026-09-09,1C上,2.1,3.7,3.5,29,44.827586206896555,0.0,16,25.0,0.0,36,0.0,0.0,17,0.0,0.0,80,0.0,13.75,34,0.0,17.647058823529413,26.0,3,5.0,3.0,4.0,2,1,3
20260909TMG08,2026-09-09,1C上,2.6,2.9,2.8,51,43.13725490196079,0.0,27,40.74074074074074,0.0,33,0.0,0.0,19,0.0,0.0,42,0.0,7.142857142857143,17,0.0,11.764705882352942,30.0,1,0.0,5.0,5.0,1,5,2
20260909TMG09,2026-09-09,1C上,1.7,4.1,3.5,37,75.67567567567568,0.0,19,73.6842105263158,0.0,41,0.0,0.0,19,0.0,0.0,54,0.0,5.555555555555555,27,0.0,3.7037037037037037,29.0,2,9.0,5.0,5.0,1,3,5
20260909TMG10,2026-09-09,1C上,3.0,3.4,3.1,45,53.333333333333336,0.0,24,58.333333333333336,0.0,50,0.0,2.0,24,0.0,4.166666666666667,39,0.0,7.6923076923076925,19,0.0,10.526315789473685,28.0,3,2.0,3.0,5.0,1,4,3
20260909TMG11,2026-09-09,1C上,2.8,4.3,3.5,46,60.869565217391305,0.0,20,75.0,0.0,37,0.0,0.0,20,0.0,0.0,24,0.0,12.5,14,0.0,0.0,28.0,2,4.0,4.0,5.0,1,4,6
20260909TMG12,2026-09-09,1C下,3.2,2.5,3.0,34,50.0,0.0,17,64.70588235294117,0.0,37,0.0,5.405405405405405,13,0.0,15.384615384615385,51,0.0,21.568627450980394,23,0.0,21.73913043478261,25.0,4,7.0,4.0,3.0,2,1,3
