race_code,race_date,st65,p6_12_n,p6_12_win,p6_12_makuri,p6_12_makurizashi,p6_12_attack,second_score,second_rank,gap,attack_potential,st_score,straight_score,ex_score,lap_score,mawari_score,first,second,third
20240911TMG01,2024-09-11,内側より下,43,0.0,0.0,0.0,0.0,30.0,3,2.0,7.0,3.0,4.0,5.0,4.0,3.0,1,5,6
20240911TMG02,2024-09-11,同じ,4,0.0,0.0,0.0,0.0,24.0,3,3.0,4.0,3.0,1.0,3.0,3.0,5.0,5,4,6
20240911TMG03,2024-09-11,内側より下,25,0.0,0.0,0.0,0.0,17.0,6,19.0,6.0,5.0,1.0,4.0,1.0,2.0,1,3,4
20240911TMG04,2024-09-11,内側より下,89,0.0,0.0,0.0,0.0,26.0,4,6.0,5.0,3.0,2.0,3.0,5.0,3.0,1,2,3
20240911TMG05,2024-09-11,内側より上,37,0.0,0.0,0.0,0.0,18.0,6,14.0,8.0,3.0,5.0,1.0,1.0,1.0,2,4,3
20240911TMG06,2024-09-11,内側より下,31,0.0,0.0,0.0,0.0,22.0,4,8.0,5.0,3.0,2.0,3.0,2.0,4.0,1,3,2
20240911TMG07,2024-09-11,内側より下,45,0.0,0.0,0.0,0.0,22.0,5,7.0,8.0,5.0,3.0,3.0,2.0,2.0,1,2,5
20240911TMG08,2024-09-11,内側より下,29,0.0,0.0,0.0,0.0,29.0,3,5.0,9.0,5.0,4.0,2.0,4.0,3.0,3,5,4
20240911TMG09,2024-09-11,内側より下,28,0.0,0.0,0.0,0.0,16.0,6,16.0,4.0,3.0,1.0,1.0,2.0,3.0,1,3,6
20240911TMG10,2024-09-11,内側より下,28,7.142857142857143,0.0,3.5714285714285716,3.5714285714285716,17.0,6,11.0,3.0,2.0,1.0,3.0,2.0,3.0,5,6,4
20240911TMG11,2024-09-11,内側より下,26,3.8461538461538463,0.0,0.0,0.0,19.0,5,15.0,4.0,3.0,1.0,2.0,1.0,5.0,1,3,2
20240911TMG12,2024-09-11,内側より上,34,5.882352941176471,0.0,2.9411764705882355,2.9411764705882355,22.0,4,10.0,10.0,5.0,5.0,3.0,1.0,1.0,5,4,3
20240912TMG01,2024-09-12,内側より下,25,0.0,0.0,0.0,0.0,26.0,3,3.0,7.0,2.0,5.0,4.0,3.0,2.0,3,1,6
20240912TMG02,2024-09-12,内側より下,24,4.166666666666667,0.0,0.0,0.0,34.0,2,2.0,10.0,5.0,5.0,3.0,5.0,3.0,4,1,6
20240912TMG03,2024-09-12,内側より上,38,0.0,0.0,0.0,0.0,18.0,5,20.0,7.0,3.0,4.0,3.0,1.0,1.0,2,1,4
20240912TMG04,2024-09-12,内側より上,11,0.0,0.0,0.0,0.0,24.0,3,10.0,9.0,5.0,4.0,3.0,3.0,1.0,2,1,3
20240912TMG05,2024-09-12,内側より下,21,0.0,0.0,0.0,0.0,15.0,5,21.0,3.0,2.0,1.0,3.0,1.0,3.0,4,5,6
20240912TMG06,2024-09-12,内側より上,19,5.2631578947368425,5.2631578947368425,0.0,5.2631578947368425,22.0,5,12.0,4.0,3.0,1.0,3.0,3.0,4.0,5,2,6
20240912TMG07,2024-09-12,内側より下,90,0.0,0.0,0.0,0.0,28.0,2,2.0,3.0,1.0,2.0,3.0,5.0,5.0,1,4,2
20240912TMG08,2024-09-12,内側より上,8,0.0,0.0,0.0,0.0,20.0,6,14.0,7.0,5.0,2.0,3.0,1.0,3.0,3,1,4
20240912TMG10,2024-09-12,内側より下,30,0.0,0.0,0.0,0.0,34.0,1,0.0,10.0,5.0,5.0,5.0,3.0,4.0,1,2,5
20240912TMG12,2024-09-12,内側より上,34,2.9411764705882355,0.0,2.9411764705882355,2.9411764705882355,20.0,6,11.0,6.0,5.0,1.0,3.0,2.0,3.0,2,1,3
20240913TMG01,2024-09-13,内側より上,39,0.0,0.0,0.0,0.0,19.0,6,18.0,8.0,3.0,5.0,2.0,1.0,1.0,4,5,1
20240913TMG02,2024-09-13,内側より下,30,0.0,0.0,0.0,0.0,29.0,1,0.0,10.0,5.0,5.0,4.0,4.0,1.0,4,5,6
20240913TMG03,2024-09-13,内側より上,38,18.42105263157895,18.42105263157895,0.0,18.42105263157895,11.0,6,22.0,4.0,3.0,1.0,2.0,1.0,1.0,2,1,3
20240913TMG04,2024-09-13,内側より下,42,2.380952380952381,2.380952380952381,0.0,2.380952380952381,26.0,3,6.0,6.0,5.0,1.0,3.0,5.0,3.0,1,3,5
20240913TMG05,2024-09-13,内側より下,26,0.0,0.0,0.0,0.0,28.0,2,3.0,10.0,5.0,5.0,3.0,3.0,2.0,1,2,5
20240913TMG06,2024-09-13,内側より上,39,0.0,0.0,0.0,0.0,17.0,6,14.0,6.0,1.0,5.0,2.0,1.0,1.0,1,5,2
20240913TMG07,2024-09-13,内側より下,27,0.0,0.0,0.0,0.0,18.0,5,20.0,7.0,5.0,2.0,3.0,1.0,2.0,2,3,1
20240913TMG08,2024-09-13,内側より下,26,0.0,0.0,0.0,0.0,27.0,3,3.0,8.0,5.0,3.0,2.0,2.0,5.0,1,2,5
20240913TMG09,2024-09-13,内側より下,24,0.0,0.0,0.0,0.0,23.0,4,9.0,7.0,2.0,5.0,3.0,3.0,1.0,1,5,2
20240913TMG10,2024-09-13,内側より下,32,0.0,0.0,0.0,0.0,20.0,5,11.0,6.0,3.0,3.0,3.0,1.0,3.0,1,2,5
20240913TMG11,2024-09-13,内側より下,41,2.4390243902439024,2.4390243902439024,0.0,2.4390243902439024,24.0,3,6.0,6.0,5.0,1.0,3.0,4.0,3.0,1,2,4
20240913TMG12,2024-09-13,内側より下,34,2.9411764705882355,2.9411764705882355,0.0,2.9411764705882355,27.0,4,11.0,7.0,2.0,5.0,5.0,1.0,4.0,1,2,5
20240914TMG01,2024-09-14,内側より上,34,5.882352941176471,0.0,5.882352941176471,5.882352941176471,20.0,3,10.0,4.0,3.0,1.0,3.0,2.0,4.0,4,2,3
20240914TMG02,2024-09-14,内側より下,24,4.166666666666667,4.166666666666667,0.0,4.166666666666667,22.0,4,10.0,5.0,3.0,2.0,3.0,1.0,5.0,5,3,1
20240914TMG03,2024-09-14,内側より上,41,0.0,0.0,0.0,0.0,21.0,3,9.0,8.0,3.0,5.0,2.0,1.0,2.0,1,2,3
20240914TMG04,2024-09-14,内側より下,91,0.0,0.0,0.0,0.0,28.0,2,8.0,8.0,3.0,5.0,3.0,4.0,2.0,3,2,4
20240914TMG05,2024-09-14,内側より下,25,4.0,0.0,0.0,0.0,27.0,2,6.0,7.0,5.0,2.0,4.0,3.0,4.0,1,2,6
20240914TMG06,2024-09-14,内側より下,28,3.5714285714285716,0.0,0.0,0.0,30.0,1,0.0,6.0,5.0,1.0,3.0,5.0,5.0,3,6,4
20240914TMG07,2024-09-14,内側より下,26,3.8461538461538463,3.8461538461538463,0.0,3.8461538461538463,28.0,2,5.0,10.0,5.0,5.0,3.0,3.0,2.0,1,3,4
20240914TMG08,2024-09-14,内側より上,41,0.0,0.0,0.0,0.0,17.0,6,11.0,7.0,5.0,2.0,2.0,1.0,2.0,5,1,4
20240914TMG09,2024-09-14,内側より下,28,0.0,0.0,0.0,0.0,17.0,6,17.0,8.0,5.0,3.0,2.0,1.0,1.0,3,6,4
20240914TMG10,2024-09-14,内側より下,43,2.3255813953488373,2.3255813953488373,0.0,2.3255813953488373,24.0,4,7.0,6.0,5.0,1.0,3.0,2.0,5.0,1,3,5
20240914TMG11,2024-09-14,内側より上,5,0.0,0.0,0.0,0.0,24.0,3,11.0,4.0,3.0,1.0,3.0,3.0,5.0,1,2,3
20240914TMG12,2024-09-14,内側より上,39,17.94871794871795,17.94871794871795,0.0,17.94871794871795,18.0,6,14.0,4.0,3.0,1.0,3.0,1.0,4.0,3,1,2
20240915TMG01,2024-09-15,内側より下,35,5.714285714285714,0.0,2.857142857142857,2.857142857142857,23.0,5,11.0,6.0,3.0,3.0,4.0,1.0,4.0,6,2,1
20240915TMG02,2024-09-15,内側より上,20,5.0,5.0,0.0,5.0,17.0,6,15.0,4.0,3.0,1.0,4.0,2.0,2.0,6,4,2
20240915TMG03,2024-09-15,内側より上,43,0.0,0.0,0.0,0.0,14.0,6,16.0,3.0,1.0,2.0,3.0,1.0,2.0,1,4,3
20240915TMG04,2024-09-15,内側より下,28,0.0,0.0,0.0,0.0,12.0,6,22.0,4.0,2.0,2.0,2.0,1.0,1.0,4,2,5
20240915TMG05,2024-09-15,内側より下,46,0.0,0.0,0.0,0.0,24.0,5,10.0,6.0,5.0,1.0,3.0,5.0,2.0,2,1,3
20240915TMG06,2024-09-15,内側より下,10,0.0,0.0,0.0,0.0,32.0,2,2.0,9.0,5.0,4.0,3.0,4.0,4.0,3,1,2
20240915TMG07,2024-09-15,内側より上,34,5.882352941176471,0.0,2.9411764705882355,2.9411764705882355,30.0,1,0.0,10.0,5.0,5.0,3.0,2.0,4.0,1,2,6
20240915TMG08,2024-09-15,内側より下,27,0.0,0.0,0.0,0.0,32.0,2,4.0,10.0,5.0,5.0,3.0,4.0,3.0,1,2,5
20240915TMG09,2024-09-15,内側より下,41,0.0,0.0,0.0,0.0,28.0,2,7.0,3.0,2.0,1.0,4.0,5.0,5.0,1,2,6
20240915TMG10,2024-09-15,内側より下,31,0.0,0.0,0.0,0.0,33.0,1,0.0,8.0,3.0,5.0,4.0,5.0,3.0,1,4,2
20240915TMG11,2024-09-15,内側より上,40,17.5,17.5,0.0,17.5,20.0,5,9.0,5.0,3.0,2.0,3.0,2.0,3.0,1,4,5
20240915TMG12,2024-09-15,内側より下,26,0.0,0.0,0.0,0.0,22.0,5,7.0,6.0,1.0,5.0,3.0,2.0,2.0,1,2,5
20240918TMG01,2024-09-18,内側より上,81,1.2345679012345678,0.0,1.2345679012345678,1.2345679012345678,34.0,1,0.0,8.0,3.0,5.0,3.0,5.0,4.0,2,3,4
20240918TMG02,2024-09-18,内側より下,66,0.0,0.0,0.0,0.0,10.0,6,24.0,4.0,3.0,1.0,1.0,1.0,1.0,1,2,5
20240918TMG03,2024-09-18,内側より下,26,0.0,0.0,0.0,0.0,30.0,2,2.0,8.0,3.0,5.0,3.0,5.0,2.0,2,1,6
20240918TMG04,2024-09-18,内側より下,138,1.4492753623188406,0.0,0.7246376811594203,0.7246376811594203,28.0,3,6.0,7.0,2.0,5.0,2.0,5.0,2.0,4,3,5
20240918TMG05,2024-09-18,内側より下,26,0.0,0.0,0.0,0.0,26.0,2,11.0,6.0,5.0,1.0,3.0,3.0,5.0,1,2,6
20240918TMG06,2024-09-18,内側より下,29,3.4482758620689653,3.4482758620689653,0.0,3.4482758620689653,25.0,4,6.0,8.0,3.0,5.0,2.0,2.0,3.0,1,3,2
20240918TMG07,2024-09-18,内側より下,196,2.5510204081632653,1.0204081632653061,1.0204081632653061,2.0408163265306123,29.0,3,3.0,9.0,5.0,4.0,4.0,2.0,4.0,2,6,1
20240918TMG08,2024-09-18,内側より下,31,9.67741935483871,3.225806451612903,3.225806451612903,6.451612903225806,26.0,4,2.0,8.0,5.0,3.0,3.0,3.0,3.0,4,3,2
20240918TMG09,2024-09-18,内側より下,36,0.0,0.0,0.0,0.0,25.0,4,5.0,8.0,3.0,5.0,4.0,3.0,1.0,2,1,3
20240918TMG10,2024-09-18,内側より下,30,0.0,0.0,0.0,0.0,24.0,5,7.0,6.0,5.0,1.0,5.0,2.0,4.0,4,3,2
20240918TMG11,2024-09-18,内側より下,42,0.0,0.0,0.0,0.0,22.0,4,14.0,7.0,5.0,2.0,3.0,1.0,4.0,1,5,4
20240918TMG12,2024-09-18,内側より上,24,0.0,0.0,0.0,0.0,29.0,2,5.0,7.0,5.0,2.0,4.0,4.0,4.0,2,5,1
20240919TMG01,2024-09-19,内側より下,139,1.4388489208633093,0.0,0.7194244604316546,0.7194244604316546,20.0,5,16.0,8.0,3.0,5.0,3.0,1.0,1.0,3,1,5
20240919TMG02,2024-09-19,内側より上,67,0.0,0.0,0.0,0.0,21.0,5,16.0,10.0,5.0,5.0,2.0,1.0,1.0,2,4,1
20240919TMG03,2024-09-19,内側より下,33,0.0,0.0,0.0,0.0,22.0,5,12.0,6.0,5.0,1.0,3.0,1.0,5.0,2,3,4
20240919TMG04,2024-09-19,同じ,26,7.6923076923076925,7.6923076923076925,0.0,7.6923076923076925,22.0,4,9.0,4.0,3.0,1.0,3.0,2.0,5.0,2,1,6
20240919TMG05,2024-09-19,内側より下,197,2.5380710659898478,1.015228426395939,1.015228426395939,2.030456852791878,21.0,4,9.0,8.0,3.0,5.0,4.0,1.0,1.0,3,4,6
20240919TMG06,2024-09-19,内側より下,67,0.0,0.0,0.0,0.0,21.0,5,15.0,8.0,3.0,5.0,4.0,1.0,1.0,4,3,5
20240919TMG07,2024-09-19,内側より上,34,2.9411764705882355,2.9411764705882355,0.0,2.9411764705882355,32.0,2,4.0,10.0,5.0,5.0,3.0,3.0,4.0,4,3,1
20240919TMG09,2024-09-19,内側より下,197,2.5380710659898478,1.015228426395939,1.015228426395939,2.030456852791878,20.0,5,15.0,4.0,3.0,1.0,5.0,1.0,4.0,1,3,2
20240919TMG10,2024-09-19,内側より下,23,0.0,0.0,0.0,0.0,24.0,4,12.0,6.0,3.0,3.0,3.0,3.0,3.0,1,3,2
20240919TMG11,2024-09-19,内側より下,36,2.7777777777777777,0.0,0.0,0.0,22.0,4,15.0,3.0,2.0,1.0,4.0,3.0,4.0,5,1,4
20240919TMG12,2024-09-19,内側より下,29,0.0,0.0,0.0,0.0,23.0,6,6.0,7.0,3.0,4.0,4.0,1.0,3.0,1,3,5
20240920TMG01,2024-09-20,内側より下,32,9.375,3.125,3.125,6.25,26.0,2,4.0,5.0,3.0,2.0,3.0,5.0,3.0,3,6,1
20240920TMG02,2024-09-20,内側より下,31,0.0,0.0,0.0,0.0,26.0,2,5.0,9.0,5.0,4.0,3.0,3.0,2.0,1,3,4
20240920TMG03,2024-09-20,内側より下,69,0.0,0.0,0.0,0.0,16.0,6,16.0,6.0,3.0,3.0,3.0,1.0,1.0,3,2,4
20240920TMG04,2024-09-20,内側より下,28,0.0,0.0,0.0,0.0,32.0,1,0.0,10.0,5.0,5.0,3.0,3.0,4.0,5,1,3
20240920TMG05,2024-09-20,内側より下,27,3.7037037037037037,0.0,0.0,0.0,22.0,5,11.0,9.0,5.0,4.0,3.0,2.0,1.0,4,3,1
20240920TMG06,2024-09-20,内側より上,36,8.333333333333334,0.0,2.7777777777777777,2.7777777777777777,26.0,3,5.0,6.0,5.0,1.0,3.0,4.0,4.0,1,2,3
20240920TMG07,2024-09-20,内側より下,199,2.512562814070352,1.0050251256281406,1.0050251256281406,2.0100502512562812,18.0,5,17.0,5.0,3.0,2.0,3.0,2.0,2.0,2,3,1
20240920TMG08,2024-09-20,内側より上,82,1.2195121951219512,0.0,1.2195121951219512,1.2195121951219512,18.0,4,13.0,4.0,3.0,1.0,3.0,1.0,4.0,3,1,2
20240920TMG09,2024-09-20,内側より下,24,0.0,0.0,0.0,0.0,16.0,5,16.0,4.0,3.0,1.0,3.0,2.0,2.0,1,2,6
20240920TMG10,2024-09-20,内側より上,31,6.451612903225806,3.225806451612903,3.225806451612903,6.451612903225806,19.0,5,13.0,4.0,3.0,1.0,2.0,3.0,3.0,1,4,2
20240920TMG11,2024-09-20,内側より下,29,3.4482758620689653,0.0,3.4482758620689653,3.4482758620689653,18.0,5,18.0,4.0,3.0,1.0,1.0,2.0,4.0,2,3,1
20240920TMG12,2024-09-20,内側より下,27,3.7037037037037037,0.0,3.7037037037037037,3.7037037037037037,18.0,5,12.0,3.0,2.0,1.0,2.0,2.0,4.0,1,5,3
20240921TMG01,2024-09-21,内側より下,140,1.4285714285714286,0.0,0.7142857142857143,0.7142857142857143,28.0,2,3.0,8.0,5.0,3.0,3.0,4.0,3.0,1,2,5
20240921TMG02,2024-09-21,内側より下,200,2.5,1.0,1.0,2.0,24.0,3,7.0,5.0,3.0,2.0,3.0,3.0,4.0,3,4,6
20240921TMG03,2024-09-21,内側より上,70,0.0,0.0,0.0,0.0,15.0,5,17.0,5.0,2.0,3.0,3.0,1.0,1.0,5,2,4
20240921TMG04,2024-09-21,内側より上,23,4.3478260869565215,0.0,0.0,0.0,20.0,5,15.0,4.0,3.0,1.0,3.0,1.0,5.0,2,1,3
20240921TMG05,2024-09-21,内側より下,33,0.0,0.0,0.0,0.0,17.0,6,18.0,6.0,5.0,1.0,2.0,1.0,3.0,1,2,4
20240921TMG06,2024-09-21,内側より上,22,0.0,0.0,0.0,0.0,28.0,1,0.0,10.0,5.0,5.0,3.0,4.0,1.0,1,4,3
20240921TMG07,2024-09-21,内側より上,70,0.0,0.0,0.0,0.0,19.0,5,14.0,7.0,2.0,5.0,3.0,1.0,1.0,2,1,5
20240921TMG08,2024-09-21,内側より下,31,0.0,0.0,0.0,0.0,20.0,4,11.0,6.0,5.0,1.0,3.0,1.0,4.0,1,2,3
20240921TMG09,2024-09-21,内側より上,27,0.0,0.0,0.0,0.0,28.0,2,2.0,9.0,5.0,4.0,3.0,5.0,1.0,1,2,3
20240921TMG10,2024-09-21,内側より上,27,0.0,0.0,0.0,0.0,20.0,4,16.0,4.0,3.0,1.0,1.0,2.0,5.0,4,1,2
20240921TMG11,2024-09-21,内側より下,25,0.0,0.0,0.0,0.0,24.0,3,7.0,8.0,3.0,5.0,3.0,2.0,2.0,1,3,5
20240921TMG12,2024-09-21,内側より下,23,0.0,0.0,0.0,0.0,20.0,4,14.0,6.0,5.0,1.0,1.0,2.0,4.0,1,3,4
20240922TMG01,2024-09-22,内側より下,141,1.4184397163120568,0.0,0.7092198581560284,0.7092198581560284,30.0,3,2.0,10.0,5.0,5.0,3.0,4.0,2.0,4,5,6
20240922TMG02,2024-09-22,内側より下,25,0.0,0.0,0.0,0.0,31.0,1,0.0,10.0,5.0,5.0,4.0,5.0,1.0,1,6,4
20240922TMG03,2024-09-22,内側より上,72,0.0,0.0,0.0,0.0,18.0,6,17.0,7.0,5.0,2.0,3.0,2.0,1.0,1,4,3
20240922TMG04,2024-09-22,内側より下,34,2.9411764705882355,2.9411764705882355,0.0,2.9411764705882355,28.0,2,5.0,8.0,3.0,5.0,3.0,4.0,2.0,1,3,6
20240922TMG05,2024-09-22,内側より下,25,4.0,0.0,0.0,0.0,14.0,6,22.0,6.0,5.0,1.0,3.0,1.0,1.0,1,6,4
20240922TMG06,2024-09-22,内側より下,26,0.0,0.0,0.0,0.0,18.0,6,21.0,6.0,3.0,3.0,3.0,2.0,1.0,4,5,3
20240922TMG07,2024-09-22,内側より上,43,0.0,0.0,0.0,0.0,22.0,3,7.0,5.0,3.0,2.0,3.0,3.0,3.0,1,6,4
20240922TMG08,2024-09-22,内側より下,201,2.487562189054726,0.9950248756218906,0.9950248756218906,1.9900497512437811,22.0,4,14.0,8.0,3.0,5.0,3.0,2.0,1.0,1,2,3
20240922TMG09,2024-09-22,内側より上,20,0.0,0.0,0.0,0.0,21.0,5,13.0,8.0,3.0,5.0,2.0,2.0,1.0,1,3,4
20240922TMG10,2024-09-22,内側より下,26,0.0,0.0,0.0,0.0,22.0,5,8.0,6.0,5.0,1.0,3.0,1.0,5.0,1,2,5
20240922TMG11,2024-09-22,内側より下,25,0.0,0.0,0.0,0.0,25.0,4,8.0,7.0,3.0,4.0,4.0,4.0,1.0,1,5,2
20240922TMG12,2024-09-22,内側より上,30,0.0,0.0,0.0,0.0,26.0,3,4.0,6.0,5.0,1.0,3.0,3.0,5.0,4,1,6
20240923TMG01,2024-09-23,内側より上,73,0.0,0.0,0.0,0.0,18.0,6,20.0,7.0,2.0,5.0,2.0,1.0,1.0,5,1,4
20240923TMG02,2024-09-23,内側より上,202,2.4752475247524752,0.9900990099009901,0.9900990099009901,1.9801980198019802,18.0,6,14.0,6.0,3.0,3.0,3.0,1.0,2.0,4,3,1
20240923TMG04,2024-09-23,内側より下,32,6.25,3.125,3.125,6.25,32.0,1,0.0,8.0,3.0,5.0,3.0,5.0,3.0,2,1,4
20240923TMG05,2024-09-23,内側より下,37,2.7027027027027026,0.0,0.0,0.0,20.0,4,11.0,6.0,5.0,1.0,3.0,1.0,4.0,1,5,2
20240923TMG06,2024-09-23,内側より上,73,0.0,0.0,0.0,0.0,22.0,4,8.0,10.0,5.0,5.0,3.0,1.0,1.0,3,2,1
20240923TMG07,2024-09-23,内側より下,202,2.4752475247524752,0.9900990099009901,0.9900990099009901,1.9801980198019802,19.0,5,12.0,6.0,3.0,3.0,4.0,1.0,2.0,5,6,2
20240923TMG08,2024-09-23,内側より上,83,1.2048192771084338,0.0,1.2048192771084338,1.2048192771084338,23.0,3,11.0,6.0,5.0,1.0,2.0,2.0,5.0,4,2,1
20240923TMG09,2024-09-23,内側より上,39,0.0,0.0,0.0,0.0,28.0,2,5.0,10.0,5.0,5.0,1.0,5.0,1.0,6,4,1
20240923TMG10,2024-09-23,内側より下,32,0.0,0.0,0.0,0.0,22.0,4,10.0,4.0,3.0,1.0,3.0,3.0,4.0,1,2,6
20240923TMG11,2024-09-23,内側より下,26,0.0,0.0,0.0,0.0,31.0,2,3.0,10.0,5.0,5.0,4.0,3.0,3.0,1,2,6
20240923TMG12,2024-09-23,内側より下,26,0.0,0.0,0.0,0.0,29.0,4,3.0,10.0,5.0,5.0,2.0,2.0,4.0,4,3,5
20240928TMG01,2024-09-28,内側より下,65,0.0,0.0,0.0,0.0,18.0,5,15.0,4.0,3.0,1.0,3.0,3.0,2.0,1,6,5
20240928TMG02,2024-09-28,内側より下,27,0.0,0.0,0.0,0.0,22.0,4,10.0,9.0,5.0,4.0,3.0,1.0,2.0,1,2,6
20240928TMG03,2024-09-28,内側より下,86,0.0,0.0,0.0,0.0,20.0,6,8.0,6.0,5.0,1.0,3.0,4.0,1.0,2,4,5
20240928TMG04,2024-09-28,内側より下,27,0.0,0.0,0.0,0.0,28.0,2,4.0,7.0,5.0,2.0,3.0,3.0,5.0,5,2,3
20240928TMG05,2024-09-28,内側より下,33,9.090909090909092,0.0,9.090909090909092,9.090909090909092,20.0,5,12.0,4.0,3.0,1.0,3.0,1.0,5.0,4,2,5
20240928TMG06,2024-09-28,内側より上,60,0.0,0.0,0.0,0.0,27.0,3,4.0,6.0,2.0,4.0,3.0,2.0,5.0,1,3,2
20240928TMG07,2024-09-28,内側より下,24,0.0,0.0,0.0,0.0,21.0,4,15.0,7.0,5.0,2.0,4.0,1.0,3.0,5,1,3
20240928TMG08,2024-09-28,内側より上,27,0.0,0.0,0.0,0.0,21.0,6,13.0,2.0,1.0,1.0,4.0,2.0,5.0,1,5,3
20240928TMG09,2024-09-28,内側より下,40,2.5,0.0,2.5,2.5,30.0,1,0.0,10.0,5.0,5.0,3.0,4.0,2.0,1,3,4
20240928TMG10,2024-09-28,内側より下,36,0.0,0.0,0.0,0.0,26.0,3,6.0,10.0,5.0,5.0,3.0,3.0,1.0,1,4,3
20240928TMG12,2024-09-28,内側より下,34,5.882352941176471,0.0,0.0,0.0,23.0,5,9.0,5.0,3.0,2.0,4.0,2.0,4.0,1,3,2
20240929TMG02,2024-09-29,内側より下,27,0.0,0.0,0.0,0.0,28.0,3,3.0,4.0,3.0,1.0,5.0,4.0,5.0,2,3,1
20240929TMG03,2024-09-29,内側より下,29,0.0,0.0,0.0,0.0,20.0,5,18.0,6.0,5.0,1.0,3.0,1.0,4.0,4,5,2
20240929TMG04,2024-09-29,内側より下,30,0.0,0.0,0.0,0.0,14.0,6,18.0,5.0,3.0,2.0,3.0,1.0,1.0,1,2,4
20240929TMG05,2024-09-29,内側より下,35,0.0,0.0,0.0,0.0,18.0,6,20.0,4.0,3.0,1.0,5.0,1.0,3.0,2,1,6
20240929TMG06,2024-09-29,内側より上,22,0.0,0.0,0.0,0.0,24.0,4,10.0,6.0,3.0,3.0,3.0,3.0,3.0,3,1,5
20240929TMG07,2024-09-29,内側より下,23,0.0,0.0,0.0,0.0,24.0,4,6.0,5.0,3.0,2.0,3.0,4.0,3.0,2,3,1
20240929TMG08,2024-09-29,内側より上,61,0.0,0.0,0.0,0.0,26.0,3,10.0,9.0,5.0,4.0,3.0,3.0,2.0,1,2,3
20240929TMG09,2024-09-29,内側より上,28,0.0,0.0,0.0,0.0,18.0,6,20.0,4.0,3.0,1.0,3.0,1.0,4.0,1,2,6
20240929TMG10,2024-09-29,内側より下,28,3.5714285714285716,0.0,0.0,0.0,22.0,4,11.0,4.0,3.0,1.0,3.0,3.0,4.0,1,3,6
20240929TMG11,2024-09-29,内側より下,39,5.128205128205129,0.0,5.128205128205129,5.128205128205129,34.0,1,0.0,8.0,5.0,3.0,3.0,5.0,5.0,1,5,6
20240929TMG12,2024-09-29,内側より下,25,0.0,0.0,0.0,0.0,17.0,6,15.0,4.0,3.0,1.0,4.0,1.0,3.0,4,2,1
20240930TMG01,2024-09-30,内側より上,62,0.0,0.0,0.0,0.0,26.0,2,6.0,8.0,3.0,5.0,3.0,3.0,2.0,1,2,5
20240930TMG02,2024-09-30,内側より上,23,0.0,0.0,0.0,0.0,24.0,4,10.0,6.0,5.0,1.0,5.0,2.0,4.0,2,1,3
20240930TMG03,2024-09-30,内側より上,35,8.571428571428571,2.857142857142857,5.714285714285714,8.571428571428571,34.0,1,0.0,10.0,5.0,5.0,3.0,4.0,4.0,1,5,4
20240930TMG04,2024-09-30,内側より下,30,0.0,0.0,0.0,0.0,29.0,1,0.0,6.0,5.0,1.0,4.0,5.0,4.0,4,2,1
20240930TMG05,2024-09-30,内側より下,35,2.857142857142857,0.0,2.857142857142857,2.857142857142857,18.0,6,15.0,4.0,3.0,1.0,3.0,1.0,4.0,1,3,
20240930TMG06,2024-09-30,内側より上,62,0.0,0.0,0.0,0.0,19.0,6,17.0,3.0,2.0,1.0,3.0,1.0,5.0,1,4,3
20240930TMG07,2024-09-30,内側より下,30,0.0,0.0,0.0,0.0,22.0,5,10.0,4.0,1.0,3.0,3.0,3.0,3.0,1,2,4
20240930TMG08,2024-09-30,内側より上,38,2.6315789473684212,0.0,2.6315789473684212,2.6315789473684212,26.0,5,5.0,6.0,5.0,1.0,3.0,3.0,5.0,1,6,5
20240930TMG09,2024-09-30,内側より上,30,0.0,0.0,0.0,0.0,20.0,4,17.0,4.0,3.0,1.0,3.0,2.0,4.0,1,5,2
20240930TMG10,2024-09-30,内側より下,26,0.0,0.0,0.0,0.0,27.0,3,5.0,7.0,3.0,4.0,4.0,2.0,4.0,1,4,2
20240930TMG12,2024-09-30,内側より下,36,0.0,0.0,0.0,0.0,19.0,6,14.0,8.0,5.0,3.0,4.0,1.0,1.0,1,3,2
20241001TMG01,2024-10-01,内側より上,87,0.0,0.0,0.0,0.0,21.0,5,13.0,6.0,5.0,1.0,4.0,2.0,3.0,1,4,3
20241001TMG02,2024-10-01,内側より上,41,2.4390243902439024,0.0,2.4390243902439024,2.4390243902439024,28.0,3,8.0,8.0,3.0,5.0,3.0,3.0,3.0,1,4,6
20241001TMG03,2024-10-01,内側より上,64,0.0,0.0,0.0,0.0,26.0,3,11.0,7.0,2.0,5.0,4.0,2.0,3.0,3,4,1
20241001TMG04,2024-10-01,内側より下,31,0.0,0.0,0.0,0.0,26.0,2,3.0,4.0,3.0,1.0,3.0,4.0,5.0,4,2,1
20241001TMG06,2024-10-01,内側より上,36,8.333333333333334,2.7777777777777777,5.555555555555555,8.333333333333332,25.0,3,1.0,6.0,5.0,1.0,4.0,3.0,4.0,3,6,1
20241001TMG07,2024-10-01,内側より上,64,0.0,0.0,0.0,0.0,25.0,3,5.0,6.0,5.0,1.0,4.0,2.0,5.0,3,4,2
20241001TMG08,2024-10-01,内側より下,27,0.0,0.0,0.0,0.0,32.0,1,0.0,10.0,5.0,5.0,3.0,5.0,2.0,1,3,6
20241001TMG09,2024-10-01,内側より下,66,0.0,0.0,0.0,0.0,22.0,4,14.0,10.0,5.0,5.0,3.0,1.0,1.0,1,4,2
20241001TMG10,2024-10-01,内側より下,31,0.0,0.0,0.0,0.0,20.0,5,9.0,3.0,2.0,1.0,2.0,2.0,5.0,1,2,3
20241001TMG11,2024-10-01,内側より下,40,5.0,0.0,5.0,5.0,30.0,1,0.0,7.0,5.0,2.0,3.0,5.0,4.0,3,5,1
20241001TMG12,2024-10-01,内側より下,35,5.714285714285714,0.0,0.0,0.0,27.0,4,7.0,10.0,5.0,5.0,4.0,3.0,1.0,5,4,6
20241009TMG01,2024-10-09,内側より上,50,0.0,0.0,0.0,0.0,14.0,6,19.0,4.0,3.0,1.0,3.0,1.0,2.0,4,5,3
20241009TMG02,2024-10-09,内側より下,25,0.0,0.0,0.0,0.0,28.0,2,6.0,5.0,3.0,2.0,5.0,4.0,4.0,1,2,5
20241009TMG03,2024-10-09,内側より下,31,0.0,0.0,0.0,0.0,24.0,6,8.0,9.0,5.0,4.0,3.0,2.0,2.0,3,6,4
20241009TMG04,2024-10-09,内側より下,26,0.0,0.0,0.0,0.0,23.0,5,7.0,4.0,3.0,1.0,4.0,3.0,4.0,1,2,4
20241009TMG05,2024-10-09,内側より下,36,2.7777777777777777,2.7777777777777777,0.0,2.7777777777777777,29.0,3,4.0,10.0,5.0,5.0,4.0,3.0,2.0,1,5,2
20241009TMG06,2024-10-09,内側より上,123,0.0,0.0,0.0,0.0,20.0,6,18.0,7.0,2.0,5.0,4.0,1.0,1.0,1,3,5
20241009TMG07,2024-10-09,内側より上,33,6.0606060606060606,3.0303030303030303,3.0303030303030303,6.0606060606060606,14.0,6,23.0,4.0,3.0,1.0,3.0,1.0,2.0,1,5,6
20241009TMG09,2024-10-09,内側より下,24,0.0,0.0,0.0,0.0,23.0,3,10.0,5.0,3.0,2.0,4.0,4.0,2.0,1,3,4
20241009TMG10,2024-10-09,内側より下,27,3.7037037037037037,0.0,0.0,0.0,28.0,2,2.0,10.0,5.0,5.0,3.0,4.0,1.0,1,3,2
20241009TMG11,2024-10-09,内側より上,21,0.0,0.0,0.0,0.0,22.0,3,17.0,7.0,5.0,2.0,3.0,2.0,3.0,2,5,6
20241009TMG12,2024-10-09,内側より下,31,6.451612903225806,0.0,0.0,0.0,20.0,6,13.0,6.0,5.0,1.0,3.0,3.0,2.0,1,2,4
20241010TMG01,2024-10-10,内側より下,40,2.5,0.0,0.0,0.0,24.0,4,10.0,4.0,3.0,1.0,5.0,2.0,5.0,1,3,2
20241010TMG02,2024-10-10,内側より上,51,0.0,0.0,0.0,0.0,12.0,6,20.0,4.0,3.0,1.0,3.0,1.0,1.0,2,3,1
20241010TMG03,2024-10-10,内側より下,25,0.0,0.0,0.0,0.0,26.0,5,5.0,8.0,3.0,5.0,5.0,3.0,1.0,2,3,4
20241010TMG04,2024-10-10,内側より上,28,0.0,0.0,0.0,0.0,22.0,5,16.0,6.0,5.0,1.0,5.0,1.0,4.0,4,3,2
20241010TMG05,2024-10-10,内側より上,30,3.3333333333333335,0.0,3.3333333333333335,3.3333333333333335,26.0,2,7.0,4.0,3.0,1.0,3.0,4.0,5.0,5,1,4
20241010TMG06,2024-10-10,内側より下,124,0.0,0.0,0.0,0.0,22.0,5,7.0,4.0,3.0,1.0,5.0,1.0,5.0,1,3,4
20241010TMG07,2024-10-10,内側より上,51,0.0,0.0,0.0,0.0,13.0,6,22.0,4.0,3.0,1.0,4.0,1.0,1.0,1,4,2
20241010TMG08,2024-10-10,内側より下,37,2.7027027027027026,0.0,2.7027027027027026,2.7027027027027026,27.0,2,8.0,6.0,5.0,1.0,4.0,3.0,5.0,2,1,3
20241010TMG09,2024-10-10,内側より下,31,12.903225806451612,6.451612903225806,3.225806451612903,9.677419354838708,33.0,1,0.0,7.0,2.0,5.0,5.0,5.0,3.0,4,1,6
20241010TMG10,2024-10-10,内側より上,41,0.0,0.0,0.0,0.0,25.0,4,12.0,7.0,5.0,2.0,4.0,2.0,4.0,1,2,3
20241010TMG11,2024-10-10,内側より下,25,0.0,0.0,0.0,0.0,24.0,6,12.0,10.0,5.0,5.0,5.0,1.0,1.0,3,2,5
20241010TMG12,2024-10-10,内側より下,44,0.0,0.0,0.0,0.0,24.0,5,10.0,7.0,5.0,2.0,5.0,3.0,2.0,1,3,5
20241011TMG01,2024-10-11,内側より上,53,0.0,0.0,0.0,0.0,13.0,6,22.0,3.0,2.0,1.0,3.0,1.0,2.0,1,2,4
20241011TMG02,2024-10-11,内側より下,25,0.0,0.0,0.0,0.0,28.0,3,4.0,7.0,5.0,2.0,5.0,3.0,4.0,1,4,6
20241011TMG03,2024-10-11,内側より下,125,0.0,0.0,0.0,0.0,21.0,5,9.0,6.0,3.0,3.0,4.0,1.0,3.0,4,2,3
20241011TMG04,2024-10-11,内側より上,41,2.4390243902439024,2.4390243902439024,0.0,2.4390243902439024,23.0,4,8.0,6.0,5.0,1.0,4.0,1.0,5.0,1,6,3
20241011TMG05,2024-10-11,内側より下,26,0.0,0.0,0.0,0.0,30.0,1,0.0,6.0,3.0,3.0,5.0,3.0,5.0,1,2,4
20241011TMG06,2024-10-11,内側より上,6,0.0,0.0,0.0,0.0,22.0,5,13.0,6.0,5.0,1.0,5.0,1.0,4.0,2,1,4
20241011TMG08,2024-10-11,内側より下,31,6.451612903225806,3.225806451612903,0.0,3.225806451612903,33.0,2,1.0,8.0,3.0,5.0,4.0,4.0,4.0,2,1,4
20241011TMG09,2024-10-11,内側より下,29,0.0,0.0,0.0,0.0,24.0,3,11.0,9.0,5.0,4.0,3.0,2.0,2.0,2,1,4
20241011TMG10,2024-10-11,内側より上,31,3.225806451612903,3.225806451612903,0.0,3.225806451612903,24.0,4,3.0,8.0,5.0,3.0,3.0,1.0,4.0,3,2,4
20241011TMG11,2024-10-11,内側より上,38,2.6315789473684212,0.0,2.6315789473684212,2.6315789473684212,29.0,2,4.0,10.0,5.0,5.0,4.0,3.0,2.0,3,1,5
20241011TMG12,2024-10-11,内側より下,42,0.0,0.0,0.0,0.0,25.0,5,11.0,10.0,5.0,5.0,4.0,2.0,1.0,1,4,2
20241012TMG01,2024-10-12,内側より上,54,0.0,0.0,0.0,0.0,15.0,6,18.0,6.0,5.0,1.0,2.0,1.0,2.0,2,3,1
20241012TMG02,2024-10-12,内側より下,24,4.166666666666667,4.166666666666667,0.0,4.166666666666667,23.0,4,10.0,6.0,5.0,1.0,4.0,3.0,3.0,1,3,2
20241012TMG03,2024-10-12,内側より下,21,0.0,0.0,0.0,0.0,24.0,4,10.0,4.0,3.0,1.0,5.0,2.0,5.0,3,6,5
20241012TMG04,2024-10-12,内側より下,25,0.0,0.0,0.0,0.0,25.0,5,5.0,6.0,5.0,1.0,4.0,2.0,5.0,4,2,5
20241012TMG05,2024-10-12,内側より下,33,0.0,0.0,0.0,0.0,36.0,1,0.0,8.0,3.0,5.0,5.0,5.0,4.0,1,6,4
20241012TMG07,2024-10-12,内側より上,54,0.0,0.0,0.0,0.0,22.0,6,11.0,10.0,5.0,5.0,3.0,1.0,1.0,1,2,5
20241012TMG08,2024-10-12,内側より下,19,5.2631578947368425,0.0,0.0,0.0,22.0,5,9.0,8.0,3.0,5.0,3.0,1.0,2.0,2,1,6
20241012TMG09,2024-10-12,内側より下,37,2.7027027027027026,2.7027027027027026,0.0,2.7027027027027026,28.0,1,0.0,8.0,3.0,5.0,3.0,5.0,1.0,1,6,4
20241012TMG10,2024-10-12,内側より下,25,8.0,0.0,4.0,4.0,22.0,6,14.0,6.0,5.0,1.0,5.0,2.0,3.0,1,2,3
20241012TMG11,2024-10-12,内側より下,35,0.0,0.0,0.0,0.0,17.0,6,15.0,4.0,3.0,1.0,2.0,4.0,1.0,1,4,6
20241012TMG12,2024-10-12,内側より下,30,6.666666666666667,0.0,0.0,0.0,22.0,4,12.0,6.0,5.0,1.0,3.0,2.0,4.0,1,5,6
20241013TMG01,2024-10-13,内側より下,32,6.25,0.0,0.0,0.0,22.0,4,14.0,6.0,5.0,1.0,3.0,4.0,2.0,3,2,1
20241013TMG02,2024-10-13,内側より上,42,2.380952380952381,2.380952380952381,0.0,2.380952380952381,18.0,6,15.0,4.0,3.0,1.0,5.0,2.0,2.0,1,3,4
20241013TMG03,2024-10-13,内側より下,32,0.0,0.0,0.0,0.0,18.0,5,20.0,4.0,3.0,1.0,3.0,2.0,3.0,2,1,5
20241013TMG04,2024-10-13,内側より下,126,0.0,0.0,0.0,0.0,24.0,6,7.0,10.0,5.0,5.0,3.0,2.0,1.0,3,5,4
20241013TMG05,2024-10-13,内側より上,56,0.0,0.0,0.0,0.0,18.0,6,18.0,7.0,5.0,2.0,3.0,1.0,2.0,5,1,2
20241013TMG06,2024-10-13,内側より下,26,0.0,0.0,0.0,0.0,17.0,6,16.0,4.0,3.0,1.0,4.0,1.0,3.0,1,4,2
20241013TMG07,2024-10-13,内側より下,30,0.0,0.0,0.0,0.0,24.0,4,10.0,6.0,3.0,3.0,3.0,3.0,3.0,1,5,2
20241013TMG08,2024-10-13,内側より下,34,5.882352941176471,2.9411764705882355,2.9411764705882355,5.882352941176471,20.0,5,11.0,5.0,3.0,2.0,5.0,1.0,3.0,1,6,5
20241013TMG09,2024-10-13,内側より下,25,4.0,4.0,0.0,4.0,23.0,4,7.0,4.0,3.0,1.0,4.0,2.0,5.0,2,1,4
20241013TMG10,2024-10-13,内側より下,31,3.225806451612903,0.0,3.225806451612903,3.225806451612903,23.0,4,10.0,4.0,3.0,1.0,4.0,3.0,4.0,2,3,4
20241013TMG11,2024-10-13,内側より下,20,5.0,0.0,0.0,0.0,22.0,6,8.0,10.0,5.0,5.0,3.0,1.0,1.0,1,2,5
20241013TMG12,2024-10-13,内側より下,36,0.0,0.0,0.0,0.0,15.0,6,21.0,4.0,2.0,2.0,3.0,1.0,2.0,1,2,3
20241014TMG01,2024-10-14,内側より下,127,0.0,0.0,0.0,0.0,17.0,6,18.0,5.0,3.0,2.0,4.0,1.0,2.0,1,4,5
20241014TMG02,2024-10-14,内側より下,40,2.5,0.0,0.0,0.0,25.0,4,11.0,8.0,5.0,3.0,4.0,4.0,1.0,1,2,4
20241014TMG03,2024-10-14,内側より上,57,0.0,0.0,0.0,0.0,14.0,6,21.0,6.0,5.0,1.0,3.0,1.0,1.0,2,1,4
20241014TMG04,2024-10-14,内側より下,26,0.0,0.0,0.0,0.0,28.0,3,4.0,9.0,5.0,4.0,5.0,4.0,1.0,2,1,3
20241014TMG05,2024-10-14,内側より上,45,0.0,0.0,0.0,0.0,27.0,3,5.0,4.0,3.0,1.0,4.0,5.0,4.0,3,4,6
20241014TMG06,2024-10-14,同じ,22,0.0,0.0,0.0,0.0,33.0,1,0.0,10.0,5.0,5.0,4.0,4.0,3.0,4,1,6
20241014TMG07,2024-10-14,内側より上,57,0.0,0.0,0.0,0.0,14.0,6,18.0,4.0,1.0,3.0,3.0,1.0,1.0,1,4,3
20241014TMG08,2024-10-14,内側より上,43,2.3255813953488373,2.3255813953488373,0.0,2.3255813953488373,25.0,3,10.0,4.0,3.0,1.0,4.0,4.0,4.0,3,6,5
20241014TMG09,2024-10-14,内側より下,27,0.0,0.0,0.0,0.0,16.0,6,15.0,6.0,5.0,1.0,3.0,2.0,1.0,1,4,2
20241014TMG10,2024-10-14,同じ,31,6.451612903225806,0.0,0.0,0.0,23.0,5,9.0,3.0,2.0,1.0,3.0,3.0,5.0,2,1,3
20241014TMG11,2024-10-14,内側より上,32,0.0,0.0,0.0,0.0,36.0,1,0.0,10.0,5.0,5.0,5.0,4.0,4.0,1,2,3
20241014TMG12,2024-10-14,内側より下,34,0.0,0.0,0.0,0.0,27.0,4,10.0,6.0,5.0,1.0,4.0,3.0,5.0,1,4,3
20241017TMG01,2024-10-17,内側より下,35,2.857142857142857,2.857142857142857,0.0,2.857142857142857,30.0,2,5.0,7.0,5.0,2.0,5.0,3.0,5.0,1,2,6
20241017TMG02,2024-10-17,内側より下,26,0.0,0.0,0.0,0.0,18.0,6,11.0,5.0,3.0,2.0,3.0,1.0,3.0,4,5,1
20241017TMG03,2024-10-17,内側より上,38,0.0,0.0,0.0,0.0,30.0,2,7.0,9.0,5.0,4.0,3.0,3.0,4.0,1,2,4
20241017TMG04,2024-10-17,内側より下,103,0.970873786407767,0.0,0.0,0.0,29.0,1,0.0,10.0,5.0,5.0,4.0,3.0,2.0,1,6,2
20241017TMG05,2024-10-17,内側より上,28,3.5714285714285716,0.0,3.5714285714285716,3.5714285714285716,29.0,3,5.0,8.0,3.0,5.0,4.0,5.0,1.0,1,4,3
20241017TMG06,2024-10-17,内側より下,10,10.0,0.0,10.0,10.0,29.0,1,0.0,8.0,3.0,5.0,4.0,3.0,3.0,3,5,6
20241017TMG07,2024-10-17,内側より下,36,0.0,0.0,0.0,0.0,24.0,4,11.0,6.0,5.0,1.0,3.0,2.0,5.0,2,1,6
20241017TMG10,2024-10-17,内側より下,41,0.0,0.0,0.0,0.0,22.0,6,12.0,6.0,5.0,1.0,3.0,1.0,5.0,1,3,6
20241017TMG11,2024-10-17,内側より下,32,0.0,0.0,0.0,0.0,19.0,4,17.0,4.0,2.0,2.0,3.0,3.0,2.0,1,5,6
20241017TMG12,2024-10-17,内側より下,28,7.142857142857143,0.0,3.5714285714285716,3.5714285714285716,21.0,5,14.0,4.0,3.0,1.0,4.0,2.0,4.0,1,3,4
20241018TMG01,2024-10-18,内側より上,50,0.0,0.0,0.0,0.0,26.0,4,14.0,8.0,3.0,5.0,5.0,1.0,3.0,3,1,4
20241018TMG02,2024-10-18,内側より下,27,0.0,0.0,0.0,0.0,25.0,4,9.0,6.0,5.0,1.0,4.0,3.0,4.0,1,3,4
20241018TMG03,2024-10-18,内側より上,31,0.0,0.0,0.0,0.0,38.0,1,0.0,10.0,5.0,5.0,5.0,5.0,4.0,4,6,5
20241018TMG04,2024-10-18,内側より下,30,0.0,0.0,0.0,0.0,21.0,6,10.0,9.0,5.0,4.0,4.0,1.0,1.0,3,2,1
20241018TMG05,2024-10-18,内側より上,39,0.0,0.0,0.0,0.0,25.0,3,10.0,7.0,3.0,4.0,4.0,1.0,4.0,1,2,3
20241018TMG06,2024-10-18,内側より下,27,0.0,0.0,0.0,0.0,24.0,4,14.0,7.0,5.0,2.0,3.0,2.0,4.0,2,1,5
20241018TMG07,2024-10-18,内側より下,32,3.125,0.0,0.0,0.0,22.0,5,12.0,6.0,5.0,1.0,3.0,3.0,3.0,1,2,5
20241018TMG08,2024-10-18,内側より上,26,7.6923076923076925,3.8461538461538463,0.0,3.8461538461538463,14.0,6,18.0,4.0,3.0,1.0,3.0,2.0,1.0,1,2,3
20241018TMG09,2024-10-18,内側より下,26,3.8461538461538463,0.0,0.0,0.0,25.0,3,7.0,4.0,3.0,1.0,4.0,4.0,4.0,1,3,6
20241018TMG10,2024-10-18,内側より下,27,0.0,0.0,0.0,0.0,28.0,2,2.0,7.0,5.0,2.0,5.0,3.0,4.0,1,2,4
20241018TMG11,2024-10-18,内側より下,27,0.0,0.0,0.0,0.0,21.0,4,7.0,6.0,5.0,1.0,4.0,1.0,4.0,1,4,5
20241018TMG12,2024-10-18,内側より上,38,2.6315789473684212,0.0,2.6315789473684212,2.6315789473684212,24.0,4,14.0,4.0,3.0,1.0,3.0,5.0,3.0,2,1,3
20241019TMG01,2024-10-19,内側より上,40,0.0,0.0,0.0,0.0,15.0,5,19.0,3.0,2.0,1.0,3.0,1.0,3.0,3,1,2
20241019TMG02,2024-10-19,内側より下,104,0.9615384615384616,0.0,0.0,0.0,33.0,2,6.0,10.0,5.0,5.0,4.0,5.0,2.0,3,1,2
20241019TMG03,2024-10-19,内側より上,29,0.0,0.0,0.0,0.0,17.0,6,20.0,3.0,2.0,1.0,3.0,1.0,4.0,1,3,2
20241019TMG04,2024-10-19,内側より上,24,0.0,0.0,0.0,0.0,18.0,6,11.0,2.0,1.0,1.0,3.0,3.0,3.0,1,5,2
20241019TMG05,2024-10-19,内側より下,12,8.333333333333334,8.333333333333334,0.0,8.333333333333334,18.0,6,14.0,6.0,3.0,3.0,3.0,1.0,2.0,2,3,5
20241019TMG07,2024-10-19,内側より上,26,3.8461538461538463,0.0,0.0,0.0,30.0,3,6.0,8.0,3.0,5.0,3.0,3.0,4.0,2,3,1
20241019TMG09,2024-10-19,内側より下,26,0.0,0.0,0.0,0.0,29.0,2,7.0,10.0,5.0,5.0,4.0,1.0,4.0,1,4,3
20241019TMG10,2024-10-19,内側より下,27,0.0,0.0,0.0,0.0,18.0,6,19.0,4.0,3.0,1.0,3.0,2.0,3.0,1,6,3
20241019TMG11,2024-10-19,内側より下,29,0.0,0.0,0.0,0.0,28.0,2,7.0,8.0,3.0,5.0,3.0,4.0,2.0,1,3,4
20241019TMG12,2024-10-19,内側より上,34,0.0,0.0,0.0,0.0,20.0,3,16.0,6.0,5.0,1.0,3.0,2.0,3.0,1,2,3
20241020TMG01,2024-10-20,内側より上,30,0.0,0.0,0.0,0.0,25.0,3,11.0,10.0,5.0,5.0,4.0,2.0,1.0,4,1,2
20241020TMG02,2024-10-20,内側より下,21,4.761904761904762,0.0,4.761904761904762,4.761904761904762,16.0,6,19.0,6.0,5.0,1.0,3.0,2.0,1.0,4,5,2
20241020TMG03,2024-10-20,内側より下,105,0.9523809523809523,0.0,0.0,0.0,28.0,1,0.0,4.0,3.0,1.0,5.0,4.0,5.0,3,4,6
20241020TMG04,2024-10-20,内側より下,27,0.0,0.0,0.0,0.0,22.0,6,4.0,4.0,3.0,1.0,5.0,3.0,3.0,5,2,6
20241020TMG05,2024-10-20,内側より上,36,0.0,0.0,0.0,0.0,18.0,6,18.0,4.0,3.0,1.0,3.0,2.0,3.0,4,2,5
20241020TMG06,2024-10-20,内側より上,38,2.6315789473684212,0.0,0.0,0.0,38.0,1,0.0,8.0,3.0,5.0,5.0,5.0,5.0,3,6,2
20241020TMG07,2024-10-20,内側より上,34,2.9411764705882355,0.0,0.0,0.0,27.0,2,3.0,10.0,5.0,5.0,4.0,3.0,1.0,1,3,2
20241020TMG08,2024-10-20,内側より下,4,0.0,0.0,0.0,0.0,17.0,6,22.0,4.0,3.0,1.0,4.0,2.0,2.0,4,3,2
20241020TMG09,2024-10-20,内側より上,42,0.0,0.0,0.0,0.0,27.0,4,3.0,10.0,5.0,5.0,4.0,3.0,1.0,1,3,2
20241020TMG10,2024-10-20,内側より下,32,0.0,0.0,0.0,0.0,29.0,2,2.0,4.0,3.0,1.0,4.0,5.0,5.0,2,6,4
20241020TMG11,2024-10-20,内側より下,21,0.0,0.0,0.0,0.0,14.0,6,26.0,6.0,5.0,1.0,3.0,1.0,1.0,1,2,3
20241020TMG12,2024-10-20,内側より下,105,0.9523809523809523,0.0,0.0,0.0,24.0,3,11.0,5.0,3.0,2.0,3.0,2.0,5.0,4,5,6
20241021TMG01,2024-10-21,内側より上,43,0.0,0.0,0.0,0.0,20.0,6,14.0,6.0,1.0,5.0,5.0,1.0,1.0,5,4,1
20241021TMG02,2024-10-21,内側より下,32,0.0,0.0,0.0,0.0,21.0,5,11.0,8.0,3.0,5.0,4.0,1.0,1.0,5,4,6
20241021TMG03,2024-10-21,内側より下,20,0.0,0.0,0.0,0.0,19.0,5,17.0,6.0,5.0,1.0,4.0,1.0,3.0,1,5,2
20241021TMG04,2024-10-21,内側より上,31,0.0,0.0,0.0,0.0,22.0,4,12.0,7.0,3.0,4.0,5.0,1.0,2.0,1,5,2
20241021TMG05,2024-10-21,内側より上,34,5.882352941176471,0.0,0.0,0.0,40.0,1,0.0,10.0,5.0,5.0,5.0,5.0,5.0,1,6,4
20241021TMG06,2024-10-21,内側より上,43,0.0,0.0,0.0,0.0,24.0,5,14.0,7.0,3.0,4.0,5.0,2.0,2.0,5,4,3
20241021TMG07,2024-10-21,同じ,28,0.0,0.0,0.0,0.0,26.0,3,4.0,8.0,5.0,3.0,5.0,2.0,3.0,4,6,5
20241021TMG08,2024-10-21,内側より下,36,0.0,0.0,0.0,0.0,24.0,4,9.0,4.0,3.0,1.0,5.0,2.0,5.0,1,3,2
20241021TMG09,2024-10-21,内側より下,27,0.0,0.0,0.0,0.0,24.0,5,6.0,8.0,3.0,5.0,5.0,2.0,1.0,1,5,2
20241021TMG10,2024-10-21,内側より下,22,0.0,0.0,0.0,0.0,20.0,5,16.0,6.0,5.0,1.0,5.0,1.0,3.0,2,1,6
20241021TMG11,2024-10-21,内側より下,27,3.7037037037037037,0.0,0.0,0.0,23.0,6,15.0,6.0,5.0,1.0,4.0,2.0,4.0,1,3,4
20241021TMG12,2024-10-21,内側より下,33,0.0,0.0,0.0,0.0,26.0,4,10.0,6.0,5.0,1.0,5.0,3.0,4.0,1,4,3
20241031TMG01,2024-10-31,内側より上,43,16.27906976744186,11.627906976744185,2.3255813953488373,13.953488372093023,20.0,5,14.0,4.0,3.0,1.0,3.0,1.0,5.0,1,2,3
20241031TMG02,2024-10-31,内側より下,37,2.7027027027027026,2.7027027027027026,0.0,2.7027027027027026,28.0,2,6.0,4.0,3.0,1.0,5.0,4.0,5.0,2,1,6
20241031TMG03,2024-10-31,内側より上,37,2.7027027027027026,0.0,0.0,0.0,22.0,4,12.0,4.0,3.0,1.0,3.0,2.0,5.0,4,2,3
20241031TMG04,2024-10-31,内側より下,22,0.0,0.0,0.0,0.0,28.0,2,2.0,6.0,3.0,3.0,5.0,3.0,4.0,3,2,5
20241031TMG05,2024-10-31,内側より下,36,2.7777777777777777,0.0,2.7777777777777777,2.7777777777777777,22.0,5,14.0,6.0,5.0,1.0,3.0,2.0,4.0,4,3,5
20241031TMG06,2024-10-31,同じ,17,11.764705882352942,0.0,5.882352941176471,5.882352941176471,35.0,1,0.0,8.0,3.0,5.0,4.0,5.0,4.0,1,2,5
20241031TMG07,2024-10-31,内側より下,36,0.0,0.0,0.0,0.0,34.0,1,0.0,8.0,3.0,5.0,5.0,4.0,4.0,1,5,4
20241031TMG08,2024-10-31,内側より下,33,15.151515151515152,6.0606060606060606,6.0606060606060606,12.121212121212121,26.0,2,4.0,4.0,3.0,1.0,3.0,4.0,5.0,1,2,5
20241031TMG09,2024-10-31,内側より上,40,5.0,0.0,5.0,5.0,21.0,6,9.0,6.0,5.0,1.0,4.0,2.0,3.0,1,2,6
20241031TMG10,2024-10-31,内側より上,40,5.0,0.0,2.5,2.5,25.0,4,10.0,8.0,3.0,5.0,4.0,2.0,2.0,1,3,2
20241031TMG11,2024-10-31,内側より下,34,2.9411764705882355,0.0,0.0,0.0,15.0,6,18.0,6.0,5.0,1.0,4.0,1.0,1.0,1,4,2
20241031TMG12,2024-10-31,内側より下,34,2.9411764705882355,0.0,2.9411764705882355,2.9411764705882355,24.0,4,12.0,6.0,5.0,1.0,5.0,2.0,4.0,1,5,2
20241101TMG01,2024-11-01,同じ,37,0.0,0.0,0.0,0.0,28.0,3,6.0,6.0,5.0,1.0,5.0,3.0,5.0,1,4,6
20241101TMG02,2024-11-01,内側より上,41,4.878048780487805,2.4390243902439024,0.0,2.4390243902439024,15.0,6,19.0,4.0,3.0,1.0,4.0,1.0,2.0,1,3,4
20241101TMG03,2024-11-01,内側より上,38,7.894736842105263,0.0,2.6315789473684212,2.6315789473684212,20.0,6,16.0,3.0,2.0,1.0,4.0,4.0,2.0,1,2,3
20241101TMG04,2024-11-01,内側より上,28,3.5714285714285716,0.0,0.0,0.0,26.0,4,5.0,6.0,5.0,1.0,5.0,3.0,4.0,1,5,6
20241101TMG05,2024-11-01,内側より上,35,8.571428571428571,0.0,2.857142857142857,2.857142857142857,23.0,4,13.0,6.0,5.0,1.0,4.0,1.0,5.0,3,1,5
20241101TMG06,2024-11-01,内側より下,30,0.0,0.0,0.0,0.0,26.0,3,10.0,8.0,5.0,3.0,3.0,2.0,4.0,1,6,2
20241101TMG07,2024-11-01,内側より下,25,8.0,0.0,4.0,4.0,27.0,4,4.0,7.0,5.0,2.0,4.0,3.0,4.0,4,5,1
20241101TMG08,2024-11-01,内側より上,12,0.0,0.0,0.0,0.0,30.0,1,0.0,10.0,5.0,5.0,3.0,3.0,3.0,1,2,4
20241101TMG09,2024-11-01,内側より下,40,0.0,0.0,0.0,0.0,22.0,4,9.0,6.0,5.0,1.0,3.0,2.0,4.0,1,2,5
20241101TMG10,2024-11-01,内側より下,37,0.0,0.0,0.0,0.0,17.0,6,17.0,3.0,2.0,1.0,3.0,1.0,4.0,3,4,2
20241101TMG11,2024-11-01,内側より下,40,0.0,0.0,0.0,0.0,25.0,3,12.0,4.0,3.0,1.0,4.0,4.0,4.0,1,3,4
20241101TMG12,2024-11-01,内側より下,33,3.0303030303030303,0.0,3.0303030303030303,3.0303030303030303,21.0,4,13.0,8.0,3.0,5.0,4.0,1.0,1.0,2,1,4
20241102TMG01,2024-11-02,内側より下,55,12.727272727272727,9.090909090909092,3.6363636363636362,12.727272727272728,22.0,4,11.0,4.0,3.0,1.0,5.0,2.0,4.0,1,2,4
20241102TMG02,2024-11-02,内側より下,41,7.317073170731708,2.4390243902439024,2.4390243902439024,4.878048780487805,25.0,4,6.0,8.0,3.0,5.0,4.0,3.0,1.0,1,3,2
20241102TMG03,2024-11-02,内側より下,31,0.0,0.0,0.0,0.0,21.0,5,11.0,8.0,3.0,5.0,4.0,1.0,1.0,1,3,6
20241102TMG04,2024-11-02,内側より下,38,2.6315789473684212,0.0,0.0,0.0,25.0,4,7.0,9.0,5.0,4.0,4.0,2.0,2.0,3,5,6
20241102TMG05,2024-11-02,内側より下,37,5.405405405405405,0.0,5.405405405405405,5.405405405405405,26.0,3,3.0,8.0,5.0,3.0,5.0,3.0,2.0,1,2,3
20241102TMG06,2024-11-02,内側より下,42,2.380952380952381,0.0,2.380952380952381,2.380952380952381,24.0,3,4.0,6.0,5.0,1.0,3.0,3.0,4.0,3,1,4
20241102TMG07,2024-11-02,内側より下,45,2.2222222222222223,0.0,2.2222222222222223,2.2222222222222223,21.0,5,15.0,6.0,5.0,1.0,4.0,1.0,4.0,1,3,5
20241102TMG08,2024-11-02,内側より上,38,2.6315789473684212,0.0,2.6315789473684212,2.6315789473684212,33.0,1,0.0,7.0,5.0,2.0,4.0,5.0,5.0,1,5,3
20241102TMG09,2024-11-02,内側より下,31,6.451612903225806,0.0,3.225806451612903,3.225806451612903,24.0,5,8.0,8.0,5.0,3.0,3.0,3.0,2.0,1,4,3
20241102TMG10,2024-11-02,内側より下,31,0.0,0.0,0.0,0.0,29.0,2,6.0,8.0,3.0,5.0,4.0,2.0,4.0,4,5,6
20241102TMG11,2024-11-02,内側より下,38,2.6315789473684212,2.6315789473684212,0.0,2.6315789473684212,26.0,4,5.0,6.0,5.0,1.0,3.0,3.0,5.0,1,4,2
20241103TMG01,2024-11-03,内側より下,40,5.0,0.0,2.5,2.5,34.0,1,0.0,10.0,5.0,5.0,5.0,4.0,3.0,1,6,5
20241103TMG02,2024-11-03,内側より上,37,5.405405405405405,2.7027027027027026,0.0,2.7027027027027026,30.0,2,1.0,10.0,5.0,5.0,5.0,3.0,2.0,2,3,4
20241103TMG03,2024-11-03,内側より下,36,5.555555555555555,0.0,2.7777777777777777,2.7777777777777777,22.0,6,10.0,6.0,5.0,1.0,3.0,2.0,4.0,4,5,3
20241103TMG04,2024-11-03,内側より上,27,11.11111111111111,7.407407407407407,3.7037037037037037,11.11111111111111,26.0,3,3.0,6.0,5.0,1.0,3.0,4.0,4.0,2,4,1
20241103TMG05,2024-11-03,内側より上,43,11.627906976744185,0.0,2.3255813953488373,2.3255813953488373,40.0,1,0.0,10.0,5.0,5.0,5.0,5.0,5.0,2,5,3
20241103TMG06,2024-11-03,内側より上,26,3.8461538461538463,0.0,3.8461538461538463,3.8461538461538463,22.0,5,14.0,6.0,5.0,1.0,3.0,1.0,5.0,2,3,4
20241103TMG07,2024-11-03,内側より下,35,0.0,0.0,0.0,0.0,33.0,1,0.0,9.0,5.0,4.0,4.0,4.0,4.0,2,1,3
20241103TMG08,2024-11-03,内側より下,32,0.0,0.0,0.0,0.0,24.0,4,10.0,6.0,5.0,1.0,3.0,4.0,3.0,1,4,3
20241103TMG09,2024-11-03,内側より上,9,0.0,0.0,0.0,0.0,20.0,3,15.0,6.0,5.0,1.0,1.0,2.0,4.0,2,4,6
20241103TMG11,2024-11-03,内側より下,29,3.4482758620689653,0.0,0.0,0.0,19.0,5,19.0,7.0,3.0,4.0,4.0,1.0,1.0,1,4,2
20241103TMG12,2024-11-03,内側より上,37,0.0,0.0,0.0,0.0,28.0,3,5.0,4.0,3.0,1.0,3.0,5.0,5.0,1,2,3
20241104TMG01,2024-11-04,内側より下,41,0.0,0.0,0.0,0.0,20.0,5,16.0,6.0,5.0,1.0,3.0,1.0,4.0,1,4,3
20241104TMG02,2024-11-04,内側より下,28,3.5714285714285716,0.0,3.5714285714285716,3.5714285714285716,18.0,6,12.0,4.0,3.0,1.0,5.0,3.0,1.0,2,1,4
20241104TMG03,2024-11-04,内側より下,35,2.857142857142857,0.0,0.0,0.0,17.0,6,16.0,6.0,5.0,1.0,4.0,1.0,2.0,1,3,5
20241104TMG04,2024-11-04,内側より下,37,5.405405405405405,0.0,2.7027027027027026,2.7027027027027026,18.0,5,14.0,4.0,3.0,1.0,3.0,1.0,4.0,1,2,5
20241104TMG05,2024-11-04,内側より下,38,0.0,0.0,0.0,0.0,21.0,4,17.0,7.0,2.0,5.0,3.0,1.0,2.0,1,3,2
20241104TMG06,2024-11-04,内側より上,44,15.909090909090908,11.363636363636363,2.272727272727273,13.636363636363637,20.0,5,12.0,5.0,3.0,2.0,3.0,3.0,2.0,1,2,4
20241104TMG07,2024-11-04,内側より上,42,4.761904761904762,2.380952380952381,0.0,2.380952380952381,21.0,5,13.0,5.0,3.0,2.0,4.0,1.0,4.0,1,2,4
20241104TMG08,2024-11-04,内側より下,25,0.0,0.0,0.0,0.0,30.0,2,2.0,10.0,5.0,5.0,5.0,1.0,4.0,1,2,5
20241104TMG09,2024-11-04,内側より下,36,2.7777777777777777,0.0,2.7777777777777777,2.7777777777777777,25.0,2,5.0,4.0,3.0,1.0,4.0,3.0,5.0,4,3,5
20241104TMG10,2024-11-04,内側より上,10,0.0,0.0,0.0,0.0,24.0,4,10.0,6.0,5.0,1.0,5.0,2.0,4.0,1,3,6
20241104TMG11,2024-11-04,内側より下,37,5.405405405405405,2.7027027027027026,0.0,2.7027027027027026,24.0,5,12.0,6.0,5.0,1.0,5.0,2.0,4.0,1,4,2
20241104TMG12,2024-11-04,内側より上,18,11.11111111111111,0.0,5.555555555555555,5.555555555555555,23.0,4,7.0,4.0,3.0,1.0,4.0,3.0,4.0,1,6,2
20241105TMG01,2024-11-05,内側より上,10,0.0,0.0,0.0,0.0,22.0,4,13.0,6.0,5.0,1.0,3.0,1.0,5.0,1,4,5
20241105TMG02,2024-11-05,内側より下,23,0.0,0.0,0.0,0.0,28.0,2,6.0,6.0,5.0,1.0,5.0,4.0,4.0,1,3,2
20241105TMG03,2024-11-05,内側より下,41,0.0,0.0,0.0,0.0,25.0,3,7.0,4.0,3.0,1.0,4.0,4.0,4.0,1,3,6
20241105TMG04,2024-11-05,内側より下,32,6.25,0.0,3.125,3.125,25.0,4,6.0,4.0,3.0,1.0,4.0,3.0,5.0,5,1,3
20241105TMG05,2024-11-05,内側より上,37,0.0,0.0,0.0,0.0,26.0,4,3.0,8.0,3.0,5.0,3.0,4.0,1.0,1,6,2
20241105TMG06,2024-11-05,内側より下,44,11.363636363636363,0.0,2.272727272727273,2.272727272727273,22.0,4,8.0,6.0,5.0,1.0,3.0,1.0,5.0,4,1,5
20241105TMG07,2024-11-05,内側より下,27,0.0,0.0,0.0,0.0,24.0,3,5.0,7.0,5.0,2.0,3.0,3.0,3.0,1,3,6
20241105TMG08,2024-11-05,内側より下,42,2.380952380952381,0.0,2.380952380952381,2.380952380952381,30.0,1,0.0,10.0,5.0,5.0,3.0,5.0,1.0,1,3,4
20241105TMG09,2024-11-05,内側より上,27,3.7037037037037037,0.0,3.7037037037037037,3.7037037037037037,20.0,6,8.0,4.0,3.0,1.0,3.0,1.0,5.0,1,4,2
20241105TMG10,2024-11-05,内側より下,30,0.0,0.0,0.0,0.0,26.0,3,10.0,6.0,5.0,1.0,3.0,3.0,5.0,1,3,4
20241105TMG12,2024-11-05,内側より上,19,10.526315789473685,0.0,5.2631578947368425,5.2631578947368425,28.0,2,5.0,8.0,3.0,5.0,3.0,4.0,2.0,1,2,3
20241113TMG01,2024-11-13,内側より下,133,0.7518796992481203,0.0,0.7518796992481203,0.7518796992481203,29.0,1,0.0,10.0,5.0,5.0,4.0,4.0,1.0,4,1,5
20241113TMG02,2024-11-13,内側より下,95,1.0526315789473684,1.0526315789473684,0.0,1.0526315789473684,14.0,6,18.0,6.0,5.0,1.0,3.0,1.0,1.0,2,4,1
20241113TMG03,2024-11-13,内側より上,76,0.0,0.0,0.0,0.0,26.0,3,2.0,10.0,5.0,5.0,3.0,3.0,1.0,3,5,2
20241113TMG04,2024-11-13,内側より下,74,0.0,0.0,0.0,0.0,24.0,4,12.0,8.0,3.0,5.0,3.0,3.0,1.0,1,2,5
20241113TMG05,2024-11-13,内側より下,17,0.0,0.0,0.0,0.0,26.0,4,7.0,8.0,5.0,3.0,3.0,1.0,5.0,1,5,2
20241113TMG06,2024-11-13,内側より上,21,0.0,0.0,0.0,0.0,24.0,3,8.0,9.0,5.0,4.0,3.0,3.0,1.0,4,1,3
20241113TMG07,2024-11-13,内側より下,34,0.0,0.0,0.0,0.0,16.0,6,19.0,4.0,3.0,1.0,3.0,1.0,3.0,1,2,4
20241113TMG08,2024-11-13,内側より下,25,0.0,0.0,0.0,0.0,24.0,4,9.0,6.0,3.0,3.0,3.0,3.0,3.0,4,3,2
20241113TMG09,2024-11-13,内側より上,30,3.3333333333333335,0.0,0.0,0.0,28.0,2,3.0,6.0,5.0,1.0,3.0,5.0,4.0,6,4,1
20241113TMG10,2024-11-13,内側より下,22,0.0,0.0,0.0,0.0,18.0,6,14.0,6.0,5.0,1.0,3.0,2.0,2.0,1,3,2
20241113TMG11,2024-11-13,内側より下,32,0.0,0.0,0.0,0.0,25.0,3,5.0,6.0,5.0,1.0,4.0,2.0,5.0,2,4,6
20241113TMG12,2024-11-13,内側より上,25,0.0,0.0,0.0,0.0,24.0,4,12.0,6.0,3.0,3.0,3.0,3.0,3.0,1,5,3
20241114TMG01,2024-11-14,内側より下,75,0.0,0.0,0.0,0.0,20.0,4,14.0,4.0,3.0,1.0,5.0,1.0,4.0,1,4,2
20241114TMG02,2024-11-14,内側より下,15,0.0,0.0,0.0,0.0,25.0,3,6.0,3.0,2.0,1.0,5.0,4.0,4.0,2,1,4
20241114TMG03,2024-11-14,内側より下,75,0.0,0.0,0.0,0.0,19.0,6,15.0,4.0,3.0,1.0,4.0,2.0,3.0,4,5,3
20241114TMG05,2024-11-14,内側より下,28,3.5714285714285716,0.0,3.5714285714285716,3.5714285714285716,20.0,5,14.0,3.0,2.0,1.0,4.0,2.0,4.0,3,1,6
20241114TMG06,2024-11-14,内側より下,6,0.0,0.0,0.0,0.0,23.0,5,9.0,4.0,3.0,1.0,4.0,2.0,5.0,1,3,5
20241114TMG07,2024-11-14,内側より下,75,0.0,0.0,0.0,0.0,22.0,5,16.0,6.0,3.0,3.0,5.0,3.0,1.0,1,3,2
20241114TMG08,2024-11-14,内側より下,8,0.0,0.0,0.0,0.0,18.0,6,14.0,4.0,3.0,1.0,3.0,1.0,4.0,2,1,3
20241114TMG10,2024-11-14,内側より下,31,6.451612903225806,0.0,6.451612903225806,6.451612903225806,27.0,4,4.0,8.0,3.0,5.0,4.0,3.0,2.0,1,2,5
20241114TMG11,2024-11-14,内側より上,25,0.0,0.0,0.0,0.0,20.0,5,10.0,4.0,3.0,1.0,5.0,2.0,3.0,3,2,4
20241114TMG12,2024-11-14,内側より上,27,3.7037037037037037,0.0,3.7037037037037037,3.7037037037037037,28.0,2,8.0,9.0,5.0,4.0,5.0,3.0,2.0,1,3,4
20241115TMG01,2024-11-15,内側より上,18,0.0,0.0,0.0,0.0,24.0,4,10.0,6.0,5.0,1.0,3.0,2.0,5.0,1,2,4
20241115TMG02,2024-11-15,内側より下,32,6.25,0.0,6.25,6.25,24.0,4,8.0,6.0,5.0,1.0,3.0,3.0,4.0,1,3,6
20241115TMG03,2024-11-15,内側より下,77,0.0,0.0,0.0,0.0,19.0,5,15.0,6.0,2.0,4.0,3.0,1.0,2.0,1,2,3
20241115TMG04,2024-11-15,内側より下,76,0.0,0.0,0.0,0.0,23.0,5,9.0,10.0,5.0,5.0,4.0,1.0,1.0,2,1,5
20241115TMG05,2024-11-15,内側より下,27,0.0,0.0,0.0,0.0,24.0,5,11.0,10.0,5.0,5.0,5.0,1.0,1.0,1,2,3
20241115TMG06,2024-11-15,内側より上,30,0.0,0.0,0.0,0.0,31.0,1,0.0,6.0,5.0,1.0,4.0,5.0,5.0,1,4,5
20241115TMG07,2024-11-15,内側より下,33,0.0,0.0,0.0,0.0,23.0,4,9.0,8.0,3.0,5.0,4.0,2.0,1.0,1,2,3
20241115TMG08,2024-11-15,同じ,134,0.746268656716418,0.0,0.746268656716418,0.746268656716418,20.0,6,11.0,6.0,5.0,1.0,5.0,2.0,2.0,3,5,1
20241115TMG10,2024-11-15,内側より下,10,0.0,0.0,0.0,0.0,23.0,4,8.0,6.0,5.0,1.0,4.0,3.0,3.0,1,5,6
20241115TMG11,2024-11-15,内側より下,25,0.0,0.0,0.0,0.0,25.0,4,4.0,4.0,3.0,1.0,4.0,5.0,3.0,1,5,3
20241116TMG01,2024-11-16,内側より下,78,0.0,0.0,0.0,0.0,14.0,6,17.0,6.0,5.0,1.0,3.0,1.0,1.0,2,5,3
20241116TMG02,2024-11-16,内側より下,77,0.0,0.0,0.0,0.0,18.0,5,15.0,5.0,3.0,2.0,5.0,2.0,1.0,1,2,3
20241116TMG03,2024-11-16,内側より下,25,8.0,4.0,4.0,8.0,28.0,3,8.0,4.0,3.0,1.0,5.0,4.0,5.0,2,5,3
20241116TMG04,2024-11-16,内側より下,22,0.0,0.0,0.0,0.0,21.0,5,14.0,6.0,5.0,1.0,4.0,1.0,4.0,1,2,4
20241116TMG05,2024-11-16,内側より上,15,6.666666666666667,0.0,0.0,0.0,18.0,5,18.0,4.0,3.0,1.0,3.0,1.0,4.0,4,1,3
20241116TMG07,2024-11-16,内側より下,71,1.408450704225352,0.0,0.0,0.0,23.0,5,9.0,3.0,2.0,1.0,5.0,2.0,5.0,1,3,5
20241116TMG08,2024-11-16,内側より上,32,0.0,0.0,0.0,0.0,34.0,1,0.0,10.0,5.0,5.0,5.0,4.0,3.0,1,2,4
20241116TMG09,2024-11-16,内側より下,78,0.0,0.0,0.0,0.0,17.0,6,13.0,4.0,3.0,1.0,4.0,1.0,3.0,4,1,5
20241116TMG10,2024-11-16,内側より下,37,0.0,0.0,0.0,0.0,19.0,5,14.0,6.0,5.0,1.0,4.0,2.0,2.0,1,2,4
20241116TMG11,2024-11-16,同じ,18,0.0,0.0,0.0,0.0,20.0,6,20.0,6.0,5.0,1.0,3.0,1.0,4.0,1,2,3
20241116TMG12,2024-11-16,内側より上,40,2.5,0.0,2.5,2.5,34.0,2,2.0,8.0,3.0,5.0,5.0,5.0,3.0,1,2,4
20241117TMG01,2024-11-17,内側より下,80,0.0,0.0,0.0,0.0,16.0,6,18.0,2.0,1.0,1.0,3.0,1.0,4.0,1,3,2
20241117TMG02,2024-11-17,内側より上,31,6.451612903225806,0.0,0.0,0.0,27.0,1,0.0,4.0,3.0,1.0,4.0,4.0,5.0,1,4,2
20241117TMG03,2024-11-17,内側より上,135,0.7407407407407407,0.0,0.7407407407407407,0.7407407407407407,18.0,5,19.0,4.0,3.0,1.0,5.0,2.0,2.0,1,3,5
20241117TMG04,2024-11-17,内側より下,78,0.0,0.0,0.0,0.0,15.0,6,16.0,2.0,1.0,1.0,4.0,3.0,1.0,1,3,2
20241117TMG05,2024-11-17,内側より上,33,6.0606060606060606,0.0,6.0606060606060606,6.0606060606060606,26.0,2,8.0,10.0,5.0,5.0,3.0,3.0,1.0,1,2,4
20241117TMG06,2024-11-17,内側より下,39,0.0,0.0,0.0,0.0,27.0,2,3.0,9.0,5.0,4.0,2.0,4.0,2.0,4,5,6
20241117TMG07,2024-11-17,内側より下,7,0.0,0.0,0.0,0.0,25.0,3,6.0,6.0,2.0,4.0,3.0,4.0,2.0,2,1,6
20241117TMG10,2024-11-17,内側より下,23,0.0,0.0,0.0,0.0,26.0,2,6.0,8.0,3.0,5.0,3.0,2.0,3.0,1,2,3
20241117TMG11,2024-11-17,内側より下,16,6.25,0.0,0.0,0.0,15.0,6,21.0,2.0,1.0,1.0,2.0,1.0,4.0,1,3,4
20241117TMG12,2024-11-17,内側より下,26,0.0,0.0,0.0,0.0,20.0,4,16.0,4.0,3.0,1.0,1.0,4.0,3.0,4,3,1
20241118TMG01,2024-11-18,内側より下,23,0.0,0.0,0.0,0.0,15.0,6,17.0,4.0,3.0,1.0,2.0,1.0,3.0,2,3,4
20241118TMG02,2024-11-18,内側より下,72,1.3888888888888888,0.0,0.0,0.0,18.0,6,12.0,4.0,3.0,1.0,3.0,2.0,3.0,1,2,5
20241118TMG04,2024-11-18,内側より下,30,0.0,0.0,0.0,0.0,23.0,5,5.0,6.0,3.0,3.0,4.0,1.0,4.0,1,4,6
20241118TMG06,2024-11-18,内側より上,28,0.0,0.0,0.0,0.0,28.0,3,2.0,7.0,5.0,2.0,3.0,5.0,3.0,2,1,6
20241118TMG07,2024-11-18,内側より下,81,0.0,0.0,0.0,0.0,17.0,6,19.0,4.0,3.0,1.0,2.0,2.0,3.0,2,5,1
20241118TMG09,2024-11-18,内側より下,9,0.0,0.0,0.0,0.0,16.0,6,18.0,4.0,3.0,1.0,3.0,1.0,3.0,1,2,6
20241118TMG10,2024-11-18,内側より上,17,5.882352941176471,0.0,0.0,0.0,20.0,5,12.0,4.0,3.0,1.0,3.0,1.0,5.0,2,1,3
20241118TMG11,2024-11-18,内側より下,29,3.4482758620689653,0.0,3.4482758620689653,3.4482758620689653,18.0,5,20.0,4.0,3.0,1.0,5.0,2.0,2.0,3,6,2
20241122TMG01,2024-11-22,内側より上,0,0.0,0.0,0.0,0.0,18.0,6,16.0,6.0,1.0,5.0,3.0,1.0,1.0,4,5,3
20241122TMG02,2024-11-22,内側より下,68,0.0,0.0,0.0,0.0,19.0,6,17.0,7.0,2.0,5.0,3.0,1.0,1.0,3,4,1
20241122TMG03,2024-11-22,内側より下,32,0.0,0.0,0.0,0.0,21.0,4,11.0,4.0,3.0,1.0,4.0,2.0,4.0,1,5,2
20241122TMG04,2024-11-22,内側より上,38,7.894736842105263,0.0,7.894736842105263,7.894736842105263,26.0,2,4.0,5.0,3.0,2.0,3.0,4.0,4.0,1,2,5
20241122TMG05,2024-11-22,内側より下,68,0.0,0.0,0.0,0.0,22.0,4,13.0,10.0,5.0,5.0,3.0,1.0,1.0,1,3,4
20241122TMG06,2024-11-22,内側より下,68,0.0,0.0,0.0,0.0,18.0,6,14.0,7.0,2.0,5.0,2.0,1.0,1.0,3,5,1
20241122TMG07,2024-11-22,内側より下,27,0.0,0.0,0.0,0.0,21.0,4,11.0,3.0,2.0,1.0,3.0,3.0,4.0,1,3,2
20241122TMG08,2024-11-22,内側より下,35,0.0,0.0,0.0,0.0,22.0,3,10.0,2.0,1.0,1.0,3.0,4.0,4.0,1,6,3
20241122TMG09,2024-11-22,内側より下,32,0.0,0.0,0.0,0.0,24.0,4,8.0,6.0,3.0,3.0,3.0,3.0,3.0,2,5,1
20241122TMG10,2024-11-22,内側より上,26,0.0,0.0,0.0,0.0,23.0,4,16.0,4.0,3.0,1.0,2.0,3.0,5.0,1,3,2
20241122TMG11,2024-11-22,内側より下,29,3.4482758620689653,0.0,3.4482758620689653,3.4482758620689653,17.0,5,13.0,4.0,3.0,1.0,2.0,3.0,2.0,1,3,4
20241122TMG12,2024-11-22,内側より下,45,2.2222222222222223,2.2222222222222223,0.0,2.2222222222222223,21.0,5,9.0,8.0,3.0,5.0,4.0,1.0,1.0,1,5,3
20241123TMG01,2024-11-23,内側より上,1,0.0,0.0,0.0,0.0,18.0,6,13.0,6.0,1.0,5.0,3.0,1.0,1.0,1,3,2
20241123TMG02,2024-11-23,内側より下,69,0.0,0.0,0.0,0.0,20.0,4,14.0,6.0,5.0,1.0,5.0,1.0,3.0,1,4,3
20241123TMG03,2024-11-23,内側より下,97,0.0,0.0,0.0,0.0,26.0,3,8.0,4.0,3.0,1.0,3.0,5.0,4.0,1,2,3
20241123TMG04,2024-11-23,内側より下,70,0.0,0.0,0.0,0.0,18.0,6,18.0,6.0,5.0,1.0,3.0,1.0,3.0,3,4,1
20241123TMG05,2024-11-23,内側より上,1,0.0,0.0,0.0,0.0,19.0,6,15.0,7.0,5.0,2.0,4.0,1.0,2.0,4,3,1
20241123TMG06,2024-11-23,内側より下,69,0.0,0.0,0.0,0.0,24.0,4,10.0,10.0,5.0,5.0,3.0,1.0,2.0,4,5,3
20241123TMG07,2024-11-23,内側より下,97,0.0,0.0,0.0,0.0,18.0,5,10.0,2.0,1.0,1.0,3.0,1.0,5.0,1,5,4
20241123TMG08,2024-11-23,内側より上,26,0.0,0.0,0.0,0.0,28.0,3,7.0,9.0,5.0,4.0,3.0,3.0,3.0,2,3,5
20241123TMG09,2024-11-23,内側より下,44,2.272727272727273,0.0,2.272727272727273,2.272727272727273,31.0,1,0.0,8.0,3.0,5.0,4.0,5.0,2.0,1,2,3
20241123TMG10,2024-11-23,内側より上,28,0.0,0.0,0.0,0.0,21.0,5,11.0,6.0,5.0,1.0,4.0,1.0,4.0,1,4,3
20241123TMG11,2024-11-23,内側より下,28,3.5714285714285716,0.0,0.0,0.0,26.0,3,10.0,9.0,5.0,4.0,3.0,1.0,4.0,1,5,6
20241123TMG12,2024-11-23,内側より下,20,5.0,0.0,0.0,0.0,20.0,5,13.0,4.0,1.0,3.0,3.0,2.0,3.0,1,2,4
20241124TMG01,2024-11-24,内側より下,71,0.0,0.0,0.0,0.0,14.0,6,16.0,5.0,3.0,2.0,3.0,1.0,1.0,4,1,3
20241124TMG02,2024-11-24,内側より上,99,0.0,0.0,0.0,0.0,14.0,6,22.0,4.0,3.0,1.0,3.0,1.0,2.0,1,4,3
20241124TMG03,2024-11-24,内側より下,31,0.0,0.0,0.0,0.0,21.0,5,11.0,4.0,3.0,1.0,4.0,3.0,3.0,2,3,6
20241124TMG04,2024-11-24,内側より上,3,0.0,0.0,0.0,0.0,22.0,5,12.0,10.0,5.0,5.0,3.0,1.0,1.0,3,1,5
20241124TMG05,2024-11-24,内側より下,71,0.0,0.0,0.0,0.0,23.0,5,12.0,10.0,5.0,5.0,4.0,1.0,1.0,2,4,3
20241124TMG06,2024-11-24,内側より下,71,0.0,0.0,0.0,0.0,18.0,4,18.0,7.0,3.0,4.0,3.0,1.0,1.0,1,3,5
20241124TMG07,2024-11-24,内側より上,32,3.125,0.0,0.0,0.0,25.0,4,12.0,8.0,5.0,3.0,4.0,1.0,4.0,1,4,6
20241124TMG08,2024-11-24,内側より下,21,0.0,0.0,0.0,0.0,24.0,4,10.0,6.0,5.0,1.0,3.0,3.0,4.0,3,4,5
20241124TMG09,2024-11-24,内側より下,28,0.0,0.0,0.0,0.0,15.0,6,11.0,3.0,2.0,1.0,3.0,2.0,2.0,1,2,5
20241124TMG10,2024-11-24,内側より下,43,2.3255813953488373,2.3255813953488373,0.0,2.3255813953488373,24.0,4,9.0,4.0,3.0,1.0,5.0,4.0,3.0,1,3,6
20241124TMG11,2024-11-24,内側より上,35,5.714285714285714,2.857142857142857,2.857142857142857,5.714285714285714,27.0,3,8.0,4.0,3.0,1.0,4.0,5.0,4.0,6,1,2
20241124TMG12,2024-11-24,内側より下,37,2.7027027027027026,0.0,2.7027027027027026,2.7027027027027026,28.0,3,6.0,4.0,3.0,1.0,5.0,4.0,5.0,1,3,6
20241125TMG01,2024-11-25,内側より上,27,0.0,0.0,0.0,0.0,22.0,5,10.0,6.0,5.0,1.0,3.0,2.0,4.0,1,4,3
20241125TMG02,2024-11-25,内側より下,72,0.0,0.0,0.0,0.0,28.0,3,6.0,9.0,5.0,4.0,5.0,2.0,3.0,2,4,3
20241125TMG03,2024-11-25,内側より上,4,0.0,0.0,0.0,0.0,16.0,6,16.0,6.0,5.0,1.0,3.0,2.0,1.0,1,3,2
20241125TMG04,2024-11-25,内側より下,28,0.0,0.0,0.0,0.0,19.0,6,19.0,6.0,5.0,1.0,2.0,4.0,1.0,2,5,1
20241125TMG06,2024-11-25,内側より下,72,0.0,0.0,0.0,0.0,21.0,4,15.0,8.0,3.0,5.0,4.0,1.0,1.0,3,2,4
20241125TMG07,2024-11-25,内側より下,27,0.0,0.0,0.0,0.0,22.0,5,8.0,4.0,3.0,1.0,5.0,1.0,5.0,1,3,5
20241125TMG08,2024-11-25,内側より上,4,0.0,0.0,0.0,0.0,22.0,5,14.0,10.0,5.0,5.0,3.0,1.0,1.0,1,3,4
20241125TMG09,2024-11-25,内側より下,35,2.857142857142857,0.0,2.857142857142857,2.857142857142857,14.0,6,20.0,6.0,5.0,1.0,3.0,1.0,1.0,1,6,3
20241125TMG10,2024-11-25,内側より上,44,2.272727272727273,2.272727272727273,0.0,2.272727272727273,26.0,3,10.0,6.0,5.0,1.0,5.0,2.0,5.0,1,3,2
20241125TMG11,2024-11-25,内側より上,44,0.0,0.0,0.0,0.0,15.0,5,22.0,4.0,3.0,1.0,2.0,3.0,1.0,5,1,4
20241125TMG12,2024-11-25,内側より下,17,0.0,0.0,0.0,0.0,26.0,2,6.0,7.0,3.0,4.0,3.0,4.0,2.0,1,2,3
20241126TMG01,2024-11-26,内側より下,20,10.0,5.0,0.0,5.0,32.0,3,7.0,10.0,5.0,5.0,5.0,5.0,1.0,1,6,4
20241126TMG02,2024-11-26,内側より上,28,3.5714285714285716,3.5714285714285716,0.0,3.5714285714285716,34.0,1,0.0,9.0,5.0,4.0,5.0,3.0,5.0,6,1,4
20241126TMG03,2024-11-26,内側より下,100,0.0,0.0,0.0,0.0,19.0,5,14.0,4.0,3.0,1.0,4.0,1.0,4.0,2,5,4
20241126TMG04,2024-11-26,内側より下,74,0.0,0.0,0.0,0.0,20.0,6,14.0,6.0,5.0,1.0,3.0,1.0,4.0,1,3,2
20241126TMG05,2024-11-26,内側より下,74,0.0,0.0,0.0,0.0,15.0,6,19.0,4.0,3.0,1.0,4.0,1.0,2.0,3,2,1
20241126TMG06,2024-11-26,内側より上,35,8.571428571428571,2.857142857142857,5.714285714285714,8.571428571428571,26.0,3,3.0,4.0,3.0,1.0,5.0,3.0,5.0,1,3,6
20241126TMG07,2024-11-26,内側より下,22,0.0,0.0,0.0,0.0,20.0,4,14.0,4.0,3.0,1.0,3.0,2.0,4.0,1,2,3
20241126TMG08,2024-11-26,内側より上,6,0.0,0.0,0.0,0.0,12.0,6,25.0,4.0,3.0,1.0,3.0,1.0,1.0,2,1,3
20241126TMG09,2024-11-26,内側より上,16,0.0,0.0,0.0,0.0,26.0,3,6.0,10.0,5.0,5.0,5.0,2.0,1.0,3,2,4
20241126TMG10,2024-11-26,内側より下,28,0.0,0.0,0.0,0.0,20.0,5,18.0,6.0,3.0,3.0,3.0,1.0,3.0,1,2,3
20241126TMG11,2024-11-26,同じ,45,2.2222222222222223,0.0,2.2222222222222223,2.2222222222222223,26.0,3,6.0,8.0,5.0,3.0,3.0,5.0,1.0,1,4,2
20241126TMG12,2024-11-26,内側より下,24,0.0,0.0,0.0,0.0,25.0,5,8.0,6.0,5.0,1.0,4.0,3.0,4.0,1,3,2
20241127TMG01,2024-11-27,内側より上,75,0.0,0.0,0.0,0.0,13.0,6,19.0,6.0,5.0,1.0,2.0,1.0,1.0,1,3,5
20241127TMG02,2024-11-27,内側より上,7,0.0,0.0,0.0,0.0,15.0,6,15.0,4.0,3.0,1.0,4.0,1.0,2.0,2,1,4
20241127TMG03,2024-11-27,内側より下,75,0.0,0.0,0.0,0.0,22.0,4,5.0,7.0,3.0,4.0,3.0,2.0,2.0,2,1,3
20241127TMG05,2024-11-27,内側より上,28,0.0,0.0,0.0,0.0,18.0,6,14.0,6.0,5.0,1.0,1.0,1.0,4.0,3,4,1
20241127TMG06,2024-11-27,内側より上,45,2.2222222222222223,2.2222222222222223,0.0,2.2222222222222223,23.0,4,6.0,8.0,3.0,5.0,4.0,2.0,1.0,6,2,4
20241127TMG07,2024-11-27,内側より下,75,0.0,0.0,0.0,0.0,16.0,6,18.0,6.0,5.0,1.0,1.0,1.0,3.0,1,5,2
20241127TMG08,2024-11-27,同じ,7,0.0,0.0,0.0,0.0,19.0,5,14.0,8.0,3.0,5.0,2.0,1.0,1.0,1,4,2
20241127TMG09,2024-11-27,内側より下,29,0.0,0.0,0.0,0.0,25.0,2,4.0,6.0,2.0,4.0,3.0,5.0,1.0,1,2,5
20241127TMG10,2024-11-27,内側より下,25,0.0,0.0,0.0,0.0,24.0,5,12.0,9.0,5.0,4.0,3.0,3.0,1.0,1,2,3
20241127TMG11,2024-11-27,内側より下,46,2.1739130434782608,0.0,2.1739130434782608,2.1739130434782608,28.0,2,1.0,10.0,5.0,5.0,3.0,4.0,1.0,3,4,2
20241127TMG12,2024-11-27,内側より上,38,2.6315789473684212,0.0,2.6315789473684212,2.6315789473684212,29.0,2,7.0,5.0,3.0,2.0,4.0,4.0,5.0,1,2,6
20241210TMG01,2024-12-10,内側より上,15,6.666666666666667,6.666666666666667,0.0,6.666666666666667,28.0,3,2.0,8.0,5.0,3.0,5.0,3.0,3.0,3,1,4
20241210TMG02,2024-12-10,内側より上,14,0.0,0.0,0.0,0.0,22.0,4,11.0,8.0,5.0,3.0,3.0,1.0,3.0,3,2,1
20241210TMG04,2024-12-10,内側より上,42,2.380952380952381,0.0,2.380952380952381,2.380952380952381,36.0,1,0.0,10.0,5.0,5.0,5.0,5.0,3.0,2,5,1
20241210TMG05,2024-12-10,内側より下,39,7.6923076923076925,0.0,5.128205128205129,5.128205128205129,30.0,1,0.0,5.0,3.0,2.0,3.0,5.0,5.0,1,2,3
20241210TMG06,2024-12-10,内側より下,36,2.7777777777777777,0.0,2.7777777777777777,2.7777777777777777,24.0,4,7.0,6.0,5.0,1.0,3.0,2.0,5.0,3,1,2
20241210TMG07,2024-12-10,内側より上,42,0.0,0.0,0.0,0.0,26.0,4,8.0,7.0,5.0,2.0,3.0,4.0,3.0,1,6,2
20241210TMG08,2024-12-10,内側より下,34,0.0,0.0,0.0,0.0,33.0,1,0.0,10.0,5.0,5.0,4.0,3.0,4.0,5,3,1
20241210TMG09,2024-12-10,内側より下,44,0.0,0.0,0.0,0.0,24.0,2,13.0,6.0,5.0,1.0,3.0,3.0,4.0,1,3,4
20241210TMG10,2024-12-10,内側より下,33,0.0,0.0,0.0,0.0,23.0,5,12.0,6.0,5.0,1.0,4.0,2.0,4.0,1,6,2
20241210TMG11,2024-12-10,内側より下,36,0.0,0.0,0.0,0.0,25.0,4,9.0,6.0,5.0,1.0,4.0,2.0,5.0,1,3,2
20241210TMG12,2024-12-10,内側より上,37,2.7027027027027026,0.0,0.0,0.0,25.0,2,9.0,8.0,3.0,5.0,4.0,3.0,1.0,3,4,2
20241211TMG01,2024-12-11,内側より上,16,6.25,6.25,0.0,6.25,19.0,5,21.0,6.0,5.0,1.0,4.0,1.0,3.0,1,2,3
20241211TMG02,2024-12-11,内側より下,35,0.0,0.0,0.0,0.0,18.0,5,15.0,6.0,5.0,1.0,3.0,1.0,3.0,1,2,5
20241211TMG03,2024-12-11,内側より下,28,0.0,0.0,0.0,0.0,23.0,5,10.0,8.0,3.0,5.0,4.0,2.0,1.0,1,3,2
20241211TMG04,2024-12-11,内側より上,15,0.0,0.0,0.0,0.0,20.0,6,11.0,5.0,3.0,2.0,3.0,1.0,4.0,3,1,2
20241211TMG05,2024-12-11,内側より上,16,6.25,6.25,0.0,6.25,28.0,1,0.0,4.0,3.0,1.0,5.0,5.0,4.0,1,2,3
20241211TMG07,2024-12-11,内側より下,28,0.0,0.0,0.0,0.0,12.0,6,24.0,4.0,3.0,1.0,3.0,1.0,1.0,1,2,5
20241211TMG09,2024-12-11,内側より下,47,0.0,0.0,0.0,0.0,19.0,6,11.0,3.0,2.0,1.0,3.0,1.0,5.0,3,1,6
20241211TMG10,2024-12-11,内側より上,28,3.5714285714285716,0.0,3.5714285714285716,3.5714285714285716,18.0,6,14.0,3.0,2.0,1.0,4.0,4.0,1.0,1,3,4
20241211TMG11,2024-12-11,内側より上,37,0.0,0.0,0.0,0.0,28.0,2,2.0,5.0,3.0,2.0,3.0,4.0,5.0,1,3,2
20241211TMG12,2024-12-11,内側より上,27,0.0,0.0,0.0,0.0,18.0,6,11.0,6.0,5.0,1.0,3.0,2.0,2.0,1,3,6
20241212TMG01,2024-12-12,内側より上,29,0.0,0.0,0.0,0.0,30.0,3,3.0,10.0,5.0,5.0,3.0,2.0,4.0,1,2,3
20241212TMG02,2024-12-12,内側より下,28,0.0,0.0,0.0,0.0,24.0,4,13.0,10.0,5.0,5.0,3.0,2.0,1.0,1,4,5
20241212TMG03,2024-12-12,内側より上,16,0.0,0.0,0.0,0.0,26.0,4,10.0,10.0,5.0,5.0,3.0,3.0,1.0,1,3,2
20241212TMG04,2024-12-12,内側より上,41,7.317073170731708,4.878048780487805,2.4390243902439024,7.317073170731707,15.0,6,20.0,4.0,3.0,1.0,4.0,1.0,2.0,2,5,6
20241212TMG05,2024-12-12,内側より上,18,5.555555555555555,5.555555555555555,0.0,5.555555555555555,32.0,2,6.0,10.0,5.0,5.0,5.0,3.0,3.0,5,2,4
20241212TMG06,2024-12-12,内側より下,34,5.882352941176471,5.882352941176471,0.0,5.882352941176471,29.0,2,9.0,10.0,5.0,5.0,4.0,4.0,1.0,1,3,2
20241212TMG07,2024-12-12,内側より上,16,0.0,0.0,0.0,0.0,16.0,6,16.0,4.0,3.0,1.0,3.0,1.0,3.0,1,4,2
20241212TMG08,2024-12-12,内側より下,42,19.047619047619047,19.047619047619047,0.0,19.047619047619047,16.0,5,16.0,5.0,3.0,2.0,5.0,1.0,1.0,1,2,3
20241212TMG09,2024-12-12,内側より上,43,2.3255813953488373,0.0,2.3255813953488373,2.3255813953488373,16.0,6,19.0,6.0,5.0,1.0,3.0,1.0,2.0,1,4,2
20241212TMG12,2024-12-12,内側より下,29,3.4482758620689653,3.4482758620689653,0.0,3.4482758620689653,32.0,1,0.0,8.0,3.0,5.0,5.0,5.0,2.0,1,2,5
20241213TMG01,2024-12-13,内側より下,21,0.0,0.0,0.0,0.0,21.0,5,12.0,3.0,2.0,1.0,3.0,4.0,3.0,2,3,4
20241213TMG02,2024-12-13,内側より下,29,0.0,0.0,0.0,0.0,22.0,6,7.0,8.0,3.0,5.0,5.0,1.0,1.0,2,4,3
20241213TMG03,2024-12-13,内側より上,19,5.2631578947368425,5.2631578947368425,0.0,5.2631578947368425,34.0,2,2.0,8.0,3.0,5.0,5.0,5.0,3.0,3,1,4
20241213TMG04,2024-12-13,内側より上,28,0.0,0.0,0.0,0.0,20.0,5,12.0,3.0,2.0,1.0,4.0,3.0,3.0,1,2,3
20241213TMG05,2024-12-13,内側より下,22,0.0,0.0,0.0,0.0,18.0,5,19.0,6.0,5.0,1.0,3.0,1.0,3.0,1,4,2
20241213TMG06,2024-12-13,内側より上,38,2.6315789473684212,0.0,0.0,0.0,27.0,3,10.0,8.0,3.0,5.0,4.0,4.0,1.0,1,4,6
20241213TMG07,2024-12-13,内側より上,104,1.9230769230769231,0.0,0.9615384615384616,0.9615384615384616,24.0,4,8.0,6.0,5.0,1.0,3.0,2.0,5.0,1,3,4
20241213TMG08,2024-12-13,内側より上,18,0.0,0.0,0.0,0.0,21.0,4,16.0,9.0,5.0,4.0,4.0,1.0,1.0,2,3,4
20241213TMG09,2024-12-13,内側より上,19,5.2631578947368425,5.2631578947368425,0.0,5.2631578947368425,30.0,2,2.0,8.0,3.0,5.0,5.0,4.0,2.0,1,3,2
20241213TMG10,2024-12-13,内側より下,29,3.4482758620689653,3.4482758620689653,0.0,3.4482758620689653,21.0,4,10.0,4.0,2.0,2.0,3.0,3.0,3.0,1,4,3
20241213TMG11,2024-12-13,内側より上,32,3.125,0.0,0.0,0.0,28.0,3,10.0,6.0,5.0,1.0,5.0,4.0,4.0,4,2,5
20241213TMG12,2024-12-13,内側より下,34,11.764705882352942,5.882352941176471,2.9411764705882355,8.823529411764707,32.0,1,0.0,8.0,5.0,3.0,5.0,4.0,4.0,1,3,4
20241214TMG01,2024-12-14,内側より下,40,7.5,0.0,5.0,5.0,35.0,1,0.0,10.0,5.0,5.0,4.0,5.0,3.0,1,3,4
20241214TMG02,2024-12-14,内側より下,35,0.0,0.0,0.0,0.0,26.0,3,4.0,4.0,3.0,1.0,5.0,3.0,5.0,2,1,4
20241214TMG03,2024-12-14,内側より上,19,0.0,0.0,0.0,0.0,28.0,2,7.0,8.0,3.0,5.0,3.0,5.0,1.0,1,2,4
20241214TMG04,2024-12-14,内側より上,42,7.142857142857143,4.761904761904762,2.380952380952381,7.142857142857142,18.0,6,18.0,3.0,2.0,1.0,4.0,1.0,4.0,1,3,5
20241214TMG05,2024-12-14,内側より下,23,0.0,0.0,0.0,0.0,14.0,5,20.0,6.0,5.0,1.0,3.0,1.0,1.0,1,2,3
20241214TMG06,2024-12-14,内側より上,21,4.761904761904762,4.761904761904762,0.0,4.761904761904762,28.0,3,4.0,7.0,2.0,5.0,4.0,5.0,1.0,1,4,5
20241214TMG07,2024-12-14,内側より下,43,0.0,0.0,0.0,0.0,22.0,5,10.0,4.0,3.0,1.0,5.0,2.0,4.0,1,2,5
20241214TMG08,2024-12-14,内側より上,19,0.0,0.0,0.0,0.0,20.0,5,14.0,4.0,3.0,1.0,3.0,2.0,4.0,2,1,3
20241214TMG09,2024-12-14,内側より上,35,5.714285714285714,5.714285714285714,0.0,5.714285714285714,22.0,5,17.0,6.0,5.0,1.0,3.0,4.0,2.0,1,3,5
20241214TMG10,2024-12-14,内側より下,28,0.0,0.0,0.0,0.0,24.0,4,12.0,8.0,3.0,5.0,5.0,2.0,1.0,1,2,3
20241214TMG11,2024-12-14,内側より下,35,11.428571428571429,5.714285714285714,2.857142857142857,8.571428571428571,26.0,3,4.0,4.0,3.0,1.0,5.0,4.0,4.0,1,3,4
20241214TMG12,2024-12-14,内側より下,32,6.25,0.0,6.25,6.25,25.0,4,8.0,6.0,3.0,3.0,4.0,3.0,3.0,1,3,4
20241217TMG01,2024-12-17,内側より下,33,0.0,0.0,0.0,0.0,20.0,6,11.0,2.0,1.0,1.0,3.0,2.0,5.0,2,3,
20241217TMG02,2024-12-17,内側より下,35,2.857142857142857,2.857142857142857,0.0,2.857142857142857,26.0,4,8.0,8.0,5.0,3.0,3.0,3.0,3.0,5,2,3
20241217TMG03,2024-12-17,内側より下,24,4.166666666666667,0.0,0.0,0.0,26.0,4,6.0,6.0,5.0,1.0,3.0,3.0,5.0,3,4,5
20241217TMG04,2024-12-17,内側より下,34,0.0,0.0,0.0,0.0,32.0,1,0.0,9.0,5.0,4.0,3.0,3.0,5.0,2,3,1
20241217TMG05,2024-12-17,内側より下,30,0.0,0.0,0.0,0.0,23.0,5,12.0,3.0,2.0,1.0,5.0,2.0,5.0,1,3,5
20241217TMG06,2024-12-17,内側より下,232,3.8793103448275863,2.586206896551724,0.8620689655172413,3.4482758620689653,17.0,6,17.0,6.0,5.0,1.0,4.0,1.0,2.0,2,1,4
20241217TMG08,2024-12-17,内側より下,24,4.166666666666667,0.0,0.0,0.0,19.0,5,11.0,4.0,3.0,1.0,2.0,2.0,4.0,2,3,1
20241217TMG09,2024-12-17,内側より下,38,2.6315789473684212,0.0,0.0,0.0,20.0,6,12.0,9.0,5.0,4.0,3.0,1.0,1.0,1,3,2
20241217TMG10,2024-12-17,同じ,27,0.0,0.0,0.0,0.0,21.0,6,10.0,6.0,5.0,1.0,2.0,2.0,4.0,1,5,2
20241217TMG11,2024-12-17,内側より下,27,0.0,0.0,0.0,0.0,30.0,2,4.0,10.0,5.0,5.0,3.0,4.0,2.0,5,3,4
20241218TMG01,2024-12-18,内側より下,233,3.8626609442060085,2.575107296137339,0.8583690987124464,3.4334763948497855,18.0,6,15.0,4.0,3.0,1.0,5.0,2.0,2.0,2,4,1
20241218TMG03,2024-12-18,内側より下,32,0.0,0.0,0.0,0.0,26.0,3,7.0,10.0,5.0,5.0,3.0,3.0,1.0,1,2,
20241218TMG04,2024-12-18,内側より下,30,0.0,0.0,0.0,0.0,17.0,6,17.0,4.0,3.0,1.0,4.0,1.0,3.0,1,5,2
20241218TMG05,2024-12-18,内側より下,22,4.545454545454546,0.0,4.545454545454546,4.545454545454546,22.0,5,11.0,4.0,3.0,1.0,3.0,2.0,5.0,2,4,5
20241218TMG06,2024-12-18,内側より下,32,6.25,0.0,3.125,3.125,18.0,5,19.0,7.0,5.0,2.0,3.0,1.0,2.0,1,2,5
20241218TMG07,2024-12-18,内側より下,34,0.0,0.0,0.0,0.0,24.0,4,10.0,10.0,5.0,5.0,3.0,2.0,1.0,1,4,5
20241218TMG08,2024-12-18,内側より下,233,3.8626609442060085,2.575107296137339,0.8583690987124464,3.4334763948497855,13.0,6,18.0,4.0,3.0,1.0,2.0,1.0,2.0,3,1,4
20241218TMG09,2024-12-18,内側より下,32,3.125,0.0,3.125,3.125,20.0,6,13.0,6.0,5.0,1.0,3.0,1.0,4.0,1,3,2
20241218TMG12,2024-12-18,内側より上,30,10.0,3.3333333333333335,3.3333333333333335,6.666666666666667,19.0,5,13.0,6.0,5.0,1.0,2.0,3.0,2.0,1,2,4
20241219TMG01,2024-12-19,内側より下,35,0.0,0.0,0.0,0.0,22.0,4,13.0,7.0,3.0,4.0,5.0,2.0,1.0,2,3,5
20241219TMG02,2024-12-19,内側より下,23,0.0,0.0,0.0,0.0,35.0,1,0.0,10.0,5.0,5.0,4.0,4.0,4.0,3,2,5
20241219TMG03,2024-12-19,内側より下,25,0.0,0.0,0.0,0.0,12.0,6,20.0,4.0,3.0,1.0,3.0,1.0,1.0,2,1,6
20241219TMG04,2024-12-19,内側より下,30,0.0,0.0,0.0,0.0,29.0,2,2.0,10.0,5.0,5.0,2.0,5.0,1.0,1,3,5
20241219TMG05,2024-12-19,内側より下,32,3.125,0.0,3.125,3.125,30.0,1,0.0,10.0,5.0,5.0,3.0,3.0,3.0,5,2,6
20241219TMG07,2024-12-19,内側より上,42,2.380952380952381,0.0,2.380952380952381,2.380952380952381,28.0,3,5.0,6.0,5.0,1.0,3.0,4.0,5.0,5,3,2
20241219TMG08,2024-12-19,内側より下,26,0.0,0.0,0.0,0.0,20.0,4,10.0,7.0,5.0,2.0,3.0,3.0,1.0,1,4,5
20241219TMG09,2024-12-19,内側より下,27,3.7037037037037037,0.0,0.0,0.0,36.0,1,0.0,10.0,5.0,5.0,5.0,4.0,4.0,2,1,6
20241219TMG10,2024-12-19,内側より上,42,0.0,0.0,0.0,0.0,24.0,4,8.0,6.0,2.0,4.0,4.0,4.0,1.0,1,3,5
20241219TMG11,2024-12-19,内側より下,37,0.0,0.0,0.0,0.0,16.0,6,20.0,6.0,5.0,1.0,3.0,1.0,2.0,1,3,4
20241219TMG12,2024-12-19,内側より下,40,2.5,0.0,2.5,2.5,24.0,5,6.0,6.0,3.0,3.0,3.0,3.0,3.0,2,1,3
20241220TMG03,2024-12-20,内側より下,35,0.0,0.0,0.0,0.0,19.0,6,16.0,9.0,5.0,4.0,2.0,1.0,1.0,1,5,3
20241220TMG04,2024-12-20,内側より下,236,3.8135593220338984,2.542372881355932,0.847457627118644,3.389830508474576,24.0,4,10.0,6.0,3.0,3.0,5.0,2.0,3.0,1,5,2
20241220TMG05,2024-12-20,内側より上,42,0.0,0.0,0.0,0.0,32.0,3,2.0,10.0,5.0,5.0,5.0,3.0,3.0,2,5,1
20241220TMG06,2024-12-20,内側より下,26,0.0,0.0,0.0,0.0,25.0,3,11.0,4.0,3.0,1.0,4.0,3.0,5.0,1,2,4
20241220TMG07,2024-12-20,内側より下,34,0.0,0.0,0.0,0.0,18.0,5,19.0,4.0,3.0,1.0,3.0,1.0,4.0,4,2,1
20241220TMG08,2024-12-20,内側より上,43,0.0,0.0,0.0,0.0,29.0,3,8.0,10.0,5.0,5.0,4.0,3.0,2.0,3,6,1
20241220TMG11,2024-12-20,内側より下,35,0.0,0.0,0.0,0.0,23.0,4,12.0,5.0,3.0,2.0,4.0,2.0,4.0,1,2,3
20241220TMG12,2024-12-20,内側より下,27,3.7037037037037037,0.0,3.7037037037037037,3.7037037037037037,27.0,3,10.0,6.0,5.0,1.0,4.0,4.0,4.0,1,2,4
20241221TMG01,2024-12-21,内側より下,31,0.0,0.0,0.0,0.0,28.0,3,6.0,6.0,3.0,3.0,5.0,4.0,3.0,4,5,6
20241221TMG02,2024-12-21,内側より下,235,3.8297872340425534,2.5531914893617023,0.851063829787234,3.404255319148936,24.0,5,13.0,10.0,5.0,5.0,5.0,1.0,1.0,1,3,2
20241221TMG03,2024-12-21,内側より下,30,3.3333333333333335,3.3333333333333335,0.0,3.3333333333333335,24.0,4,10.0,8.0,5.0,3.0,3.0,2.0,3.0,3,1,5
20241221TMG04,2024-12-21,内側より下,38,2.6315789473684212,2.6315789473684212,0.0,2.6315789473684212,34.0,2,2.0,10.0,5.0,5.0,3.0,5.0,3.0,4,1,2
20241221TMG05,2024-12-21,内側より下,25,4.0,0.0,0.0,0.0,20.0,6,8.0,4.0,2.0,2.0,2.0,2.0,4.0,2,4,5
20241221TMG06,2024-12-21,内側より下,5,0.0,0.0,0.0,0.0,20.0,5,11.0,9.0,5.0,4.0,3.0,1.0,1.0,1,3,5
20241221TMG09,2024-12-21,内側より下,22,0.0,0.0,0.0,0.0,26.0,2,4.0,9.0,5.0,4.0,3.0,3.0,2.0,5,3,6
20241221TMG11,2024-12-21,内側より下,28,0.0,0.0,0.0,0.0,24.0,2,9.0,6.0,5.0,1.0,3.0,3.0,4.0,2,5,3
20250119TMG01,2025-01-19,内側より下,46,2.1739130434782608,2.1739130434782608,0.0,2.1739130434782608,23.0,5,11.0,7.0,5.0,2.0,4.0,3.0,2.0,1,2,5
20250119TMG02,2025-01-19,内側より下,26,7.6923076923076925,7.6923076923076925,0.0,7.6923076923076925,22.0,5,10.0,4.0,3.0,1.0,5.0,2.0,4.0,4,1,2
20250119TMG03,2025-01-19,内側より下,31,0.0,0.0,0.0,0.0,15.0,6,21.0,4.0,3.0,1.0,4.0,2.0,1.0,1,3,4
20250119TMG04,2025-01-19,内側より上,16,0.0,0.0,0.0,0.0,14.0,6,23.0,4.0,3.0,1.0,3.0,1.0,2.0,2,1,5
20250119TMG05,2025-01-19,内側より下,42,2.380952380952381,0.0,0.0,0.0,21.0,4,11.0,5.0,3.0,2.0,4.0,3.0,2.0,5,1,6
20250119TMG06,2025-01-19,内側より下,57,0.0,0.0,0.0,0.0,27.0,2,1.0,10.0,5.0,5.0,4.0,3.0,1.0,1,2,5
20250119TMG08,2025-01-19,同じ,32,0.0,0.0,0.0,0.0,26.0,4,6.0,6.0,5.0,1.0,3.0,4.0,4.0,1,3,5
20250119TMG09,2025-01-19,内側より下,28,0.0,0.0,0.0,0.0,31.0,1,0.0,8.0,5.0,3.0,4.0,5.0,3.0,1,2,4
20250119TMG10,2025-01-19,内側より下,31,0.0,0.0,0.0,0.0,22.0,3,17.0,5.0,3.0,2.0,3.0,3.0,3.0,1,5,2
20250119TMG11,2025-01-19,内側より下,35,2.857142857142857,0.0,2.857142857142857,2.857142857142857,26.0,3,3.0,6.0,5.0,1.0,3.0,3.0,5.0,1,4,2
20250119TMG12,2025-01-19,内側より下,37,5.405405405405405,0.0,5.405405405405405,5.405405405405405,23.0,4,9.0,6.0,5.0,1.0,4.0,3.0,3.0,1,4,5
20250120TMG01,2025-01-20,内側より下,32,9.375,6.25,3.125,9.375,36.0,1,0.0,10.0,5.0,5.0,3.0,5.0,4.0,1,2,3
20250120TMG02,2025-01-20,内側より上,17,0.0,0.0,0.0,0.0,14.0,6,26.0,4.0,3.0,1.0,3.0,1.0,2.0,3,1,2
20250120TMG03,2025-01-20,内側より下,33,3.0303030303030303,0.0,0.0,0.0,23.0,4,11.0,6.0,5.0,1.0,4.0,3.0,3.0,2,6,5
20250120TMG04,2025-01-20,内側より下,41,4.878048780487805,0.0,4.878048780487805,4.878048780487805,18.0,6,15.0,6.0,5.0,1.0,3.0,1.0,3.0,2,3,1
20250120TMG05,2025-01-20,内側より下,31,0.0,0.0,0.0,0.0,16.0,6,16.0,4.0,3.0,1.0,3.0,1.0,3.0,3,1,2
20250120TMG06,2025-01-20,内側より下,58,0.0,0.0,0.0,0.0,11.0,6,21.0,3.0,2.0,1.0,3.0,1.0,1.0,3,2,5
20250120TMG07,2025-01-20,内側より下,32,6.25,0.0,3.125,3.125,26.0,2,4.0,6.0,3.0,3.0,3.0,3.0,4.0,5,6,4
20250120TMG08,2025-01-20,内側より上,35,0.0,0.0,0.0,0.0,22.0,6,6.0,6.0,5.0,1.0,3.0,2.0,4.0,2,5,1
20250120TMG09,2025-01-20,内側より下,26,0.0,0.0,0.0,0.0,17.0,5,18.0,4.0,3.0,1.0,2.0,3.0,2.0,2,1,5
20250120TMG10,2025-01-20,内側より下,36,0.0,0.0,0.0,0.0,25.0,4,12.0,6.0,3.0,3.0,4.0,1.0,5.0,2,1,3
20250120TMG11,2025-01-20,内側より下,43,2.3255813953488373,0.0,0.0,0.0,22.0,4,15.0,6.0,5.0,1.0,3.0,2.0,4.0,1,3,5
20250120TMG12,2025-01-20,内側より上,25,4.0,0.0,4.0,4.0,29.0,2,10.0,8.0,3.0,5.0,4.0,3.0,3.0,1,3,2
20250121TMG01,2025-01-21,内側より上,18,0.0,0.0,0.0,0.0,20.0,5,12.0,7.0,3.0,4.0,3.0,1.0,2.0,1,4,2
20250121TMG02,2025-01-21,内側より下,32,0.0,0.0,0.0,0.0,14.0,6,20.0,4.0,3.0,1.0,5.0,1.0,1.0,3,2,4
20250121TMG03,2025-01-21,内側より下,59,0.0,0.0,0.0,0.0,22.0,5,10.0,7.0,5.0,2.0,3.0,3.0,2.0,1,5,2
20250121TMG04,2025-01-21,内側より下,30,3.3333333333333335,0.0,0.0,0.0,16.0,6,14.0,4.0,3.0,1.0,3.0,1.0,3.0,2,1,5
20250121TMG05,2025-01-21,内側より上,39,0.0,0.0,0.0,0.0,14.0,6,16.0,3.0,2.0,1.0,2.0,1.0,3.0,4,1,5
20250121TMG06,2025-01-21,内側より上,18,0.0,0.0,0.0,0.0,20.0,5,14.0,8.0,3.0,5.0,3.0,1.0,1.0,5,2,3
20250121TMG07,2025-01-21,同じ,49,0.0,0.0,0.0,0.0,36.0,1,0.0,10.0,5.0,5.0,3.0,5.0,4.0,6,1,3
20250121TMG08,2025-01-21,内側より下,59,0.0,0.0,0.0,0.0,26.0,3,12.0,10.0,5.0,5.0,3.0,3.0,1.0,1,2,4
20250121TMG09,2025-01-21,内側より上,35,5.714285714285714,2.857142857142857,0.0,2.857142857142857,22.0,4,14.0,6.0,5.0,1.0,3.0,2.0,4.0,1,6,4
20250121TMG10,2025-01-21,内側より上,22,4.545454545454546,0.0,0.0,0.0,23.0,4,11.0,8.0,3.0,5.0,4.0,1.0,2.0,1,5,2
20250121TMG11,2025-01-21,内側より下,30,6.666666666666667,0.0,3.3333333333333335,3.3333333333333335,25.0,2,12.0,5.0,3.0,2.0,2.0,4.0,4.0,1,6,2
20250121TMG12,2025-01-21,内側より上,38,5.2631578947368425,0.0,2.6315789473684212,2.6315789473684212,25.0,4,8.0,6.0,2.0,4.0,3.0,3.0,3.0,1,2,4
20250122TMG01,2025-01-22,内側より上,36,5.555555555555555,2.7777777777777777,0.0,2.7777777777777777,21.0,4,14.0,4.0,3.0,1.0,4.0,2.0,4.0,1,4,6
20250122TMG02,2025-01-22,内側より下,31,3.225806451612903,3.225806451612903,0.0,3.225806451612903,25.0,4,13.0,8.0,3.0,5.0,4.0,3.0,1.0,1,6,4
20250122TMG03,2025-01-22,内側より上,33,0.0,0.0,0.0,0.0,18.0,6,20.0,6.0,5.0,1.0,5.0,1.0,2.0,3,1,5
20250122TMG04,2025-01-22,内側より上,50,2.0,0.0,0.0,0.0,30.0,1,0.0,6.0,3.0,3.0,5.0,4.0,4.0,2,1,4
20250122TMG05,2025-01-22,内側より下,61,0.0,0.0,0.0,0.0,23.0,5,7.0,8.0,3.0,5.0,2.0,3.0,1.0,1,5,3
20250122TMG06,2025-01-22,内側より下,33,9.090909090909092,6.0606060606060606,3.0303030303030303,9.09090909090909,30.0,1,0.0,4.0,3.0,1.0,5.0,5.0,5.0,1,4,5
20250122TMG07,2025-01-22,内側より下,44,2.272727272727273,0.0,0.0,0.0,28.0,3,6.0,7.0,3.0,4.0,3.0,5.0,2.0,5,2,6
20250122TMG08,2025-01-22,内側より上,20,0.0,0.0,0.0,0.0,23.0,5,11.0,7.0,3.0,4.0,4.0,2.0,2.0,1,4,5
20250122TMG09,2025-01-22,内側より上,61,0.0,0.0,0.0,0.0,27.0,2,11.0,8.0,3.0,5.0,4.0,4.0,1.0,1,2,3
20250122TMG10,2025-01-22,内側より上,18,0.0,0.0,0.0,0.0,22.0,4,12.0,7.0,5.0,2.0,3.0,2.0,3.0,1,2,3
20250122TMG11,2025-01-22,内側より下,35,2.857142857142857,0.0,2.857142857142857,2.857142857142857,28.0,4,6.0,8.0,5.0,3.0,3.0,2.0,5.0,1,2,3
20250122TMG12,2025-01-22,内側より下,33,6.0606060606060606,0.0,3.0303030303030303,3.0303030303030303,24.0,2,9.0,6.0,3.0,3.0,3.0,3.0,3.0,1,3,2
20250123TMG01,2025-01-23,内側より下,35,5.714285714285714,2.857142857142857,0.0,2.857142857142857,20.0,6,14.0,4.0,3.0,1.0,5.0,2.0,3.0,1,3,5
20250123TMG02,2025-01-23,内側より上,21,0.0,0.0,0.0,0.0,22.0,6,7.0,6.0,3.0,3.0,5.0,1.0,3.0,2,4,5
20250123TMG03,2025-01-23,内側より上,34,8.823529411764707,5.882352941176471,2.9411764705882355,8.823529411764707,32.0,1,0.0,6.0,5.0,1.0,5.0,5.0,5.0,1,2,3
20250123TMG04,2025-01-23,内側より下,36,0.0,0.0,0.0,0.0,26.0,3,10.0,6.0,5.0,1.0,3.0,3.0,5.0,5,2,6
20250123TMG05,2025-01-23,内側より上,33,0.0,0.0,0.0,0.0,26.0,2,2.0,4.0,3.0,1.0,3.0,4.0,5.0,1,2,6
20250123TMG06,2025-01-23,内側より下,63,0.0,0.0,0.0,0.0,30.0,2,6.0,10.0,5.0,5.0,3.0,5.0,1.0,2,1,3
20250123TMG07,2025-01-23,内側より下,35,0.0,0.0,0.0,0.0,26.0,3,4.0,6.0,3.0,3.0,3.0,2.0,5.0,5,2,6
20250123TMG08,2025-01-23,内側より上,21,0.0,0.0,0.0,0.0,19.0,4,17.0,7.0,2.0,5.0,3.0,1.0,1.0,1,3,4
20250123TMG09,2025-01-23,内側より下,34,2.9411764705882355,0.0,2.9411764705882355,2.9411764705882355,23.0,4,12.0,6.0,5.0,1.0,4.0,2.0,4.0,1,2,3
20250123TMG10,2025-01-23,内側より下,36,2.7777777777777777,0.0,2.7777777777777777,2.7777777777777777,26.0,3,2.0,6.0,5.0,1.0,3.0,4.0,4.0,1,4,5
20250123TMG11,2025-01-23,内側より下,34,0.0,0.0,0.0,0.0,33.0,1,0.0,10.0,5.0,5.0,4.0,5.0,2.0,4,5,3
20250123TMG12,2025-01-23,内側より下,46,2.1739130434782608,2.1739130434782608,0.0,2.1739130434782608,23.0,4,11.0,5.0,3.0,2.0,4.0,3.0,3.0,1,3,2
20250128TMG01,2025-01-28,内側より上,32,0.0,0.0,0.0,0.0,36.0,1,0.0,8.0,3.0,5.0,3.0,5.0,5.0,1,3,4
20250128TMG02,2025-01-28,内側より下,134,0.0,0.0,0.0,0.0,32.0,1,0.0,10.0,5.0,5.0,3.0,3.0,4.0,1,3,5
20250128TMG04,2025-01-28,内側より下,23,0.0,0.0,0.0,0.0,19.0,5,20.0,4.0,2.0,2.0,3.0,3.0,2.0,1,4,2
20250128TMG06,2025-01-28,内側より上,32,0.0,0.0,0.0,0.0,30.0,1,0.0,9.0,5.0,4.0,3.0,3.0,4.0,6,2,4
20250128TMG07,2025-01-28,内側より下,26,0.0,0.0,0.0,0.0,32.0,2,1.0,10.0,5.0,5.0,3.0,3.0,4.0,5,3,1
20250128TMG08,2025-01-28,内側より下,31,6.451612903225806,0.0,0.0,0.0,28.0,3,6.0,8.0,3.0,5.0,3.0,5.0,1.0,1,2,5
20250128TMG09,2025-01-28,内側より下,72,0.0,0.0,0.0,0.0,16.0,6,14.0,6.0,5.0,1.0,3.0,1.0,2.0,1,3,5
20250128TMG10,2025-01-28,内側より下,34,0.0,0.0,0.0,0.0,16.0,6,16.0,6.0,5.0,1.0,3.0,1.0,2.0,1,2,4
20250128TMG12,2025-01-28,内側より下,46,0.0,0.0,0.0,0.0,21.0,4,11.0,4.0,3.0,1.0,2.0,2.0,5.0,1,5,2
20250129TMG01,2025-01-29,内側より上,38,0.0,0.0,0.0,0.0,26.0,3,6.0,6.0,5.0,1.0,3.0,3.0,5.0,3,2,5
20250129TMG02,2025-01-29,内側より上,37,5.405405405405405,0.0,5.405405405405405,5.405405405405405,26.0,3,12.0,5.0,3.0,2.0,5.0,4.0,3.0,6,1,3
20250129TMG03,2025-01-29,内側より下,28,3.5714285714285716,0.0,0.0,0.0,28.0,3,2.0,4.0,3.0,1.0,5.0,5.0,4.0,1,2,3
20250129TMG04,2025-01-29,内側より下,23,0.0,0.0,0.0,0.0,16.0,6,16.0,4.0,3.0,1.0,3.0,1.0,3.0,5,4,1
20250129TMG05,2025-01-29,内側より下,29,3.4482758620689653,3.4482758620689653,0.0,3.4482758620689653,18.0,6,14.0,5.0,3.0,2.0,5.0,1.0,2.0,1,5,3
20250129TMG06,2025-01-29,内側より上,29,0.0,0.0,0.0,0.0,30.0,2,2.0,10.0,5.0,5.0,5.0,4.0,1.0,1,4,2
20250129TMG07,2025-01-29,内側より下,133,0.0,0.0,0.0,0.0,21.0,5,9.0,5.0,2.0,3.0,5.0,1.0,3.0,3,5,4
20250129TMG08,2025-01-29,内側より上,30,6.666666666666667,0.0,0.0,0.0,21.0,4,11.0,4.0,3.0,1.0,4.0,3.0,3.0,6,3,4
20250129TMG09,2025-01-29,内側より下,31,0.0,0.0,0.0,0.0,14.0,6,20.0,5.0,3.0,2.0,3.0,1.0,1.0,4,2,5
20250129TMG10,2025-01-29,内側より上,28,0.0,0.0,0.0,0.0,26.0,2,2.0,8.0,5.0,3.0,3.0,3.0,3.0,1,6,3
20250129TMG11,2025-01-29,内側より上,37,5.405405405405405,0.0,5.405405405405405,5.405405405405405,22.0,5,8.0,2.0,1.0,1.0,5.0,3.0,4.0,6,4,1
20250129TMG12,2025-01-29,内側より下,44,4.545454545454546,2.272727272727273,2.272727272727273,4.545454545454546,20.0,6,12.0,4.0,3.0,1.0,5.0,3.0,2.0,1,5,6
20250130TMG01,2025-01-30,内側より下,28,3.5714285714285716,0.0,3.5714285714285716,3.5714285714285716,21.0,5,17.0,6.0,5.0,1.0,4.0,1.0,4.0,4,6,1
20250130TMG02,2025-01-30,内側より上,34,0.0,0.0,0.0,0.0,24.0,5,5.0,10.0,5.0,5.0,5.0,1.0,1.0,1,3,2
20250130TMG03,2025-01-30,内側より上,16,0.0,0.0,0.0,0.0,33.0,2,3.0,10.0,5.0,5.0,4.0,4.0,3.0,3,5,1
20250130TMG04,2025-01-30,内側より上,22,4.545454545454546,4.545454545454546,0.0,4.545454545454546,28.0,2,1.0,4.0,3.0,1.0,5.0,4.0,5.0,1,5,3
20250130TMG05,2025-01-30,内側より下,27,0.0,0.0,0.0,0.0,27.0,3,3.0,8.0,3.0,5.0,2.0,2.0,4.0,4,5,1
20250130TMG06,2025-01-30,内側より下,20,0.0,0.0,0.0,0.0,29.0,1,0.0,7.0,3.0,4.0,4.0,2.0,5.0,4,5,6
20250130TMG07,2025-01-30,内側より下,25,0.0,0.0,0.0,0.0,22.0,4,5.0,8.0,3.0,5.0,1.0,3.0,1.0,1,2,3
20250130TMG08,2025-01-30,内側より下,35,2.857142857142857,0.0,2.857142857142857,2.857142857142857,20.0,6,8.0,6.0,5.0,1.0,3.0,1.0,4.0,6,3,5
20250130TMG09,2025-01-30,内側より下,47,0.0,0.0,0.0,0.0,21.0,5,10.0,7.0,2.0,5.0,3.0,2.0,1.0,4,3,6
20250130TMG10,2025-01-30,内側より下,21,0.0,0.0,0.0,0.0,26.0,4,7.0,7.0,5.0,2.0,3.0,3.0,4.0,1,2,3
20250130TMG11,2025-01-30,内側より下,28,0.0,0.0,0.0,0.0,26.0,3,6.0,8.0,3.0,5.0,3.0,3.0,2.0,1,6,2
20250130TMG12,2025-01-30,内側より下,38,10.526315789473685,2.6315789473684212,7.894736842105263,10.526315789473685,30.0,2,3.0,10.0,5.0,5.0,5.0,3.0,2.0,3,1,4
20250131TMG01,2025-01-31,内側より下,31,9.67741935483871,0.0,0.0,0.0,29.0,1,0.0,8.0,5.0,3.0,4.0,4.0,3.0,1,2,3
20250131TMG02,2025-01-31,内側より上,39,10.256410256410257,2.5641025641025643,7.6923076923076925,10.256410256410257,26.0,4,10.0,6.0,5.0,1.0,5.0,4.0,3.0,3,6,4
20250131TMG03,2025-01-31,内側より上,22,0.0,0.0,0.0,0.0,30.0,2,1.0,6.0,5.0,1.0,5.0,4.0,5.0,3,6,5
20250131TMG04,2025-01-31,内側より下,28,0.0,0.0,0.0,0.0,28.0,2,3.0,6.0,5.0,1.0,5.0,3.0,5.0,1,5,6
20250131TMG05,2025-01-31,内側より上,23,4.3478260869565215,4.3478260869565215,0.0,4.3478260869565215,32.0,1,0.0,9.0,5.0,4.0,5.0,4.0,3.0,1,4,5
20250131TMG06,2025-01-31,内側より下,48,0.0,0.0,0.0,0.0,17.0,6,12.0,3.0,2.0,1.0,3.0,2.0,3.0,2,1,3
20250131TMG07,2025-01-31,内側より上,48,0.0,0.0,0.0,0.0,23.0,5,7.0,6.0,5.0,1.0,4.0,3.0,3.0,2,1,3
20250131TMG08,2025-01-31,内側より上,29,0.0,0.0,0.0,0.0,17.0,6,17.0,4.0,3.0,1.0,4.0,2.0,2.0,1,2,6
20250131TMG09,2025-01-31,内側より下,38,5.2631578947368425,0.0,5.2631578947368425,5.2631578947368425,31.0,1,0.0,6.0,5.0,1.0,4.0,5.0,5.0,1,2,6
20250131TMG10,2025-01-31,内側より下,34,0.0,0.0,0.0,0.0,27.0,2,11.0,6.0,5.0,1.0,4.0,4.0,4.0,4,5,6
20250131TMG11,2025-01-31,内側より下,30,6.666666666666667,0.0,6.666666666666667,6.666666666666667,21.0,6,17.0,6.0,5.0,1.0,4.0,3.0,2.0,5,4,1
20250131TMG12,2025-01-31,内側より下,33,0.0,0.0,0.0,0.0,22.0,5,13.0,5.0,3.0,2.0,3.0,2.0,4.0,2,1,3
20250201TMG01,2025-02-01,内側より下,29,0.0,0.0,0.0,0.0,28.0,2,5.0,6.0,3.0,3.0,5.0,3.0,4.0,1,2,3
20250201TMG02,2025-02-01,内側より下,49,0.0,0.0,0.0,0.0,26.0,1,0.0,5.0,3.0,2.0,3.0,4.0,4.0,3,4,5
20250201TMG03,2025-02-01,内側より上,30,3.3333333333333335,3.3333333333333335,0.0,3.3333333333333335,27.0,4,5.0,7.0,5.0,2.0,4.0,3.0,4.0,1,3,6
20250201TMG05,2025-02-01,内側より上,49,0.0,0.0,0.0,0.0,31.0,1,0.0,10.0,5.0,5.0,4.0,5.0,1.0,1,2,6
20250201TMG06,2025-02-01,内側より上,40,10.0,2.5,7.5,10.0,30.0,2,1.0,6.0,5.0,1.0,5.0,5.0,4.0,1,5,6
20250201TMG07,2025-02-01,内側より下,35,0.0,0.0,0.0,0.0,28.0,2,2.0,8.0,3.0,5.0,3.0,5.0,1.0,1,6,5
20250201TMG08,2025-02-01,内側より上,23,4.3478260869565215,4.3478260869565215,0.0,4.3478260869565215,31.0,2,3.0,6.0,5.0,1.0,4.0,5.0,5.0,1,3,4
20250201TMG09,2025-02-01,内側より上,32,9.375,0.0,0.0,0.0,30.0,2,2.0,10.0,5.0,5.0,3.0,4.0,2.0,3,5,6
20250201TMG10,2025-02-01,内側より下,27,0.0,0.0,0.0,0.0,22.0,5,9.0,4.0,3.0,1.0,3.0,4.0,3.0,1,5,4
20250201TMG11,2025-02-01,内側より下,23,0.0,0.0,0.0,0.0,23.0,3,13.0,7.0,5.0,2.0,4.0,3.0,2.0,1,2,5
20250201TMG12,2025-02-01,内側より上,34,2.9411764705882355,2.9411764705882355,0.0,2.9411764705882355,24.0,4,8.0,4.0,1.0,3.0,5.0,2.0,4.0,1,3,4
20250202TMG01,2025-02-02,内側より下,131,0.0,0.0,0.0,0.0,26.0,4,6.0,10.0,5.0,5.0,5.0,1.0,2.0,5,1,4
20250202TMG02,2025-02-02,内側より下,41,9.75609756097561,2.4390243902439024,7.317073170731708,9.75609756097561,20.0,5,16.0,4.0,3.0,1.0,5.0,3.0,2.0,1,5,2
20250202TMG03,2025-02-02,内側より上,29,0.0,0.0,0.0,0.0,28.0,3,5.0,7.0,2.0,5.0,4.0,4.0,2.0,3,2,4
20250202TMG04,2025-02-02,内側より下,50,0.0,0.0,0.0,0.0,26.0,3,3.0,7.0,3.0,4.0,3.0,3.0,3.0,1,5,4
20250202TMG05,2025-02-02,内側より下,73,0.0,0.0,0.0,0.0,23.0,5,11.0,9.0,5.0,4.0,4.0,1.0,2.0,4,2,3
20250202TMG06,2025-02-02,内側より下,38,0.0,0.0,0.0,0.0,31.0,2,1.0,10.0,5.0,5.0,4.0,5.0,1.0,6,3,2
20250202TMG07,2025-02-02,内側より下,50,0.0,0.0,0.0,0.0,33.0,1,0.0,9.0,5.0,4.0,4.0,4.0,4.0,5,3,2
20250202TMG08,2025-02-02,内側より下,28,0.0,0.0,0.0,0.0,21.0,6,12.0,4.0,3.0,1.0,4.0,3.0,3.0,1,5,3
20250202TMG09,2025-02-02,内側より下,37,5.405405405405405,0.0,2.7027027027027026,2.7027027027027026,26.0,3,7.0,4.0,3.0,1.0,5.0,4.0,4.0,1,4,5
20250202TMG10,2025-02-02,内側より下,29,3.4482758620689653,0.0,0.0,0.0,30.0,3,3.0,8.0,5.0,3.0,5.0,3.0,4.0,1,3,5
20250202TMG11,2025-02-02,内側より下,29,3.4482758620689653,0.0,3.4482758620689653,3.4482758620689653,20.0,5,18.0,7.0,5.0,2.0,3.0,1.0,3.0,1,4,6
20250202TMG12,2025-02-02,内側より下,30,0.0,0.0,0.0,0.0,26.0,2,5.0,7.0,3.0,4.0,5.0,3.0,2.0,1,2,3
20250215TMG01,2025-02-15,内側より下,35,2.857142857142857,2.857142857142857,0.0,2.857142857142857,14.0,6,22.0,4.0,3.0,1.0,3.0,1.0,2.0,1,2,3
20250215TMG02,2025-02-15,内側より下,27,3.7037037037037037,0.0,3.7037037037037037,3.7037037037037037,19.0,6,13.0,6.0,3.0,3.0,4.0,1.0,2.0,1,3,2
20250215TMG03,2025-02-15,内側より下,21,0.0,0.0,0.0,0.0,22.0,4,10.0,4.0,3.0,1.0,5.0,2.0,4.0,4,2,6
20250215TMG04,2025-02-15,内側より上,31,0.0,0.0,0.0,0.0,34.0,1,0.0,8.0,3.0,5.0,3.0,5.0,4.0,1,3,2
20250215TMG05,2025-02-15,内側より下,40,5.0,2.5,0.0,2.5,24.0,3,11.0,4.0,3.0,1.0,3.0,3.0,5.0,1,3,5
20250215TMG06,2025-02-15,内側より下,80,0.0,0.0,0.0,0.0,27.0,2,9.0,5.0,3.0,2.0,4.0,5.0,3.0,2,1,3
20250215TMG07,2025-02-15,内側より上,36,2.7777777777777777,2.7777777777777777,0.0,2.7777777777777777,32.0,3,5.0,7.0,2.0,5.0,4.0,4.0,4.0,1,5,2
20250215TMG08,2025-02-15,内側より下,38,0.0,0.0,0.0,0.0,20.0,5,14.0,6.0,5.0,1.0,3.0,1.0,4.0,4,1,5
20250215TMG09,2025-02-15,内側より上,25,0.0,0.0,0.0,0.0,28.0,2,3.0,8.0,3.0,5.0,3.0,5.0,1.0,1,2,4
20250215TMG10,2025-02-15,内側より上,34,0.0,0.0,0.0,0.0,32.0,1,0.0,8.0,5.0,3.0,3.0,5.0,4.0,1,3,2
20250215TMG11,2025-02-15,内側より上,28,3.5714285714285716,3.5714285714285716,0.0,3.5714285714285716,28.0,2,5.0,8.0,3.0,5.0,3.0,4.0,2.0,1,2,4
20250215TMG12,2025-02-15,内側より下,32,3.125,0.0,3.125,3.125,31.0,1,0.0,6.0,5.0,1.0,4.0,5.0,5.0,1,2,5
20250216TMG01,2025-02-16,内側より下,23,0.0,0.0,0.0,0.0,16.0,6,19.0,6.0,5.0,1.0,3.0,2.0,1.0,2,3,4
20250216TMG02,2025-02-16,内側より下,35,0.0,0.0,0.0,0.0,21.0,5,7.0,6.0,5.0,1.0,4.0,1.0,4.0,2,6,1
20250216TMG03,2025-02-16,内側より上,37,2.7027027027027026,2.7027027027027026,0.0,2.7027027027027026,29.0,2,1.0,8.0,3.0,5.0,4.0,5.0,1.0,3,4,5
20250216TMG05,2025-02-16,内側より下,32,3.125,0.0,3.125,3.125,34.0,1,0.0,10.0,5.0,5.0,3.0,4.0,4.0,3,5,4
20250216TMG06,2025-02-16,内側より下,31,3.225806451612903,3.225806451612903,0.0,3.225806451612903,24.0,3,8.0,10.0,5.0,5.0,3.0,2.0,1.0,4,1,5
20250216TMG07,2025-02-16,内側より下,30,0.0,0.0,0.0,0.0,23.0,5,9.0,8.0,3.0,5.0,4.0,2.0,1.0,3,1,4
20250216TMG08,2025-02-16,内側より下,81,0.0,0.0,0.0,0.0,26.0,2,2.0,9.0,5.0,4.0,3.0,3.0,2.0,2,1,3
20250216TMG09,2025-02-16,内側より下,37,5.405405405405405,0.0,0.0,0.0,34.0,1,0.0,10.0,5.0,5.0,3.0,4.0,4.0,1,2,3
20250216TMG10,2025-02-16,内側より上,52,0.0,0.0,0.0,0.0,20.0,5,16.0,4.0,3.0,1.0,3.0,2.0,4.0,1,3,4
20250216TMG12,2025-02-16,内側より下,50,0.0,0.0,0.0,0.0,34.0,2,6.0,10.0,5.0,5.0,3.0,4.0,4.0,1,3,6
20250217TMG01,2025-02-17,内側より下,23,0.0,0.0,0.0,0.0,25.0,3,4.0,4.0,3.0,1.0,2.0,4.0,5.0,1,2,3
20250217TMG02,2025-02-17,内側より下,41,7.317073170731708,0.0,4.878048780487805,4.878048780487805,33.0,1,0.0,9.0,5.0,4.0,4.0,4.0,4.0,5,3,6
20250217TMG03,2025-02-17,内側より上,38,2.6315789473684212,2.6315789473684212,0.0,2.6315789473684212,38.0,1,0.0,10.0,5.0,5.0,3.0,5.0,5.0,2,1,3
20250217TMG04,2025-02-17,内側より下,82,0.0,0.0,0.0,0.0,22.0,4,8.0,2.0,1.0,1.0,3.0,4.0,4.0,1,4,2
20250217TMG06,2025-02-17,内側より上,44,2.272727272727273,0.0,2.272727272727273,2.272727272727273,14.0,6,17.0,4.0,3.0,1.0,1.0,2.0,2.0,1,3,6
20250217TMG07,2025-02-17,同じ,38,0.0,0.0,0.0,0.0,24.0,3,8.0,8.0,3.0,5.0,1.0,3.0,2.0,1,2,5
20250217TMG08,2025-02-17,内側より上,38,2.6315789473684212,2.6315789473684212,0.0,2.6315789473684212,30.0,2,4.0,10.0,5.0,5.0,3.0,4.0,2.0,3,5,1
20250217TMG10,2025-02-17,内側より下,31,3.225806451612903,0.0,3.225806451612903,3.225806451612903,24.0,2,6.0,6.0,3.0,3.0,1.0,4.0,3.0,1,2,6
20250217TMG11,2025-02-17,内側より下,26,3.8461538461538463,0.0,0.0,0.0,22.0,4,15.0,6.0,5.0,1.0,3.0,4.0,2.0,1,3,5
20250217TMG12,2025-02-17,内側より下,33,0.0,0.0,0.0,0.0,16.0,5,23.0,4.0,3.0,1.0,3.0,2.0,2.0,1,3,4
20250218TMG01,2025-02-18,内側より上,29,0.0,0.0,0.0,0.0,24.0,3,14.0,4.0,3.0,1.0,5.0,2.0,5.0,1,4,3
20250218TMG02,2025-02-18,内側より下,38,0.0,0.0,0.0,0.0,32.0,1,0.0,10.0,5.0,5.0,3.0,4.0,3.0,2,1,3
20250218TMG03,2025-02-18,内側より下,23,0.0,0.0,0.0,0.0,16.0,6,22.0,6.0,5.0,1.0,3.0,1.0,2.0,1,2,4
20250218TMG04,2025-02-18,内側より上,32,3.125,0.0,3.125,3.125,32.0,1,0.0,10.0,5.0,5.0,3.0,5.0,2.0,1,6,3
20250218TMG05,2025-02-18,内側より下,35,2.857142857142857,2.857142857142857,0.0,2.857142857142857,14.0,6,20.0,4.0,3.0,1.0,3.0,1.0,2.0,1,2,5
20250218TMG06,2025-02-18,内側より上,40,2.5,2.5,0.0,2.5,33.0,1,0.0,8.0,3.0,5.0,4.0,5.0,3.0,2,4,3
20250218TMG08,2025-02-18,内側より上,26,7.6923076923076925,0.0,3.8461538461538463,3.8461538461538463,26.0,2,4.0,6.0,5.0,1.0,3.0,3.0,5.0,4,3,6
20250218TMG09,2025-02-18,内側より上,32,0.0,0.0,0.0,0.0,34.0,1,0.0,8.0,3.0,5.0,3.0,5.0,4.0,3,1,6
20250218TMG10,2025-02-18,同じ,42,7.142857142857143,0.0,4.761904761904762,4.761904761904762,30.0,3,10.0,6.0,5.0,1.0,5.0,4.0,5.0,1,6,2
20250218TMG11,2025-02-18,内側より下,39,2.5641025641025643,0.0,2.5641025641025643,2.5641025641025643,18.0,5,14.0,6.0,5.0,1.0,3.0,1.0,3.0,1,2,3
20250218TMG12,2025-02-18,内側より上,26,0.0,0.0,0.0,0.0,26.0,2,8.0,5.0,3.0,2.0,3.0,5.0,3.0,1,6,5
20250219TMG01,2025-02-19,内側より下,30,0.0,0.0,0.0,0.0,29.0,3,6.0,8.0,3.0,5.0,4.0,3.0,3.0,1,5,3
20250219TMG02,2025-02-19,内側より下,34,0.0,0.0,0.0,0.0,22.0,5,16.0,5.0,3.0,2.0,5.0,4.0,1.0,3,1,4
20250219TMG03,2025-02-19,内側より下,38,5.2631578947368425,0.0,0.0,0.0,22.0,4,16.0,4.0,3.0,1.0,5.0,3.0,3.0,1,3,6
20250219TMG04,2025-02-19,内側より下,39,0.0,0.0,0.0,0.0,22.0,4,12.0,7.0,5.0,2.0,3.0,2.0,3.0,1,3,6
20250219TMG05,2025-02-19,内側より上,41,2.4390243902439024,2.4390243902439024,0.0,2.4390243902439024,30.0,1,0.0,4.0,1.0,3.0,5.0,5.0,4.0,1,2,3
20250219TMG06,2025-02-19,内側より下,84,0.0,0.0,0.0,0.0,26.0,2,8.0,7.0,5.0,2.0,3.0,4.0,3.0,3,2,5
20250219TMG07,2025-02-19,内側より上,32,3.125,0.0,3.125,3.125,17.0,5,18.0,3.0,2.0,1.0,3.0,1.0,4.0,1,3,4
20250219TMG08,2025-02-19,内側より下,38,2.6315789473684212,0.0,2.6315789473684212,2.6315789473684212,21.0,5,9.0,8.0,5.0,3.0,2.0,2.0,2.0,1,2,3
20250219TMG09,2025-02-19,内側より下,45,2.2222222222222223,0.0,2.2222222222222223,2.2222222222222223,17.0,6,15.0,6.0,5.0,1.0,2.0,1.0,3.0,3,4,1
20250219TMG10,2025-02-19,内側より下,28,3.5714285714285716,3.5714285714285716,0.0,3.5714285714285716,23.0,4,9.0,3.0,2.0,1.0,3.0,3.0,5.0,2,1,5
20250219TMG11,2025-02-19,内側より下,27,3.7037037037037037,0.0,0.0,0.0,21.0,4,11.0,4.0,3.0,1.0,4.0,1.0,5.0,3,1,4
20250219TMG12,2025-02-19,内側より上,27,0.0,0.0,0.0,0.0,30.0,2,6.0,8.0,3.0,5.0,5.0,5.0,1.0,1,3,6
20250223TMG01,2025-02-23,内側より上,15,6.666666666666667,0.0,6.666666666666667,6.666666666666667,17.0,6,20.0,6.0,5.0,1.0,4.0,1.0,2.0,1,4,3
20250223TMG02,2025-02-23,内側より下,37,5.405405405405405,2.7027027027027026,0.0,2.7027027027027026,20.0,5,18.0,4.0,3.0,1.0,3.0,1.0,5.0,1,2,5
20250223TMG03,2025-02-23,内側より上,32,0.0,0.0,0.0,0.0,26.0,3,2.0,10.0,5.0,5.0,3.0,3.0,1.0,3,2,5
20250223TMG04,2025-02-23,内側より上,29,3.4482758620689653,0.0,3.4482758620689653,3.4482758620689653,25.0,3,6.0,3.0,2.0,1.0,3.0,5.0,4.0,1,6,2
20250223TMG05,2025-02-23,内側より下,105,0.0,0.0,0.0,0.0,24.0,5,11.0,7.0,3.0,4.0,3.0,4.0,1.0,3,1,2
20250223TMG06,2025-02-23,内側より下,23,4.3478260869565215,0.0,0.0,0.0,28.0,1,0.0,4.0,3.0,1.0,3.0,5.0,5.0,2,1,6
20250223TMG07,2025-02-23,内側より下,37,5.405405405405405,2.7027027027027026,0.0,2.7027027027027026,17.0,5,16.0,4.0,3.0,1.0,2.0,1.0,4.0,3,1,4
20250223TMG08,2025-02-23,内側より下,29,0.0,0.0,0.0,0.0,24.0,4,9.0,6.0,5.0,1.0,3.0,2.0,5.0,1,2,3
20250223TMG09,2025-02-23,内側より下,33,0.0,0.0,0.0,0.0,21.0,5,11.0,6.0,5.0,1.0,4.0,2.0,3.0,1,3,5
20250223TMG10,2025-02-23,内側より下,41,2.4390243902439024,0.0,2.4390243902439024,2.4390243902439024,17.0,5,21.0,6.0,2.0,4.0,3.0,1.0,1.0,6,1,2
20250223TMG11,2025-02-23,内側より上,37,5.405405405405405,2.7027027027027026,2.7027027027027026,5.405405405405405,20.0,6,17.0,4.0,3.0,1.0,3.0,2.0,4.0,1,2,3
20250223TMG12,2025-02-23,内側より下,39,2.5641025641025643,0.0,2.5641025641025643,2.5641025641025643,22.0,4,11.0,5.0,3.0,2.0,3.0,2.0,4.0,1,3,6
20250224TMG01,2025-02-24,内側より下,106,0.0,0.0,0.0,0.0,16.0,6,15.0,4.0,3.0,1.0,3.0,1.0,3.0,4,2,1
20250224TMG02,2025-02-24,内側より下,26,0.0,0.0,0.0,0.0,19.0,4,13.0,7.0,3.0,4.0,2.0,1.0,2.0,2,5,4
20250224TMG03,2025-02-24,内側より下,34,2.9411764705882355,0.0,0.0,0.0,35.0,1,0.0,9.0,5.0,4.0,4.0,4.0,5.0,2,3,5
20250224TMG04,2025-02-24,内側より上,24,8.333333333333334,0.0,4.166666666666667,4.166666666666667,29.0,3,5.0,10.0,5.0,5.0,4.0,3.0,2.0,3,2,4
20250224TMG05,2025-02-24,内側より下,29,0.0,0.0,0.0,0.0,12.0,6,21.0,4.0,3.0,1.0,1.0,2.0,1.0,2,1,5
20250224TMG06,2025-02-24,内側より上,33,0.0,0.0,0.0,0.0,16.0,6,14.0,6.0,5.0,1.0,3.0,1.0,2.0,1,2,4
20250224TMG07,2025-02-24,内側より上,30,10.0,0.0,6.666666666666667,6.666666666666667,27.0,2,7.0,7.0,5.0,2.0,4.0,5.0,2.0,4,2,1
20250224TMG08,2025-02-24,内側より上,39,0.0,0.0,0.0,0.0,22.0,3,10.0,10.0,5.0,5.0,1.0,1.0,2.0,1,2,3
20250224TMG09,2025-02-24,内側より上,20,0.0,0.0,0.0,0.0,16.0,6,20.0,6.0,5.0,1.0,3.0,1.0,2.0,1,3,4
20250224TMG10,2025-02-24,内側より下,30,0.0,0.0,0.0,0.0,20.0,5,19.0,9.0,5.0,4.0,3.0,1.0,1.0,1,2,3
20250224TMG11,2025-02-24,内側より下,30,6.666666666666667,0.0,3.3333333333333335,3.3333333333333335,28.0,3,4.0,4.0,3.0,1.0,3.0,5.0,5.0,1,2,6
20250224TMG12,2025-02-24,内側より下,26,0.0,0.0,0.0,0.0,13.0,6,23.0,3.0,2.0,1.0,3.0,1.0,2.0,1,2,3
20250225TMG02,2025-02-25,内側より上,34,0.0,0.0,0.0,0.0,17.0,6,17.0,5.0,3.0,2.0,4.0,1.0,2.0,1,2,4
20250225TMG03,2025-02-25,内側より下,107,0.0,0.0,0.0,0.0,28.0,2,2.0,7.0,2.0,5.0,4.0,5.0,1.0,1,4,5
20250225TMG04,2025-02-25,内側より下,41,0.0,0.0,0.0,0.0,22.0,5,14.0,8.0,3.0,5.0,3.0,2.0,1.0,3,6,4
20250225TMG05,2025-02-25,内側より上,28,3.5714285714285716,0.0,3.5714285714285716,3.5714285714285716,36.0,1,0.0,8.0,3.0,5.0,5.0,5.0,4.0,4,2,3
20250225TMG06,2025-02-25,内側より上,34,0.0,0.0,0.0,0.0,16.0,6,17.0,4.0,1.0,3.0,3.0,2.0,1.0,3,2,4
20250225TMG07,2025-02-25,内側より下,18,0.0,0.0,0.0,0.0,25.0,1,0.0,10.0,5.0,5.0,2.0,3.0,1.0,1,4,3
20250225TMG08,2025-02-25,内側より下,23,0.0,0.0,0.0,0.0,23.0,5,8.0,7.0,2.0,5.0,3.0,3.0,1.0,1,3,4
20250225TMG09,2025-02-25,内側より下,27,3.7037037037037037,0.0,0.0,0.0,23.0,4,11.0,6.0,5.0,1.0,4.0,2.0,4.0,1,6,4
20250225TMG10,2025-02-25,内側より上,33,9.090909090909092,0.0,9.090909090909092,9.090909090909092,23.0,3,12.0,9.0,5.0,4.0,4.0,1.0,2.0,5,3,1
20250225TMG11,2025-02-25,内側より下,37,8.108108108108109,0.0,2.7027027027027026,2.7027027027027026,28.0,3,7.0,4.0,3.0,1.0,3.0,5.0,5.0,1,2,6
20250225TMG12,2025-02-25,内側より上,31,3.225806451612903,0.0,0.0,0.0,22.0,4,16.0,7.0,3.0,4.0,3.0,2.0,2.0,5,4,1
20250226TMG01,2025-02-26,内側より下,42,4.761904761904762,0.0,4.761904761904762,4.761904761904762,19.0,6,15.0,5.0,3.0,2.0,4.0,3.0,1.0,1,6,2
20250226TMG02,2025-02-26,内側より上,36,0.0,0.0,0.0,0.0,24.0,3,7.0,10.0,5.0,5.0,3.0,1.0,2.0,2,3,1
20250226TMG03,2025-02-26,内側より下,20,0.0,0.0,0.0,0.0,20.0,5,14.0,4.0,3.0,1.0,3.0,2.0,4.0,2,3,1
20250226TMG04,2025-02-26,内側より下,31,6.451612903225806,0.0,3.225806451612903,3.225806451612903,36.0,1,0.0,10.0,5.0,5.0,3.0,4.0,5.0,2,1,6
20250226TMG05,2025-02-26,内側より下,32,0.0,0.0,0.0,0.0,27.0,3,5.0,4.0,3.0,1.0,2.0,5.0,5.0,1,2,3
20250226TMG06,2025-02-26,内側より下,34,2.9411764705882355,0.0,2.9411764705882355,2.9411764705882355,24.0,3,10.0,7.0,5.0,2.0,3.0,2.0,4.0,2,3,4
20250226TMG07,2025-02-26,内側より上,36,0.0,0.0,0.0,0.0,19.0,5,11.0,3.0,2.0,1.0,3.0,2.0,4.0,1,4,5
20250226TMG08,2025-02-26,内側より下,29,3.4482758620689653,0.0,3.4482758620689653,3.4482758620689653,37.0,1,0.0,10.0,5.0,5.0,4.0,5.0,4.0,1,4,6
20250226TMG09,2025-02-26,内側より下,108,0.0,0.0,0.0,0.0,24.0,4,10.0,6.0,5.0,1.0,3.0,2.0,5.0,1,3,4
20250226TMG10,2025-02-26,内側より下,39,5.128205128205129,2.5641025641025643,2.5641025641025643,5.128205128205129,18.0,6,11.0,4.0,3.0,1.0,3.0,3.0,2.0,4,1,6
20250226TMG11,2025-02-26,内側より上,30,3.3333333333333335,0.0,3.3333333333333335,3.3333333333333335,13.0,6,19.0,4.0,3.0,1.0,2.0,1.0,2.0,1,3,6
20250227TMG01,2025-02-27,内側より下,23,0.0,0.0,0.0,0.0,17.0,6,16.0,5.0,3.0,2.0,4.0,1.0,2.0,3,4,2
20250227TMG02,2025-02-27,内側より下,29,0.0,0.0,0.0,0.0,26.0,3,5.0,4.0,3.0,1.0,5.0,3.0,5.0,3,1,2
20250227TMG03,2025-02-27,内側より上,38,0.0,0.0,0.0,0.0,23.0,5,9.0,7.0,2.0,5.0,3.0,3.0,1.0,4,5,3
20250227TMG05,2025-02-27,同じ,23,0.0,0.0,0.0,0.0,16.0,6,17.0,6.0,5.0,1.0,3.0,1.0,2.0,4,5,2
20250227TMG06,2025-02-27,内側より上,30,3.3333333333333335,0.0,3.3333333333333335,3.3333333333333335,38.0,1,0.0,10.0,5.0,5.0,5.0,5.0,4.0,1,2,4
20250227TMG07,2025-02-27,内側より上,40,5.0,2.5,2.5,5.0,22.0,5,7.0,5.0,3.0,2.0,3.0,2.0,4.0,2,4,5
20250227TMG08,2025-02-27,内側より上,32,6.25,6.25,0.0,6.25,30.0,2,4.0,10.0,5.0,5.0,3.0,5.0,1.0,1,2,5
20250227TMG09,2025-02-27,内側より上,21,0.0,0.0,0.0,0.0,11.0,6,25.0,3.0,2.0,1.0,3.0,1.0,1.0,1,3,2
20250227TMG10,2025-02-27,内側より下,34,8.823529411764707,0.0,8.823529411764707,8.823529411764707,16.0,6,18.0,6.0,5.0,1.0,3.0,1.0,2.0,1,5,2
20250227TMG11,2025-02-27,内側より上,31,9.67741935483871,0.0,6.451612903225806,6.451612903225806,18.0,5,14.0,3.0,2.0,1.0,4.0,1.0,4.0,1,6,5
20250227TMG12,2025-02-27,内側より下,39,2.5641025641025643,0.0,2.5641025641025643,2.5641025641025643,29.0,3,6.0,6.0,5.0,1.0,4.0,4.0,5.0,1,2,6
20250308TMG01,2025-03-08,内側より下,23,0.0,0.0,0.0,0.0,18.0,6,13.0,6.0,5.0,1.0,3.0,1.0,3.0,4,5,1
20250308TMG02,2025-03-08,内側より下,18,5.555555555555555,0.0,0.0,0.0,34.0,3,3.0,9.0,5.0,4.0,5.0,4.0,4.0,1,6,2
20250308TMG03,2025-03-08,内側より下,27,0.0,0.0,0.0,0.0,16.0,6,23.0,7.0,5.0,2.0,3.0,1.0,1.0,2,4,6
20250308TMG04,2025-03-08,内側より下,27,0.0,0.0,0.0,0.0,28.0,4,4.0,10.0,5.0,5.0,5.0,2.0,2.0,4,2,6
20250308TMG05,2025-03-08,内側より下,27,0.0,0.0,0.0,0.0,18.0,6,15.0,7.0,5.0,2.0,3.0,1.0,2.0,1,4,3
20250308TMG06,2025-03-08,内側より下,34,0.0,0.0,0.0,0.0,26.0,3,11.0,7.0,3.0,4.0,5.0,3.0,2.0,3,2,5
20250308TMG07,2025-03-08,内側より下,18,0.0,0.0,0.0,0.0,30.0,2,2.0,6.0,3.0,3.0,5.0,3.0,5.0,1,5,4
20250308TMG08,2025-03-08,内側より下,99,0.0,0.0,0.0,0.0,22.0,4,17.0,7.0,2.0,5.0,4.0,2.0,1.0,1,2,6
20250308TMG09,2025-03-08,内側より下,7,0.0,0.0,0.0,0.0,12.0,6,22.0,4.0,3.0,1.0,3.0,1.0,1.0,2,6,4
20250308TMG11,2025-03-08,内側より上,34,0.0,0.0,0.0,0.0,24.0,5,4.0,8.0,3.0,5.0,5.0,2.0,1.0,1,3,4
20250308TMG12,2025-03-08,内側より上,30,0.0,0.0,0.0,0.0,22.0,5,12.0,8.0,3.0,5.0,5.0,1.0,1.0,1,6,2
20250309TMG01,2025-03-09,内側より下,136,0.7352941176470589,0.0,0.7352941176470589,0.7352941176470589,30.0,2,4.0,8.0,5.0,3.0,3.0,5.0,3.0,1,3,6
20250309TMG02,2025-03-09,内側より下,28,0.0,0.0,0.0,0.0,16.0,5,20.0,6.0,3.0,3.0,3.0,1.0,1.0,1,2,3
20250309TMG03,2025-03-09,内側より上,100,0.0,0.0,0.0,0.0,22.0,4,15.0,8.0,3.0,5.0,3.0,2.0,1.0,1,2,3
20250309TMG04,2025-03-09,内側より下,36,11.11111111111111,0.0,5.555555555555555,5.555555555555555,20.0,5,10.0,4.0,3.0,1.0,3.0,3.0,3.0,2,1,3
20250309TMG06,2025-03-09,内側より下,29,0.0,0.0,0.0,0.0,21.0,5,7.0,6.0,5.0,1.0,2.0,1.0,5.0,1,3,5
20250309TMG07,2025-03-09,内側より下,24,0.0,0.0,0.0,0.0,20.0,5,14.0,4.0,3.0,1.0,3.0,1.0,5.0,1,6,5
20250309TMG08,2025-03-09,内側より下,30,3.3333333333333335,0.0,0.0,0.0,19.0,5,17.0,6.0,5.0,1.0,2.0,1.0,4.0,1,3,2
20250309TMG09,2025-03-09,内側より下,23,4.3478260869565215,0.0,0.0,0.0,24.0,6,11.0,7.0,5.0,2.0,3.0,1.0,5.0,4,5,3
20250309TMG10,2025-03-09,内側より上,36,13.88888888888889,5.555555555555555,0.0,5.555555555555555,21.0,4,15.0,6.0,5.0,1.0,4.0,1.0,4.0,1,6,2
20250309TMG11,2025-03-09,内側より下,26,0.0,0.0,0.0,0.0,24.0,4,8.0,4.0,3.0,1.0,5.0,3.0,4.0,5,1,6
20250309TMG12,2025-03-09,内側より下,27,0.0,0.0,0.0,0.0,21.0,4,16.0,6.0,5.0,1.0,2.0,2.0,4.0,3,1,4
20250310TMG01,2025-03-10,内側より上,39,2.5641025641025643,0.0,0.0,0.0,34.0,1,0.0,10.0,5.0,5.0,5.0,4.0,3.0,1,2,6
20250310TMG02,2025-03-10,内側より上,32,3.125,3.125,0.0,3.125,34.0,1,0.0,9.0,5.0,4.0,5.0,4.0,4.0,4,2,5
20250310TMG03,2025-03-10,内側より下,34,0.0,0.0,0.0,0.0,36.0,2,2.0,9.0,5.0,4.0,5.0,4.0,5.0,2,1,6
20250310TMG04,2025-03-10,内側より下,137,0.7299270072992701,0.0,0.7299270072992701,0.7299270072992701,27.0,2,8.0,7.0,3.0,4.0,4.0,3.0,3.0,3,2,4
20250310TMG05,2025-03-10,内側より下,101,0.0,0.0,0.0,0.0,22.0,6,6.0,8.0,3.0,5.0,3.0,2.0,1.0,4,2,5
20250310TMG06,2025-03-10,内側より下,31,3.225806451612903,0.0,0.0,0.0,28.0,2,2.0,6.0,3.0,3.0,3.0,5.0,3.0,4,1,6
20250310TMG07,2025-03-10,内側より上,8,0.0,0.0,0.0,0.0,11.0,6,25.0,3.0,2.0,1.0,3.0,1.0,1.0,3,2,5
20250310TMG08,2025-03-10,内側より下,29,0.0,0.0,0.0,0.0,16.0,5,20.0,4.0,3.0,1.0,3.0,1.0,3.0,1,3,2
20250310TMG10,2025-03-10,内側より下,35,0.0,0.0,0.0,0.0,18.0,5,15.0,7.0,5.0,2.0,3.0,1.0,2.0,1,5,4
20250310TMG11,2025-03-10,内側より下,30,0.0,0.0,0.0,0.0,23.0,4,9.0,6.0,3.0,3.0,4.0,2.0,3.0,5,2,1
20250310TMG12,2025-03-10,内側より下,43,2.3255813953488373,0.0,0.0,0.0,27.0,3,6.0,4.0,3.0,1.0,4.0,4.0,5.0,1,6,2
20250311TMG01,2025-03-11,内側より下,26,0.0,0.0,0.0,0.0,28.0,3,2.0,4.0,3.0,1.0,3.0,5.0,5.0,3,1,4
20250311TMG02,2025-03-11,内側より上,37,13.513513513513514,5.405405405405405,0.0,5.405405405405405,26.0,2,7.0,6.0,5.0,1.0,3.0,3.0,5.0,3,1,5
20250311TMG03,2025-03-11,同じ,27,0.0,0.0,0.0,0.0,27.0,3,6.0,6.0,5.0,1.0,4.0,4.0,4.0,3,4,6
20250311TMG05,2025-03-11,内側より上,25,0.0,0.0,0.0,0.0,32.0,1,0.0,8.0,3.0,5.0,5.0,4.0,3.0,1,6,5
20250311TMG06,2025-03-11,内側より上,31,0.0,0.0,0.0,0.0,24.0,3,13.0,10.0,5.0,5.0,3.0,2.0,1.0,1,6,4
20250311TMG07,2025-03-11,内側より下,30,0.0,0.0,0.0,0.0,26.0,5,10.0,8.0,3.0,5.0,3.0,1.0,4.0,1,2,3
20250311TMG08,2025-03-11,内側より下,22,4.545454545454546,0.0,4.545454545454546,4.545454545454546,14.0,6,21.0,6.0,5.0,1.0,3.0,1.0,1.0,1,3,5
20250311TMG09,2025-03-11,内側より下,102,0.0,0.0,0.0,0.0,18.0,6,16.0,6.0,1.0,5.0,3.0,1.0,1.0,5,4,3
20250311TMG10,2025-03-11,内側より下,32,0.0,0.0,0.0,0.0,31.0,2,5.0,9.0,5.0,4.0,4.0,4.0,3.0,1,2,4
20250311TMG11,2025-03-11,内側より下,28,0.0,0.0,0.0,0.0,26.0,3,10.0,9.0,5.0,4.0,5.0,2.0,2.0,1,2,3
20250311TMG12,2025-03-11,同じ,27,0.0,0.0,0.0,0.0,19.0,6,12.0,4.0,3.0,1.0,4.0,2.0,3.0,1,3,4
20250312TMG01,2025-03-12,内側より上,138,0.7246376811594203,0.0,0.7246376811594203,0.7246376811594203,26.0,3,5.0,6.0,3.0,3.0,3.0,5.0,2.0,1,3,2
20250312TMG02,2025-03-12,内側より上,28,0.0,0.0,0.0,0.0,24.0,4,5.0,10.0,5.0,5.0,3.0,1.0,2.0,1,5,3
20250312TMG04,2025-03-12,内側より上,35,0.0,0.0,0.0,0.0,18.0,6,15.0,4.0,3.0,1.0,1.0,1.0,5.0,3,2,1
20250312TMG05,2025-03-12,内側より下,34,0.0,0.0,0.0,0.0,18.0,6,14.0,3.0,2.0,1.0,2.0,1.0,5.0,1,6,2
20250312TMG06,2025-03-12,内側より下,31,0.0,0.0,0.0,0.0,18.0,5,18.0,8.0,5.0,3.0,3.0,1.0,1.0,4,2,1
20250312TMG07,2025-03-12,内側より下,36,0.0,0.0,0.0,0.0,18.0,6,19.0,6.0,5.0,1.0,3.0,1.0,3.0,1,2,3
20250312TMG08,2025-03-12,内側より下,103,0.0,0.0,0.0,0.0,19.0,4,17.0,7.0,2.0,5.0,3.0,1.0,1.0,5,4,1
20250312TMG09,2025-03-12,内側より下,36,8.333333333333334,0.0,5.555555555555555,5.555555555555555,24.0,4,8.0,4.0,3.0,1.0,3.0,3.0,5.0,1,5,4
20250312TMG10,2025-03-12,内側より下,29,0.0,0.0,0.0,0.0,15.0,6,16.0,6.0,5.0,1.0,2.0,1.0,2.0,4,3,5
20250312TMG11,2025-03-12,内側より下,30,0.0,0.0,0.0,0.0,24.0,5,10.0,6.0,5.0,1.0,3.0,3.0,4.0,1,2,5
20250312TMG12,2025-03-12,内側より下,44,2.272727272727273,0.0,0.0,0.0,24.0,4,4.0,6.0,5.0,1.0,3.0,3.0,4.0,1,5,3
20250320TMG01,2025-03-20,内側より下,23,0.0,0.0,0.0,0.0,18.0,6,11.0,6.0,5.0,1.0,3.0,1.0,3.0,3,1,2
20250320TMG02,2025-03-20,内側より下,46,2.1739130434782608,0.0,2.1739130434782608,2.1739130434782608,22.0,5,8.0,4.0,3.0,1.0,3.0,4.0,3.0,4,5,2
20250320TMG03,2025-03-20,内側より下,33,6.0606060606060606,0.0,3.0303030303030303,3.0303030303030303,25.0,4,5.0,6.0,5.0,1.0,4.0,4.0,3.0,3,2,4
20250320TMG04,2025-03-20,内側より上,18,5.555555555555555,0.0,5.555555555555555,5.555555555555555,18.0,6,14.0,4.0,3.0,1.0,3.0,2.0,3.0,1,5,6
20250320TMG05,2025-03-20,内側より下,28,0.0,0.0,0.0,0.0,20.0,5,14.0,6.0,5.0,1.0,3.0,1.0,4.0,1,6,5
20250320TMG06,2025-03-20,内側より下,38,0.0,0.0,0.0,0.0,23.0,4,7.0,5.0,3.0,2.0,4.0,2.0,4.0,1,2,4
20250320TMG07,2025-03-20,内側より下,99,0.0,0.0,0.0,0.0,27.0,3,8.0,3.0,2.0,1.0,5.0,5.0,4.0,4,5,6
20250320TMG08,2025-03-20,内側より下,39,0.0,0.0,0.0,0.0,16.0,6,20.0,4.0,3.0,1.0,3.0,2.0,2.0,1,5,3
20250320TMG09,2025-03-20,内側より上,43,4.651162790697675,4.651162790697675,0.0,4.651162790697675,33.0,1,0.0,8.0,3.0,5.0,4.0,5.0,3.0,2,4,5
20250320TMG10,2025-03-20,内側より下,30,0.0,0.0,0.0,0.0,16.0,6,18.0,6.0,5.0,1.0,3.0,1.0,2.0,1,2,3
20250320TMG12,2025-03-20,内側より下,34,8.823529411764707,0.0,8.823529411764707,8.823529411764707,21.0,6,8.0,8.0,3.0,5.0,2.0,2.0,1.0,1,3,2
20250321TMG01,2025-03-21,内側より下,18,5.555555555555555,0.0,0.0,0.0,23.0,3,5.0,6.0,5.0,1.0,2.0,3.0,4.0,3,2,4
20250321TMG02,2025-03-21,内側より下,37,0.0,0.0,0.0,0.0,29.0,1,0.0,9.0,5.0,4.0,2.0,3.0,4.0,3,5,1
20250321TMG03,2025-03-21,内側より下,32,3.125,0.0,3.125,3.125,20.0,5,11.0,7.0,3.0,4.0,3.0,1.0,2.0,1,2,5
20250321TMG04,2025-03-21,内側より下,37,0.0,0.0,0.0,0.0,19.0,4,19.0,5.0,3.0,2.0,2.0,4.0,1.0,5,4,6
20250321TMG05,2025-03-21,内側より下,29,0.0,0.0,0.0,0.0,25.0,3,2.0,6.0,5.0,1.0,2.0,4.0,4.0,1,2,5
20250321TMG07,2025-03-21,内側より下,34,5.882352941176471,2.9411764705882355,2.9411764705882355,5.882352941176471,18.0,4,15.0,4.0,2.0,2.0,2.0,3.0,2.0,1,5,6
20250321TMG08,2025-03-21,内側より下,30,0.0,0.0,0.0,0.0,10.0,6,26.0,3.0,2.0,1.0,2.0,1.0,1.0,2,4,1
20250321TMG09,2025-03-21,内側より下,37,2.7027027027027026,0.0,0.0,0.0,23.0,3,9.0,6.0,5.0,1.0,2.0,2.0,5.0,1,6,4
20250321TMG10,2025-03-21,内側より下,29,0.0,0.0,0.0,0.0,15.0,6,11.0,3.0,2.0,1.0,1.0,1.0,4.0,1,2,4
20250321TMG11,2025-03-21,内側より上,31,0.0,0.0,0.0,0.0,17.0,5,15.0,4.0,3.0,1.0,2.0,2.0,3.0,1,2,4
20250321TMG12,2025-03-21,内側より下,31,0.0,0.0,0.0,0.0,23.0,5,8.0,6.0,5.0,1.0,2.0,2.0,5.0,1,3,5
20250322TMG01,2025-03-22,内側より下,101,0.0,0.0,0.0,0.0,28.0,1,0.0,5.0,3.0,2.0,3.0,5.0,4.0,1,2,3
20250322TMG02,2025-03-22,内側より下,30,0.0,0.0,0.0,0.0,16.0,5,18.0,6.0,5.0,1.0,3.0,1.0,2.0,3,1,4
20250322TMG03,2025-03-22,内側より下,40,2.5,2.5,0.0,2.5,16.0,6,16.0,5.0,3.0,2.0,3.0,1.0,2.0,1,2,4
20250322TMG04,2025-03-22,内側より下,23,0.0,0.0,0.0,0.0,23.0,5,9.0,4.0,3.0,1.0,2.0,3.0,5.0,1,2,3
20250322TMG05,2025-03-22,内側より下,28,0.0,0.0,0.0,0.0,25.0,4,5.0,6.0,3.0,3.0,2.0,3.0,4.0,5,4,2
20250322TMG06,2025-03-22,内側より下,101,0.0,0.0,0.0,0.0,29.0,1,0.0,6.0,2.0,4.0,3.0,4.0,4.0,4,1,5
20250322TMG07,2025-03-22,内側より上,30,0.0,0.0,0.0,0.0,20.0,6,11.0,5.0,3.0,2.0,3.0,1.0,4.0,2,1,5
20250322TMG08,2025-03-22,内側より下,40,5.0,0.0,0.0,0.0,18.0,5,18.0,6.0,5.0,1.0,1.0,2.0,3.0,1,3,2
20250322TMG10,2025-03-22,内側より下,25,0.0,0.0,0.0,0.0,24.0,2,8.0,6.0,3.0,3.0,3.0,3.0,3.0,1,4,5
20250322TMG11,2025-03-22,内側より下,31,3.225806451612903,3.225806451612903,0.0,3.225806451612903,31.0,2,3.0,10.0,5.0,5.0,2.0,3.0,4.0,1,6,5
20250322TMG12,2025-03-22,内側より下,30,0.0,0.0,0.0,0.0,18.0,5,16.0,9.0,5.0,4.0,1.0,1.0,1.0,5,3,1
20250323TMG01,2025-03-23,内側より下,22,4.545454545454546,0.0,4.545454545454546,4.545454545454546,34.0,1,0.0,10.0,5.0,5.0,3.0,4.0,4.0,1,3,4
20250323TMG03,2025-03-23,内側より下,24,0.0,0.0,0.0,0.0,21.0,4,13.0,6.0,5.0,1.0,2.0,3.0,3.0,5,1,2
20250323TMG04,2025-03-23,内側より下,13,7.6923076923076925,0.0,7.6923076923076925,7.6923076923076925,28.0,1,0.0,7.0,5.0,2.0,1.0,4.0,5.0,1,2,4
20250323TMG05,2025-03-23,内側より下,46,2.1739130434782608,0.0,2.1739130434782608,2.1739130434782608,30.0,1,0.0,9.0,5.0,4.0,1.0,4.0,4.0,2,1,4
20250323TMG06,2025-03-23,内側より上,30,0.0,0.0,0.0,0.0,27.0,2,2.0,10.0,5.0,5.0,2.0,3.0,2.0,1,4,2
20250323TMG07,2025-03-23,内側より下,39,0.0,0.0,0.0,0.0,23.0,4,11.0,6.0,3.0,3.0,2.0,2.0,4.0,5,2,4
20250323TMG08,2025-03-23,内側より下,103,0.0,0.0,0.0,0.0,26.0,3,6.0,6.0,5.0,1.0,3.0,3.0,5.0,1,3,5
20250324TMG02,2025-03-24,内側より下,19,5.2631578947368425,0.0,5.2631578947368425,5.2631578947368425,21.0,5,11.0,7.0,5.0,2.0,2.0,2.0,3.0,3,1,4
20250324TMG03,2025-03-24,内側より下,44,4.545454545454546,4.545454545454546,0.0,4.545454545454546,27.0,2,3.0,6.0,5.0,1.0,2.0,5.0,4.0,1,2,3
20250324TMG05,2025-03-24,内側より下,40,0.0,0.0,0.0,0.0,26.0,3,6.0,10.0,5.0,5.0,1.0,4.0,1.0,4,2,1
20250324TMG06,2025-03-24,内側より下,23,4.3478260869565215,0.0,4.3478260869565215,4.3478260869565215,34.0,1,0.0,10.0,5.0,5.0,3.0,4.0,4.0,2,6,3
20250324TMG07,2025-03-24,内側より下,34,5.882352941176471,2.9411764705882355,2.9411764705882355,5.882352941176471,34.0,1,0.0,10.0,5.0,5.0,3.0,4.0,4.0,1,6,2
20250324TMG08,2025-03-24,内側より下,104,0.0,0.0,0.0,0.0,23.0,4,11.0,3.0,2.0,1.0,3.0,3.0,5.0,1,2,3
20250324TMG09,2025-03-24,同じ,31,0.0,0.0,0.0,0.0,29.0,1,0.0,6.0,5.0,1.0,2.0,5.0,5.0,1,2,5
20250324TMG10,2025-03-24,内側より下,32,3.125,0.0,3.125,3.125,28.0,2,4.0,6.0,5.0,1.0,1.0,5.0,5.0,1,2,5
20250324TMG11,2025-03-24,内側より上,32,0.0,0.0,0.0,0.0,22.0,5,9.0,4.0,2.0,2.0,2.0,3.0,4.0,2,5,4
20250324TMG12,2025-03-24,内側より上,31,0.0,0.0,0.0,0.0,20.0,6,10.0,4.0,3.0,1.0,3.0,1.0,5.0,1,3,4
20250327TMG01,2025-03-27,内側より下,36,0.0,0.0,0.0,0.0,22.0,5,11.0,3.0,1.0,2.0,1.0,3.0,5.0,1,3,2
20250327TMG02,2025-03-27,内側より下,29,0.0,0.0,0.0,0.0,15.0,6,21.0,4.0,3.0,1.0,2.0,1.0,3.0,2,1,5
20250327TMG03,2025-03-27,内側より下,22,0.0,0.0,0.0,0.0,22.0,4,9.0,6.0,2.0,4.0,2.0,4.0,1.0,2,3,4
20250327TMG04,2025-03-27,内側より上,19,0.0,0.0,0.0,0.0,27.0,3,4.0,10.0,5.0,5.0,2.0,1.0,4.0,1,4,5
20250327TMG05,2025-03-27,内側より上,47,0.0,0.0,0.0,0.0,18.0,5,13.0,6.0,5.0,1.0,1.0,1.0,4.0,3,5,2
20250327TMG06,2025-03-27,内側より下,37,0.0,0.0,0.0,0.0,22.0,4,6.0,4.0,3.0,1.0,3.0,3.0,4.0,5,1,4
20250327TMG07,2025-03-27,内側より下,26,0.0,0.0,0.0,0.0,17.0,6,9.0,6.0,5.0,1.0,2.0,2.0,2.0,1,2,4
20250327TMG08,2025-03-27,内側より上,26,0.0,0.0,0.0,0.0,27.0,3,5.0,9.0,5.0,4.0,2.0,2.0,4.0,5,3,1
20250327TMG09,2025-03-27,内側より下,30,0.0,0.0,0.0,0.0,22.0,4,14.0,3.0,1.0,2.0,1.0,4.0,4.0,1,4,6
20250327TMG10,2025-03-27,内側より下,23,0.0,0.0,0.0,0.0,17.0,6,15.0,7.0,5.0,2.0,2.0,1.0,2.0,1,2,5
20250327TMG11,2025-03-27,内側より上,36,0.0,0.0,0.0,0.0,24.0,3,9.0,8.0,3.0,5.0,3.0,2.0,2.0,1,2,4
20250327TMG12,2025-03-27,内側より上,39,2.5641025641025643,0.0,2.5641025641025643,2.5641025641025643,22.0,5,7.0,4.0,3.0,1.0,3.0,2.0,5.0,1,2,5
20250328TMG01,2025-03-28,内側より上,20,0.0,0.0,0.0,0.0,17.0,6,9.0,7.0,2.0,5.0,1.0,1.0,1.0,5,2,1
20250328TMG02,2025-03-28,内側より下,32,0.0,0.0,0.0,0.0,32.0,1,0.0,9.0,5.0,4.0,3.0,4.0,4.0,6,2,5
20250328TMG03,2025-03-28,内側より上,48,0.0,0.0,0.0,0.0,20.0,5,6.0,6.0,2.0,4.0,2.0,1.0,3.0,5,2,4
20250328TMG04,2025-03-28,内側より上,38,2.6315789473684212,0.0,2.6315789473684212,2.6315789473684212,27.0,2,2.0,6.0,3.0,3.0,2.0,4.0,4.0,1,4,2
20250328TMG05,2025-03-28,内側より上,35,8.571428571428571,2.857142857142857,0.0,2.857142857142857,25.0,2,2.0,8.0,3.0,5.0,2.0,3.0,2.0,4,6,2
20250328TMG06,2025-03-28,内側より上,20,0.0,0.0,0.0,0.0,21.0,4,10.0,7.0,2.0,5.0,1.0,2.0,2.0,1,3,2
20250328TMG07,2025-03-28,内側より上,27,0.0,0.0,0.0,0.0,30.0,2,4.0,10.0,5.0,5.0,3.0,4.0,2.0,1,5,2
20250328TMG08,2025-03-28,内側より上,31,6.451612903225806,0.0,0.0,0.0,30.0,1,0.0,8.0,3.0,5.0,1.0,5.0,3.0,1,5,3
20250328TMG09,2025-03-28,内側より下,35,2.857142857142857,0.0,0.0,0.0,21.0,2,17.0,4.0,3.0,1.0,2.0,2.0,5.0,1,5,4
20250328TMG10,2025-03-28,内側より上,28,0.0,0.0,0.0,0.0,20.0,5,10.0,4.0,2.0,2.0,2.0,1.0,5.0,2,1,3
20250328TMG11,2025-03-28,内側より下,33,0.0,0.0,0.0,0.0,12.0,6,24.0,2.0,1.0,1.0,1.0,1.0,3.0,1,5,3
20250328TMG12,2025-03-28,内側より下,32,0.0,0.0,0.0,0.0,20.0,5,8.0,6.0,5.0,1.0,1.0,1.0,5.0,1,4,3
20250329TMG01,2025-03-29,内側より上,28,0.0,0.0,0.0,0.0,23.0,5,9.0,8.0,3.0,5.0,2.0,1.0,3.0,4,5,2
20250329TMG02,2025-03-29,内側より下,38,7.894736842105263,0.0,0.0,0.0,28.0,1,0.0,8.0,3.0,5.0,3.0,4.0,2.0,4,5,2
20250329TMG03,2025-03-29,内側より下,33,3.0303030303030303,0.0,3.0303030303030303,3.0303030303030303,17.0,6,11.0,4.0,3.0,1.0,2.0,1.0,4.0,3,4,1
20250329TMG04,2025-03-29,内側より上,49,0.0,0.0,0.0,0.0,14.0,6,15.0,4.0,3.0,1.0,3.0,1.0,2.0,1,2,4
20250329TMG05,2025-03-29,内側より下,27,0.0,0.0,0.0,0.0,22.0,6,9.0,9.0,5.0,4.0,3.0,1.0,2.0,1,2,4
20250329TMG06,2025-03-29,内側より上,22,0.0,0.0,0.0,0.0,17.0,6,21.0,5.0,3.0,2.0,4.0,1.0,2.0,2,1,3
20250329TMG07,2025-03-29,内側より上,28,0.0,0.0,0.0,0.0,26.0,4,5.0,10.0,5.0,5.0,3.0,3.0,1.0,1,3,4
20250329TMG08,2025-03-29,内側より下,33,3.0303030303030303,3.0303030303030303,0.0,3.0303030303030303,34.0,2,2.0,7.0,3.0,4.0,3.0,5.0,5.0,1,3,4
20250329TMG09,2025-03-29,内側より上,49,0.0,0.0,0.0,0.0,23.0,4,11.0,10.0,5.0,5.0,2.0,1.0,2.0,3,4,2
20250329TMG10,2025-03-29,内側より上,37,10.81081081081081,2.7027027027027026,5.405405405405405,8.108108108108109,25.0,4,14.0,4.0,3.0,1.0,4.0,4.0,4.0,1,4,6
20250329TMG11,2025-03-29,内側より下,37,5.405405405405405,2.7027027027027026,2.7027027027027026,5.405405405405405,21.0,5,13.0,5.0,3.0,2.0,4.0,1.0,4.0,1,6,2
20250329TMG12,2025-03-29,内側より下,16,0.0,0.0,0.0,0.0,24.0,3,7.0,5.0,3.0,2.0,3.0,3.0,4.0,1,4,2
20250330TMG01,2025-03-30,内側より上,30,0.0,0.0,0.0,0.0,19.0,4,15.0,7.0,2.0,5.0,3.0,1.0,1.0,1,2,3
20250330TMG02,2025-03-30,内側より上,51,0.0,0.0,0.0,0.0,16.0,6,18.0,6.0,5.0,1.0,3.0,1.0,2.0,1,5,3
20250330TMG03,2025-03-30,内側より上,23,0.0,0.0,0.0,0.0,16.0,6,20.0,4.0,3.0,1.0,3.0,1.0,3.0,1,2,3
20250330TMG04,2025-03-30,内側より上,30,0.0,0.0,0.0,0.0,28.0,3,3.0,10.0,5.0,5.0,3.0,4.0,1.0,4,5,6
20250330TMG05,2025-03-30,内側より下,21,0.0,0.0,0.0,0.0,23.0,6,7.0,6.0,5.0,1.0,4.0,3.0,3.0,2,1,5
20250330TMG06,2025-03-30,内側より上,30,0.0,0.0,0.0,0.0,28.0,4,6.0,10.0,5.0,5.0,3.0,4.0,1.0,1,2,3
20250330TMG07,2025-03-30,内側より上,23,0.0,0.0,0.0,0.0,22.0,4,7.0,10.0,5.0,5.0,3.0,1.0,1.0,2,4,3
20250330TMG08,2025-03-30,内側より上,51,0.0,0.0,0.0,0.0,22.0,3,12.0,10.0,5.0,5.0,3.0,1.0,1.0,1,5,2
20250330TMG09,2025-03-30,内側より上,40,2.5,0.0,2.5,2.5,22.0,4,8.0,6.0,5.0,1.0,3.0,1.0,5.0,1,6,4
20250330TMG10,2025-03-30,内側より下,31,3.225806451612903,0.0,0.0,0.0,22.0,4,8.0,4.0,3.0,1.0,3.0,3.0,4.0,1,3,4
20250330TMG11,2025-03-30,内側より下,37,0.0,0.0,0.0,0.0,33.0,2,1.0,10.0,5.0,5.0,4.0,4.0,3.0,1,2,5
20250330TMG12,2025-03-30,内側より上,32,6.25,0.0,0.0,0.0,20.0,5,16.0,6.0,5.0,1.0,3.0,3.0,2.0,2,3,4
20250331TMG01,2025-03-31,内側より下,36,5.555555555555555,2.7777777777777777,2.7777777777777777,5.555555555555555,26.0,2,12.0,4.0,3.0,1.0,5.0,4.0,4.0,1,2,6
20250331TMG02,2025-03-31,内側より上,35,8.571428571428571,5.714285714285714,2.857142857142857,8.571428571428571,24.0,5,13.0,6.0,5.0,1.0,5.0,1.0,5.0,1,3,2
20250331TMG03,2025-03-31,同じ,39,7.6923076923076925,0.0,0.0,0.0,24.0,4,6.0,8.0,3.0,5.0,3.0,1.0,3.0,3,4,2
20250331TMG04,2025-03-31,内側より上,32,0.0,0.0,0.0,0.0,26.0,4,8.0,6.0,5.0,1.0,3.0,3.0,5.0,4,2,1
20250331TMG05,2025-03-31,内側より上,53,0.0,0.0,0.0,0.0,15.0,6,17.0,3.0,2.0,1.0,3.0,1.0,3.0,4,1,5
20250331TMG06,2025-03-31,内側より下,35,2.857142857142857,2.857142857142857,0.0,2.857142857142857,26.0,3,11.0,6.0,5.0,1.0,3.0,3.0,5.0,5,1,4
20250331TMG07,2025-03-31,内側より上,25,0.0,0.0,0.0,0.0,19.0,5,15.0,8.0,3.0,5.0,2.0,1.0,1.0,2,4,1
20250331TMG08,2025-03-31,内側より上,41,2.4390243902439024,0.0,2.4390243902439024,2.4390243902439024,28.0,3,3.0,4.0,3.0,1.0,5.0,4.0,5.0,1,5,4
20250331TMG09,2025-03-31,内側より下,29,0.0,0.0,0.0,0.0,30.0,2,4.0,7.0,3.0,4.0,3.0,4.0,4.0,1,4,2
20250331TMG10,2025-03-31,内側より上,33,6.0606060606060606,0.0,0.0,0.0,24.0,4,6.0,6.0,5.0,1.0,3.0,3.0,4.0,1,3,2
20250331TMG11,2025-03-31,内側より下,32,3.125,0.0,0.0,0.0,28.0,3,4.0,10.0,5.0,5.0,3.0,3.0,2.0,1,2,4
20250331TMG12,2025-03-31,内側より下,36,2.7777777777777777,0.0,0.0,0.0,16.0,6,19.0,4.0,3.0,1.0,3.0,1.0,3.0,1,2,3
20250409TMG01,2025-04-09,内側より下,32,0.0,0.0,0.0,0.0,18.0,5,17.0,5.0,3.0,2.0,3.0,1.0,3.0,1,2,3
20250409TMG02,2025-04-09,内側より上,47,6.382978723404255,0.0,4.25531914893617,4.25531914893617,25.0,3,9.0,6.0,5.0,1.0,2.0,4.0,4.0,2,1,3
20250409TMG03,2025-04-09,内側より下,22,0.0,0.0,0.0,0.0,18.0,5,15.0,8.0,5.0,3.0,3.0,1.0,1.0,3,5,2
20250409TMG04,2025-04-09,内側より上,35,0.0,0.0,0.0,0.0,22.0,4,16.0,10.0,5.0,5.0,1.0,2.0,1.0,2,1,3
20250409TMG05,2025-04-09,内側より下,32,3.125,0.0,0.0,0.0,20.0,6,8.0,5.0,3.0,2.0,1.0,1.0,5.0,4,1,5
20250409TMG06,2025-04-09,内側より上,27,7.407407407407407,3.7037037037037037,0.0,3.7037037037037037,16.0,6,22.0,6.0,5.0,1.0,3.0,1.0,2.0,1,2,4
20250409TMG07,2025-04-09,内側より下,21,0.0,0.0,0.0,0.0,14.0,6,19.0,3.0,2.0,1.0,2.0,1.0,3.0,1,4,5
20250409TMG08,2025-04-09,内側より上,30,6.666666666666667,3.3333333333333335,3.3333333333333335,6.666666666666667,29.0,1,0.0,9.0,5.0,4.0,2.0,4.0,3.0,4,5,6
20250409TMG09,2025-04-09,内側より上,26,0.0,0.0,0.0,0.0,12.0,6,22.0,4.0,3.0,1.0,3.0,1.0,1.0,3,6,1
20250409TMG10,2025-04-09,内側より下,28,0.0,0.0,0.0,0.0,18.0,5,14.0,6.0,3.0,3.0,3.0,1.0,2.0,1,2,5
20250409TMG11,2025-04-09,内側より下,24,0.0,0.0,0.0,0.0,20.0,4,10.0,2.0,1.0,1.0,3.0,3.0,4.0,1,3,5
20250409TMG12,2025-04-09,内側より上,38,0.0,0.0,0.0,0.0,24.0,4,10.0,8.0,5.0,3.0,3.0,2.0,3.0,5,1,4
20250410TMG01,2025-04-10,内側より上,36,0.0,0.0,0.0,0.0,18.0,5,14.0,8.0,3.0,5.0,1.0,1.0,1.0,3,1,2
20250410TMG02,2025-04-10,内側より下,27,0.0,0.0,0.0,0.0,20.0,4,19.0,7.0,5.0,2.0,1.0,1.0,4.0,2,4,3
20250410TMG03,2025-04-10,内側より下,27,0.0,0.0,0.0,0.0,30.0,2,1.0,8.0,3.0,5.0,3.0,5.0,2.0,1,2,5
20250410TMG04,2025-04-10,内側より下,30,6.666666666666667,0.0,6.666666666666667,6.666666666666667,23.0,5,4.0,4.0,3.0,1.0,2.0,4.0,4.0,1,3,5
20250410TMG05,2025-04-10,内側より下,23,0.0,0.0,0.0,0.0,28.0,3,4.0,10.0,5.0,5.0,3.0,3.0,2.0,2,3,4
20250410TMG06,2025-04-10,内側より下,33,0.0,0.0,0.0,0.0,21.0,6,11.0,7.0,3.0,4.0,2.0,2.0,2.0,4,2,3
20250410TMG07,2025-04-10,内側より下,36,5.555555555555555,2.7777777777777777,2.7777777777777777,5.555555555555555,28.0,3,2.0,5.0,3.0,2.0,3.0,4.0,5.0,2,5,3
20250410TMG08,2025-04-10,内側より上,36,0.0,0.0,0.0,0.0,16.0,6,14.0,6.0,1.0,5.0,1.0,1.0,1.0,4,3,5
20250410TMG10,2025-04-10,内側より上,20,10.0,5.0,0.0,5.0,30.0,2,4.0,6.0,5.0,1.0,3.0,5.0,5.0,1,6,3
20250410TMG11,2025-04-10,内側より下,30,0.0,0.0,0.0,0.0,18.0,6,14.0,6.0,5.0,1.0,3.0,2.0,2.0,5,3,1
20250410TMG12,2025-04-10,内側より下,27,0.0,0.0,0.0,0.0,22.0,3,14.0,6.0,3.0,3.0,1.0,2.0,4.0,1,3,5
20250411TMG01,2025-04-11,内側より下,40,0.0,0.0,0.0,0.0,26.0,1,0.0,6.0,5.0,1.0,3.0,4.0,4.0,1,2,6
20250411TMG02,2025-04-11,同じ,30,3.3333333333333335,3.3333333333333335,0.0,3.3333333333333335,23.0,6,6.0,6.0,5.0,1.0,2.0,2.0,5.0,5,1,2
20250411TMG03,2025-04-11,内側より下,31,0.0,0.0,0.0,0.0,17.0,6,17.0,6.0,5.0,1.0,2.0,1.0,3.0,4,5,6
20250411TMG04,2025-04-11,内側より下,33,3.0303030303030303,0.0,3.0303030303030303,3.0303030303030303,27.0,3,3.0,6.0,5.0,1.0,2.0,4.0,5.0,1,2,4
20250411TMG06,2025-04-11,内側より下,24,0.0,0.0,0.0,0.0,21.0,5,9.0,7.0,5.0,2.0,2.0,2.0,3.0,1,5,4
20250411TMG07,2025-04-11,内側より下,32,0.0,0.0,0.0,0.0,21.0,6,11.0,6.0,5.0,1.0,2.0,2.0,4.0,3,1,6
20250411TMG09,2025-04-11,内側より上,24,0.0,0.0,0.0,0.0,17.0,6,15.0,5.0,3.0,2.0,2.0,2.0,2.0,1,2,5
20250411TMG10,2025-04-11,内側より下,27,0.0,0.0,0.0,0.0,20.0,4,14.0,5.0,3.0,2.0,3.0,3.0,2.0,1,5,2
20250411TMG11,2025-04-11,内側より上,26,0.0,0.0,0.0,0.0,35.0,1,0.0,8.0,3.0,5.0,2.0,5.0,5.0,4,1,6
20250412TMG01,2025-04-12,内側より上,39,0.0,0.0,0.0,0.0,20.0,6,10.0,10.0,5.0,5.0,1.0,1.0,1.0,3,1,5
20250412TMG02,2025-04-12,内側より下,35,2.857142857142857,0.0,2.857142857142857,2.857142857142857,26.0,2,1.0,4.0,3.0,1.0,1.0,5.0,5.0,3,1,6
20250412TMG03,2025-04-12,内側より上,32,3.125,0.0,0.0,0.0,22.0,5,8.0,8.0,3.0,5.0,3.0,1.0,2.0,3,4,5
20250412TMG04,2025-04-12,内側より上,29,10.344827586206897,0.0,10.344827586206897,10.344827586206897,23.0,5,5.0,7.0,5.0,2.0,2.0,4.0,2.0,6,1,3
20250412TMG05,2025-04-12,内側より下,13,0.0,0.0,0.0,0.0,22.0,6,9.0,6.0,5.0,1.0,3.0,2.0,4.0,2,5,4
20250412TMG06,2025-04-12,内側より上,39,0.0,0.0,0.0,0.0,20.0,4,14.0,10.0,5.0,5.0,1.0,1.0,1.0,1,2,5
20250412TMG07,2025-04-12,内側より上,21,9.523809523809524,4.761904761904762,0.0,4.761904761904762,28.0,2,1.0,4.0,3.0,1.0,3.0,5.0,5.0,1,6,5
20250412TMG09,2025-04-12,内側より上,28,7.142857142857143,3.5714285714285716,0.0,3.5714285714285716,21.0,4,5.0,5.0,3.0,2.0,2.0,4.0,2.0,2,4,5
20250412TMG10,2025-04-12,内側より下,29,0.0,0.0,0.0,0.0,25.0,3,6.0,7.0,5.0,2.0,2.0,3.0,4.0,1,3,2
20250412TMG11,2025-04-12,内側より下,39,0.0,0.0,0.0,0.0,22.0,3,15.0,6.0,5.0,1.0,1.0,3.0,4.0,2,1,6
20250412TMG12,2025-04-12,内側より下,31,0.0,0.0,0.0,0.0,20.0,3,16.0,4.0,3.0,1.0,3.0,1.0,5.0,1,2,3
20250413TMG01,2025-04-13,内側より上,39,0.0,0.0,0.0,0.0,25.0,3,8.0,6.0,5.0,1.0,2.0,4.0,4.0,1,5,2
20250413TMG02,2025-04-13,内側より下,29,0.0,0.0,0.0,0.0,23.0,4,7.0,4.0,3.0,1.0,2.0,3.0,5.0,5,3,6
20250413TMG03,2025-04-13,内側より上,32,12.5,3.125,6.25,9.375,29.0,1,0.0,7.0,2.0,5.0,3.0,4.0,3.0,1,5,2
20250413TMG04,2025-04-13,内側より上,41,0.0,0.0,0.0,0.0,18.0,6,20.0,7.0,2.0,5.0,2.0,1.0,1.0,1,4,3
20250413TMG05,2025-04-13,同じ,14,0.0,0.0,0.0,0.0,31.0,1,0.0,7.0,5.0,2.0,2.0,5.0,5.0,5,6,4
20250413TMG06,2025-04-13,内側より下,39,0.0,0.0,0.0,0.0,31.0,2,2.0,9.0,5.0,4.0,2.0,4.0,4.0,4,3,5
20250413TMG07,2025-04-13,内側より下,33,3.0303030303030303,0.0,0.0,0.0,20.0,4,11.0,6.0,1.0,5.0,1.0,2.0,2.0,1,4,5
20250413TMG08,2025-04-13,内側より下,31,6.451612903225806,0.0,6.451612903225806,6.451612903225806,17.0,6,15.0,6.0,5.0,1.0,2.0,2.0,2.0,2,1,4
20250413TMG10,2025-04-13,内側より下,34,2.9411764705882355,0.0,0.0,0.0,18.0,5,12.0,4.0,3.0,1.0,1.0,1.0,5.0,1,2,3
20250413TMG11,2025-04-13,内側より下,23,0.0,0.0,0.0,0.0,12.0,6,26.0,4.0,3.0,1.0,1.0,1.0,2.0,3,2,5
20250413TMG12,2025-04-13,内側より下,32,0.0,0.0,0.0,0.0,21.0,5,14.0,6.0,5.0,1.0,2.0,1.0,5.0,1,3,4
20250418TMG01,2025-04-18,内側より下,119,0.0,0.0,0.0,0.0,21.0,4,10.0,4.0,2.0,2.0,3.0,2.0,4.0,1,4,3
20250418TMG02,2025-04-18,内側より下,27,3.7037037037037037,0.0,3.7037037037037037,3.7037037037037037,18.0,6,12.0,9.0,5.0,4.0,1.0,1.0,1.0,1,5,4
20250418TMG03,2025-04-18,内側より下,32,9.375,6.25,3.125,9.375,17.0,6,15.0,4.0,3.0,1.0,2.0,1.0,4.0,1,5,4
20250418TMG04,2025-04-18,内側より下,30,0.0,0.0,0.0,0.0,16.0,6,18.0,4.0,3.0,1.0,1.0,1.0,4.0,2,1,3
20250418TMG05,2025-04-18,内側より上,25,8.0,0.0,4.0,4.0,31.0,1,0.0,8.0,5.0,3.0,2.0,5.0,4.0,1,4,3
20250418TMG06,2025-04-18,内側より下,36,2.7777777777777777,2.7777777777777777,0.0,2.7777777777777777,26.0,1,0.0,8.0,3.0,5.0,3.0,4.0,1.0,4,5,1
20250418TMG07,2025-04-18,内側より下,22,0.0,0.0,0.0,0.0,25.0,3,7.0,3.0,1.0,2.0,2.0,5.0,4.0,4,5,6
20250418TMG08,2025-04-18,内側より上,28,0.0,0.0,0.0,0.0,20.0,5,12.0,8.0,5.0,3.0,3.0,1.0,2.0,1,2,3
20250418TMG09,2025-04-18,内側より上,35,0.0,0.0,0.0,0.0,30.0,1,0.0,9.0,5.0,4.0,1.0,4.0,4.0,1,5,4
20250418TMG10,2025-04-18,内側より下,34,2.9411764705882355,0.0,0.0,0.0,28.0,3,6.0,9.0,5.0,4.0,1.0,4.0,3.0,1,3,5
20250418TMG11,2025-04-18,内側より上,37,2.7027027027027026,0.0,2.7027027027027026,2.7027027027027026,12.0,6,25.0,4.0,3.0,1.0,1.0,1.0,2.0,1,3,5
20250418TMG12,2025-04-18,内側より上,36,2.7777777777777777,0.0,0.0,0.0,23.0,4,9.0,7.0,5.0,2.0,2.0,2.0,4.0,1,3,4
20250419TMG01,2025-04-19,内側より下,120,0.0,0.0,0.0,0.0,20.0,6,8.0,4.0,3.0,1.0,1.0,2.0,5.0,3,4,5
20250419TMG02,2025-04-19,内側より下,32,0.0,0.0,0.0,0.0,17.0,6,19.0,5.0,3.0,2.0,2.0,3.0,1.0,1,3,5
20250419TMG03,2025-04-19,内側より下,19,0.0,0.0,0.0,0.0,14.0,6,22.0,6.0,5.0,1.0,1.0,1.0,2.0,2,4,3
20250419TMG04,2025-04-19,内側より下,29,0.0,0.0,0.0,0.0,17.0,5,16.0,6.0,5.0,1.0,2.0,2.0,2.0,3,5,4
20250419TMG05,2025-04-19,内側より上,38,15.789473684210526,5.2631578947368425,5.2631578947368425,10.526315789473685,32.0,1,0.0,6.0,3.0,3.0,3.0,5.0,5.0,5,6,1
20250419TMG06,2025-04-19,内側より下,120,0.0,0.0,0.0,0.0,21.0,4,13.0,3.0,2.0,1.0,3.0,2.0,5.0,3,4,5
20250419TMG07,2025-04-19,内側より上,39,2.5641025641025643,0.0,0.0,0.0,30.0,1,0.0,10.0,5.0,5.0,3.0,5.0,1.0,1,2,6
20250419TMG08,2025-04-19,内側より下,37,8.108108108108109,2.7027027027027026,2.7027027027027026,5.405405405405405,21.0,5,13.0,6.0,3.0,3.0,4.0,2.0,2.0,6,4,5
20250419TMG09,2025-04-19,内側より上,75,2.6666666666666665,0.0,1.3333333333333333,1.3333333333333333,32.0,2,2.0,8.0,3.0,5.0,3.0,5.0,3.0,3,6,4
20250419TMG10,2025-04-19,内側より下,27,0.0,0.0,0.0,0.0,30.0,2,6.0,7.0,3.0,4.0,3.0,3.0,5.0,1,2,5
20250419TMG11,2025-04-19,内側より下,35,2.857142857142857,0.0,0.0,0.0,18.0,4,10.0,4.0,3.0,1.0,3.0,3.0,2.0,1,3,2
20250419TMG12,2025-04-19,内側より下,24,0.0,0.0,0.0,0.0,18.0,6,15.0,6.0,3.0,3.0,3.0,1.0,2.0,1,3,6
20250420TMG01,2025-04-20,内側より上,31,9.67741935483871,9.67741935483871,0.0,9.67741935483871,30.0,1,0.0,7.0,5.0,2.0,5.0,4.0,4.0,6,5,3
20250420TMG02,2025-04-20,内側より上,34,2.9411764705882355,0.0,2.9411764705882355,2.9411764705882355,23.0,4,6.0,6.0,3.0,3.0,4.0,4.0,1.0,1,3,6
20250420TMG03,2025-04-20,内側より下,122,0.0,0.0,0.0,0.0,26.0,3,2.0,4.0,3.0,1.0,3.0,4.0,5.0,2,4,3
20250420TMG04,2025-04-20,内側より下,34,2.9411764705882355,0.0,0.0,0.0,22.0,4,9.0,6.0,5.0,1.0,3.0,1.0,5.0,1,2,3
20250420TMG05,2025-04-20,内側より下,18,0.0,0.0,0.0,0.0,20.0,4,16.0,8.0,3.0,5.0,3.0,1.0,1.0,3,5,2
20250420TMG06,2025-04-20,内側より下,33,3.0303030303030303,3.0303030303030303,0.0,3.0303030303030303,23.0,4,8.0,7.0,2.0,5.0,3.0,2.0,2.0,2,6,1
20250420TMG07,2025-04-20,内側より下,35,0.0,0.0,0.0,0.0,22.0,4,12.0,4.0,3.0,1.0,1.0,3.0,5.0,1,3,5
20250420TMG08,2025-04-20,内側より下,122,0.0,0.0,0.0,0.0,20.0,5,13.0,3.0,1.0,2.0,3.0,2.0,4.0,1,3,5
20250420TMG09,2025-04-20,内側より下,30,0.0,0.0,0.0,0.0,13.0,6,19.0,4.0,3.0,1.0,2.0,2.0,1.0,1,2,5
20250420TMG10,2025-04-20,内側より下,29,0.0,0.0,0.0,0.0,26.0,3,8.0,8.0,5.0,3.0,3.0,5.0,1.0,1,2,3
20250420TMG12,2025-04-20,内側より下,36,0.0,0.0,0.0,0.0,18.0,4,16.0,6.0,5.0,1.0,3.0,2.0,2.0,1,4,2
20250422TMG01,2025-04-22,内側より下,36,2.7777777777777777,0.0,0.0,0.0,27.0,3,5.0,5.0,3.0,2.0,4.0,3.0,5.0,3,1,4
20250422TMG02,2025-04-22,内側より上,34,2.9411764705882355,2.9411764705882355,0.0,2.9411764705882355,36.0,1,0.0,9.0,5.0,4.0,3.0,5.0,5.0,4,5,1
20250422TMG03,2025-04-22,内側より下,35,2.857142857142857,0.0,0.0,0.0,18.0,5,17.0,5.0,3.0,2.0,3.0,2.0,2.0,2,4,1
20250422TMG05,2025-04-22,同じ,124,0.0,0.0,0.0,0.0,19.0,5,17.0,6.0,3.0,3.0,2.0,1.0,3.0,1,5,3
20250422TMG06,2025-04-22,内側より下,24,0.0,0.0,0.0,0.0,16.0,5,22.0,2.0,1.0,1.0,1.0,1.0,5.0,3,4,5
20250422TMG07,2025-04-22,同じ,38,10.526315789473685,2.6315789473684212,5.2631578947368425,7.894736842105264,28.0,1,0.0,7.0,5.0,2.0,3.0,3.0,5.0,2,3,6
20250422TMG09,2025-04-22,内側より下,124,0.0,0.0,0.0,0.0,15.0,6,17.0,4.0,3.0,1.0,2.0,2.0,2.0,1,5,2
20250422TMG10,2025-04-22,内側より下,41,0.0,0.0,0.0,0.0,25.0,4,9.0,8.0,5.0,3.0,2.0,4.0,2.0,1,4,5
20250422TMG11,2025-04-22,内側より下,36,0.0,0.0,0.0,0.0,12.0,5,23.0,4.0,3.0,1.0,1.0,1.0,2.0,4,3,6
20250422TMG12,2025-04-22,内側より下,20,0.0,0.0,0.0,0.0,24.0,3,6.0,4.0,3.0,1.0,1.0,4.0,5.0,1,5,2
20250423TMG01,2025-04-23,内側より下,23,0.0,0.0,0.0,0.0,21.0,5,6.0,6.0,3.0,3.0,2.0,2.0,3.0,5,1,3
20250423TMG02,2025-04-23,内側より下,37,2.7027027027027026,2.7027027027027026,0.0,2.7027027027027026,24.0,3,14.0,8.0,5.0,3.0,3.0,4.0,1.0,1,2,4
20250423TMG03,2025-04-23,内側より上,36,0.0,0.0,0.0,0.0,27.0,1,0.0,6.0,5.0,1.0,2.0,4.0,5.0,4,6,2
20250423TMG04,2025-04-23,内側より下,35,2.857142857142857,0.0,0.0,0.0,21.0,4,10.0,5.0,3.0,2.0,2.0,2.0,4.0,3,4,1
20250423TMG05,2025-04-23,内側より上,33,6.0606060606060606,3.0303030303030303,3.0303030303030303,6.0606060606060606,32.0,1,0.0,8.0,3.0,5.0,3.0,5.0,3.0,1,3,4
20250423TMG06,2025-04-23,内側より下,126,0.0,0.0,0.0,0.0,19.0,5,14.0,6.0,5.0,1.0,2.0,1.0,4.0,3,2,5
20250423TMG07,2025-04-23,内側より下,39,10.256410256410257,2.5641025641025643,5.128205128205129,7.692307692307693,24.0,3,12.0,9.0,5.0,4.0,3.0,1.0,3.0,3,6,4
20250423TMG08,2025-04-23,内側より下,25,0.0,0.0,0.0,0.0,19.0,4,12.0,4.0,3.0,1.0,2.0,1.0,5.0,1,6,4
20250423TMG09,2025-04-23,内側より下,29,0.0,0.0,0.0,0.0,21.0,4,6.0,5.0,3.0,2.0,2.0,2.0,4.0,4,2,1
20250423TMG10,2025-04-23,内側より下,21,0.0,0.0,0.0,0.0,26.0,2,8.0,8.0,3.0,5.0,3.0,3.0,2.0,3,1,6
20250423TMG11,2025-04-23,内側より下,42,0.0,0.0,0.0,0.0,31.0,2,1.0,9.0,5.0,4.0,2.0,4.0,4.0,1,4,2
20250423TMG12,2025-04-23,内側より下,40,2.5,0.0,0.0,0.0,24.0,3,12.0,4.0,3.0,1.0,3.0,4.0,4.0,1,2,3
20250426TMG01,2025-04-26,内側より下,55,0.0,0.0,0.0,0.0,33.0,1,0.0,7.0,5.0,2.0,4.0,5.0,5.0,1,2,5
20250426TMG02,2025-04-26,内側より下,36,0.0,0.0,0.0,0.0,20.0,5,17.0,4.0,3.0,1.0,3.0,2.0,4.0,1,3,5
20250426TMG03,2025-04-26,内側より上,39,2.5641025641025643,0.0,0.0,0.0,25.0,5,9.0,7.0,2.0,5.0,3.0,3.0,2.0,3,4,1
20250426TMG05,2025-04-26,内側より下,26,0.0,0.0,0.0,0.0,20.0,6,16.0,7.0,5.0,2.0,3.0,1.0,3.0,4,3,5
20250426TMG06,2025-04-26,内側より下,20,0.0,0.0,0.0,0.0,24.0,4,7.0,6.0,5.0,1.0,3.0,3.0,4.0,3,2,4
20250426TMG07,2025-04-26,内側より下,79,0.0,0.0,0.0,0.0,20.0,5,8.0,6.0,5.0,1.0,3.0,3.0,2.0,4,2,5
20250426TMG08,2025-04-26,内側より下,22,0.0,0.0,0.0,0.0,22.0,4,15.0,6.0,5.0,1.0,3.0,1.0,5.0,2,4,1
20250426TMG09,2025-04-26,内側より下,23,0.0,0.0,0.0,0.0,18.0,6,19.0,4.0,3.0,1.0,3.0,2.0,3.0,1,4,3
20250426TMG10,2025-04-26,内側より下,27,3.7037037037037037,0.0,3.7037037037037037,3.7037037037037037,18.0,6,17.0,6.0,3.0,3.0,3.0,1.0,2.0,1,2,4
20250426TMG11,2025-04-26,内側より下,29,6.896551724137931,0.0,3.4482758620689653,3.4482758620689653,28.0,3,4.0,9.0,5.0,4.0,3.0,4.0,2.0,2,1,6
20250426TMG12,2025-04-26,内側より上,25,0.0,0.0,0.0,0.0,24.0,3,11.0,6.0,3.0,3.0,3.0,3.0,3.0,4,1,3
20250427TMG01,2025-04-27,内側より下,28,0.0,0.0,0.0,0.0,22.0,5,8.0,5.0,3.0,2.0,3.0,2.0,4.0,1,3,4
20250427TMG02,2025-04-27,内側より上,29,0.0,0.0,0.0,0.0,30.0,2,1.0,10.0,5.0,5.0,3.0,2.0,4.0,2,4,6
20250427TMG03,2025-04-27,内側より下,23,4.3478260869565215,4.3478260869565215,0.0,4.3478260869565215,20.0,4,13.0,4.0,3.0,1.0,3.0,1.0,5.0,1,2,3
20250427TMG06,2025-04-27,内側より下,35,2.857142857142857,0.0,2.857142857142857,2.857142857142857,26.0,2,4.0,7.0,3.0,4.0,3.0,3.0,3.0,3,2,1
20250427TMG07,2025-04-27,内側より下,80,0.0,0.0,0.0,0.0,19.0,5,10.0,3.0,2.0,1.0,3.0,2.0,4.0,1,3,4
20250427TMG08,2025-04-27,内側より下,44,6.818181818181818,2.272727272727273,0.0,2.272727272727273,34.0,1,0.0,8.0,3.0,5.0,3.0,4.0,5.0,1,5,6
20250427TMG09,2025-04-27,内側より下,22,13.636363636363637,0.0,0.0,0.0,19.0,5,13.0,6.0,5.0,1.0,2.0,2.0,3.0,1,6,2
20250427TMG11,2025-04-27,内側より下,26,0.0,0.0,0.0,0.0,26.0,3,6.0,6.0,5.0,1.0,3.0,3.0,5.0,1,2,
20250427TMG12,2025-04-27,内側より下,33,3.0303030303030303,0.0,0.0,0.0,20.0,6,12.0,8.0,5.0,3.0,3.0,1.0,2.0,3,1,5
20250428TMG01,2025-04-28,内側より下,81,0.0,0.0,0.0,0.0,16.0,6,18.0,4.0,3.0,1.0,3.0,2.0,2.0,4,1,2
20250428TMG02,2025-04-28,内側より下,54,0.0,0.0,0.0,0.0,18.0,5,12.0,3.0,1.0,2.0,3.0,3.0,2.0,1,3,2
20250428TMG03,2025-04-28,内側より上,27,3.7037037037037037,0.0,3.7037037037037037,3.7037037037037037,22.0,4,8.0,6.0,5.0,1.0,3.0,2.0,4.0,1,4,6
20250428TMG04,2025-04-28,内側より下,32,3.125,0.0,3.125,3.125,17.0,5,19.0,3.0,2.0,1.0,3.0,2.0,3.0,2,1,5
20250428TMG05,2025-04-28,内側より下,43,4.651162790697675,2.3255813953488373,2.3255813953488373,4.651162790697675,25.0,3,5.0,6.0,5.0,1.0,2.0,4.0,4.0,2,1,3
20250428TMG06,2025-04-28,内側より上,41,0.0,0.0,0.0,0.0,20.0,4,12.0,7.0,3.0,4.0,3.0,1.0,2.0,1,3,2
20250428TMG07,2025-04-28,内側より下,24,0.0,0.0,0.0,0.0,23.0,3,5.0,7.0,5.0,2.0,2.0,2.0,4.0,1,2,3
20250428TMG08,2025-04-28,内側より下,40,7.5,0.0,0.0,0.0,32.0,1,0.0,10.0,5.0,5.0,3.0,5.0,2.0,5,1,3
20250428TMG09,2025-04-28,内側より下,34,5.882352941176471,2.9411764705882355,0.0,2.9411764705882355,23.0,4,9.0,6.0,5.0,1.0,4.0,2.0,4.0,1,2,4
20250428TMG10,2025-04-28,同じ,33,0.0,0.0,0.0,0.0,17.0,6,17.0,7.0,5.0,2.0,2.0,1.0,2.0,1,5,2
20250428TMG12,2025-04-28,内側より上,24,0.0,0.0,0.0,0.0,28.0,4,5.0,6.0,5.0,1.0,3.0,4.0,5.0,1,4,2
20250429TMG01,2025-04-29,内側より下,37,0.0,0.0,0.0,0.0,12.0,6,19.0,2.0,1.0,1.0,1.0,3.0,1.0,2,3,6
20250429TMG03,2025-04-29,内側より下,28,0.0,0.0,0.0,0.0,29.0,3,1.0,8.0,5.0,3.0,4.0,2.0,5.0,2,5,3
20250429TMG04,2025-04-29,内側より下,23,0.0,0.0,0.0,0.0,24.0,4,12.0,4.0,3.0,1.0,3.0,5.0,3.0,2,5,3
20250429TMG05,2025-04-29,内側より下,31,6.451612903225806,0.0,3.225806451612903,3.225806451612903,26.0,2,10.0,10.0,5.0,5.0,3.0,3.0,1.0,5,2,6
20250429TMG06,2025-04-29,内側より下,55,0.0,0.0,0.0,0.0,19.0,4,11.0,4.0,3.0,1.0,4.0,1.0,4.0,5,1,2
20250429TMG08,2025-04-29,内側より下,40,0.0,0.0,0.0,0.0,16.0,6,14.0,4.0,3.0,1.0,3.0,2.0,2.0,1,2,4
20250429TMG09,2025-04-29,内側より上,34,2.9411764705882355,0.0,2.9411764705882355,2.9411764705882355,28.0,3,2.0,6.0,3.0,3.0,3.0,3.0,5.0,1,2,5
20250429TMG10,2025-04-29,内側より上,28,3.5714285714285716,0.0,3.5714285714285716,3.5714285714285716,26.0,3,4.0,10.0,5.0,5.0,3.0,3.0,1.0,1,4,3
20250429TMG11,2025-04-29,内側より下,27,3.7037037037037037,0.0,0.0,0.0,22.0,6,11.0,6.0,5.0,1.0,3.0,3.0,3.0,1,5,4
20250429TMG12,2025-04-29,内側より上,43,2.3255813953488373,0.0,2.3255813953488373,2.3255813953488373,24.0,3,8.0,6.0,5.0,1.0,3.0,3.0,4.0,1,3,6
20250430TMG01,2025-04-30,内側より下,82,0.0,0.0,0.0,0.0,20.0,5,10.0,6.0,5.0,1.0,3.0,2.0,3.0,1,3,4
20250430TMG02,2025-04-30,内側より下,45,6.666666666666667,2.2222222222222223,0.0,2.2222222222222223,25.0,4,9.0,8.0,3.0,5.0,4.0,3.0,1.0,5,1,4
20250430TMG04,2025-04-30,内側より下,30,3.3333333333333335,0.0,3.3333333333333335,3.3333333333333335,28.0,2,2.0,6.0,5.0,1.0,3.0,4.0,5.0,1,3,4
20250430TMG05,2025-04-30,内側より下,44,4.545454545454546,2.272727272727273,2.272727272727273,4.545454545454546,19.0,6,13.0,6.0,5.0,1.0,2.0,1.0,4.0,3,1,6
20250430TMG06,2025-04-30,内側より下,32,6.25,0.0,3.125,3.125,25.0,3,8.0,7.0,3.0,4.0,4.0,3.0,2.0,1,5,4
20250430TMG07,2025-04-30,内側より下,56,0.0,0.0,0.0,0.0,23.0,5,7.0,7.0,2.0,5.0,5.0,2.0,1.0,1,2,4
20250430TMG08,2025-04-30,内側より上,44,2.272727272727273,0.0,2.272727272727273,2.272727272727273,26.0,3,11.0,8.0,3.0,5.0,3.0,2.0,3.0,1,3,2
20250430TMG09,2025-04-30,内側より下,21,0.0,0.0,0.0,0.0,18.0,5,19.0,4.0,2.0,2.0,4.0,2.0,2.0,1,2,5
20250430TMG10,2025-04-30,内側より下,27,0.0,0.0,0.0,0.0,21.0,4,12.0,3.0,2.0,1.0,3.0,3.0,4.0,1,4,
20250430TMG12,2025-04-30,内側より上,34,5.882352941176471,2.9411764705882355,0.0,2.9411764705882355,17.0,5,21.0,5.0,3.0,2.0,4.0,1.0,2.0,1,3,5
20250501TMG01,2025-05-01,内側より下,29,0.0,0.0,0.0,0.0,24.0,3,10.0,8.0,3.0,5.0,3.0,2.0,2.0,1,2,3
20250501TMG02,2025-05-01,内側より下,32,3.125,0.0,3.125,3.125,21.0,5,12.0,6.0,3.0,3.0,4.0,1.0,3.0,1,4,3
20250501TMG04,2025-05-01,内側より下,11,0.0,0.0,0.0,0.0,20.0,4,15.0,6.0,5.0,1.0,3.0,3.0,2.0,1,4,5
20250501TMG05,2025-05-01,内側より下,35,2.857142857142857,0.0,2.857142857142857,2.857142857142857,20.0,6,10.0,6.0,5.0,1.0,3.0,2.0,3.0,1,3,5
20250501TMG07,2025-05-01,内側より下,34,0.0,0.0,0.0,0.0,16.0,6,19.0,4.0,3.0,1.0,3.0,1.0,3.0,1,6,4
20250501TMG08,2025-05-01,内側より下,57,0.0,0.0,0.0,0.0,18.0,5,14.0,5.0,3.0,2.0,5.0,1.0,2.0,5,1,4
20250501TMG09,2025-05-01,内側より上,35,2.857142857142857,0.0,2.857142857142857,2.857142857142857,26.0,2,6.0,8.0,3.0,5.0,3.0,4.0,1.0,1,5,3
20250501TMG10,2025-05-01,内側より下,24,0.0,0.0,0.0,0.0,28.0,2,2.0,8.0,3.0,5.0,3.0,5.0,1.0,6,2,5
20250501TMG12,2025-05-01,内側より上,24,0.0,0.0,0.0,0.0,20.0,5,18.0,6.0,5.0,1.0,3.0,1.0,4.0,1,2,3
20250506TMG01,2025-05-06,内側より下,29,3.4482758620689653,3.4482758620689653,0.0,3.4482758620689653,19.0,6,13.0,7.0,2.0,5.0,3.0,1.0,1.0,2,1,3
20250506TMG02,2025-05-06,内側より下,122,0.0,0.0,0.0,0.0,24.0,3,8.0,8.0,3.0,5.0,3.0,1.0,3.0,1,5,3
20250506TMG03,2025-05-06,内側より下,35,0.0,0.0,0.0,0.0,16.0,6,17.0,7.0,5.0,2.0,3.0,1.0,1.0,4,5,1
20250506TMG04,2025-05-06,内側より下,25,0.0,0.0,0.0,0.0,16.0,6,18.0,6.0,5.0,1.0,3.0,1.0,2.0,1,3,2
20250506TMG07,2025-05-06,内側より上,31,0.0,0.0,0.0,0.0,14.0,6,13.0,4.0,3.0,1.0,3.0,2.0,1.0,1,5,3
20250506TMG08,2025-05-06,内側より上,31,0.0,0.0,0.0,0.0,22.0,5,9.0,10.0,5.0,5.0,3.0,1.0,1.0,1,3,2
20250506TMG09,2025-05-06,内側より下,36,2.7777777777777777,0.0,0.0,0.0,22.0,4,9.0,6.0,5.0,1.0,3.0,2.0,4.0,1,3,4
20250506TMG10,2025-05-06,内側より上,32,0.0,0.0,0.0,0.0,17.0,5,15.0,6.0,5.0,1.0,2.0,2.0,2.0,1,6,4
20250506TMG11,2025-05-06,内側より下,31,0.0,0.0,0.0,0.0,36.0,1,0.0,10.0,5.0,5.0,3.0,5.0,4.0,1,2,5
20250506TMG12,2025-05-06,内側より下,43,4.651162790697675,0.0,0.0,0.0,29.0,4,3.0,8.0,3.0,5.0,4.0,5.0,1.0,3,1,6
20250507TMG01,2025-05-07,内側より下,31,0.0,0.0,0.0,0.0,25.0,3,9.0,10.0,5.0,5.0,2.0,3.0,1.0,1,3,4
20250507TMG02,2025-05-07,内側より下,33,0.0,0.0,0.0,0.0,28.0,3,8.0,7.0,3.0,4.0,3.0,3.0,4.0,1,3,2
20250507TMG03,2025-05-07,内側より下,51,0.0,0.0,0.0,0.0,27.0,3,4.0,5.0,3.0,2.0,4.0,4.0,4.0,1,6,2
20250507TMG04,2025-05-07,内側より下,121,0.0,0.0,0.0,0.0,23.0,5,10.0,7.0,2.0,5.0,3.0,3.0,1.0,1,5,2
20250507TMG05,2025-05-07,内側より上,26,0.0,0.0,0.0,0.0,30.0,1,0.0,8.0,5.0,3.0,3.0,5.0,3.0,1,3,2
20250507TMG06,2025-05-07,内側より上,35,2.857142857142857,0.0,2.857142857142857,2.857142857142857,28.0,2,2.0,8.0,3.0,5.0,3.0,2.0,4.0,3,6,5
20250507TMG07,2025-05-07,同じ,42,2.380952380952381,2.380952380952381,0.0,2.380952380952381,21.0,5,15.0,7.0,5.0,2.0,2.0,1.0,4.0,2,6,5
20250507TMG08,2025-05-07,内側より下,121,0.0,0.0,0.0,0.0,30.0,2,4.0,9.0,5.0,4.0,3.0,3.0,4.0,1,2,4
20250507TMG09,2025-05-07,内側より下,33,3.0303030303030303,0.0,0.0,0.0,28.0,2,8.0,4.0,3.0,1.0,3.0,5.0,5.0,2,1,3
20250507TMG10,2025-05-07,内側より上,21,0.0,0.0,0.0,0.0,21.0,3,13.0,6.0,5.0,1.0,2.0,2.0,4.0,2,1,6
20250507TMG11,2025-05-07,内側より上,35,0.0,0.0,0.0,0.0,21.0,4,8.0,4.0,3.0,1.0,2.0,3.0,4.0,3,4,1
20250507TMG12,2025-05-07,内側より下,37,5.405405405405405,0.0,0.0,0.0,26.0,3,4.0,4.0,3.0,1.0,5.0,3.0,5.0,2,4,1
20250508TMG01,2025-05-08,内側より下,25,0.0,0.0,0.0,0.0,28.0,2,1.0,8.0,3.0,5.0,5.0,4.0,1.0,1,4,5
20250508TMG02,2025-05-08,内側より下,34,0.0,0.0,0.0,0.0,26.0,2,4.0,6.0,3.0,3.0,3.0,3.0,4.0,1,2,3
20250508TMG03,2025-05-08,内側より下,35,0.0,0.0,0.0,0.0,23.0,5,7.0,6.0,5.0,1.0,2.0,4.0,3.0,3,5,6
20250508TMG04,2025-05-08,内側より下,123,0.0,0.0,0.0,0.0,24.0,5,6.0,7.0,5.0,2.0,3.0,4.0,2.0,3,2,4
20250508TMG05,2025-05-08,内側より下,25,0.0,0.0,0.0,0.0,19.0,5,13.0,4.0,3.0,1.0,2.0,5.0,1.0,1,2,4
20250508TMG06,2025-05-08,内側より下,33,0.0,0.0,0.0,0.0,28.0,3,7.0,9.0,5.0,4.0,3.0,2.0,4.0,3,4,5
20250508TMG07,2025-05-08,内側より上,40,5.0,0.0,5.0,5.0,23.0,4,8.0,6.0,5.0,1.0,2.0,2.0,5.0,1,2,3
20250508TMG08,2025-05-08,内側より下,31,6.451612903225806,0.0,6.451612903225806,6.451612903225806,24.0,3,11.0,7.0,3.0,4.0,3.0,4.0,1.0,1,3,5
20250508TMG09,2025-05-08,内側より下,22,0.0,0.0,0.0,0.0,24.0,4,12.0,7.0,3.0,4.0,3.0,2.0,3.0,1,4,2
20250508TMG10,2025-05-08,内側より上,29,0.0,0.0,0.0,0.0,16.0,6,17.0,6.0,5.0,1.0,3.0,2.0,1.0,3,5,1
20250508TMG11,2025-05-08,内側より下,19,0.0,0.0,0.0,0.0,13.0,6,23.0,3.0,2.0,1.0,3.0,1.0,2.0,1,5,2
20250508TMG12,2025-05-08,内側より下,38,0.0,0.0,0.0,0.0,18.0,6,12.0,6.0,5.0,1.0,3.0,1.0,3.0,5,3,1
20250509TMG01,2025-05-09,内側より下,124,0.0,0.0,0.0,0.0,22.0,6,11.0,10.0,5.0,5.0,3.0,1.0,1.0,2,4,3
20250509TMG02,2025-05-09,内側より上,9,0.0,0.0,0.0,0.0,23.0,5,14.0,8.0,3.0,5.0,4.0,1.0,2.0,3,4,6
20250509TMG03,2025-05-09,内側より下,24,0.0,0.0,0.0,0.0,20.0,5,15.0,4.0,3.0,1.0,3.0,4.0,2.0,5,2,3
20250509TMG04,2025-05-09,内側より下,40,0.0,0.0,0.0,0.0,18.0,6,16.0,6.0,5.0,1.0,3.0,3.0,1.0,1,3,2
20250509TMG05,2025-05-09,内側より下,124,0.0,0.0,0.0,0.0,23.0,4,7.0,7.0,2.0,5.0,3.0,3.0,1.0,1,5,3
20250509TMG06,2025-05-09,内側より下,78,1.2820512820512822,0.0,1.2820512820512822,1.2820512820512822,29.0,2,5.0,6.0,5.0,1.0,4.0,5.0,4.0,3,4,5
20250509TMG07,2025-05-09,内側より下,23,0.0,0.0,0.0,0.0,18.0,6,15.0,6.0,5.0,1.0,3.0,2.0,2.0,1,2,4
20250509TMG08,2025-05-09,内側より下,31,0.0,0.0,0.0,0.0,34.0,1,0.0,8.0,5.0,3.0,5.0,5.0,4.0,1,2,3
20250509TMG09,2025-05-09,内側より下,29,0.0,0.0,0.0,0.0,26.0,4,10.0,8.0,3.0,5.0,3.0,1.0,4.0,3,5,1
20250509TMG10,2025-05-09,内側より下,35,0.0,0.0,0.0,0.0,20.0,6,10.0,4.0,3.0,1.0,3.0,2.0,4.0,2,1,4
20250509TMG11,2025-05-09,内側より下,26,0.0,0.0,0.0,0.0,24.0,5,6.0,5.0,1.0,4.0,3.0,4.0,2.0,1,3,2
20250510TMG01,2025-05-10,内側より下,126,0.0,0.0,0.0,0.0,22.0,4,12.0,6.0,2.0,4.0,2.0,3.0,2.0,4,1,2
20250510TMG02,2025-05-10,内側より上,6,0.0,0.0,0.0,0.0,15.0,6,17.0,4.0,3.0,1.0,2.0,2.0,2.0,1,5,2
20250510TMG03,2025-05-10,内側より下,27,0.0,0.0,0.0,0.0,20.0,5,10.0,4.0,1.0,3.0,3.0,3.0,2.0,4,1,5
20250510TMG04,2025-05-10,内側より上,32,6.25,0.0,6.25,6.25,27.0,1,0.0,7.0,5.0,2.0,2.0,4.0,4.0,2,6,5
20250510TMG05,2025-05-10,内側より下,32,0.0,0.0,0.0,0.0,22.0,4,7.0,6.0,5.0,1.0,1.0,2.0,5.0,1,3,5
20250510TMG06,2025-05-10,内側より下,126,0.0,0.0,0.0,0.0,21.0,6,7.0,8.0,3.0,5.0,2.0,2.0,1.0,1,2,4
20250510TMG07,2025-05-10,内側より下,79,1.2658227848101267,0.0,1.2658227848101267,1.2658227848101267,34.0,1,0.0,9.0,5.0,4.0,3.0,5.0,4.0,1,2,4
20250510TMG08,2025-05-10,内側より下,32,0.0,0.0,0.0,0.0,30.0,1,0.0,5.0,3.0,2.0,3.0,5.0,5.0,1,3,5
20250510TMG09,2025-05-10,内側より下,26,0.0,0.0,0.0,0.0,19.0,6,17.0,6.0,5.0,1.0,4.0,1.0,3.0,3,1,4
20250510TMG10,2025-05-10,内側より下,36,0.0,0.0,0.0,0.0,22.0,5,11.0,6.0,5.0,1.0,1.0,3.0,4.0,1,3,4
20250510TMG11,2025-05-10,内側より下,24,0.0,0.0,0.0,0.0,18.0,5,14.0,4.0,3.0,1.0,3.0,1.0,4.0,1,2,4
20250510TMG12,2025-05-10,内側より下,19,5.2631578947368425,0.0,0.0,0.0,25.0,4,5.0,4.0,3.0,1.0,2.0,4.0,5.0,1,2,5
20250517TMG01,2025-05-17,内側より上,0,0.0,0.0,0.0,0.0,20.0,5,13.0,8.0,3.0,5.0,3.0,1.0,1.0,5,1,3
20250517TMG02,2025-05-17,内側より上,37,2.7027027027027026,2.7027027027027026,0.0,2.7027027027027026,17.0,6,13.0,6.0,5.0,1.0,2.0,1.0,3.0,3,1,5
20250517TMG03,2025-05-17,内側より下,29,0.0,0.0,0.0,0.0,22.0,6,10.0,6.0,5.0,1.0,3.0,2.0,4.0,3,2,1
20250517TMG04,2025-05-17,内側より下,94,0.0,0.0,0.0,0.0,25.0,3,5.0,7.0,2.0,5.0,3.0,4.0,1.0,1,2,4
20250517TMG05,2025-05-17,内側より下,45,0.0,0.0,0.0,0.0,21.0,5,12.0,7.0,2.0,5.0,3.0,2.0,1.0,2,3,4
20250517TMG06,2025-05-17,内側より下,26,0.0,0.0,0.0,0.0,20.0,5,9.0,9.0,5.0,4.0,1.0,1.0,2.0,1,4,3
20250517TMG08,2025-05-17,内側より下,31,3.225806451612903,0.0,3.225806451612903,3.225806451612903,22.0,4,12.0,6.0,5.0,1.0,3.0,2.0,4.0,4,5,6
20250517TMG09,2025-05-17,内側より上,34,2.9411764705882355,0.0,0.0,0.0,18.0,5,11.0,4.0,3.0,1.0,1.0,2.0,4.0,1,4,2
20250517TMG10,2025-05-17,内側より下,52,1.9230769230769231,0.0,1.9230769230769231,1.9230769230769231,20.0,3,11.0,5.0,3.0,2.0,3.0,3.0,2.0,1,6,4
20250517TMG11,2025-05-17,内側より下,38,2.6315789473684212,2.6315789473684212,0.0,2.6315789473684212,23.0,4,4.0,6.0,5.0,1.0,2.0,2.0,5.0,1,3,2
20250517TMG12,2025-05-17,内側より上,45,2.2222222222222223,0.0,2.2222222222222223,2.2222222222222223,21.0,6,13.0,8.0,3.0,5.0,4.0,1.0,1.0,2,1,4
20250518TMG01,2025-05-18,内側より下,46,0.0,0.0,0.0,0.0,22.0,3,4.0,5.0,3.0,2.0,3.0,4.0,2.0,1,4,3
20250518TMG02,2025-05-18,内側より上,1,0.0,0.0,0.0,0.0,22.0,5,10.0,10.0,5.0,5.0,3.0,1.0,1.0,1,5,3
20250518TMG03,2025-05-18,内側より下,37,0.0,0.0,0.0,0.0,30.0,1,0.0,6.0,3.0,3.0,3.0,5.0,4.0,1,5,6
20250518TMG04,2025-05-18,内側より下,44,0.0,0.0,0.0,0.0,25.0,3,7.0,7.0,5.0,2.0,2.0,2.0,5.0,1,2,3
20250518TMG05,2025-05-18,内側より上,72,1.3888888888888888,0.0,1.3888888888888888,1.3888888888888888,11.0,6,26.0,3.0,2.0,1.0,1.0,1.0,2.0,2,3,1
20250518TMG06,2025-05-18,内側より下,45,2.2222222222222223,0.0,2.2222222222222223,2.2222222222222223,32.0,1,0.0,9.0,5.0,4.0,3.0,3.0,5.0,6,3,2
20250518TMG07,2025-05-18,内側より下,46,0.0,0.0,0.0,0.0,19.0,5,12.0,3.0,2.0,1.0,3.0,2.0,4.0,1,2,4
20250518TMG08,2025-05-18,内側より上,1,0.0,0.0,0.0,0.0,24.0,4,6.0,6.0,1.0,5.0,3.0,4.0,1.0,1,5,4
20250518TMG09,2025-05-18,内側より下,14,0.0,0.0,0.0,0.0,17.0,5,17.0,6.0,5.0,1.0,2.0,1.0,3.0,2,1,3
20250518TMG10,2025-05-18,内側より下,32,3.125,0.0,0.0,0.0,18.0,5,16.0,7.0,5.0,2.0,3.0,2.0,1.0,1,2,4
20250518TMG11,2025-05-18,内側より上,34,0.0,0.0,0.0,0.0,20.0,5,14.0,4.0,3.0,1.0,3.0,2.0,4.0,1,6,3
20250518TMG12,2025-05-18,内側より下,39,0.0,0.0,0.0,0.0,22.0,3,12.0,4.0,3.0,1.0,3.0,2.0,5.0,1,5,6
20250519TMG01,2025-05-19,内側より下,32,3.125,0.0,3.125,3.125,12.0,6,19.0,4.0,3.0,1.0,1.0,1.0,2.0,2,3,6
20250519TMG02,2025-05-19,内側より下,28,0.0,0.0,0.0,0.0,20.0,5,10.0,7.0,3.0,4.0,3.0,1.0,2.0,2,3,4
20250519TMG03,2025-05-19,内側より下,32,0.0,0.0,0.0,0.0,20.0,4,12.0,4.0,3.0,1.0,3.0,3.0,3.0,2,1,6
20250519TMG05,2025-05-19,内側より上,16,12.5,6.25,6.25,12.5,24.0,5,5.0,6.0,5.0,1.0,3.0,2.0,5.0,2,1,6
20250519TMG06,2025-05-19,内側より上,26,0.0,0.0,0.0,0.0,22.0,5,10.0,4.0,3.0,1.0,3.0,2.0,5.0,2,1,4
20250519TMG07,2025-05-19,内側より上,3,0.0,0.0,0.0,0.0,28.0,2,2.0,10.0,5.0,5.0,3.0,4.0,1.0,4,1,5
20250519TMG10,2025-05-19,内側より下,24,8.333333333333334,0.0,8.333333333333334,8.333333333333334,20.0,5,14.0,8.0,3.0,5.0,3.0,1.0,1.0,3,1,5
20250519TMG11,2025-05-19,内側より下,25,4.0,0.0,4.0,4.0,19.0,6,10.0,4.0,3.0,1.0,2.0,2.0,4.0,2,1,6
20250519TMG12,2025-05-19,内側より下,33,6.0606060606060606,0.0,3.0303030303030303,3.0303030303030303,20.0,4,17.0,4.0,3.0,1.0,3.0,2.0,4.0,1,3,5
20250520TMG01,2025-05-20,内側より上,72,1.3888888888888888,0.0,1.3888888888888888,1.3888888888888888,20.0,6,8.0,4.0,3.0,1.0,3.0,2.0,4.0,1,5,4
20250520TMG02,2025-05-20,内側より上,59,0.0,0.0,0.0,0.0,27.0,2,4.0,5.0,3.0,2.0,2.0,5.0,4.0,1,3,4
20250520TMG03,2025-05-20,内側より下,45,4.444444444444445,0.0,4.444444444444445,4.444444444444445,28.0,1,0.0,8.0,3.0,5.0,3.0,5.0,1.0,1,2,4
20250520TMG04,2025-05-20,内側より下,41,0.0,0.0,0.0,0.0,28.0,2,6.0,6.0,5.0,1.0,3.0,5.0,4.0,2,1,4
20250520TMG05,2025-05-20,内側より下,30,0.0,0.0,0.0,0.0,28.0,1,0.0,8.0,3.0,5.0,3.0,1.0,5.0,2,6,1
20250520TMG06,2025-05-20,内側より上,50,6.0,0.0,2.0,2.0,24.0,4,10.0,6.0,5.0,1.0,1.0,4.0,4.0,1,2,6
20250520TMG07,2025-05-20,同じ,48,0.0,0.0,0.0,0.0,16.0,5,17.0,5.0,1.0,4.0,3.0,1.0,1.0,2,4,1
20250520TMG08,2025-05-20,内側より下,21,0.0,0.0,0.0,0.0,25.0,3,11.0,8.0,3.0,5.0,2.0,3.0,2.0,1,4,2
20250520TMG09,2025-05-20,内側より上,4,0.0,0.0,0.0,0.0,19.0,5,15.0,3.0,2.0,1.0,3.0,3.0,3.0,1,4,3
20250520TMG10,2025-05-20,内側より下,41,2.4390243902439024,0.0,0.0,0.0,12.0,6,23.0,4.0,3.0,1.0,3.0,1.0,1.0,1,3,6
20250520TMG11,2025-05-20,内側より下,33,0.0,0.0,0.0,0.0,18.0,6,12.0,6.0,5.0,1.0,3.0,1.0,3.0,1,2,3
20250520TMG12,2025-05-20,内側より下,35,0.0,0.0,0.0,0.0,23.0,4,11.0,6.0,5.0,1.0,2.0,4.0,3.0,1,5,2
20250521TMG01,2025-05-21,内側より上,5,0.0,0.0,0.0,0.0,15.0,6,18.0,5.0,2.0,3.0,3.0,1.0,1.0,1,5,2
20250521TMG02,2025-05-21,内側より下,27,0.0,0.0,0.0,0.0,18.0,6,12.0,7.0,5.0,2.0,3.0,1.0,2.0,2,5,1
20250521TMG03,2025-05-21,内側より下,26,3.8461538461538463,0.0,3.8461538461538463,3.8461538461538463,14.0,6,17.0,3.0,2.0,1.0,2.0,2.0,2.0,1,2,4
20250521TMG04,2025-05-21,内側より下,49,0.0,0.0,0.0,0.0,26.0,3,3.0,10.0,5.0,5.0,3.0,2.0,2.0,1,4,5
20250521TMG05,2025-05-21,内側より下,52,1.9230769230769231,0.0,1.9230769230769231,1.9230769230769231,30.0,1,0.0,6.0,3.0,3.0,3.0,5.0,4.0,1,5,3
20250521TMG06,2025-05-21,内側より下,40,0.0,0.0,0.0,0.0,22.0,4,5.0,6.0,5.0,1.0,1.0,3.0,4.0,3,5,4
20250521TMG07,2025-05-21,内側より上,5,0.0,0.0,0.0,0.0,18.0,5,13.0,2.0,1.0,1.0,3.0,2.0,4.0,1,3,2
20250521TMG08,2025-05-21,内側より上,59,0.0,0.0,0.0,0.0,27.0,2,6.0,6.0,5.0,1.0,2.0,4.0,5.0,2,1,4
20250521TMG09,2025-05-21,同じ,32,0.0,0.0,0.0,0.0,16.0,6,18.0,3.0,2.0,1.0,2.0,3.0,2.0,1,3,2
20250521TMG10,2025-05-21,内側より下,25,8.0,0.0,8.0,8.0,24.0,4,6.0,10.0,5.0,5.0,3.0,1.0,2.0,3,2,4
20250521TMG11,2025-05-21,内側より下,34,0.0,0.0,0.0,0.0,18.0,5,11.0,7.0,5.0,2.0,3.0,2.0,1.0,5,3,1
20250521TMG12,2025-05-21,内側より上,44,2.272727272727273,0.0,2.272727272727273,2.272727272727273,23.0,5,9.0,10.0,5.0,5.0,4.0,1.0,1.0,1,2,4
20250525TMG01,2025-05-25,内側より下,59,0.0,0.0,0.0,0.0,19.0,6,15.0,5.0,3.0,2.0,2.0,3.0,2.0,3,5,4
20250525TMG02,2025-05-25,内側より下,25,0.0,0.0,0.0,0.0,21.0,5,11.0,6.0,5.0,1.0,2.0,2.0,4.0,3,2,5
20250525TMG03,2025-05-25,内側より上,33,0.0,0.0,0.0,0.0,29.0,1,0.0,4.0,2.0,2.0,3.0,5.0,5.0,1,2,5
20250525TMG06,2025-05-25,内側より下,23,0.0,0.0,0.0,0.0,13.0,6,22.0,6.0,5.0,1.0,2.0,1.0,1.0,2,1,4
20250525TMG07,2025-05-25,内側より上,74,1.3513513513513513,1.3513513513513513,0.0,1.3513513513513513,28.0,1,0.0,4.0,3.0,1.0,3.0,5.0,5.0,2,1,4
20250525TMG08,2025-05-25,内側より上,31,0.0,0.0,0.0,0.0,26.0,3,4.0,5.0,3.0,2.0,3.0,5.0,3.0,1,3,6
20250525TMG09,2025-05-25,内側より下,28,3.5714285714285716,3.5714285714285716,0.0,3.5714285714285716,19.0,6,15.0,3.0,2.0,1.0,3.0,1.0,5.0,1,3,5
20250525TMG10,2025-05-25,内側より下,31,0.0,0.0,0.0,0.0,14.0,6,22.0,4.0,3.0,1.0,3.0,1.0,2.0,1,3,2
20250525TMG11,2025-05-25,内側より下,36,2.7777777777777777,0.0,0.0,0.0,19.0,5,12.0,7.0,5.0,2.0,2.0,1.0,3.0,1,3,4
20250525TMG12,2025-05-25,内側より下,34,0.0,0.0,0.0,0.0,21.0,6,12.0,4.0,3.0,1.0,4.0,1.0,5.0,1,2,3
20250526TMG01,2025-05-26,内側より上,24,0.0,0.0,0.0,0.0,26.0,4,3.0,5.0,3.0,2.0,3.0,5.0,3.0,1,3,5
20250526TMG02,2025-05-26,内側より上,30,0.0,0.0,0.0,0.0,24.0,5,6.0,10.0,5.0,5.0,3.0,2.0,1.0,3,2,5
20250526TMG04,2025-05-26,内側より下,35,5.714285714285714,0.0,5.714285714285714,5.714285714285714,31.0,1,0.0,10.0,5.0,5.0,4.0,5.0,1.0,2,6,4
20250526TMG05,2025-05-26,内側より上,32,9.375,3.125,3.125,6.25,27.0,3,6.0,5.0,3.0,2.0,4.0,4.0,4.0,6,2,4
20250526TMG06,2025-05-26,内側より下,25,0.0,0.0,0.0,0.0,24.0,4,8.0,8.0,3.0,5.0,3.0,2.0,2.0,4,3,2
20250526TMG07,2025-05-26,内側より下,75,1.3333333333333333,1.3333333333333333,0.0,1.3333333333333333,28.0,1,0.0,7.0,5.0,2.0,3.0,4.0,4.0,4,2,1
20250526TMG08,2025-05-26,内側より下,22,0.0,0.0,0.0,0.0,18.0,5,15.0,8.0,5.0,3.0,3.0,1.0,1.0,1,3,5
20250526TMG09,2025-05-26,同じ,34,2.9411764705882355,2.9411764705882355,0.0,2.9411764705882355,25.0,3,6.0,8.0,3.0,5.0,4.0,3.0,1.0,1,4,2
20250526TMG11,2025-05-26,内側より上,25,0.0,0.0,0.0,0.0,28.0,3,2.0,6.0,5.0,1.0,3.0,4.0,5.0,3,1,4
20250526TMG12,2025-05-26,内側より下,34,0.0,0.0,0.0,0.0,30.0,2,6.0,6.0,5.0,1.0,3.0,5.0,5.0,5,1,6
20250527TMG01,2025-05-27,内側より上,76,1.3157894736842106,1.3157894736842106,0.0,1.3157894736842106,34.0,1,0.0,10.0,5.0,5.0,3.0,5.0,3.0,2,1,3
20250527TMG02,2025-05-27,内側より下,35,0.0,0.0,0.0,0.0,24.0,3,8.0,4.0,3.0,1.0,3.0,3.0,5.0,3,1,6
20250527TMG03,2025-05-27,内側より下,29,3.4482758620689653,3.4482758620689653,0.0,3.4482758620689653,30.0,3,2.0,6.0,3.0,3.0,3.0,5.0,4.0,1,3,4
20250527TMG05,2025-05-27,内側より下,32,0.0,0.0,0.0,0.0,30.0,2,4.0,9.0,5.0,4.0,3.0,4.0,3.0,1,2,5
20250527TMG07,2025-05-27,同じ,34,8.823529411764707,0.0,0.0,0.0,30.0,2,2.0,7.0,5.0,2.0,3.0,5.0,4.0,1,2,3
20250527TMG08,2025-05-27,内側より下,37,0.0,0.0,0.0,0.0,18.0,5,16.0,6.0,5.0,1.0,3.0,3.0,1.0,4,6,2
20250527TMG09,2025-05-27,内側より上,31,0.0,0.0,0.0,0.0,26.0,3,5.0,4.0,3.0,1.0,3.0,4.0,5.0,1,2,6
20250527TMG10,2025-05-27,内側より上,31,3.225806451612903,0.0,3.225806451612903,3.225806451612903,26.0,3,8.0,8.0,5.0,3.0,3.0,4.0,2.0,1,3,4
20250527TMG11,2025-05-27,内側より上,44,2.272727272727273,2.272727272727273,0.0,2.272727272727273,22.0,5,10.0,9.0,5.0,4.0,3.0,1.0,2.0,1,3,6
20250527TMG12,2025-05-27,内側より上,42,4.761904761904762,0.0,2.380952380952381,2.380952380952381,17.0,6,17.0,6.0,3.0,3.0,4.0,1.0,1.0,1,2,6
20250528TMG01,2025-05-28,内側より下,36,0.0,0.0,0.0,0.0,32.0,2,4.0,10.0,5.0,5.0,3.0,5.0,2.0,4,3,5
20250528TMG02,2025-05-28,内側より下,31,3.225806451612903,3.225806451612903,0.0,3.225806451612903,22.0,5,7.0,6.0,5.0,1.0,3.0,1.0,5.0,1,3,4
20250528TMG03,2025-05-28,内側より下,78,1.2820512820512822,1.2820512820512822,0.0,1.2820512820512822,31.0,1,0.0,9.0,5.0,4.0,2.0,4.0,4.0,3,2,4
20250528TMG04,2025-05-28,内側より上,30,6.666666666666667,0.0,3.3333333333333335,3.3333333333333335,18.0,4,14.0,6.0,5.0,1.0,1.0,2.0,3.0,5,1,2
20250528TMG05,2025-05-28,内側より上,32,0.0,0.0,0.0,0.0,25.0,3,5.0,6.0,5.0,1.0,2.0,3.0,5.0,4,3,5
20250528TMG06,2025-05-28,内側より下,61,0.0,0.0,0.0,0.0,23.0,3,12.0,7.0,2.0,5.0,3.0,2.0,2.0,1,2,5
20250528TMG07,2025-05-28,内側より下,33,3.0303030303030303,0.0,3.0303030303030303,3.0303030303030303,22.0,5,10.0,6.0,5.0,1.0,3.0,3.0,3.0,4,5,1
20250528TMG08,2025-05-28,内側より下,39,0.0,0.0,0.0,0.0,19.0,5,13.0,6.0,5.0,1.0,2.0,1.0,4.0,2,5,1
20250528TMG09,2025-05-28,内側より下,41,4.878048780487805,0.0,2.4390243902439024,2.4390243902439024,30.0,1,0.0,8.0,5.0,3.0,1.0,5.0,4.0,2,1,4
20250528TMG10,2025-05-28,内側より下,35,8.571428571428571,0.0,0.0,0.0,24.0,4,6.0,6.0,5.0,1.0,3.0,3.0,4.0,2,1,4
20250528TMG11,2025-05-28,内側より上,35,0.0,0.0,0.0,0.0,24.0,4,4.0,10.0,5.0,5.0,3.0,2.0,1.0,2,1,4
20250528TMG12,2025-05-28,内側より下,32,0.0,0.0,0.0,0.0,18.0,5,14.0,3.0,2.0,1.0,2.0,3.0,3.0,1,2,3
20250529TMG01,2025-05-29,内側より下,62,0.0,0.0,0.0,0.0,20.0,5,9.0,10.0,5.0,5.0,1.0,1.0,1.0,4,3,5
20250529TMG02,2025-05-29,内側より下,20,0.0,0.0,0.0,0.0,15.0,6,17.0,5.0,3.0,2.0,2.0,1.0,2.0,1,2,3
20250529TMG03,2025-05-29,内側より上,79,1.2658227848101267,1.2658227848101267,0.0,1.2658227848101267,34.0,1,0.0,7.0,3.0,4.0,3.0,5.0,5.0,1,2,5
20250529TMG05,2025-05-29,内側より下,62,0.0,0.0,0.0,0.0,16.0,6,18.0,6.0,5.0,1.0,3.0,1.0,2.0,2,1,4
20250529TMG06,2025-05-29,内側より下,37,0.0,0.0,0.0,0.0,30.0,1,0.0,6.0,5.0,1.0,3.0,5.0,5.0,1,2,5
20250529TMG07,2025-05-29,内側より上,79,1.2658227848101267,1.2658227848101267,0.0,1.2658227848101267,31.0,2,3.0,7.0,3.0,4.0,2.0,5.0,4.0,2,5,1
20250529TMG08,2025-05-29,内側より下,30,0.0,0.0,0.0,0.0,27.0,2,5.0,6.0,3.0,3.0,2.0,5.0,3.0,1,2,5
20250529TMG10,2025-05-29,内側より下,38,0.0,0.0,0.0,0.0,20.0,6,12.0,6.0,5.0,1.0,3.0,1.0,4.0,2,3,1
20250529TMG11,2025-05-29,内側より下,22,4.545454545454546,0.0,4.545454545454546,4.545454545454546,21.0,5,14.0,7.0,5.0,2.0,4.0,1.0,3.0,1,2,4
20250529TMG12,2025-05-29,内側より上,33,12.121212121212121,3.0303030303030303,6.0606060606060606,9.09090909090909,26.0,3,12.0,8.0,3.0,5.0,3.0,2.0,3.0,1,3,6
20250601TMG01,2025-06-01,内側より下,11,0.0,0.0,0.0,0.0,16.0,5,20.0,6.0,5.0,1.0,3.0,1.0,2.0,2,1,3
20250601TMG02,2025-06-01,内側より下,126,0.0,0.0,0.0,0.0,22.0,4,12.0,6.0,5.0,1.0,3.0,2.0,4.0,2,1,5
20250601TMG05,2025-06-01,内側より上,25,0.0,0.0,0.0,0.0,19.0,5,11.0,5.0,2.0,3.0,3.0,3.0,1.0,1,3,5
20250601TMG06,2025-06-01,内側より下,103,0.0,0.0,0.0,0.0,25.0,4,5.0,10.0,5.0,5.0,2.0,3.0,1.0,2,5,1
20250601TMG08,2025-06-01,内側より上,38,0.0,0.0,0.0,0.0,22.0,3,14.0,6.0,2.0,4.0,4.0,1.0,3.0,1,3,2
20250601TMG09,2025-06-01,内側より下,77,0.0,0.0,0.0,0.0,29.0,3,4.0,7.0,3.0,4.0,2.0,4.0,4.0,1,3,5
20250601TMG10,2025-06-01,内側より下,18,0.0,0.0,0.0,0.0,19.0,5,11.0,6.0,5.0,1.0,2.0,2.0,3.0,1,2,4
20250601TMG11,2025-06-01,内側より下,24,0.0,0.0,0.0,0.0,20.0,4,14.0,4.0,3.0,1.0,3.0,4.0,2.0,1,2,5
20250601TMG12,2025-06-01,内側より下,27,3.7037037037037037,0.0,3.7037037037037037,3.7037037037037037,20.0,5,16.0,4.0,3.0,1.0,3.0,2.0,4.0,2,1,4
20250602TMG01,2025-06-02,内側より上,92,0.0,0.0,0.0,0.0,18.0,5,18.0,7.0,5.0,2.0,3.0,2.0,1.0,1,2,3
20250602TMG03,2025-06-02,内側より下,28,10.714285714285714,0.0,7.142857142857143,7.142857142857143,21.0,5,7.0,4.0,3.0,1.0,2.0,4.0,3.0,1,3,5
20250602TMG04,2025-06-02,内側より下,24,4.166666666666667,0.0,0.0,0.0,26.0,2,4.0,5.0,3.0,2.0,3.0,5.0,3.0,2,3,6
20250602TMG05,2025-06-02,同じ,24,4.166666666666667,0.0,4.166666666666667,4.166666666666667,24.0,2,8.0,6.0,3.0,3.0,3.0,4.0,2.0,2,6,4
20250602TMG06,2025-06-02,内側より上,22,0.0,0.0,0.0,0.0,30.0,3,4.0,8.0,5.0,3.0,3.0,4.0,4.0,3,1,2
20250602TMG07,2025-06-02,内側より下,24,4.166666666666667,4.166666666666667,0.0,4.166666666666667,18.0,4,12.0,4.0,3.0,1.0,3.0,3.0,2.0,4,6,1
20250602TMG08,2025-06-02,内側より下,76,0.0,0.0,0.0,0.0,18.0,5,18.0,4.0,3.0,1.0,1.0,1.0,5.0,1,3,4
20250602TMG09,2025-06-02,内側より下,15,0.0,0.0,0.0,0.0,17.0,6,18.0,6.0,5.0,1.0,2.0,1.0,3.0,1,2,3
20250602TMG10,2025-06-02,内側より上,20,0.0,0.0,0.0,0.0,25.0,3,11.0,9.0,5.0,4.0,2.0,2.0,3.0,1,4,
20250602TMG11,2025-06-02,内側より上,24,0.0,0.0,0.0,0.0,22.0,5,13.0,10.0,5.0,5.0,3.0,1.0,1.0,2,1,3
20250602TMG12,2025-06-02,内側より上,37,8.108108108108109,0.0,8.108108108108109,8.108108108108109,22.0,4,6.0,7.0,5.0,2.0,3.0,3.0,2.0,1,3,6
20250603TMG01,2025-06-03,内側より下,11,0.0,0.0,0.0,0.0,19.0,6,19.0,5.0,3.0,2.0,2.0,3.0,2.0,2,1,5
20250603TMG02,2025-06-03,内側より下,19,0.0,0.0,0.0,0.0,18.0,5,17.0,7.0,5.0,2.0,3.0,1.0,2.0,2,1,3
20250603TMG03,2025-06-03,内側より下,9,11.11111111111111,0.0,11.11111111111111,11.11111111111111,13.0,6,23.0,5.0,3.0,2.0,2.0,1.0,1.0,1,3,2
20250603TMG04,2025-06-03,内側より下,16,0.0,0.0,0.0,0.0,17.0,6,13.0,3.0,2.0,1.0,3.0,1.0,4.0,5,4,6
20250603TMG05,2025-06-03,内側より下,29,3.4482758620689653,3.4482758620689653,0.0,3.4482758620689653,39.0,1,0.0,10.0,5.0,5.0,4.0,5.0,5.0,2,6,3
20250603TMG08,2025-06-03,内側より下,127,0.0,0.0,0.0,0.0,26.0,2,6.0,6.0,5.0,1.0,3.0,3.0,5.0,1,3,4
20250603TMG09,2025-06-03,内側より下,49,2.0408163265306123,0.0,0.0,0.0,18.0,6,12.0,6.0,5.0,1.0,3.0,2.0,2.0,1,4,2
20250603TMG10,2025-06-03,内側より下,14,0.0,0.0,0.0,0.0,21.0,5,10.0,6.0,5.0,1.0,2.0,3.0,3.0,3,1,4
20250603TMG11,2025-06-03,内側より上,34,2.9411764705882355,0.0,2.9411764705882355,2.9411764705882355,21.0,5,10.0,6.0,5.0,1.0,2.0,3.0,3.0,1,3,5
20250603TMG12,2025-06-03,同じ,64,0.0,0.0,0.0,0.0,15.0,6,18.0,6.0,5.0,1.0,2.0,1.0,2.0,1,6,4
20250604TMG01,2025-06-04,内側より下,114,0.8771929824561403,0.0,0.0,0.0,19.0,6,19.0,5.0,3.0,2.0,2.0,4.0,1.0,3,1,5
20250604TMG02,2025-06-04,内側より下,104,0.0,0.0,0.0,0.0,21.0,4,5.0,5.0,1.0,4.0,2.0,3.0,2.0,1,2,3
20250604TMG03,2025-06-04,内側より下,78,0.0,0.0,0.0,0.0,25.0,3,4.0,8.0,3.0,5.0,2.0,3.0,2.0,1,4,3
20250604TMG04,2025-06-04,内側より下,128,0.0,0.0,0.0,0.0,25.0,4,9.0,3.0,2.0,1.0,3.0,4.0,5.0,3,2,1
20250604TMG05,2025-06-04,内側より上,19,0.0,0.0,0.0,0.0,18.0,6,12.0,6.0,5.0,1.0,1.0,3.0,2.0,2,3,1
20250604TMG06,2025-06-04,同じ,17,0.0,0.0,0.0,0.0,18.0,5,12.0,6.0,5.0,1.0,1.0,2.0,3.0,1,3,4
20250604TMG08,2025-06-04,内側より下,25,4.0,0.0,0.0,0.0,24.0,2,9.0,6.0,3.0,3.0,3.0,3.0,3.0,1,5,2
20250604TMG09,2025-06-04,内側より下,77,0.0,0.0,0.0,0.0,17.0,6,19.0,3.0,2.0,1.0,1.0,1.0,5.0,5,1,6
20250604TMG10,2025-06-04,内側より上,104,0.0,0.0,0.0,0.0,24.0,2,8.0,6.0,3.0,3.0,3.0,3.0,3.0,2,4,5
20250604TMG11,2025-06-04,内側より下,27,0.0,0.0,0.0,0.0,32.0,1,0.0,10.0,5.0,5.0,3.0,3.0,4.0,1,2,4
20250604TMG12,2025-06-04,同じ,30,3.3333333333333335,0.0,0.0,0.0,20.0,3,19.0,7.0,5.0,2.0,3.0,3.0,1.0,2,5,1
20250605TMG01,2025-06-05,内側より下,79,0.0,0.0,0.0,0.0,33.0,1,0.0,6.0,2.0,4.0,3.0,5.0,5.0,3,2,1
20250605TMG02,2025-06-05,内側より下,18,0.0,0.0,0.0,0.0,31.0,1,0.0,9.0,5.0,4.0,4.0,4.0,3.0,1,4,5
20250605TMG03,2025-06-05,内側より下,16,0.0,0.0,0.0,0.0,14.0,6,24.0,4.0,3.0,1.0,3.0,1.0,2.0,4,6,5
20250605TMG04,2025-06-05,内側より下,115,0.8695652173913043,0.0,0.0,0.0,24.0,5,4.0,7.0,5.0,2.0,3.0,3.0,3.0,5,2,4
20250605TMG06,2025-06-05,内側より上,31,3.225806451612903,0.0,0.0,0.0,24.0,4,4.0,6.0,5.0,1.0,3.0,5.0,2.0,3,1,6
20250605TMG07,2025-06-05,内側より上,25,4.0,0.0,4.0,4.0,26.0,3,5.0,10.0,5.0,5.0,3.0,3.0,1.0,1,3,5
20250605TMG08,2025-06-05,内側より上,33,3.0303030303030303,0.0,0.0,0.0,30.0,1,0.0,7.0,3.0,4.0,3.0,5.0,3.0,1,5,3
20250605TMG09,2025-06-05,内側より上,28,7.142857142857143,0.0,3.5714285714285716,3.5714285714285716,25.0,3,3.0,3.0,2.0,1.0,3.0,4.0,5.0,1,3,5
20250605TMG10,2025-06-05,内側より下,22,0.0,0.0,0.0,0.0,20.0,5,17.0,6.0,5.0,1.0,3.0,1.0,4.0,1,2,3
20250605TMG11,2025-06-05,同じ,29,0.0,0.0,0.0,0.0,29.0,2,3.0,6.0,5.0,1.0,4.0,4.0,5.0,1,2,5
20250605TMG12,2025-06-05,内側より下,65,0.0,0.0,0.0,0.0,18.0,6,14.0,6.0,5.0,1.0,3.0,1.0,3.0,1,4,3
20250606TMG01,2025-06-06,内側より上,30,3.3333333333333335,3.3333333333333335,0.0,3.3333333333333335,31.0,1,0.0,5.0,3.0,2.0,4.0,5.0,5.0,1,2,5
20250606TMG02,2025-06-06,内側より上,78,0.0,0.0,0.0,0.0,15.0,5,17.0,4.0,3.0,1.0,2.0,1.0,3.0,4,3,2
20250606TMG03,2025-06-06,内側より上,35,2.857142857142857,0.0,2.857142857142857,2.857142857142857,26.0,2,1.0,7.0,5.0,2.0,3.0,5.0,2.0,3,1,4
20250606TMG04,2025-06-06,内側より上,116,0.8620689655172413,0.0,0.0,0.0,18.0,5,15.0,4.0,3.0,1.0,3.0,2.0,3.0,4,5,3
20250606TMG05,2025-06-06,内側より下,32,0.0,0.0,0.0,0.0,27.0,2,5.0,4.0,2.0,2.0,3.0,5.0,4.0,5,3,1
20250606TMG06,2025-06-06,内側より下,79,0.0,0.0,0.0,0.0,27.0,3,6.0,7.0,5.0,2.0,2.0,3.0,5.0,4,3,1
20250606TMG07,2025-06-06,内側より下,129,0.0,0.0,0.0,0.0,22.0,5,6.0,8.0,3.0,5.0,3.0,1.0,2.0,4,5,1
20250606TMG08,2025-06-06,内側より下,25,4.0,0.0,0.0,0.0,15.0,5,20.0,4.0,3.0,1.0,2.0,2.0,2.0,2,1,6
20250606TMG09,2025-06-06,内側より下,10,10.0,0.0,10.0,10.0,19.0,6,15.0,7.0,2.0,5.0,3.0,1.0,1.0,3,4,2
20250606TMG10,2025-06-06,内側より上,66,0.0,0.0,0.0,0.0,16.0,6,17.0,6.0,5.0,1.0,3.0,1.0,2.0,2,1,3
20250606TMG11,2025-06-06,内側より下,25,4.0,4.0,0.0,4.0,20.0,6,10.0,6.0,5.0,1.0,3.0,1.0,4.0,2,1,3
20250606TMG12,2025-06-06,内側より下,25,0.0,0.0,0.0,0.0,22.0,5,12.0,7.0,5.0,2.0,3.0,1.0,4.0,4,6,5
20250614TMG01,2025-06-14,内側より上,18,0.0,0.0,0.0,0.0,26.0,3,6.0,8.0,5.0,3.0,3.0,4.0,2.0,5,4,2
20250614TMG02,2025-06-14,同じ,28,14.285714285714286,3.5714285714285716,3.5714285714285716,7.142857142857143,18.0,6,12.0,4.0,3.0,1.0,3.0,1.0,4.0,2,3,6
20250614TMG03,2025-06-14,内側より下,32,0.0,0.0,0.0,0.0,26.0,3,7.0,6.0,5.0,1.0,3.0,3.0,5.0,1,5,3
20250614TMG04,2025-06-14,内側より下,36,5.555555555555555,2.7777777777777777,0.0,2.7777777777777777,20.0,6,13.0,4.0,3.0,1.0,3.0,3.0,3.0,4,2,5
20250614TMG05,2025-06-14,内側より上,48,4.166666666666667,2.0833333333333335,0.0,2.0833333333333335,33.0,1,0.0,6.0,2.0,4.0,3.0,5.0,5.0,1,2,6
20250614TMG06,2025-06-14,内側より下,32,3.125,0.0,0.0,0.0,26.0,3,9.0,8.0,3.0,5.0,3.0,3.0,2.0,1,6,3
20250614TMG07,2025-06-14,内側より上,28,3.5714285714285716,3.5714285714285716,0.0,3.5714285714285716,31.0,2,3.0,10.0,5.0,5.0,4.0,5.0,1.0,1,5,6
20250614TMG08,2025-06-14,内側より下,22,0.0,0.0,0.0,0.0,22.0,3,14.0,8.0,5.0,3.0,3.0,3.0,1.0,2,1,3
20250614TMG09,2025-06-14,内側より上,38,2.6315789473684212,0.0,2.6315789473684212,2.6315789473684212,18.0,6,15.0,6.0,5.0,1.0,3.0,1.0,3.0,1,4,3
20250614TMG10,2025-06-14,内側より上,30,10.0,0.0,3.3333333333333335,3.3333333333333335,28.0,3,7.0,9.0,5.0,4.0,3.0,3.0,3.0,1,3,5
20250614TMG11,2025-06-14,内側より下,33,6.0606060606060606,3.0303030303030303,3.0303030303030303,6.0606060606060606,27.0,3,6.0,6.0,5.0,1.0,4.0,3.0,5.0,1,3,5
20250614TMG12,2025-06-14,内側より下,31,6.451612903225806,0.0,6.451612903225806,6.451612903225806,26.0,3,3.0,8.0,3.0,5.0,3.0,3.0,2.0,5,1,6
20250615TMG01,2025-06-15,内側より下,48,6.25,2.0833333333333335,2.0833333333333335,4.166666666666667,26.0,3,2.0,6.0,5.0,1.0,3.0,3.0,5.0,2,5,3
20250615TMG02,2025-06-15,内側より上,21,9.523809523809524,4.761904761904762,0.0,4.761904761904762,17.0,5,16.0,3.0,2.0,1.0,3.0,1.0,4.0,1,4,2
20250615TMG04,2025-06-15,内側より上,35,5.714285714285714,0.0,5.714285714285714,5.714285714285714,28.0,1,0.0,4.0,3.0,1.0,3.0,5.0,5.0,1,2,5
20250615TMG05,2025-06-15,同じ,25,0.0,0.0,0.0,0.0,20.0,5,14.0,7.0,3.0,4.0,1.0,2.0,2.0,3,4,1
20250615TMG07,2025-06-15,内側より上,26,3.8461538461538463,0.0,0.0,0.0,20.0,5,10.0,4.0,3.0,1.0,3.0,1.0,5.0,3,4,1
20250615TMG08,2025-06-15,内側より下,36,2.7777777777777777,2.7777777777777777,0.0,2.7777777777777777,13.0,5,25.0,4.0,3.0,1.0,2.0,2.0,1.0,4,2,1
20250615TMG09,2025-06-15,内側より上,35,8.571428571428571,0.0,5.714285714285714,5.714285714285714,24.0,4,11.0,6.0,5.0,1.0,1.0,3.0,5.0,1,3,6
20250615TMG10,2025-06-15,内側より上,27,0.0,0.0,0.0,0.0,22.0,4,9.0,6.0,5.0,1.0,1.0,3.0,4.0,2,3,1
20250615TMG11,2025-06-15,内側より上,35,0.0,0.0,0.0,0.0,18.0,5,16.0,6.0,3.0,3.0,1.0,1.0,3.0,1,2,6
20250615TMG12,2025-06-15,同じ,29,10.344827586206897,0.0,6.896551724137931,6.896551724137931,28.0,2,3.0,7.0,2.0,5.0,2.0,4.0,3.0,3,1,5
20250616TMG01,2025-06-16,内側より下,33,0.0,0.0,0.0,0.0,18.0,5,14.0,5.0,3.0,2.0,3.0,1.0,3.0,1,6,5
20250616TMG02,2025-06-16,内側より下,32,3.125,0.0,3.125,3.125,38.0,1,0.0,10.0,5.0,5.0,3.0,5.0,5.0,2,3,5
20250616TMG03,2025-06-16,内側より下,39,2.5641025641025643,0.0,2.5641025641025643,2.5641025641025643,24.0,2,4.0,4.0,3.0,1.0,3.0,4.0,4.0,1,5,3
20250616TMG04,2025-06-16,内側より上,35,5.714285714285714,5.714285714285714,0.0,5.714285714285714,17.0,6,10.0,3.0,2.0,1.0,3.0,4.0,1.0,1,4,2
20250616TMG05,2025-06-16,内側より上,27,7.407407407407407,0.0,3.7037037037037037,3.7037037037037037,30.0,2,2.0,6.0,5.0,1.0,3.0,5.0,5.0,1,4,2
20250616TMG06,2025-06-16,内側より下,32,6.25,0.0,3.125,3.125,20.0,5,14.0,4.0,3.0,1.0,3.0,3.0,3.0,1,3,4
20250616TMG07,2025-06-16,内側より下,35,2.857142857142857,0.0,2.857142857142857,2.857142857142857,20.0,4,10.0,6.0,5.0,1.0,3.0,3.0,2.0,4,3,1
20250616TMG08,2025-06-16,内側より下,36,0.0,0.0,0.0,0.0,26.0,4,6.0,6.0,3.0,3.0,3.0,4.0,3.0,1,5,4
20250616TMG09,2025-06-16,内側より下,32,0.0,0.0,0.0,0.0,24.0,4,11.0,10.0,5.0,5.0,3.0,1.0,2.0,1,4,5
20250616TMG10,2025-06-16,内側より下,36,8.333333333333334,0.0,8.333333333333334,8.333333333333334,21.0,5,14.0,6.0,5.0,1.0,2.0,2.0,4.0,2,3,5
20250616TMG11,2025-06-16,内側より下,39,2.5641025641025643,0.0,0.0,0.0,24.0,3,12.0,7.0,2.0,5.0,2.0,3.0,2.0,1,3,6
20250616TMG12,2025-06-16,内側より上,31,3.225806451612903,0.0,0.0,0.0,18.0,6,18.0,7.0,5.0,2.0,3.0,1.0,2.0,1,4,2
20250628TMG01,2025-06-28,内側より下,26,0.0,0.0,0.0,0.0,23.0,5,11.0,10.0,5.0,5.0,2.0,2.0,1.0,3,2,5
20250628TMG02,2025-06-28,内側より下,61,0.0,0.0,0.0,0.0,24.0,4,4.0,4.0,3.0,1.0,1.0,5.0,4.0,5,2,4
20250628TMG03,2025-06-28,内側より下,55,0.0,0.0,0.0,0.0,22.0,2,4.0,10.0,5.0,5.0,1.0,2.0,1.0,3,2,1
20250628TMG06,2025-06-28,内側より下,87,0.0,0.0,0.0,0.0,16.0,6,18.0,4.0,3.0,1.0,3.0,2.0,2.0,1,4,3
20250628TMG07,2025-06-28,内側より下,24,0.0,0.0,0.0,0.0,26.0,4,2.0,6.0,5.0,1.0,3.0,3.0,5.0,5,4,6
20250628TMG08,2025-06-28,内側より下,26,0.0,0.0,0.0,0.0,18.0,6,10.0,6.0,5.0,1.0,1.0,1.0,4.0,1,2,4
20250628TMG09,2025-06-28,内側より下,34,0.0,0.0,0.0,0.0,25.0,3,4.0,6.0,5.0,1.0,2.0,4.0,4.0,1,3,5
20250628TMG12,2025-06-28,内側より下,25,0.0,0.0,0.0,0.0,25.0,4,2.0,10.0,5.0,5.0,2.0,3.0,1.0,1,3,5
20250629TMG02,2025-06-29,内側より下,35,0.0,0.0,0.0,0.0,28.0,3,2.0,4.0,3.0,1.0,3.0,5.0,5.0,2,5,4
20250629TMG03,2025-06-29,内側より上,36,19.444444444444443,5.555555555555555,5.555555555555555,11.11111111111111,19.0,4,17.0,8.0,5.0,3.0,2.0,1.0,2.0,2,3,6
20250629TMG04,2025-06-29,内側より下,56,0.0,0.0,0.0,0.0,22.0,4,14.0,10.0,5.0,5.0,1.0,2.0,1.0,4,1,3
20250629TMG05,2025-06-29,内側より上,36,0.0,0.0,0.0,0.0,27.0,2,1.0,6.0,3.0,3.0,2.0,4.0,4.0,3,2,1
20250629TMG06,2025-06-29,内側より下,34,0.0,0.0,0.0,0.0,20.0,5,8.0,6.0,5.0,1.0,3.0,3.0,2.0,1,2,3
20250629TMG07,2025-06-29,内側より下,38,5.2631578947368425,5.2631578947368425,0.0,5.2631578947368425,21.0,5,7.0,6.0,5.0,1.0,4.0,1.0,4.0,1,2,3
20250629TMG08,2025-06-29,内側より下,56,0.0,0.0,0.0,0.0,28.0,3,2.0,9.0,5.0,4.0,3.0,1.0,5.0,4,3,1
20250629TMG09,2025-06-29,内側より下,41,0.0,0.0,0.0,0.0,24.0,3,10.0,6.0,3.0,3.0,3.0,3.0,3.0,4,3,2
20250629TMG10,2025-06-29,内側より下,34,0.0,0.0,0.0,0.0,22.0,3,10.0,8.0,3.0,5.0,3.0,2.0,1.0,1,2,6
20250629TMG11,2025-06-29,内側より下,19,0.0,0.0,0.0,0.0,26.0,3,10.0,8.0,3.0,5.0,3.0,4.0,1.0,6,4,1
20250630TMG01,2025-06-30,内側より下,88,0.0,0.0,0.0,0.0,26.0,3,3.0,6.0,5.0,1.0,3.0,3.0,5.0,5,3,1
20250630TMG03,2025-06-30,内側より下,35,0.0,0.0,0.0,0.0,24.0,4,8.0,6.0,5.0,1.0,3.0,4.0,3.0,4,5,1
20250630TMG04,2025-06-30,内側より下,62,0.0,0.0,0.0,0.0,23.0,5,15.0,5.0,3.0,2.0,2.0,4.0,3.0,1,3,5
20250630TMG06,2025-06-30,内側より下,33,3.0303030303030303,0.0,3.0303030303030303,3.0303030303030303,30.0,1,0.0,8.0,3.0,5.0,3.0,4.0,3.0,1,2,3
20250630TMG08,2025-06-30,内側より下,58,0.0,0.0,0.0,0.0,24.0,4,6.0,7.0,3.0,4.0,3.0,1.0,4.0,1,4,2
20250630TMG09,2025-06-30,内側より下,23,0.0,0.0,0.0,0.0,14.0,6,20.0,6.0,5.0,1.0,1.0,1.0,2.0,1,3,4
20250630TMG10,2025-06-30,内側より上,32,0.0,0.0,0.0,0.0,20.0,5,16.0,8.0,3.0,5.0,3.0,1.0,1.0,1,2,4
20250630TMG11,2025-06-30,内側より下,29,0.0,0.0,0.0,0.0,19.0,6,11.0,7.0,5.0,2.0,2.0,1.0,3.0,1,3,2
20250630TMG12,2025-06-30,内側より上,29,6.896551724137931,6.896551724137931,0.0,6.896551724137931,13.0,6,21.0,4.0,3.0,1.0,2.0,1.0,2.0,5,1,4
20250701TMG01,2025-07-01,内側より下,59,0.0,0.0,0.0,0.0,25.0,4,7.0,10.0,5.0,5.0,2.0,2.0,2.0,3,4,6
20250701TMG02,2025-07-01,内側より上,8,12.5,12.5,0.0,12.5,20.0,5,12.0,7.0,3.0,4.0,3.0,2.0,1.0,1,5,4
20250701TMG03,2025-07-01,内側より下,63,0.0,0.0,0.0,0.0,21.0,4,16.0,4.0,2.0,2.0,3.0,2.0,4.0,3,2,1
20250701TMG04,2025-07-01,内側より下,34,2.9411764705882355,0.0,0.0,0.0,16.0,6,11.0,6.0,5.0,1.0,1.0,2.0,2.0,2,3,1
20250701TMG05,2025-07-01,内側より下,59,0.0,0.0,0.0,0.0,22.0,4,11.0,10.0,5.0,5.0,3.0,1.0,1.0,3,4,2
20250701TMG06,2025-07-01,内側より下,25,0.0,0.0,0.0,0.0,15.0,6,19.0,4.0,3.0,1.0,2.0,2.0,2.0,1,3,5
20250701TMG07,2025-07-01,内側より下,19,0.0,0.0,0.0,0.0,21.0,4,15.0,5.0,3.0,2.0,2.0,1.0,5.0,1,3,2
20250701TMG08,2025-07-01,内側より下,63,0.0,0.0,0.0,0.0,19.0,5,16.0,5.0,3.0,2.0,2.0,1.0,4.0,1,4,2
20250701TMG09,2025-07-01,内側より上,37,0.0,0.0,0.0,0.0,29.0,3,7.0,5.0,3.0,2.0,2.0,5.0,5.0,1,4,6
20250701TMG12,2025-07-01,内側より下,16,0.0,0.0,0.0,0.0,23.0,4,6.0,4.0,2.0,2.0,1.0,3.0,5.0,1,3,4
20250702TMG01,2025-07-02,内側より下,65,0.0,0.0,0.0,0.0,26.0,4,4.0,6.0,5.0,1.0,3.0,4.0,4.0,2,1,3
20250702TMG02,2025-07-02,内側より下,36,19.444444444444443,5.555555555555555,5.555555555555555,11.11111111111111,19.0,5,11.0,4.0,3.0,1.0,2.0,3.0,3.0,5,6,2
20250702TMG04,2025-07-02,内側より上,61,0.0,0.0,0.0,0.0,24.0,4,6.0,8.0,5.0,3.0,3.0,4.0,1.0,1,4,5
20250702TMG06,2025-07-02,内側より下,65,0.0,0.0,0.0,0.0,16.0,5,14.0,2.0,1.0,1.0,1.0,2.0,4.0,2,1,4
20250702TMG08,2025-07-02,内側より下,61,0.0,0.0,0.0,0.0,24.0,5,8.0,6.0,5.0,1.0,3.0,4.0,3.0,1,3,2
20250702TMG09,2025-07-02,内側より下,28,0.0,0.0,0.0,0.0,21.0,4,15.0,5.0,2.0,3.0,3.0,2.0,3.0,3,1,4
20250702TMG11,2025-07-02,内側より下,36,0.0,0.0,0.0,0.0,30.0,1,0.0,8.0,3.0,5.0,3.0,5.0,2.0,1,3,5
20250703TMG01,2025-07-03,内側より下,35,2.857142857142857,0.0,0.0,0.0,32.0,1,0.0,10.0,5.0,5.0,3.0,4.0,3.0,1,5,2
20250703TMG02,2025-07-03,内側より下,63,0.0,0.0,0.0,0.0,23.0,4,4.0,10.0,5.0,5.0,2.0,1.0,2.0,2,1,5
20250703TMG03,2025-07-03,内側より下,35,0.0,0.0,0.0,0.0,30.0,2,1.0,10.0,5.0,5.0,3.0,5.0,1.0,2,1,3
20250703TMG04,2025-07-03,内側より下,26,0.0,0.0,0.0,0.0,29.0,3,5.0,10.0,5.0,5.0,2.0,2.0,4.0,2,5,6
20250703TMG05,2025-07-03,内側より下,67,0.0,0.0,0.0,0.0,21.0,5,11.0,3.0,2.0,1.0,1.0,4.0,4.0,1,5,3
20250703TMG06,2025-07-03,内側より下,34,0.0,0.0,0.0,0.0,16.0,6,16.0,6.0,5.0,1.0,3.0,1.0,2.0,1,6,3
20250703TMG07,2025-07-03,内側より下,25,0.0,0.0,0.0,0.0,23.0,3,13.0,4.0,3.0,1.0,2.0,5.0,3.0,1,2,3
20250703TMG08,2025-07-03,内側より下,30,0.0,0.0,0.0,0.0,22.0,4,12.0,8.0,3.0,5.0,3.0,1.0,2.0,1,3,2
20250703TMG09,2025-07-03,内側より下,35,0.0,0.0,0.0,0.0,21.0,4,15.0,8.0,3.0,5.0,4.0,1.0,1.0,2,6,4
20250703TMG10,2025-07-03,内側より下,33,3.0303030303030303,0.0,3.0303030303030303,3.0303030303030303,23.0,5,5.0,9.0,5.0,4.0,2.0,1.0,3.0,4,5,6
20250703TMG11,2025-07-03,内側より下,37,0.0,0.0,0.0,0.0,28.0,2,8.0,10.0,5.0,5.0,3.0,3.0,2.0,1,2,5
20250703TMG12,2025-07-03,内側より下,38,2.6315789473684212,2.6315789473684212,0.0,2.6315789473684212,28.0,2,6.0,6.0,3.0,3.0,3.0,5.0,3.0,1,2,4
20250708TMG01,2025-07-08,内側より上,99,1.0101010101010102,1.0101010101010102,0.0,1.0101010101010102,21.0,4,8.0,5.0,3.0,2.0,2.0,3.0,3.0,4,5,3
20250708TMG02,2025-07-08,同じ,26,0.0,0.0,0.0,0.0,24.0,5,9.0,5.0,3.0,2.0,3.0,3.0,4.0,3,4,5
20250708TMG03,2025-07-08,内側より下,24,0.0,0.0,0.0,0.0,27.0,3,7.0,7.0,2.0,5.0,3.0,5.0,1.0,2,4,1
20250708TMG04,2025-07-08,内側より上,23,4.3478260869565215,0.0,4.3478260869565215,4.3478260869565215,30.0,1,0.0,10.0,5.0,5.0,3.0,4.0,2.0,1,3,2
20250708TMG05,2025-07-08,内側より上,101,1.9801980198019802,0.0,0.0,0.0,25.0,2,1.0,3.0,2.0,1.0,3.0,5.0,4.0,1,3,2
20250708TMG06,2025-07-08,内側より下,30,3.3333333333333335,0.0,3.3333333333333335,3.3333333333333335,26.0,3,3.0,4.0,3.0,1.0,3.0,4.0,5.0,6,5,4
20250708TMG07,2025-07-08,内側より下,29,0.0,0.0,0.0,0.0,18.0,6,16.0,6.0,5.0,1.0,1.0,1.0,4.0,3,1,4
20250708TMG08,2025-07-08,内側より下,61,0.0,0.0,0.0,0.0,18.0,4,14.0,5.0,1.0,4.0,3.0,1.0,2.0,5,4,6
20250708TMG09,2025-07-08,内側より下,32,3.125,0.0,0.0,0.0,29.0,2,4.0,7.0,2.0,5.0,3.0,4.0,3.0,1,3,2
20250708TMG10,2025-07-08,内側より下,34,2.9411764705882355,0.0,0.0,0.0,26.0,2,8.0,4.0,3.0,1.0,3.0,4.0,5.0,2,3,5
20250708TMG11,2025-07-08,内側より上,28,0.0,0.0,0.0,0.0,20.0,4,10.0,7.0,3.0,4.0,3.0,1.0,2.0,1,3,2
20250708TMG12,2025-07-08,内側より下,41,2.4390243902439024,0.0,0.0,0.0,28.0,3,4.0,10.0,5.0,5.0,3.0,3.0,2.0,1,3,4
20250709TMG02,2025-07-09,内側より下,38,0.0,0.0,0.0,0.0,16.0,6,12.0,6.0,5.0,1.0,3.0,1.0,2.0,3,2,1
20250709TMG03,2025-07-09,内側より下,35,2.857142857142857,0.0,0.0,0.0,30.0,3,2.0,7.0,5.0,2.0,3.0,4.0,5.0,5,3,6
20250709TMG04,2025-07-09,内側より下,26,0.0,0.0,0.0,0.0,27.0,2,4.0,10.0,5.0,5.0,2.0,4.0,1.0,5,6,2
20250709TMG05,2025-07-09,内側より下,20,10.0,0.0,0.0,0.0,28.0,2,3.0,6.0,5.0,1.0,3.0,4.0,5.0,5,3,2
20250709TMG06,2025-07-09,内側より下,35,11.428571428571429,2.857142857142857,5.714285714285714,8.571428571428571,17.0,5,17.0,5.0,3.0,2.0,2.0,2.0,2.0,2,6,3
20250709TMG07,2025-07-09,内側より下,28,3.5714285714285716,0.0,3.5714285714285716,3.5714285714285716,33.0,1,0.0,9.0,5.0,4.0,2.0,4.0,5.0,1,3,5
20250709TMG08,2025-07-09,内側より下,33,6.0606060606060606,0.0,3.0303030303030303,3.0303030303030303,25.0,2,7.0,4.0,3.0,1.0,2.0,5.0,4.0,1,2,4
20250709TMG09,2025-07-09,同じ,34,2.9411764705882355,0.0,0.0,0.0,31.0,2,1.0,10.0,5.0,5.0,2.0,4.0,3.0,4,6,3
20250709TMG10,2025-07-09,内側より下,62,0.0,0.0,0.0,0.0,22.0,4,15.0,8.0,3.0,5.0,3.0,2.0,1.0,1,2,6
20250709TMG11,2025-07-09,内側より下,25,0.0,0.0,0.0,0.0,24.0,3,12.0,6.0,5.0,1.0,3.0,3.0,4.0,1,3,2
20250710TMG01,2025-07-10,内側より下,53,0.0,0.0,0.0,0.0,21.0,5,11.0,6.0,3.0,3.0,2.0,1.0,4.0,1,5,2
20250710TMG02,2025-07-10,内側より下,63,0.0,0.0,0.0,0.0,22.0,6,8.0,10.0,5.0,5.0,3.0,1.0,1.0,4,1,5
20250710TMG03,2025-07-10,内側より下,30,3.3333333333333335,0.0,3.3333333333333335,3.3333333333333335,26.0,3,2.0,4.0,3.0,1.0,3.0,4.0,5.0,1,5,3
20250710TMG05,2025-07-10,内側より下,25,4.0,4.0,0.0,4.0,29.0,2,2.0,7.0,2.0,5.0,3.0,3.0,4.0,1,3,2
20250710TMG06,2025-07-10,内側より下,24,12.5,12.5,0.0,12.5,18.0,4,15.0,4.0,3.0,1.0,1.0,2.0,4.0,2,4,5
20250710TMG07,2025-07-10,内側より下,28,0.0,0.0,0.0,0.0,17.0,6,17.0,6.0,5.0,1.0,2.0,3.0,1.0,3,2,4
20250710TMG08,2025-07-10,内側より上,31,0.0,0.0,0.0,0.0,24.0,4,8.0,10.0,5.0,5.0,3.0,2.0,1.0,2,3,6
20250710TMG09,2025-07-10,内側より上,38,5.2631578947368425,2.6315789473684212,0.0,2.6315789473684212,22.0,4,11.0,4.0,3.0,1.0,3.0,3.0,4.0,6,2,4
20250710TMG10,2025-07-10,内側より下,32,0.0,0.0,0.0,0.0,14.0,5,16.0,6.0,5.0,1.0,3.0,1.0,1.0,3,5,2
20250710TMG11,2025-07-10,内側より下,24,4.166666666666667,0.0,4.166666666666667,4.166666666666667,21.0,5,14.0,9.0,5.0,4.0,2.0,2.0,1.0,1,2,3
20250710TMG12,2025-07-10,内側より上,30,0.0,0.0,0.0,0.0,22.0,4,10.0,6.0,5.0,1.0,3.0,3.0,3.0,1,4,3
20250711TMG01,2025-07-11,内側より下,36,0.0,0.0,0.0,0.0,26.0,2,4.0,6.0,5.0,1.0,3.0,3.0,5.0,2,1,4
20250711TMG02,2025-07-11,内側より下,26,0.0,0.0,0.0,0.0,18.0,5,11.0,4.0,3.0,1.0,1.0,2.0,4.0,1,2,3
20250711TMG03,2025-07-11,内側より下,32,0.0,0.0,0.0,0.0,19.0,5,13.0,6.0,5.0,1.0,2.0,2.0,3.0,2,4,5
20250711TMG05,2025-07-11,内側より下,37,5.405405405405405,2.7027027027027026,0.0,2.7027027027027026,25.0,3,4.0,8.0,3.0,5.0,4.0,1.0,3.0,5,4,1
20250711TMG06,2025-07-11,内側より上,96,1.0416666666666667,1.0416666666666667,0.0,1.0416666666666667,19.0,6,13.0,4.0,3.0,1.0,2.0,3.0,3.0,2,4,1
20250711TMG07,2025-07-11,内側より下,47,10.638297872340425,6.382978723404255,4.25531914893617,10.638297872340425,22.0,4,12.0,4.0,3.0,1.0,5.0,2.0,4.0,6,3,1
20250711TMG08,2025-07-11,内側より下,31,3.225806451612903,0.0,3.225806451612903,3.225806451612903,24.0,3,6.0,4.0,3.0,1.0,3.0,4.0,4.0,1,3,4
20250711TMG09,2025-07-11,内側より下,28,7.142857142857143,0.0,7.142857142857143,7.142857142857143,19.0,6,15.0,7.0,2.0,5.0,3.0,1.0,1.0,1,2,5
20250711TMG11,2025-07-11,内側より下,103,1.941747572815534,0.0,0.0,0.0,27.0,3,5.0,8.0,3.0,5.0,2.0,3.0,3.0,1,5,6
20250711TMG12,2025-07-11,内側より上,45,6.666666666666667,4.444444444444445,2.2222222222222223,6.666666666666667,22.0,4,12.0,6.0,5.0,1.0,3.0,2.0,4.0,1,6,3
20250712TMG01,2025-07-12,内側より下,27,0.0,0.0,0.0,0.0,28.0,1,0.0,6.0,5.0,1.0,3.0,4.0,5.0,1,3,4
20250712TMG02,2025-07-12,内側より下,26,3.8461538461538463,3.8461538461538463,0.0,3.8461538461538463,28.0,2,2.0,6.0,3.0,3.0,3.0,3.0,5.0,1,3,6
20250712TMG03,2025-07-12,内側より下,34,5.882352941176471,0.0,2.9411764705882355,2.9411764705882355,26.0,3,6.0,4.0,3.0,1.0,3.0,4.0,5.0,1,3,5
20250712TMG04,2025-07-12,内側より下,35,11.428571428571429,2.857142857142857,5.714285714285714,8.571428571428571,21.0,4,7.0,4.0,3.0,1.0,2.0,2.0,5.0,4,1,6
20250712TMG05,2025-07-12,内側より下,97,1.0309278350515463,1.0309278350515463,0.0,1.0309278350515463,22.0,5,10.0,6.0,5.0,1.0,3.0,3.0,3.0,5,3,4
20250712TMG06,2025-07-12,内側より下,48,12.5,8.333333333333334,4.166666666666667,12.5,20.0,6,10.0,6.0,5.0,1.0,5.0,2.0,2.0,2,1,3
20250712TMG07,2025-07-12,内側より上,35,2.857142857142857,0.0,0.0,0.0,27.0,3,2.0,8.0,3.0,5.0,2.0,4.0,2.0,6,1,2
20250712TMG09,2025-07-12,内側より上,104,1.9230769230769231,0.0,0.0,0.0,30.0,1,0.0,10.0,5.0,5.0,3.0,4.0,2.0,1,2,4
20250712TMG10,2025-07-12,内側より下,33,3.0303030303030303,0.0,0.0,0.0,26.0,3,6.0,7.0,5.0,2.0,3.0,3.0,4.0,1,3,5
20250712TMG11,2025-07-12,内側より下,34,2.9411764705882355,0.0,0.0,0.0,24.0,4,10.0,7.0,5.0,2.0,3.0,2.0,4.0,2,1,4
20250712TMG12,2025-07-12,内側より下,32,0.0,0.0,0.0,0.0,28.0,3,7.0,10.0,5.0,5.0,3.0,3.0,2.0,1,5,3
20250713TMG01,2025-07-13,内側より下,98,1.0204081632653061,1.0204081632653061,0.0,1.0204081632653061,25.0,4,8.0,10.0,5.0,5.0,2.0,3.0,1.0,2,5,4
20250713TMG02,2025-07-13,内側より下,33,0.0,0.0,0.0,0.0,15.0,6,18.0,3.0,2.0,1.0,3.0,1.0,3.0,1,3,2
20250713TMG03,2025-07-13,内側より下,64,0.0,0.0,0.0,0.0,22.0,4,8.0,4.0,3.0,1.0,3.0,4.0,3.0,1,4,2
20250713TMG04,2025-07-13,内側より下,29,6.896551724137931,0.0,6.896551724137931,6.896551724137931,18.0,5,14.0,5.0,3.0,2.0,3.0,2.0,2.0,5,4,6
20250713TMG05,2025-07-13,内側より上,105,1.9047619047619047,0.0,0.0,0.0,20.0,5,11.0,4.0,3.0,1.0,1.0,5.0,2.0,1,2,5
20250713TMG07,2025-07-13,内側より上,46,6.521739130434782,4.3478260869565215,2.1739130434782608,6.521739130434782,25.0,3,9.0,3.0,2.0,1.0,3.0,5.0,4.0,1,3,6
20250713TMG08,2025-07-13,内側より上,37,5.405405405405405,2.7027027027027026,0.0,2.7027027027027026,26.0,2,8.0,8.0,3.0,5.0,3.0,2.0,3.0,3,5,6
20250713TMG09,2025-07-13,内側より下,31,0.0,0.0,0.0,0.0,17.0,6,14.0,4.0,3.0,1.0,2.0,2.0,3.0,1,2,3
20250713TMG10,2025-07-13,内側より下,33,0.0,0.0,0.0,0.0,19.0,5,15.0,7.0,3.0,4.0,2.0,2.0,1.0,3,5,6
20250713TMG11,2025-07-13,内側より下,21,9.523809523809524,0.0,0.0,0.0,13.0,6,21.0,3.0,1.0,2.0,2.0,1.0,2.0,1,2,4
20250713TMG12,2025-07-13,内側より下,43,0.0,0.0,0.0,0.0,23.0,3,9.0,6.0,5.0,1.0,4.0,3.0,3.0,2,1,3
20250716TMG01,2025-07-16,内側より下,22,0.0,0.0,0.0,0.0,19.0,5,12.0,6.0,5.0,1.0,2.0,2.0,3.0,3,1,5
20250716TMG02,2025-07-16,内側より上,28,0.0,0.0,0.0,0.0,15.0,6,15.0,6.0,5.0,1.0,2.0,1.0,2.0,1,4,3
20250716TMG03,2025-07-16,内側より上,25,0.0,0.0,0.0,0.0,13.0,5,24.0,4.0,3.0,1.0,2.0,1.0,2.0,4,5,1
20250716TMG04,2025-07-16,内側より下,121,0.0,0.0,0.0,0.0,12.0,6,18.0,4.0,3.0,1.0,3.0,1.0,1.0,1,4,5
20250716TMG05,2025-07-16,内側より上,37,2.7027027027027026,0.0,2.7027027027027026,2.7027027027027026,22.0,5,7.0,6.0,3.0,3.0,3.0,1.0,4.0,2,1,3
20250716TMG06,2025-07-16,内側より上,24,4.166666666666667,0.0,4.166666666666667,4.166666666666667,20.0,6,12.0,6.0,5.0,1.0,3.0,1.0,4.0,4,5,2
20250716TMG07,2025-07-16,内側より下,28,0.0,0.0,0.0,0.0,17.0,6,19.0,6.0,5.0,1.0,2.0,2.0,2.0,2,1,4
20250716TMG08,2025-07-16,内側より下,24,0.0,0.0,0.0,0.0,15.0,6,15.0,5.0,3.0,2.0,2.0,2.0,1.0,1,2,4
20250716TMG09,2025-07-16,内側より下,24,0.0,0.0,0.0,0.0,16.0,6,13.0,6.0,5.0,1.0,3.0,1.0,2.0,1,4,6
20250716TMG10,2025-07-16,内側より下,21,0.0,0.0,0.0,0.0,26.0,2,6.0,6.0,5.0,1.0,3.0,4.0,4.0,1,2,4
20250716TMG11,2025-07-16,内側より下,40,0.0,0.0,0.0,0.0,27.0,3,11.0,10.0,5.0,5.0,2.0,4.0,1.0,1,2,3
20250716TMG12,2025-07-16,内側より下,34,2.9411764705882355,0.0,0.0,0.0,21.0,6,11.0,6.0,5.0,1.0,4.0,1.0,4.0,1,2,6
20250717TMG02,2025-07-17,内側より下,27,3.7037037037037037,0.0,3.7037037037037037,3.7037037037037037,22.0,4,8.0,7.0,5.0,2.0,3.0,1.0,4.0,2,3,6
20250717TMG03,2025-07-17,内側より下,31,0.0,0.0,0.0,0.0,21.0,4,9.0,3.0,2.0,1.0,3.0,2.0,5.0,5,4,2
20250717TMG04,2025-07-17,内側より下,32,0.0,0.0,0.0,0.0,18.0,6,13.0,4.0,3.0,1.0,3.0,1.0,4.0,1,2,4
20250717TMG05,2025-07-17,内側より上,36,2.7777777777777777,0.0,2.7777777777777777,2.7777777777777777,27.0,2,5.0,8.0,3.0,5.0,4.0,3.0,2.0,1,2,4
20250717TMG06,2025-07-17,内側より上,26,0.0,0.0,0.0,0.0,26.0,1,0.0,10.0,5.0,5.0,1.0,1.0,4.0,5,2,4
20250717TMG08,2025-07-17,内側より下,15,0.0,0.0,0.0,0.0,24.0,4,12.0,7.0,3.0,4.0,3.0,3.0,2.0,1,5,4
20250717TMG09,2025-07-17,内側より下,22,0.0,0.0,0.0,0.0,21.0,5,13.0,6.0,5.0,1.0,2.0,2.0,4.0,5,3,4
20250717TMG10,2025-07-17,内側より下,60,1.6666666666666667,0.0,1.6666666666666667,1.6666666666666667,33.0,1,0.0,9.0,5.0,4.0,4.0,5.0,3.0,1,2,4
20250717TMG11,2025-07-17,内側より上,38,7.894736842105263,0.0,7.894736842105263,7.894736842105263,19.0,6,19.0,8.0,5.0,3.0,2.0,1.0,2.0,1,2,3
20250717TMG12,2025-07-17,内側より上,28,3.5714285714285716,0.0,3.5714285714285716,3.5714285714285716,24.0,4,10.0,10.0,5.0,5.0,3.0,2.0,1.0,1,2,5
20250718TMG01,2025-07-18,内側より上,27,0.0,0.0,0.0,0.0,26.0,3,2.0,10.0,5.0,5.0,3.0,2.0,2.0,1,4,3
20250718TMG02,2025-07-18,内側より下,23,8.695652173913043,4.3478260869565215,4.3478260869565215,8.695652173913043,23.0,3,9.0,7.0,3.0,4.0,4.0,3.0,1.0,5,3,2
20250718TMG03,2025-07-18,内側より下,25,0.0,0.0,0.0,0.0,21.0,4,11.0,6.0,5.0,1.0,2.0,3.0,3.0,2,1,4
20250718TMG04,2025-07-18,内側より下,39,0.0,0.0,0.0,0.0,21.0,5,10.0,4.0,3.0,1.0,4.0,2.0,4.0,2,1,3
20250718TMG05,2025-07-18,内側より下,40,2.5,0.0,2.5,2.5,20.0,4,11.0,4.0,3.0,1.0,3.0,1.0,5.0,4,5,6
20250718TMG06,2025-07-18,内側より上,27,0.0,0.0,0.0,0.0,15.0,6,15.0,3.0,2.0,1.0,3.0,1.0,3.0,1,3,5
20250718TMG07,2025-07-18,内側より下,23,0.0,0.0,0.0,0.0,15.0,6,19.0,6.0,5.0,1.0,2.0,1.0,2.0,1,5,6
20250718TMG08,2025-07-18,内側より下,28,3.5714285714285716,0.0,3.5714285714285716,3.5714285714285716,18.0,5,18.0,8.0,3.0,5.0,1.0,1.0,1.0,4,6,2
20250718TMG09,2025-07-18,内側より上,29,3.4482758620689653,0.0,0.0,0.0,18.0,5,12.0,6.0,2.0,4.0,2.0,1.0,2.0,4,1,2
20250718TMG10,2025-07-18,内側より上,24,0.0,0.0,0.0,0.0,35.0,1,0.0,10.0,5.0,5.0,4.0,4.0,4.0,6,1,4
20250718TMG11,2025-07-18,内側より上,35,2.857142857142857,0.0,2.857142857142857,2.857142857142857,18.0,5,12.0,6.0,5.0,1.0,3.0,2.0,2.0,2,1,3
20250718TMG12,2025-07-18,内側より下,36,2.7777777777777777,0.0,0.0,0.0,23.0,5,7.0,10.0,5.0,5.0,2.0,2.0,1.0,1,5,4
20250719TMG01,2025-07-19,内側より下,29,0.0,0.0,0.0,0.0,32.0,1,0.0,8.0,5.0,3.0,3.0,5.0,4.0,3,6,4
20250719TMG02,2025-07-19,内側より上,21,0.0,0.0,0.0,0.0,21.0,5,10.0,3.0,2.0,1.0,3.0,3.0,4.0,3,4,1
20250719TMG03,2025-07-19,内側より下,32,3.125,3.125,0.0,3.125,28.0,2,3.0,7.0,3.0,4.0,3.0,5.0,2.0,2,4,1
20250719TMG04,2025-07-19,内側より上,29,0.0,0.0,0.0,0.0,18.0,6,15.0,6.0,1.0,5.0,3.0,1.0,1.0,1,4,2
20250719TMG05,2025-07-19,内側より下,14,0.0,0.0,0.0,0.0,30.0,2,1.0,9.0,5.0,4.0,3.0,4.0,3.0,1,4,3
20250719TMG08,2025-07-19,内側より上,29,0.0,0.0,0.0,0.0,22.0,4,10.0,8.0,3.0,5.0,3.0,1.0,2.0,5,1,4
20250719TMG10,2025-07-19,内側より下,23,0.0,0.0,0.0,0.0,22.0,4,15.0,8.0,3.0,5.0,3.0,2.0,1.0,1,2,4
20250719TMG11,2025-07-19,内側より下,32,0.0,0.0,0.0,0.0,20.0,5,12.0,6.0,5.0,1.0,3.0,1.0,4.0,3,2,5
20250719TMG12,2025-07-19,内側より下,25,0.0,0.0,0.0,0.0,22.0,3,13.0,9.0,5.0,4.0,3.0,2.0,1.0,3,1,2
20250720TMG02,2025-07-20,内側より上,31,0.0,0.0,0.0,0.0,24.0,3,4.0,8.0,3.0,5.0,3.0,2.0,2.0,1,2,4
20250720TMG03,2025-07-20,内側より下,21,0.0,0.0,0.0,0.0,18.0,6,18.0,4.0,3.0,1.0,3.0,1.0,4.0,3,4,5
20250720TMG04,2025-07-20,内側より下,44,2.272727272727273,0.0,0.0,0.0,28.0,1,0.0,7.0,3.0,4.0,3.0,5.0,2.0,1,2,5
20250720TMG05,2025-07-20,内側より上,30,3.3333333333333335,0.0,0.0,0.0,20.0,6,15.0,4.0,3.0,1.0,1.0,5.0,2.0,1,3,2
20250720TMG06,2025-07-20,内側より下,40,0.0,0.0,0.0,0.0,30.0,1,0.0,8.0,3.0,5.0,3.0,3.0,4.0,3,5,2
20250720TMG07,2025-07-20,内側より下,30,0.0,0.0,0.0,0.0,26.0,3,8.0,8.0,3.0,5.0,3.0,4.0,1.0,1,2,4
20250720TMG08,2025-07-20,内側より上,38,2.6315789473684212,0.0,2.6315789473684212,2.6315789473684212,24.0,4,7.0,5.0,2.0,3.0,4.0,3.0,3.0,1,3,2
20250720TMG09,2025-07-20,内側より下,31,0.0,0.0,0.0,0.0,18.0,5,17.0,6.0,5.0,1.0,3.0,2.0,2.0,3,1,2
20250720TMG10,2025-07-20,内側より下,26,0.0,0.0,0.0,0.0,13.0,6,16.0,3.0,2.0,1.0,3.0,1.0,2.0,1,5,3
20250720TMG11,2025-07-20,内側より下,21,4.761904761904762,0.0,4.761904761904762,4.761904761904762,28.0,2,4.0,8.0,3.0,5.0,3.0,5.0,1.0,1,6,2
20250720TMG12,2025-07-20,内側より下,11,0.0,0.0,0.0,0.0,24.0,4,11.0,6.0,5.0,1.0,3.0,4.0,3.0,5,1,4
20250725TMG01,2025-07-25,内側より下,41,0.0,0.0,0.0,0.0,17.0,6,14.0,7.0,3.0,4.0,2.0,1.0,1.0,4,2,5
20250725TMG02,2025-07-25,内側より上,24,0.0,0.0,0.0,0.0,21.0,4,11.0,4.0,2.0,2.0,3.0,2.0,4.0,1,5,3
20250725TMG03,2025-07-25,内側より上,25,0.0,0.0,0.0,0.0,21.0,4,13.0,4.0,2.0,2.0,3.0,2.0,4.0,1,5,2
20250725TMG04,2025-07-25,内側より下,29,0.0,0.0,0.0,0.0,30.0,2,6.0,10.0,5.0,5.0,3.0,2.0,4.0,1,5,4
20250725TMG05,2025-07-25,内側より下,71,0.0,0.0,0.0,0.0,29.0,1,0.0,10.0,5.0,5.0,2.0,5.0,1.0,3,1,5
20250725TMG06,2025-07-25,内側より下,53,1.8867924528301887,0.0,0.0,0.0,25.0,2,7.0,8.0,5.0,3.0,2.0,3.0,3.0,2,3,6
20250725TMG07,2025-07-25,内側より上,21,0.0,0.0,0.0,0.0,24.0,4,8.0,6.0,5.0,1.0,3.0,4.0,3.0,3,1,5
20250725TMG08,2025-07-25,内側より下,39,10.256410256410257,2.5641025641025643,5.128205128205129,7.692307692307693,22.0,4,14.0,5.0,3.0,2.0,3.0,2.0,4.0,1,5,3
20250725TMG09,2025-07-25,内側より下,46,0.0,0.0,0.0,0.0,29.0,1,0.0,10.0,5.0,5.0,2.0,5.0,1.0,1,2,3
20250725TMG10,2025-07-25,内側より上,35,2.857142857142857,0.0,0.0,0.0,25.0,3,9.0,5.0,3.0,2.0,4.0,3.0,4.0,1,5,4
20250725TMG11,2025-07-25,内側より下,30,0.0,0.0,0.0,0.0,24.0,4,6.0,10.0,5.0,5.0,1.0,3.0,1.0,1,5,6
20250725TMG12,2025-07-25,内側より下,24,8.333333333333334,0.0,0.0,0.0,12.0,6,19.0,4.0,3.0,1.0,1.0,1.0,2.0,3,2,6
20250726TMG01,2025-07-26,内側より上,26,0.0,0.0,0.0,0.0,24.0,4,8.0,6.0,5.0,1.0,3.0,3.0,4.0,1,4,3
20250726TMG02,2025-07-26,内側より下,28,0.0,0.0,0.0,0.0,14.0,6,20.0,4.0,3.0,1.0,3.0,1.0,2.0,1,3,2
20250726TMG03,2025-07-26,内側より上,72,0.0,0.0,0.0,0.0,27.0,3,6.0,10.0,5.0,5.0,2.0,3.0,2.0,3,4,5
20250726TMG04,2025-07-26,内側より下,29,0.0,0.0,0.0,0.0,21.0,3,12.0,9.0,5.0,4.0,2.0,1.0,2.0,2,3,1
20250726TMG05,2025-07-26,内側より上,25,0.0,0.0,0.0,0.0,22.0,3,11.0,6.0,2.0,4.0,2.0,2.0,3.0,3,4,2
20250726TMG07,2025-07-26,内側より上,26,0.0,0.0,0.0,0.0,19.0,5,12.0,3.0,2.0,1.0,3.0,3.0,3.0,1,4,5
20250726TMG08,2025-07-26,内側より上,72,0.0,0.0,0.0,0.0,24.0,4,7.0,10.0,5.0,5.0,3.0,1.0,2.0,2,4,5
20250726TMG09,2025-07-26,内側より上,25,0.0,0.0,0.0,0.0,22.0,4,12.0,5.0,3.0,2.0,3.0,3.0,3.0,1,4,3
20250726TMG10,2025-07-26,内側より下,44,2.272727272727273,2.272727272727273,0.0,2.272727272727273,18.0,6,18.0,4.0,3.0,1.0,3.0,3.0,2.0,2,1,3
20250726TMG11,2025-07-26,内側より上,31,0.0,0.0,0.0,0.0,30.0,2,5.0,8.0,3.0,5.0,3.0,5.0,2.0,5,1,4
20250726TMG12,2025-07-26,内側より下,27,0.0,0.0,0.0,0.0,27.0,2,4.0,4.0,3.0,1.0,2.0,5.0,5.0,4,1,6
20250727TMG01,2025-07-27,内側より上,31,0.0,0.0,0.0,0.0,30.0,1,0.0,6.0,5.0,1.0,3.0,5.0,5.0,3,4,5
20250727TMG02,2025-07-27,内側より上,27,0.0,0.0,0.0,0.0,22.0,4,10.0,4.0,3.0,1.0,3.0,4.0,3.0,1,2,5
20250727TMG03,2025-07-27,内側より上,28,0.0,0.0,0.0,0.0,26.0,4,9.0,9.0,5.0,4.0,3.0,4.0,1.0,4,5,1
20250727TMG04,2025-07-27,内側より下,30,0.0,0.0,0.0,0.0,20.0,6,11.0,6.0,3.0,3.0,3.0,2.0,2.0,3,5,1
20250727TMG05,2025-07-27,内側より上,74,0.0,0.0,0.0,0.0,23.0,4,7.0,6.0,3.0,3.0,2.0,3.0,3.0,1,4,2
20250727TMG06,2025-07-27,内側より下,28,3.5714285714285716,0.0,3.5714285714285716,3.5714285714285716,17.0,6,16.0,6.0,5.0,1.0,2.0,1.0,3.0,2,4,1
20250727TMG07,2025-07-27,内側より下,35,0.0,0.0,0.0,0.0,20.0,4,10.0,7.0,5.0,2.0,1.0,2.0,3.0,1,3,5
20250727TMG08,2025-07-27,内側より下,31,3.225806451612903,3.225806451612903,0.0,3.225806451612903,14.0,6,18.0,3.0,2.0,1.0,2.0,2.0,2.0,1,3,2
20250727TMG09,2025-07-27,内側より下,35,2.857142857142857,0.0,0.0,0.0,26.0,2,4.0,6.0,5.0,1.0,3.0,5.0,3.0,1,2,3
20250727TMG10,2025-07-27,内側より下,23,0.0,0.0,0.0,0.0,25.0,4,6.0,6.0,5.0,1.0,2.0,3.0,5.0,1,5,4
20250727TMG11,2025-07-27,内側より上,46,6.521739130434782,4.3478260869565215,2.1739130434782608,6.521739130434782,28.0,2,4.0,10.0,5.0,5.0,3.0,3.0,2.0,3,5,6
20250727TMG12,2025-07-27,内側より下,35,0.0,0.0,0.0,0.0,24.0,3,2.0,6.0,5.0,1.0,3.0,2.0,5.0,4,5,6
20250728TMG01,2025-07-28,内側より下,75,0.0,0.0,0.0,0.0,23.0,4,8.0,10.0,5.0,5.0,2.0,1.0,2.0,1,4,2
20250728TMG02,2025-07-28,内側より上,28,0.0,0.0,0.0,0.0,30.0,2,1.0,10.0,5.0,5.0,1.0,4.0,3.0,4,3,1
20250728TMG04,2025-07-28,内側より下,32,0.0,0.0,0.0,0.0,26.0,3,4.0,8.0,3.0,5.0,3.0,3.0,2.0,4,2,6
20250728TMG05,2025-07-28,内側より下,23,0.0,0.0,0.0,0.0,26.0,3,3.0,8.0,3.0,5.0,1.0,5.0,1.0,4,1,5
20250728TMG06,2025-07-28,内側より上,28,0.0,0.0,0.0,0.0,22.0,4,7.0,4.0,3.0,1.0,3.0,3.0,4.0,4,5,1
20250728TMG07,2025-07-28,内側より下,75,0.0,0.0,0.0,0.0,26.0,2,4.0,7.0,5.0,2.0,3.0,5.0,2.0,1,5,4
20250728TMG08,2025-07-28,内側より上,29,0.0,0.0,0.0,0.0,16.0,6,16.0,4.0,3.0,1.0,3.0,3.0,1.0,3,1,5
20250728TMG09,2025-07-28,内側より上,34,5.882352941176471,0.0,2.9411764705882355,2.9411764705882355,30.0,1,0.0,7.0,5.0,2.0,3.0,4.0,5.0,1,4,3
20250728TMG10,2025-07-28,内側より上,37,5.405405405405405,2.7027027027027026,0.0,2.7027027027027026,28.0,3,2.0,6.0,5.0,1.0,3.0,4.0,5.0,1,2,6
20250728TMG12,2025-07-28,内側より上,43,2.3255813953488373,0.0,0.0,0.0,22.0,3,14.0,5.0,3.0,2.0,3.0,4.0,2.0,1,3,2
20250729TMG01,2025-07-29,内側より上,31,0.0,0.0,0.0,0.0,20.0,5,8.0,6.0,5.0,1.0,1.0,2.0,4.0,1,4,3
20250729TMG02,2025-07-29,内側より下,34,0.0,0.0,0.0,0.0,16.0,6,15.0,4.0,3.0,1.0,3.0,1.0,3.0,2,1,4
20250729TMG03,2025-07-29,内側より上,29,3.4482758620689653,0.0,3.4482758620689653,3.4482758620689653,16.0,5,13.0,3.0,2.0,1.0,2.0,1.0,4.0,2,1,5
20250729TMG04,2025-07-29,内側より下,41,9.75609756097561,9.75609756097561,0.0,9.75609756097561,14.0,6,18.0,5.0,3.0,2.0,3.0,1.0,1.0,2,1,3
20250729TMG05,2025-07-29,内側より上,31,0.0,0.0,0.0,0.0,24.0,3,11.0,8.0,3.0,5.0,3.0,2.0,2.0,5,1,6
20250729TMG06,2025-07-29,内側より下,24,4.166666666666667,0.0,4.166666666666667,4.166666666666667,16.0,6,13.0,4.0,3.0,1.0,3.0,2.0,2.0,4,5,3
20250729TMG07,2025-07-29,内側より上,77,0.0,0.0,0.0,0.0,33.0,1,0.0,8.0,3.0,5.0,2.0,5.0,4.0,1,3,5
20250729TMG08,2025-07-29,内側より上,30,0.0,0.0,0.0,0.0,20.0,6,12.0,9.0,5.0,4.0,1.0,2.0,1.0,1,4,2
20250729TMG09,2025-07-29,内側より下,30,0.0,0.0,0.0,0.0,26.0,3,3.0,8.0,3.0,5.0,3.0,1.0,4.0,1,2,4
20250729TMG10,2025-07-29,同じ,40,0.0,0.0,0.0,0.0,17.0,5,20.0,7.0,2.0,5.0,1.0,1.0,1.0,1,2,4
20250729TMG11,2025-07-29,内側より下,32,0.0,0.0,0.0,0.0,27.0,3,5.0,8.0,3.0,5.0,2.0,4.0,2.0,1,3,2
20250729TMG12,2025-07-29,内側より上,42,4.761904761904762,0.0,4.761904761904762,4.761904761904762,24.0,4,15.0,8.0,3.0,5.0,3.0,2.0,2.0,3,6,5
20250810TMG01,2025-08-10,内側より上,34,0.0,0.0,0.0,0.0,16.0,6,22.0,4.0,3.0,1.0,3.0,1.0,3.0,1,5,2
20250810TMG02,2025-08-10,内側より上,33,3.0303030303030303,0.0,3.0303030303030303,3.0303030303030303,22.0,5,12.0,6.0,5.0,1.0,3.0,4.0,2.0,1,4,3
20250810TMG03,2025-08-10,内側より下,28,0.0,0.0,0.0,0.0,36.0,1,0.0,9.0,5.0,4.0,3.0,5.0,5.0,2,3,1
20250810TMG04,2025-08-10,内側より上,29,0.0,0.0,0.0,0.0,28.0,3,4.0,6.0,5.0,1.0,3.0,4.0,5.0,1,4,2
20250810TMG05,2025-08-10,内側より下,53,0.0,0.0,0.0,0.0,14.0,6,16.0,4.0,3.0,1.0,3.0,1.0,2.0,1,5,3
20250810TMG06,2025-08-10,内側より下,13,0.0,0.0,0.0,0.0,11.0,6,23.0,4.0,3.0,1.0,2.0,1.0,1.0,3,1,2
20250810TMG07,2025-08-10,内側より下,25,0.0,0.0,0.0,0.0,28.0,2,2.0,6.0,5.0,1.0,3.0,5.0,4.0,1,3,2
20250810TMG08,2025-08-10,内側より下,32,0.0,0.0,0.0,0.0,22.0,5,12.0,10.0,5.0,5.0,3.0,1.0,1.0,3,1,4
20250810TMG09,2025-08-10,内側より下,69,0.0,0.0,0.0,0.0,26.0,2,8.0,8.0,3.0,5.0,3.0,2.0,3.0,4,6,2
20250810TMG10,2025-08-10,内側より下,39,5.128205128205129,0.0,2.5641025641025643,2.5641025641025643,22.0,5,6.0,5.0,3.0,2.0,3.0,3.0,3.0,2,5,1
20250810TMG11,2025-08-10,内側より下,22,0.0,0.0,0.0,0.0,16.0,6,22.0,4.0,3.0,1.0,3.0,2.0,2.0,2,1,3
20250810TMG12,2025-08-10,内側より下,32,3.125,3.125,0.0,3.125,25.0,2,10.0,7.0,3.0,4.0,2.0,3.0,3.0,1,3,5
20250811TMG02,2025-08-11,内側より下,39,10.256410256410257,5.128205128205129,2.5641025641025643,7.692307692307693,27.0,2,5.0,4.0,3.0,1.0,4.0,4.0,5.0,3,4,5
20250811TMG03,2025-08-11,内側より上,35,0.0,0.0,0.0,0.0,13.0,6,17.0,3.0,2.0,1.0,3.0,1.0,2.0,1,3,5
20250811TMG04,2025-08-11,内側より上,32,0.0,0.0,0.0,0.0,20.0,5,16.0,4.0,3.0,1.0,3.0,2.0,4.0,1,4,2
20250811TMG05,2025-08-11,内側より下,24,0.0,0.0,0.0,0.0,16.0,5,18.0,4.0,3.0,1.0,3.0,3.0,1.0,5,1,3
20250811TMG07,2025-08-11,内側より下,54,0.0,0.0,0.0,0.0,25.0,4,3.0,7.0,3.0,4.0,4.0,1.0,4.0,6,1,5
20250811TMG08,2025-08-11,内側より上,35,0.0,0.0,0.0,0.0,26.0,3,3.0,10.0,5.0,5.0,3.0,2.0,2.0,1,3,4
20250811TMG09,2025-08-11,内側より下,30,3.3333333333333335,0.0,3.3333333333333335,3.3333333333333335,28.0,1,0.0,9.0,5.0,4.0,3.0,2.0,4.0,4,1,3
20250811TMG10,2025-08-11,内側より上,38,7.894736842105263,0.0,7.894736842105263,7.894736842105263,28.0,3,5.0,9.0,5.0,4.0,3.0,4.0,2.0,1,3,6
20250811TMG11,2025-08-11,内側より下,25,0.0,0.0,0.0,0.0,18.0,6,18.0,6.0,3.0,3.0,3.0,1.0,2.0,1,2,3
20250811TMG12,2025-08-11,内側より下,43,2.3255813953488373,0.0,0.0,0.0,23.0,4,7.0,4.0,3.0,1.0,2.0,3.0,5.0,1,2,4
20250812TMG01,2025-08-12,内側より下,30,0.0,0.0,0.0,0.0,30.0,1,0.0,7.0,3.0,4.0,3.0,3.0,5.0,4,1,2
20250812TMG02,2025-08-12,内側より上,37,0.0,0.0,0.0,0.0,24.0,3,15.0,10.0,5.0,5.0,3.0,2.0,1.0,1,2,5
20250812TMG03,2025-08-12,内側より下,41,7.317073170731708,2.4390243902439024,4.878048780487805,7.317073170731707,24.0,4,10.0,6.0,5.0,1.0,3.0,3.0,4.0,4,3,6
20250812TMG04,2025-08-12,内側より下,35,8.571428571428571,8.571428571428571,0.0,8.571428571428571,22.0,4,8.0,5.0,3.0,2.0,3.0,3.0,3.0,1,6,2
20250812TMG05,2025-08-12,内側より下,31,0.0,0.0,0.0,0.0,24.0,4,8.0,10.0,5.0,5.0,3.0,1.0,2.0,1,4,2
20250812TMG06,2025-08-12,内側より下,23,4.3478260869565215,0.0,0.0,0.0,16.0,6,18.0,6.0,5.0,1.0,3.0,1.0,2.0,1,2,4
20250812TMG07,2025-08-12,内側より上,31,12.903225806451612,6.451612903225806,0.0,6.451612903225806,20.0,5,14.0,6.0,5.0,1.0,3.0,1.0,4.0,4,1,6
20250812TMG08,2025-08-12,内側より下,35,5.714285714285714,0.0,5.714285714285714,5.714285714285714,14.0,6,18.0,2.0,1.0,1.0,3.0,1.0,3.0,4,1,2
20250812TMG09,2025-08-12,内側より下,24,0.0,0.0,0.0,0.0,20.0,6,12.0,4.0,3.0,1.0,3.0,4.0,2.0,3,2,5
20250812TMG10,2025-08-12,内側より下,36,0.0,0.0,0.0,0.0,34.0,1,0.0,10.0,5.0,5.0,3.0,4.0,4.0,6,5,1
20250812TMG11,2025-08-12,内側より下,31,3.225806451612903,0.0,3.225806451612903,3.225806451612903,20.0,5,10.0,8.0,5.0,3.0,3.0,1.0,2.0,2,1,4
20250812TMG12,2025-08-12,内側より下,37,0.0,0.0,0.0,0.0,22.0,4,12.0,4.0,3.0,1.0,3.0,3.0,4.0,1,2,5
20250813TMG01,2025-08-13,内側より上,38,0.0,0.0,0.0,0.0,16.0,6,18.0,4.0,3.0,1.0,3.0,1.0,3.0,1,4,5
20250813TMG02,2025-08-13,同じ,41,12.195121951219512,4.878048780487805,7.317073170731708,12.195121951219512,22.0,4,10.0,4.0,3.0,1.0,3.0,3.0,4.0,1,6,2
20250813TMG03,2025-08-13,内側より上,32,3.125,0.0,0.0,0.0,22.0,3,9.0,4.0,3.0,1.0,3.0,2.0,5.0,2,1,3
20250813TMG04,2025-08-13,内側より下,30,0.0,0.0,0.0,0.0,28.0,1,0.0,6.0,5.0,1.0,3.0,4.0,5.0,3,4,5
20250813TMG05,2025-08-13,内側より上,38,0.0,0.0,0.0,0.0,16.0,6,14.0,6.0,5.0,1.0,3.0,1.0,2.0,1,4,3
20250813TMG06,2025-08-13,内側より下,17,0.0,0.0,0.0,0.0,24.0,3,5.0,7.0,3.0,4.0,3.0,3.0,2.0,3,4,5
20250813TMG07,2025-08-13,内側より下,22,0.0,0.0,0.0,0.0,24.0,4,14.0,6.0,5.0,1.0,3.0,3.0,4.0,1,5,4
20250813TMG08,2025-08-13,内側より下,31,0.0,0.0,0.0,0.0,27.0,1,0.0,6.0,5.0,1.0,2.0,4.0,5.0,4,2,3
20250813TMG09,2025-08-13,内側より下,24,0.0,0.0,0.0,0.0,22.0,3,8.0,7.0,5.0,2.0,3.0,3.0,2.0,5,1,6
20250813TMG10,2025-08-13,内側より下,31,0.0,0.0,0.0,0.0,17.0,6,15.0,6.0,5.0,1.0,2.0,3.0,1.0,1,2,3
20250813TMG11,2025-08-13,内側より上,29,0.0,0.0,0.0,0.0,18.0,5,17.0,4.0,3.0,1.0,3.0,2.0,3.0,1,2,4
20250813TMG12,2025-08-13,内側より下,24,0.0,0.0,0.0,0.0,25.0,3,11.0,4.0,3.0,1.0,4.0,4.0,4.0,1,4,3
20250814TMG01,2025-08-14,内側より下,26,0.0,0.0,0.0,0.0,26.0,4,13.0,8.0,5.0,3.0,3.0,1.0,5.0,1,2,4
20250814TMG02,2025-08-14,内側より下,33,0.0,0.0,0.0,0.0,26.0,3,4.0,10.0,5.0,5.0,3.0,3.0,1.0,1,3,4
20250814TMG03,2025-08-14,内側より上,40,0.0,0.0,0.0,0.0,16.0,6,16.0,4.0,3.0,1.0,3.0,2.0,2.0,1,5,3
20250814TMG04,2025-08-14,内側より上,36,2.7777777777777777,0.0,0.0,0.0,32.0,1,0.0,10.0,5.0,5.0,5.0,2.0,4.0,1,6,2
20250814TMG05,2025-08-14,内側より下,31,0.0,0.0,0.0,0.0,23.0,4,11.0,6.0,5.0,1.0,4.0,2.0,4.0,1,4,2
20250814TMG06,2025-08-14,内側より下,66,0.0,0.0,0.0,0.0,18.0,6,13.0,5.0,3.0,2.0,3.0,2.0,2.0,4,1,5
20250814TMG07,2025-08-14,内側より下,36,5.555555555555555,2.7777777777777777,0.0,2.7777777777777777,35.0,1,0.0,10.0,5.0,5.0,4.0,5.0,3.0,2,1,4
20250814TMG08,2025-08-14,内側より下,42,7.142857142857143,2.380952380952381,4.761904761904762,7.142857142857142,22.0,4,10.0,4.0,3.0,1.0,3.0,3.0,4.0,1,6,4
20250814TMG09,2025-08-14,内側より上,27,0.0,0.0,0.0,0.0,22.0,5,12.0,6.0,5.0,1.0,3.0,4.0,2.0,1,2,5
20250814TMG10,2025-08-14,内側より上,42,11.904761904761905,4.761904761904762,7.142857142857143,11.904761904761905,22.0,4,11.0,4.0,3.0,1.0,3.0,3.0,4.0,1,3,4
20250814TMG11,2025-08-14,内側より上,32,3.125,0.0,3.125,3.125,31.0,2,2.0,8.0,3.0,5.0,4.0,4.0,3.0,1,6,5
20250814TMG12,2025-08-14,内側より下,29,3.4482758620689653,0.0,3.4482758620689653,3.4482758620689653,17.0,5,19.0,6.0,5.0,1.0,2.0,1.0,3.0,1,2,6
20250815TMG01,2025-08-15,内側より下,33,3.0303030303030303,3.0303030303030303,0.0,3.0303030303030303,29.0,1,0.0,10.0,5.0,5.0,2.0,4.0,2.0,1,2,5
20250815TMG02,2025-08-15,内側より下,32,0.0,0.0,0.0,0.0,17.0,6,15.0,3.0,2.0,1.0,3.0,3.0,2.0,5,1,2
20250815TMG03,2025-08-15,内側より上,37,0.0,0.0,0.0,0.0,22.0,5,8.0,4.0,3.0,1.0,3.0,2.0,5.0,1,3,5
20250815TMG04,2025-08-15,内側より上,29,0.0,0.0,0.0,0.0,29.0,2,1.0,10.0,5.0,5.0,2.0,1.0,5.0,5,4,1
20250815TMG05,2025-08-15,内側より下,36,8.333333333333334,8.333333333333334,0.0,8.333333333333334,15.0,5,23.0,4.0,3.0,1.0,4.0,1.0,2.0,5,1,2
20250815TMG06,2025-08-15,内側より下,36,5.555555555555555,0.0,5.555555555555555,5.555555555555555,32.0,1,0.0,8.0,3.0,5.0,3.0,4.0,4.0,1,3,6
20250815TMG07,2025-08-15,内側より上,32,3.125,0.0,0.0,0.0,24.0,3,8.0,6.0,5.0,1.0,3.0,3.0,4.0,4,3,6
20250815TMG08,2025-08-15,内側より上,41,0.0,0.0,0.0,0.0,22.0,4,14.0,9.0,5.0,4.0,3.0,2.0,1.0,1,3,2
20250815TMG09,2025-08-15,内側より下,31,3.225806451612903,0.0,3.225806451612903,3.225806451612903,29.0,3,7.0,7.0,5.0,2.0,4.0,4.0,4.0,1,4,6
20250815TMG10,2025-08-15,内側より下,25,0.0,0.0,0.0,0.0,26.0,3,6.0,9.0,5.0,4.0,3.0,3.0,2.0,3,1,2
20250815TMG11,2025-08-15,内側より上,43,11.627906976744185,4.651162790697675,6.976744186046512,11.627906976744185,22.0,4,7.0,6.0,5.0,1.0,3.0,2.0,4.0,1,3,5
20250820TMG02,2025-08-20,内側より下,79,0.0,0.0,0.0,0.0,26.0,3,2.0,8.0,3.0,5.0,3.0,4.0,1.0,1,4,3
20250820TMG03,2025-08-20,内側より下,24,0.0,0.0,0.0,0.0,28.0,3,8.0,6.0,5.0,1.0,3.0,4.0,5.0,3,1,4
20250820TMG04,2025-08-20,内側より上,28,7.142857142857143,7.142857142857143,0.0,7.142857142857143,31.0,2,8.0,7.0,2.0,5.0,3.0,4.0,4.0,1,6,2
20250820TMG05,2025-08-20,内側より下,25,0.0,0.0,0.0,0.0,20.0,5,10.0,6.0,5.0,1.0,3.0,2.0,3.0,4,5,6
20250820TMG06,2025-08-20,内側より上,29,0.0,0.0,0.0,0.0,22.0,4,11.0,4.0,3.0,1.0,3.0,3.0,4.0,1,4,5
20250820TMG07,2025-08-20,内側より下,37,0.0,0.0,0.0,0.0,29.0,2,2.0,8.0,5.0,3.0,2.0,4.0,4.0,1,4,5
20250820TMG08,2025-08-20,内側より下,15,6.666666666666667,0.0,0.0,0.0,14.0,5,17.0,4.0,3.0,1.0,1.0,1.0,3.0,3,1,4
20250820TMG09,2025-08-20,内側より下,49,4.081632653061225,0.0,0.0,0.0,24.0,3,14.0,6.0,3.0,3.0,3.0,3.0,3.0,1,3,4
20250820TMG10,2025-08-20,内側より下,28,3.5714285714285716,0.0,3.5714285714285716,3.5714285714285716,26.0,2,1.0,6.0,3.0,3.0,3.0,3.0,4.0,1,5,2
20250820TMG11,2025-08-20,内側より下,36,0.0,0.0,0.0,0.0,16.0,6,22.0,4.0,3.0,1.0,3.0,1.0,3.0,1,4,2
20250820TMG12,2025-08-20,内側より下,37,2.7027027027027026,0.0,0.0,0.0,20.0,6,16.0,4.0,3.0,1.0,3.0,5.0,1.0,3,5,4
20250821TMG01,2025-08-21,内側より上,35,0.0,0.0,0.0,0.0,22.0,4,13.0,10.0,5.0,5.0,3.0,1.0,1.0,2,3,5
20250821TMG03,2025-08-21,内側より下,22,0.0,0.0,0.0,0.0,24.0,3,5.0,2.0,1.0,1.0,3.0,5.0,4.0,1,2,4
20250821TMG04,2025-08-21,内側より上,35,0.0,0.0,0.0,0.0,29.0,2,1.0,7.0,2.0,5.0,3.0,5.0,2.0,3,1,2
20250821TMG05,2025-08-21,内側より下,30,0.0,0.0,0.0,0.0,28.0,3,4.0,8.0,5.0,3.0,3.0,4.0,3.0,3,5,6
20250821TMG07,2025-08-21,内側より上,35,0.0,0.0,0.0,0.0,23.0,5,14.0,10.0,5.0,5.0,4.0,1.0,1.0,1,2,3
20250821TMG08,2025-08-21,内側より上,30,0.0,0.0,0.0,0.0,29.0,2,6.0,8.0,5.0,3.0,4.0,4.0,3.0,1,4,5
20250821TMG09,2025-08-21,内側より下,36,0.0,0.0,0.0,0.0,26.0,3,11.0,8.0,3.0,5.0,3.0,4.0,1.0,1,4,2
20250821TMG10,2025-08-21,内側より下,30,0.0,0.0,0.0,0.0,22.0,5,11.0,6.0,3.0,3.0,3.0,3.0,2.0,1,5,2
20250821TMG11,2025-08-21,内側より下,37,2.7027027027027026,0.0,0.0,0.0,26.0,2,6.0,10.0,5.0,5.0,3.0,3.0,1.0,3,2,1
20250821TMG12,2025-08-21,内側より下,36,5.555555555555555,0.0,0.0,0.0,23.0,4,7.0,6.0,5.0,1.0,4.0,1.0,5.0,1,5,2
20250822TMG01,2025-08-22,内側より下,36,2.7777777777777777,2.7777777777777777,0.0,2.7777777777777777,23.0,3,8.0,6.0,5.0,1.0,2.0,3.0,4.0,2,3,1
20250822TMG03,2025-08-22,内側より上,24,0.0,0.0,0.0,0.0,22.0,4,7.0,8.0,5.0,3.0,3.0,2.0,2.0,3,2,6
20250822TMG04,2025-08-22,内側より下,26,0.0,0.0,0.0,0.0,21.0,4,7.0,6.0,3.0,3.0,2.0,2.0,3.0,1,2,6
20250822TMG05,2025-08-22,内側より上,37,0.0,0.0,0.0,0.0,23.0,5,9.0,6.0,3.0,3.0,4.0,1.0,4.0,1,2,4
20250822TMG06,2025-08-22,内側より上,24,0.0,0.0,0.0,0.0,19.0,5,15.0,9.0,5.0,4.0,2.0,1.0,1.0,4,1,2
20250822TMG07,2025-08-22,内側より下,25,0.0,0.0,0.0,0.0,23.0,4,12.0,4.0,3.0,1.0,2.0,3.0,5.0,3,1,4
20250822TMG10,2025-08-22,内側より下,37,5.405405405405405,0.0,0.0,0.0,21.0,4,11.0,4.0,3.0,1.0,2.0,4.0,3.0,3,1,4
20250822TMG12,2025-08-22,内側より下,38,5.2631578947368425,0.0,0.0,0.0,28.0,3,10.0,7.0,3.0,4.0,3.0,3.0,4.0,1,2,5
20250823TMG01,2025-08-23,内側より上,38,0.0,0.0,0.0,0.0,20.0,6,12.0,5.0,3.0,2.0,3.0,1.0,4.0,2,1,3
20250823TMG02,2025-08-23,内側より上,31,6.451612903225806,0.0,3.225806451612903,3.225806451612903,36.0,1,0.0,8.0,3.0,5.0,3.0,5.0,5.0,3,5,6
20250823TMG03,2025-08-23,内側より下,24,0.0,0.0,0.0,0.0,25.0,3,5.0,6.0,2.0,4.0,3.0,3.0,3.0,5,3,6
20250823TMG04,2025-08-23,内側より下,81,0.0,0.0,0.0,0.0,18.0,5,13.0,7.0,5.0,2.0,3.0,1.0,2.0,5,1,3
20250823TMG06,2025-08-23,内側より上,38,0.0,0.0,0.0,0.0,18.0,5,14.0,6.0,1.0,5.0,3.0,1.0,1.0,1,2,4
20250823TMG07,2025-08-23,内側より下,35,0.0,0.0,0.0,0.0,18.0,5,12.0,5.0,3.0,2.0,1.0,2.0,3.0,1,2,3
20250823TMG08,2025-08-23,内側より上,18,0.0,0.0,0.0,0.0,26.0,3,6.0,4.0,3.0,1.0,3.0,5.0,4.0,1,2,5
20250823TMG09,2025-08-23,内側より下,32,0.0,0.0,0.0,0.0,19.0,4,16.0,6.0,5.0,1.0,2.0,1.0,4.0,1,3,4
20250823TMG10,2025-08-23,内側より下,35,0.0,0.0,0.0,0.0,28.0,2,1.0,9.0,5.0,4.0,3.0,3.0,3.0,1,5,3
20250823TMG11,2025-08-23,内側より下,29,3.4482758620689653,0.0,3.4482758620689653,3.4482758620689653,22.0,6,10.0,7.0,3.0,4.0,3.0,1.0,3.0,2,1,3
20250824TMG01,2025-08-24,内側より下,27,0.0,0.0,0.0,0.0,22.0,4,8.0,6.0,5.0,1.0,3.0,1.0,5.0,1,4,2
20250824TMG02,2025-08-24,内側より下,26,0.0,0.0,0.0,0.0,24.0,4,9.0,9.0,5.0,4.0,3.0,3.0,1.0,4,2,6
20250824TMG03,2025-08-24,内側より下,15,0.0,0.0,0.0,0.0,14.0,5,20.0,6.0,5.0,1.0,1.0,1.0,2.0,1,2,5
20250824TMG04,2025-08-24,内側より上,40,0.0,0.0,0.0,0.0,21.0,5,12.0,8.0,3.0,5.0,4.0,1.0,1.0,1,3,5
20250824TMG05,2025-08-24,内側より下,36,0.0,0.0,0.0,0.0,25.0,3,11.0,6.0,2.0,4.0,3.0,3.0,3.0,3,6,2
20250824TMG07,2025-08-24,内側より下,31,6.451612903225806,0.0,3.225806451612903,3.225806451612903,36.0,1,0.0,10.0,5.0,5.0,3.0,5.0,4.0,6,5,1
20250824TMG08,2025-08-24,内側より下,24,0.0,0.0,0.0,0.0,24.0,4,6.0,8.0,5.0,3.0,3.0,2.0,3.0,1,3,2
20250824TMG09,2025-08-24,内側より下,37,2.7027027027027026,2.7027027027027026,0.0,2.7027027027027026,16.0,5,18.0,4.0,3.0,1.0,3.0,2.0,2.0,2,4,6
20250824TMG10,2025-08-24,内側より下,36,0.0,0.0,0.0,0.0,14.0,6,20.0,6.0,5.0,1.0,3.0,1.0,1.0,1,2,3
20250824TMG11,2025-08-24,内側より下,30,3.3333333333333335,0.0,3.3333333333333335,3.3333333333333335,27.0,2,1.0,8.0,3.0,5.0,4.0,3.0,2.0,1,2,3
20250824TMG12,2025-08-24,内側より下,31,0.0,0.0,0.0,0.0,18.0,5,15.0,4.0,3.0,1.0,3.0,2.0,3.0,2,1,3
20250827TMG01,2025-08-27,内側より下,33,3.0303030303030303,0.0,0.0,0.0,20.0,5,13.0,4.0,3.0,1.0,3.0,2.0,4.0,1,2,4
20250827TMG02,2025-08-27,内側より下,83,1.2048192771084338,0.0,1.2048192771084338,1.2048192771084338,21.0,6,9.0,3.0,2.0,1.0,3.0,2.0,5.0,3,5,4
20250827TMG03,2025-08-27,内側より下,66,0.0,0.0,0.0,0.0,20.0,6,10.0,4.0,3.0,1.0,3.0,2.0,4.0,1,3,2
20250827TMG04,2025-08-27,内側より下,81,2.4691358024691357,1.2345679012345678,0.0,1.2345679012345678,31.0,2,1.0,6.0,3.0,3.0,4.0,4.0,5.0,1,5,4
20250827TMG06,2025-08-27,内側より下,64,1.5625,0.0,1.5625,1.5625,21.0,4,12.0,3.0,2.0,1.0,1.0,3.0,5.0,4,6,1
20250827TMG07,2025-08-27,内側より上,61,1.639344262295082,0.0,1.639344262295082,1.639344262295082,26.0,3,4.0,6.0,5.0,1.0,3.0,3.0,5.0,4,3,5
20250827TMG08,2025-08-27,同じ,39,0.0,0.0,0.0,0.0,22.0,4,14.0,10.0,5.0,5.0,3.0,1.0,1.0,2,1,4
20250827TMG09,2025-08-27,内側より上,27,3.7037037037037037,3.7037037037037037,0.0,3.7037037037037037,22.0,4,10.0,8.0,3.0,5.0,3.0,2.0,1.0,1,3,6
20250827TMG10,2025-08-27,同じ,27,0.0,0.0,0.0,0.0,25.0,3,6.0,3.0,2.0,1.0,3.0,4.0,5.0,4,1,2
20250827TMG11,2025-08-27,内側より下,25,0.0,0.0,0.0,0.0,21.0,3,9.0,3.0,2.0,1.0,3.0,3.0,4.0,2,6,1
20250827TMG12,2025-08-27,内側より下,40,0.0,0.0,0.0,0.0,23.0,2,11.0,8.0,3.0,5.0,2.0,1.0,3.0,1,4,6
20250828TMG01,2025-08-28,内側より上,29,6.896551724137931,3.4482758620689653,3.4482758620689653,6.896551724137931,17.0,5,20.0,3.0,2.0,1.0,3.0,1.0,4.0,1,4,3
20250828TMG03,2025-08-28,内側より下,36,0.0,0.0,0.0,0.0,13.0,6,19.0,4.0,3.0,1.0,2.0,1.0,2.0,1,5,3
20250828TMG04,2025-08-28,内側より上,29,3.4482758620689653,3.4482758620689653,0.0,3.4482758620689653,21.0,5,7.0,3.0,2.0,1.0,3.0,2.0,5.0,1,4,3
20250828TMG05,2025-08-28,内側より下,33,6.0606060606060606,0.0,0.0,0.0,31.0,1,0.0,6.0,5.0,1.0,4.0,5.0,5.0,3,1,6
20250828TMG06,2025-08-28,内側より上,28,0.0,0.0,0.0,0.0,24.0,4,7.0,6.0,3.0,3.0,3.0,3.0,3.0,3,1,2
20250828TMG09,2025-08-28,内側より上,52,1.9230769230769231,0.0,1.9230769230769231,1.9230769230769231,26.0,4,9.0,5.0,3.0,2.0,3.0,4.0,4.0,5,1,6
20250828TMG10,2025-08-28,内側より上,36,5.555555555555555,0.0,2.7777777777777777,2.7777777777777777,28.0,2,6.0,6.0,5.0,1.0,3.0,5.0,4.0,2,3,1
20250828TMG11,2025-08-28,内側より下,23,0.0,0.0,0.0,0.0,24.0,3,11.0,7.0,5.0,2.0,3.0,2.0,4.0,1,3,2
20250829TMG01,2025-08-29,内側より上,31,0.0,0.0,0.0,0.0,18.0,6,13.0,5.0,3.0,2.0,3.0,1.0,3.0,3,1,4
20250829TMG03,2025-08-29,内側より上,34,8.823529411764707,0.0,8.823529411764707,8.823529411764707,31.0,1,0.0,6.0,5.0,1.0,4.0,5.0,5.0,2,4,3
20250829TMG04,2025-08-29,内側より上,35,8.571428571428571,0.0,5.714285714285714,5.714285714285714,25.0,2,8.0,3.0,2.0,1.0,3.0,5.0,4.0,1,3,6
20250829TMG05,2025-08-29,内側より下,38,2.6315789473684212,0.0,2.6315789473684212,2.6315789473684212,22.0,5,13.0,9.0,5.0,4.0,3.0,2.0,1.0,2,4,5
20250829TMG06,2025-08-29,内側より下,38,0.0,0.0,0.0,0.0,27.0,3,2.0,4.0,3.0,1.0,4.0,5.0,4.0,3,1,6
20250829TMG07,2025-08-29,内側より上,36,0.0,0.0,0.0,0.0,22.0,4,12.0,4.0,2.0,2.0,4.0,1.0,5.0,4,6,2
20250829TMG08,2025-08-29,内側より下,41,0.0,0.0,0.0,0.0,17.0,6,20.0,3.0,2.0,1.0,3.0,1.0,4.0,1,6,4
20250829TMG09,2025-08-29,内側より下,65,1.5384615384615385,0.0,1.5384615384615385,1.5384615384615385,22.0,4,12.0,6.0,5.0,1.0,3.0,1.0,5.0,1,2,3
20250829TMG10,2025-08-29,内側より上,34,0.0,0.0,0.0,0.0,19.0,6,11.0,3.0,2.0,1.0,3.0,2.0,4.0,1,2,5
20250829TMG11,2025-08-29,内側より下,28,0.0,0.0,0.0,0.0,20.0,6,10.0,6.0,3.0,3.0,3.0,2.0,2.0,3,2,4
20250830TMG01,2025-08-30,内側より下,19,0.0,0.0,0.0,0.0,18.0,5,19.0,4.0,3.0,1.0,3.0,1.0,4.0,1,5,2
20250830TMG02,2025-08-30,内側より下,68,0.0,0.0,0.0,0.0,21.0,4,12.0,4.0,3.0,1.0,4.0,1.0,5.0,3,2,1
20250830TMG03,2025-08-30,内側より上,32,0.0,0.0,0.0,0.0,22.0,3,11.0,6.0,5.0,1.0,3.0,1.0,5.0,2,4,5
20250830TMG04,2025-08-30,内側より下,27,3.7037037037037037,0.0,3.7037037037037037,3.7037037037037037,21.0,5,13.0,4.0,3.0,1.0,4.0,1.0,5.0,4,3,2
20250830TMG05,2025-08-30,内側より下,79,0.0,0.0,0.0,0.0,22.0,5,15.0,10.0,5.0,5.0,3.0,1.0,1.0,1,3,2
20250830TMG06,2025-08-30,内側より上,61,1.639344262295082,0.0,1.639344262295082,1.639344262295082,22.0,5,9.0,8.0,3.0,5.0,3.0,2.0,1.0,1,2,4
20250830TMG07,2025-08-30,内側より上,37,0.0,0.0,0.0,0.0,35.0,1,0.0,9.0,5.0,4.0,4.0,4.0,5.0,1,2,6
20250830TMG08,2025-08-30,内側より上,26,0.0,0.0,0.0,0.0,25.0,2,4.0,3.0,2.0,1.0,3.0,5.0,4.0,1,4,3
20250830TMG11,2025-08-30,内側より下,30,0.0,0.0,0.0,0.0,26.0,4,9.0,10.0,5.0,5.0,3.0,3.0,1.0,1,3,6
20250830TMG12,2025-08-30,内側より上,25,0.0,0.0,0.0,0.0,18.0,5,17.0,4.0,3.0,1.0,3.0,2.0,3.0,1,4,2
20250831TMG01,2025-08-31,内側より上,33,0.0,0.0,0.0,0.0,19.0,6,11.0,5.0,3.0,2.0,2.0,2.0,3.0,3,2,1
20250831TMG02,2025-08-31,内側より下,35,8.571428571428571,0.0,8.571428571428571,8.571428571428571,35.0,1,0.0,8.0,3.0,5.0,4.0,5.0,4.0,1,3,5
20250831TMG03,2025-08-31,内側より上,36,8.333333333333334,0.0,5.555555555555555,5.555555555555555,19.0,5,12.0,3.0,2.0,1.0,3.0,3.0,3.0,1,6,5
20250831TMG05,2025-08-31,内側より下,69,0.0,0.0,0.0,0.0,20.0,5,11.0,6.0,5.0,1.0,3.0,1.0,4.0,1,4,3
20250831TMG06,2025-08-31,内側より下,31,0.0,0.0,0.0,0.0,30.0,2,3.0,6.0,5.0,1.0,3.0,5.0,5.0,3,1,2
20250831TMG07,2025-08-31,内側より下,80,0.0,0.0,0.0,0.0,12.0,6,25.0,3.0,2.0,1.0,2.0,1.0,2.0,1,4,2
20250831TMG09,2025-08-31,内側より下,38,0.0,0.0,0.0,0.0,34.0,1,0.0,10.0,5.0,5.0,3.0,4.0,4.0,3,5,6
20250831TMG10,2025-08-31,内側より上,53,1.8867924528301887,0.0,1.8867924528301887,1.8867924528301887,28.0,2,6.0,6.0,5.0,1.0,5.0,4.0,4.0,1,4,3
20250831TMG11,2025-08-31,内側より下,35,2.857142857142857,2.857142857142857,0.0,2.857142857142857,30.0,2,1.0,8.0,3.0,5.0,3.0,4.0,3.0,1,2,4
20250831TMG12,2025-08-31,内側より上,35,5.714285714285714,0.0,2.857142857142857,2.857142857142857,17.0,6,18.0,3.0,2.0,1.0,3.0,2.0,3.0,1,2,3
20250901TMG01,2025-09-01,内側より上,44,11.363636363636363,9.090909090909092,0.0,9.090909090909092,30.0,2,1.0,6.0,1.0,5.0,5.0,5.0,2.0,6,4,3
20250901TMG02,2025-09-01,内側より上,34,2.9411764705882355,0.0,0.0,0.0,30.0,2,6.0,10.0,5.0,5.0,3.0,3.0,3.0,3,1,2
20250901TMG03,2025-09-01,内側より上,28,7.142857142857143,0.0,0.0,0.0,22.0,4,9.0,7.0,5.0,2.0,3.0,1.0,4.0,1,5,3
20250901TMG04,2025-09-01,内側より下,31,0.0,0.0,0.0,0.0,30.0,2,8.0,8.0,5.0,3.0,3.0,3.0,5.0,1,3,2
20250901TMG07,2025-09-01,内側より上,34,0.0,0.0,0.0,0.0,22.0,5,10.0,4.0,3.0,1.0,3.0,2.0,5.0,4,5,1
20250901TMG08,2025-09-01,同じ,42,0.0,0.0,0.0,0.0,28.0,2,5.0,6.0,5.0,1.0,1.0,5.0,5.0,1,4,5
20250901TMG09,2025-09-01,内側より上,27,0.0,0.0,0.0,0.0,21.0,3,15.0,3.0,2.0,1.0,3.0,3.0,4.0,4,3,2
20250901TMG10,2025-09-01,内側より下,41,0.0,0.0,0.0,0.0,22.0,3,17.0,4.0,3.0,1.0,3.0,3.0,4.0,1,2,3
20250901TMG11,2025-09-01,内側より下,26,0.0,0.0,0.0,0.0,24.0,6,7.0,8.0,3.0,5.0,3.0,3.0,1.0,1,3,5
20250901TMG12,2025-09-01,内側より下,25,4.0,0.0,4.0,4.0,16.0,6,21.0,6.0,2.0,4.0,2.0,1.0,1.0,1,3,6
20250909TMG01,2025-09-09,内側より下,77,0.0,0.0,0.0,0.0,16.0,6,18.0,7.0,5.0,2.0,3.0,1.0,1.0,1,2,4
20250909TMG02,2025-09-09,内側より下,24,4.166666666666667,0.0,0.0,0.0,35.0,1,0.0,8.0,3.0,5.0,2.0,5.0,5.0,6,4,5
20250909TMG03,2025-09-09,内側より下,21,0.0,0.0,0.0,0.0,20.0,6,9.0,6.0,5.0,1.0,3.0,1.0,4.0,2,5,6
20250909TMG04,2025-09-09,内側より下,34,0.0,0.0,0.0,0.0,30.0,1,0.0,6.0,5.0,1.0,3.0,5.0,5.0,4,5,6
20250909TMG05,2025-09-09,内側より下,29,3.4482758620689653,0.0,0.0,0.0,29.0,2,2.0,10.0,5.0,5.0,2.0,2.0,4.0,5,2,4
20250909TMG06,2025-09-09,内側より下,105,14.285714285714286,14.285714285714286,0.0,14.285714285714286,18.0,5,14.0,8.0,3.0,5.0,1.0,1.0,1.0,1,2,5
20250909TMG07,2025-09-09,内側より下,32,0.0,0.0,0.0,0.0,20.0,5,14.0,9.0,5.0,4.0,3.0,1.0,1.0,1,2,4
20250909TMG08,2025-09-09,内側より下,26,0.0,0.0,0.0,0.0,26.0,2,4.0,6.0,5.0,1.0,3.0,4.0,4.0,1,5,4
20250909TMG09,2025-09-09,内側より下,30,0.0,0.0,0.0,0.0,22.0,5,9.0,4.0,3.0,1.0,3.0,2.0,5.0,1,5,2
20250909TMG10,2025-09-09,内側より下,33,3.0303030303030303,0.0,0.0,0.0,26.0,3,6.0,8.0,3.0,5.0,3.0,3.0,2.0,1,3,6
20250909TMG11,2025-09-09,内側より下,40,2.5,0.0,2.5,2.5,26.0,3,4.0,10.0,5.0,5.0,3.0,1.0,3.0,2,5,1
20250909TMG12,2025-09-09,内側より下,37,0.0,0.0,0.0,0.0,28.0,2,6.0,6.0,3.0,3.0,3.0,4.0,4.0,1,2,3
20250910TMG01,2025-09-10,内側より下,41,9.75609756097561,0.0,4.878048780487805,4.878048780487805,31.0,1,0.0,7.0,5.0,2.0,2.0,5.0,5.0,4,6,5
20250910TMG02,2025-09-10,内側より上,34,0.0,0.0,0.0,0.0,19.0,5,11.0,4.0,3.0,1.0,2.0,1.0,5.0,1,6,2
20250910TMG03,2025-09-10,内側より上,42,2.380952380952381,0.0,0.0,0.0,16.0,5,18.0,4.0,3.0,1.0,1.0,2.0,3.0,3,4,6
20250910TMG05,2025-09-10,内側より下,31,3.225806451612903,0.0,3.225806451612903,3.225806451612903,25.0,4,6.0,7.0,5.0,2.0,2.0,4.0,3.0,1,4,6
20250910TMG06,2025-09-10,内側より上,32,3.125,0.0,3.125,3.125,22.0,4,4.0,8.0,3.0,5.0,3.0,1.0,2.0,3,1,2
20250910TMG07,2025-09-10,内側より上,34,11.764705882352942,2.9411764705882355,8.823529411764707,11.764705882352942,22.0,4,7.0,4.0,3.0,1.0,3.0,4.0,3.0,1,2,6
20250910TMG08,2025-09-10,同じ,42,7.142857142857143,2.380952380952381,2.380952380952381,4.761904761904762,18.0,5,20.0,4.0,3.0,1.0,3.0,4.0,1.0,3,5,1
20250910TMG10,2025-09-10,内側より下,32,0.0,0.0,0.0,0.0,19.0,4,13.0,6.0,5.0,1.0,4.0,1.0,3.0,1,2,4
20250911TMG01,2025-09-11,内側より下,24,4.166666666666667,0.0,4.166666666666667,4.166666666666667,31.0,1,0.0,8.0,3.0,5.0,2.0,4.0,4.0,1,4,5
20250911TMG02,2025-09-11,内側より上,41,0.0,0.0,0.0,0.0,27.0,3,12.0,6.0,5.0,1.0,4.0,3.0,5.0,1,6,3
20250911TMG03,2025-09-11,内側より上,33,9.090909090909092,6.0606060606060606,0.0,6.0606060606060606,24.0,4,6.0,4.0,3.0,1.0,3.0,4.0,4.0,4,6,2
20250911TMG04,2025-09-11,内側より下,36,2.7777777777777777,0.0,0.0,0.0,18.0,6,13.0,6.0,5.0,1.0,1.0,1.0,4.0,3,1,4
20250911TMG05,2025-09-11,内側より下,106,14.150943396226415,14.150943396226415,0.0,14.150943396226415,16.0,6,12.0,5.0,3.0,2.0,1.0,1.0,3.0,1,2,3
20250911TMG06,2025-09-11,内側より下,31,3.225806451612903,0.0,0.0,0.0,22.0,5,14.0,7.0,5.0,2.0,3.0,3.0,2.0,2,1,3
20250911TMG07,2025-09-11,内側より下,29,0.0,0.0,0.0,0.0,17.0,6,13.0,4.0,3.0,1.0,2.0,1.0,4.0,1,3,4
20250911TMG08,2025-09-11,内側より下,79,0.0,0.0,0.0,0.0,23.0,4,6.0,7.0,2.0,5.0,1.0,4.0,1.0,4,5,2
20250911TMG09,2025-09-11,内側より下,29,6.896551724137931,6.896551724137931,0.0,6.896551724137931,24.0,3,11.0,8.0,3.0,5.0,1.0,1.0,4.0,3,2,5
20250911TMG10,2025-09-11,内側より下,19,0.0,0.0,0.0,0.0,34.0,1,0.0,8.0,3.0,5.0,3.0,5.0,4.0,1,3,4
20250911TMG11,2025-09-11,内側より下,23,0.0,0.0,0.0,0.0,16.0,6,18.0,4.0,3.0,1.0,3.0,1.0,3.0,1,5,3
20250911TMG12,2025-09-11,内側より下,30,10.0,0.0,3.3333333333333335,3.3333333333333335,27.0,2,6.0,4.0,3.0,1.0,4.0,4.0,5.0,1,2,6
20250912TMG02,2025-09-12,内側より上,20,0.0,0.0,0.0,0.0,15.0,6,18.0,4.0,3.0,1.0,4.0,1.0,2.0,5,4,2
20250912TMG03,2025-09-12,内側より上,25,8.0,0.0,0.0,0.0,35.0,1,0.0,7.0,3.0,4.0,4.0,5.0,5.0,4,2,6
20250912TMG04,2025-09-12,内側より上,35,2.857142857142857,0.0,2.857142857142857,2.857142857142857,28.0,2,3.0,7.0,5.0,2.0,3.0,4.0,4.0,5,1,6
20250912TMG05,2025-09-12,内側より上,34,8.823529411764707,5.882352941176471,0.0,5.882352941176471,34.0,2,3.0,7.0,3.0,4.0,3.0,5.0,5.0,3,1,4
20250912TMG06,2025-09-12,内側より下,34,0.0,0.0,0.0,0.0,31.0,1,0.0,10.0,5.0,5.0,4.0,2.0,4.0,1,2,4
20250912TMG07,2025-09-12,内側より下,31,0.0,0.0,0.0,0.0,27.0,2,4.0,6.0,5.0,1.0,4.0,3.0,5.0,3,1,4
20250912TMG08,2025-09-12,同じ,33,3.0303030303030303,0.0,3.0303030303030303,3.0303030303030303,24.0,2,7.0,9.0,5.0,4.0,3.0,2.0,2.0,4,1,5
20250912TMG09,2025-09-12,内側より下,80,0.0,0.0,0.0,0.0,26.0,3,8.0,10.0,5.0,5.0,3.0,3.0,1.0,1,3,5
20250912TMG10,2025-09-12,内側より下,38,0.0,0.0,0.0,0.0,28.0,1,0.0,6.0,5.0,1.0,3.0,5.0,4.0,1,5,3
20250912TMG11,2025-09-12,内側より下,34,2.9411764705882355,0.0,0.0,0.0,25.0,4,8.0,9.0,5.0,4.0,4.0,1.0,3.0,1,4,5
20250912TMG12,2025-09-12,内側より下,27,0.0,0.0,0.0,0.0,21.0,6,15.0,6.0,5.0,1.0,4.0,1.0,4.0,1,6,3
20250913TMG01,2025-09-13,内側より下,81,0.0,0.0,0.0,0.0,18.0,6,14.0,6.0,5.0,1.0,3.0,1.0,3.0,1,4,2
20250913TMG03,2025-09-13,内側より下,32,0.0,0.0,0.0,0.0,28.0,1,0.0,6.0,5.0,1.0,3.0,4.0,5.0,4,3,5
20250913TMG04,2025-09-13,内側より上,17,5.882352941176471,0.0,0.0,0.0,30.0,2,4.0,10.0,5.0,5.0,3.0,4.0,2.0,3,1,5
20250913TMG05,2025-09-13,内側より上,42,0.0,0.0,0.0,0.0,22.0,5,16.0,9.0,5.0,4.0,3.0,2.0,1.0,1,4,3
20250913TMG08,2025-09-13,内側より下,26,0.0,0.0,0.0,0.0,20.0,5,16.0,4.0,3.0,1.0,3.0,2.0,4.0,1,2,4
20250913TMG09,2025-09-13,内側より上,30,3.3333333333333335,0.0,0.0,0.0,24.0,3,10.0,6.0,5.0,1.0,3.0,4.0,3.0,4,2,3
20250913TMG10,2025-09-13,内側より下,39,0.0,0.0,0.0,0.0,28.0,3,6.0,7.0,5.0,2.0,3.0,4.0,4.0,1,3,6
20250913TMG11,2025-09-13,内側より下,40,2.5,0.0,2.5,2.5,24.0,4,7.0,10.0,5.0,5.0,3.0,2.0,1.0,1,2,4
20250913TMG12,2025-09-13,内側より下,28,0.0,0.0,0.0,0.0,26.0,2,4.0,4.0,3.0,1.0,3.0,5.0,4.0,1,3,2
20250920TMG01,2025-09-20,内側より下,17,0.0,0.0,0.0,0.0,12.0,6,27.0,4.0,3.0,1.0,3.0,1.0,1.0,1,2,5
20250920TMG02,2025-09-20,内側より下,26,0.0,0.0,0.0,0.0,24.0,3,6.0,6.0,5.0,1.0,3.0,2.0,5.0,3,1,5
20250920TMG03,2025-09-20,内側より下,24,4.166666666666667,0.0,4.166666666666667,4.166666666666667,18.0,6,17.0,6.0,5.0,1.0,3.0,1.0,3.0,4,2,1
20250920TMG04,2025-09-20,内側より下,66,0.0,0.0,0.0,0.0,22.0,6,10.0,4.0,3.0,1.0,3.0,2.0,5.0,3,4,5
20250920TMG05,2025-09-20,内側より上,102,0.0,0.0,0.0,0.0,24.0,3,4.0,8.0,3.0,5.0,3.0,3.0,1.0,1,5,2
20250920TMG06,2025-09-20,内側より下,19,5.2631578947368425,0.0,0.0,0.0,21.0,5,9.0,5.0,3.0,2.0,4.0,2.0,3.0,2,1,6
20250920TMG07,2025-09-20,内側より下,27,0.0,0.0,0.0,0.0,12.0,6,18.0,4.0,3.0,1.0,3.0,1.0,1.0,3,4,5
20250920TMG08,2025-09-20,内側より下,88,0.0,0.0,0.0,0.0,21.0,4,16.0,7.0,2.0,5.0,5.0,1.0,1.0,1,3,5
20250920TMG09,2025-09-20,内側より下,23,0.0,0.0,0.0,0.0,26.0,4,6.0,7.0,5.0,2.0,3.0,3.0,4.0,2,1,5
20250920TMG10,2025-09-20,内側より下,35,2.857142857142857,0.0,2.857142857142857,2.857142857142857,19.0,4,20.0,4.0,3.0,1.0,4.0,2.0,3.0,3,4,2
20250920TMG11,2025-09-20,内側より下,23,0.0,0.0,0.0,0.0,24.0,2,10.0,4.0,3.0,1.0,3.0,4.0,4.0,1,3,5
20250920TMG12,2025-09-20,内側より下,35,0.0,0.0,0.0,0.0,26.0,3,9.0,9.0,5.0,4.0,3.0,4.0,1.0,2,1,4
20250921TMG01,2025-09-21,内側より上,2,0.0,0.0,0.0,0.0,13.0,6,18.0,6.0,5.0,1.0,2.0,1.0,1.0,2,5,3
20250921TMG03,2025-09-21,内側より下,67,0.0,0.0,0.0,0.0,26.0,3,6.0,7.0,3.0,4.0,3.0,3.0,3.0,4,3,1
20250921TMG04,2025-09-21,内側より上,26,3.8461538461538463,0.0,3.8461538461538463,3.8461538461538463,19.0,5,13.0,3.0,2.0,1.0,3.0,2.0,4.0,2,4,1
20250921TMG07,2025-09-21,同じ,41,12.195121951219512,4.878048780487805,4.878048780487805,9.75609756097561,26.0,3,4.0,4.0,3.0,1.0,3.0,5.0,4.0,1,2,6
20250921TMG09,2025-09-21,同じ,25,0.0,0.0,0.0,0.0,14.0,6,23.0,6.0,5.0,1.0,1.0,1.0,2.0,2,4,5
20250921TMG12,2025-09-21,内側より上,34,2.9411764705882355,0.0,2.9411764705882355,2.9411764705882355,22.0,5,12.0,10.0,5.0,5.0,3.0,1.0,1.0,3,4,1
20250922TMG01,2025-09-22,同じ,30,0.0,0.0,0.0,0.0,32.0,2,2.0,7.0,3.0,4.0,3.0,4.0,5.0,1,4,5
20250922TMG02,2025-09-22,内側より下,35,0.0,0.0,0.0,0.0,18.0,5,15.0,5.0,3.0,2.0,3.0,1.0,3.0,1,2,5
20250922TMG03,2025-09-22,内側より上,103,0.0,0.0,0.0,0.0,33.0,3,3.0,8.0,3.0,5.0,4.0,3.0,5.0,4,3,6
20250922TMG04,2025-09-22,内側より下,28,3.5714285714285716,0.0,3.5714285714285716,3.5714285714285716,28.0,3,2.0,9.0,5.0,4.0,3.0,3.0,3.0,5,4,6
20250922TMG05,2025-09-22,内側より下,89,0.0,0.0,0.0,0.0,20.0,6,16.0,7.0,5.0,2.0,5.0,1.0,2.0,1,3,4
20250922TMG07,2025-09-22,内側より下,68,0.0,0.0,0.0,0.0,22.0,5,4.0,5.0,3.0,2.0,3.0,2.0,4.0,3,2,4
20250922TMG08,2025-09-22,内側より上,25,4.0,4.0,0.0,4.0,25.0,4,2.0,4.0,3.0,1.0,4.0,4.0,4.0,4,1,3
20250922TMG09,2025-09-22,内側より上,26,3.8461538461538463,0.0,3.8461538461538463,3.8461538461538463,26.0,5,7.0,4.0,3.0,1.0,5.0,4.0,4.0,2,1,4
20250922TMG10,2025-09-22,内側より下,27,0.0,0.0,0.0,0.0,20.0,6,18.0,6.0,5.0,1.0,5.0,2.0,2.0,4,6,1
20250922TMG11,2025-09-22,内側より上,0,0.0,0.0,0.0,0.0,24.0,4,7.0,6.0,3.0,3.0,3.0,3.0,3.0,1,2,4
20250922TMG12,2025-09-22,内側より下,35,5.714285714285714,0.0,2.857142857142857,2.857142857142857,32.0,1,0.0,8.0,5.0,3.0,3.0,5.0,4.0,1,4,3
20250923TMG01,2025-09-23,内側より下,45,8.88888888888889,8.88888888888889,0.0,8.88888888888889,21.0,5,11.0,6.0,5.0,1.0,4.0,1.0,4.0,2,1,4
20250923TMG02,2025-09-23,内側より下,37,0.0,0.0,0.0,0.0,34.0,2,1.0,8.0,3.0,5.0,5.0,4.0,4.0,1,3,4
20250923TMG03,2025-09-23,内側より上,23,0.0,0.0,0.0,0.0,20.0,5,12.0,7.0,3.0,4.0,5.0,1.0,1.0,3,2,4
20250923TMG04,2025-09-23,内側より上,28,0.0,0.0,0.0,0.0,19.0,5,15.0,7.0,3.0,4.0,4.0,1.0,1.0,3,1,2
20250923TMG05,2025-09-23,内側より下,46,0.0,0.0,0.0,0.0,22.0,4,9.0,3.0,2.0,1.0,4.0,3.0,4.0,1,4,2
20250923TMG06,2025-09-23,内側より下,39,2.5641025641025643,2.5641025641025643,0.0,2.5641025641025643,20.0,6,11.0,6.0,5.0,1.0,3.0,1.0,4.0,5,1,3
20250923TMG07,2025-09-23,内側より下,36,2.7777777777777777,0.0,0.0,0.0,26.0,4,10.0,8.0,3.0,5.0,3.0,4.0,1.0,4,1,6
20250923TMG08,2025-09-23,内側より上,22,9.090909090909092,4.545454545454546,0.0,4.545454545454546,24.0,5,9.0,10.0,5.0,5.0,5.0,1.0,1.0,1,2,6
20250923TMG09,2025-09-23,内側より上,34,8.823529411764707,8.823529411764707,0.0,8.823529411764707,16.0,6,16.0,4.0,3.0,1.0,5.0,1.0,2.0,1,4,5
20250923TMG10,2025-09-23,内側より上,33,9.090909090909092,0.0,6.0606060606060606,6.0606060606060606,26.0,3,7.0,10.0,5.0,5.0,3.0,3.0,1.0,6,4,2
20250923TMG11,2025-09-23,内側より下,33,6.0606060606060606,0.0,0.0,0.0,31.0,2,5.0,7.0,3.0,4.0,4.0,4.0,4.0,1,6,4
20250923TMG12,2025-09-23,内側より下,19,0.0,0.0,0.0,0.0,28.0,2,2.0,8.0,3.0,5.0,5.0,3.0,2.0,5,2,6
20250924TMG01,2025-09-24,内側より下,104,0.0,0.0,0.0,0.0,36.0,2,2.0,9.0,5.0,4.0,5.0,4.0,5.0,4,5,1
20250924TMG02,2025-09-24,内側より下,47,0.0,0.0,0.0,0.0,36.0,1,0.0,10.0,5.0,5.0,3.0,5.0,4.0,3,4,5
20250924TMG03,2025-09-24,内側より下,25,0.0,0.0,0.0,0.0,20.0,5,16.0,7.0,5.0,2.0,3.0,3.0,1.0,1,2,3
20250924TMG04,2025-09-24,内側より下,90,0.0,0.0,0.0,0.0,22.0,5,16.0,4.0,3.0,1.0,5.0,5.0,1.0,3,2,1
20250924TMG05,2025-09-24,内側より下,69,0.0,0.0,0.0,0.0,29.0,2,4.0,8.0,3.0,5.0,4.0,2.0,4.0,1,2,5
20250924TMG06,2025-09-24,内側より上,46,8.695652173913043,8.695652173913043,0.0,8.695652173913043,21.0,6,14.0,6.0,5.0,1.0,4.0,1.0,4.0,6,2,1
20250924TMG07,2025-09-24,内側より下,42,11.904761904761905,4.761904761904762,4.761904761904762,9.523809523809524,26.0,3,9.0,5.0,3.0,2.0,5.0,4.0,3.0,6,2,4
20250924TMG08,2025-09-24,内側より下,29,0.0,0.0,0.0,0.0,19.0,6,19.0,6.0,2.0,4.0,5.0,1.0,1.0,4,1,5
20250924TMG09,2025-09-24,内側より下,22,0.0,0.0,0.0,0.0,25.0,3,10.0,6.0,5.0,1.0,4.0,2.0,5.0,1,3,2
20250924TMG10,2025-09-24,内側より下,34,5.882352941176471,0.0,0.0,0.0,29.0,3,10.0,6.0,5.0,1.0,4.0,4.0,5.0,1,2,6
20250924TMG12,2025-09-24,内側より下,20,5.0,0.0,0.0,0.0,14.0,6,16.0,4.0,3.0,1.0,3.0,1.0,2.0,1,4,5
20250925TMG01,2025-09-25,内側より下,91,0.0,0.0,0.0,0.0,17.0,4,20.0,4.0,3.0,1.0,4.0,1.0,3.0,4,1,3
20250925TMG03,2025-09-25,内側より下,25,0.0,0.0,0.0,0.0,22.0,5,10.0,6.0,5.0,1.0,3.0,1.0,5.0,1,2,5
20250925TMG04,2025-09-25,内側より下,47,0.0,0.0,0.0,0.0,21.0,5,12.0,6.0,1.0,5.0,4.0,2.0,1.0,1,3,5
20250925TMG05,2025-09-25,内側より上,24,0.0,0.0,0.0,0.0,37.0,1,0.0,10.0,5.0,5.0,4.0,5.0,4.0,3,1,2
20250925TMG07,2025-09-25,内側より下,70,0.0,0.0,0.0,0.0,22.0,4,11.0,7.0,5.0,2.0,3.0,1.0,4.0,4,5,1
20250925TMG08,2025-09-25,内側より上,36,5.555555555555555,0.0,2.7777777777777777,2.7777777777777777,28.0,3,2.0,4.0,3.0,1.0,3.0,5.0,5.0,5,6,3
20250925TMG09,2025-09-25,内側より下,23,0.0,0.0,0.0,0.0,23.0,4,10.0,7.0,2.0,5.0,3.0,1.0,3.0,1,3,2
20250925TMG10,2025-09-25,内側より下,28,0.0,0.0,0.0,0.0,28.0,2,5.0,7.0,5.0,2.0,3.0,3.0,5.0,1,5,2
20250925TMG11,2025-09-25,内側より上,35,2.857142857142857,0.0,2.857142857142857,2.857142857142857,30.0,2,1.0,9.0,5.0,4.0,3.0,3.0,4.0,3,4,1
20250929TMG01,2025-09-29,内側より下,36,13.88888888888889,2.7777777777777777,8.333333333333334,11.11111111111111,24.0,3,13.0,6.0,5.0,1.0,3.0,4.0,3.0,1,4,2
20250929TMG02,2025-09-29,内側より下,63,25.396825396825395,19.047619047619047,4.761904761904762,23.80952380952381,20.0,6,12.0,6.0,5.0,1.0,5.0,1.0,3.0,1,2,4
20250929TMG03,2025-09-29,内側より下,49,8.16326530612245,0.0,4.081632653061225,4.081632653061225,22.0,4,10.0,6.0,5.0,1.0,3.0,3.0,3.0,1,2,5
20250929TMG04,2025-09-29,内側より下,19,5.2631578947368425,0.0,5.2631578947368425,5.2631578947368425,36.0,1,0.0,10.0,5.0,5.0,3.0,5.0,4.0,1,2,6
20250929TMG05,2025-09-29,内側より下,25,0.0,0.0,0.0,0.0,20.0,5,12.0,4.0,3.0,1.0,1.0,2.0,5.0,1,2,6
20250929TMG06,2025-09-29,内側より下,39,2.5641025641025643,0.0,2.5641025641025643,2.5641025641025643,18.0,6,10.0,6.0,5.0,1.0,1.0,2.0,3.0,5,1,4
20250929TMG07,2025-09-29,内側より上,32,0.0,0.0,0.0,0.0,28.0,3,3.0,9.0,5.0,4.0,3.0,3.0,3.0,1,2,4
20250929TMG08,2025-09-29,同じ,63,25.396825396825395,19.047619047619047,4.761904761904762,23.80952380952381,22.0,6,13.0,8.0,3.0,5.0,5.0,1.0,1.0,1,5,3
20250929TMG09,2025-09-29,内側より上,39,0.0,0.0,0.0,0.0,20.0,6,11.0,4.0,3.0,1.0,3.0,2.0,4.0,1,2,5
20250929TMG10,2025-09-29,内側より下,38,10.526315789473685,2.6315789473684212,2.6315789473684212,5.2631578947368425,20.0,4,12.0,5.0,2.0,3.0,2.0,3.0,2.0,1,2,3
20250929TMG11,2025-09-29,内側より下,38,0.0,0.0,0.0,0.0,28.0,1,0.0,6.0,5.0,1.0,1.0,5.0,5.0,1,2,4
20250929TMG12,2025-09-29,内側より上,37,2.7027027027027026,2.7027027027027026,0.0,2.7027027027027026,15.0,6,15.0,6.0,5.0,1.0,2.0,2.0,1.0,1,6,2
20250930TMG01,2025-09-30,同じ,30,20.0,13.333333333333334,3.3333333333333335,16.666666666666668,20.0,5,18.0,6.0,5.0,1.0,5.0,1.0,3.0,1,2,4
20250930TMG02,2025-09-30,内側より下,34,5.882352941176471,0.0,2.9411764705882355,2.9411764705882355,21.0,6,13.0,7.0,3.0,4.0,4.0,1.0,2.0,1,5,3
20250930TMG03,2025-09-30,内側より下,15,0.0,0.0,0.0,0.0,28.0,2,1.0,10.0,5.0,5.0,3.0,4.0,1.0,1,2,4
20250930TMG04,2025-09-30,内側より上,37,5.405405405405405,0.0,5.405405405405405,5.405405405405405,22.0,5,8.0,6.0,5.0,1.0,3.0,2.0,4.0,1,3,2
20250930TMG05,2025-09-30,内側より下,33,6.0606060606060606,3.0303030303030303,0.0,3.0303030303030303,24.0,4,6.0,4.0,3.0,1.0,3.0,4.0,4.0,1,6,4
20250930TMG06,2025-09-30,内側より下,28,10.714285714285714,3.5714285714285716,3.5714285714285716,7.142857142857143,29.0,3,1.0,6.0,5.0,1.0,4.0,5.0,4.0,1,4,2
20250930TMG07,2025-09-30,内側より下,39,2.5641025641025643,0.0,2.5641025641025643,2.5641025641025643,30.0,2,5.0,9.0,5.0,4.0,5.0,4.0,2.0,3,1,2
20250930TMG08,2025-09-30,内側より下,30,3.3333333333333335,0.0,0.0,0.0,30.0,2,1.0,10.0,5.0,5.0,5.0,3.0,2.0,2,1,3
20250930TMG09,2025-09-30,内側より下,37,0.0,0.0,0.0,0.0,26.0,3,7.0,7.0,5.0,2.0,5.0,3.0,3.0,1,4,2
20250930TMG10,2025-09-30,内側より上,28,0.0,0.0,0.0,0.0,18.0,6,14.0,4.0,3.0,1.0,3.0,3.0,2.0,1,3,4
20250930TMG11,2025-09-30,内側より下,14,0.0,0.0,0.0,0.0,28.0,3,1.0,9.0,5.0,4.0,5.0,2.0,3.0,1,5,4
20250930TMG12,2025-09-30,内側より下,30,0.0,0.0,0.0,0.0,26.0,2,2.0,6.0,5.0,1.0,3.0,4.0,4.0,3,6,4
20251001TMG01,2025-10-01,内側より下,29,10.344827586206897,3.4482758620689653,3.4482758620689653,6.896551724137931,30.0,3,5.0,6.0,5.0,1.0,5.0,4.0,5.0,1,4,2
20251001TMG02,2025-10-01,内側より上,30,10.0,3.3333333333333335,3.3333333333333335,6.666666666666667,28.0,2,2.0,6.0,5.0,1.0,3.0,4.0,5.0,1,2,6
20251001TMG03,2025-10-01,内側より上,41,4.878048780487805,2.4390243902439024,0.0,2.4390243902439024,25.0,5,7.0,4.0,3.0,1.0,4.0,3.0,5.0,3,4,6
20251001TMG04,2025-10-01,内側より上,46,4.3478260869565215,0.0,2.1739130434782608,2.1739130434782608,28.0,3,6.0,3.0,2.0,1.0,4.0,5.0,5.0,1,3,6
20251001TMG05,2025-10-01,内側より下,29,6.896551724137931,0.0,3.4482758620689653,3.4482758620689653,23.0,5,13.0,5.0,2.0,3.0,5.0,3.0,2.0,1,2,4
20251001TMG06,2025-10-01,内側より下,41,4.878048780487805,0.0,4.878048780487805,4.878048780487805,20.0,5,14.0,6.0,3.0,3.0,3.0,2.0,2.0,1,6,3
20251001TMG07,2025-10-01,内側より下,65,24.615384615384617,18.46153846153846,4.615384615384615,23.076923076923073,20.0,5,16.0,7.0,5.0,2.0,5.0,1.0,2.0,1,6,5
20251001TMG09,2025-10-01,同じ,10,0.0,0.0,0.0,0.0,20.0,6,10.0,6.0,5.0,1.0,5.0,2.0,2.0,1,3,4
20251001TMG10,2025-10-01,内側より下,30,6.666666666666667,0.0,3.3333333333333335,3.3333333333333335,21.0,6,14.0,6.0,5.0,1.0,4.0,1.0,4.0,3,1,2
20251001TMG11,2025-10-01,内側より下,38,0.0,0.0,0.0,0.0,24.0,5,8.0,10.0,5.0,5.0,5.0,1.0,1.0,1,3,5
20251001TMG12,2025-10-01,内側より下,35,5.714285714285714,0.0,2.857142857142857,2.857142857142857,26.0,3,10.0,8.0,3.0,5.0,3.0,3.0,2.0,3,1,4
20251002TMG01,2025-10-02,内側より下,32,6.25,0.0,0.0,0.0,23.0,6,14.0,4.0,3.0,1.0,4.0,2.0,5.0,1,3,2
20251002TMG02,2025-10-02,内側より下,35,5.714285714285714,0.0,2.857142857142857,2.857142857142857,23.0,5,5.0,7.0,5.0,2.0,4.0,2.0,3.0,1,5,4
20251002TMG03,2025-10-02,内側より上,32,15.625,6.25,9.375,15.625,20.0,6,15.0,6.0,5.0,1.0,5.0,2.0,2.0,1,5,2
20251002TMG04,2025-10-02,内側より下,38,7.894736842105263,2.6315789473684212,5.2631578947368425,7.894736842105264,17.0,6,13.0,5.0,3.0,2.0,4.0,1.0,2.0,2,3,6
20251002TMG05,2025-10-02,内側より下,40,7.5,0.0,5.0,5.0,19.0,5,16.0,4.0,3.0,1.0,4.0,1.0,4.0,2,4,6
20251002TMG06,2025-10-02,内側より上,16,6.25,6.25,0.0,6.25,23.0,5,12.0,6.0,5.0,1.0,4.0,1.0,5.0,1,2,3
20251002TMG07,2025-10-02,内側より下,30,10.0,3.3333333333333335,3.3333333333333335,6.666666666666667,28.0,3,5.0,6.0,5.0,1.0,3.0,4.0,5.0,1,2,6
20251002TMG08,2025-10-02,内側より上,43,13.953488372093023,4.651162790697675,4.651162790697675,9.30232558139535,17.0,5,17.0,6.0,5.0,1.0,4.0,1.0,2.0,3,4,5
20251002TMG09,2025-10-02,内側より下,31,0.0,0.0,0.0,0.0,23.0,5,13.0,6.0,5.0,1.0,4.0,2.0,4.0,1,4,5
20251002TMG10,2025-10-02,内側より上,42,0.0,0.0,0.0,0.0,25.0,5,9.0,6.0,5.0,1.0,4.0,2.0,5.0,1,3,2
20251002TMG11,2025-10-02,内側より下,29,6.896551724137931,6.896551724137931,0.0,6.896551724137931,27.0,4,5.0,6.0,5.0,1.0,4.0,3.0,5.0,1,3,4
20251002TMG12,2025-10-02,内側より上,40,0.0,0.0,0.0,0.0,21.0,6,16.0,4.0,3.0,1.0,4.0,4.0,2.0,1,2,3
20251003TMG01,2025-10-03,内側より上,32,0.0,0.0,0.0,0.0,26.0,2,10.0,6.0,5.0,1.0,5.0,3.0,4.0,1,4,5
20251003TMG02,2025-10-03,同じ,30,20.0,13.333333333333334,3.3333333333333335,16.666666666666668,17.0,6,19.0,4.0,3.0,1.0,4.0,1.0,3.0,1,4,3
20251003TMG03,2025-10-03,内側より下,30,13.333333333333334,0.0,10.0,10.0,31.0,2,3.0,8.0,3.0,5.0,4.0,4.0,3.0,1,3,2
20251003TMG04,2025-10-03,内側より上,36,5.555555555555555,0.0,2.7777777777777777,2.7777777777777777,30.0,2,2.0,6.0,5.0,1.0,5.0,4.0,5.0,1,5,2
20251003TMG05,2025-10-03,内側より下,31,9.67741935483871,3.225806451612903,3.225806451612903,6.451612903225806,22.0,5,8.0,4.0,3.0,1.0,5.0,1.0,5.0,1,2,3
20251003TMG06,2025-10-03,内側より下,38,0.0,0.0,0.0,0.0,29.0,3,5.0,10.0,5.0,5.0,4.0,3.0,2.0,4,1,2
20251003TMG07,2025-10-03,内側より上,44,13.636363636363637,4.545454545454546,4.545454545454546,9.090909090909092,25.0,4,15.0,6.0,5.0,1.0,4.0,2.0,5.0,4,5,1
20251003TMG08,2025-10-03,内側より下,38,7.894736842105263,2.6315789473684212,5.2631578947368425,7.894736842105264,21.0,5,9.0,6.0,5.0,1.0,4.0,1.0,4.0,4,5,2
20251003TMG09,2025-10-03,内側より上,38,5.2631578947368425,0.0,5.2631578947368425,5.2631578947368425,22.0,5,10.0,6.0,5.0,1.0,5.0,1.0,4.0,3,1,6
20251003TMG10,2025-10-03,内側より下,39,5.128205128205129,0.0,0.0,0.0,22.0,4,12.0,8.0,3.0,5.0,5.0,1.0,1.0,1,2,5
20251003TMG11,2025-10-03,同じ,66,24.242424242424242,18.181818181818183,4.545454545454546,22.72727272727273,22.0,4,12.0,4.0,3.0,1.0,5.0,1.0,5.0,6,4,5
20251003TMG12,2025-10-03,内側より下,34,2.9411764705882355,0.0,2.9411764705882355,2.9411764705882355,28.0,2,8.0,8.0,3.0,5.0,3.0,5.0,1.0,6,5,1
20251004TMG01,2025-10-04,内側より上,40,0.0,0.0,0.0,0.0,30.0,2,1.0,4.0,3.0,1.0,5.0,5.0,5.0,1,2,5
20251004TMG02,2025-10-04,内側より下,40,2.5,0.0,2.5,2.5,22.0,5,12.0,5.0,3.0,2.0,5.0,2.0,3.0,1,2,3
20251004TMG03,2025-10-04,内側より上,31,9.67741935483871,3.225806451612903,3.225806451612903,6.451612903225806,23.0,4,7.0,6.0,5.0,1.0,4.0,1.0,5.0,1,2,5
20251004TMG04,2025-10-04,内側より下,33,0.0,0.0,0.0,0.0,28.0,3,3.0,6.0,5.0,1.0,5.0,3.0,5.0,1,2,3
20251004TMG05,2025-10-04,内側より上,38,7.894736842105263,0.0,7.894736842105263,7.894736842105263,28.0,4,2.0,6.0,5.0,1.0,5.0,3.0,5.0,5,1,6
20251004TMG06,2025-10-04,内側より下,29,0.0,0.0,0.0,0.0,28.0,3,4.0,9.0,5.0,4.0,5.0,2.0,3.0,1,3,5
20251004TMG07,2025-10-04,同じ,32,9.375,3.125,3.125,6.25,32.0,2,2.0,6.0,5.0,1.0,5.0,5.0,5.0,1,2,3
20251004TMG08,2025-10-04,同じ,37,5.405405405405405,0.0,2.7027027027027026,2.7027027027027026,27.0,3,7.0,7.0,5.0,2.0,4.0,3.0,4.0,3,1,6
20251004TMG09,2025-10-04,内側より下,31,0.0,0.0,0.0,0.0,29.0,1,0.0,7.0,5.0,2.0,4.0,5.0,3.0,1,3,4
20251004TMG10,2025-10-04,内側より下,39,0.0,0.0,0.0,0.0,25.0,4,9.0,8.0,3.0,5.0,4.0,2.0,2.0,1,2,6
20251004TMG11,2025-10-04,同じ,40,5.0,0.0,0.0,0.0,24.0,4,8.0,8.0,3.0,5.0,5.0,1.0,2.0,1,3,5
20251004TMG12,2025-10-04,内側より下,67,25.37313432835821,19.402985074626866,4.477611940298507,23.88059701492537,14.0,6,18.0,4.0,3.0,1.0,5.0,1.0,1.0,6,3,1
20251010TMG01,2025-10-10,内側より下,39,0.0,0.0,0.0,0.0,30.0,1,0.0,7.0,5.0,2.0,3.0,4.0,5.0,2,1,6
20251010TMG02,2025-10-10,内側より下,31,0.0,0.0,0.0,0.0,27.0,3,6.0,6.0,5.0,1.0,4.0,3.0,5.0,1,4,2
20251010TMG03,2025-10-10,内側より上,28,7.142857142857143,0.0,3.5714285714285716,3.5714285714285716,32.0,1,0.0,7.0,5.0,2.0,3.0,5.0,5.0,3,6,5
20251010TMG04,2025-10-10,内側より下,47,2.127659574468085,0.0,2.127659574468085,2.127659574468085,20.0,6,14.0,8.0,3.0,5.0,3.0,1.0,1.0,4,1,3
20251010TMG06,2025-10-10,内側より上,86,0.0,0.0,0.0,0.0,20.0,6,18.0,6.0,5.0,1.0,3.0,3.0,2.0,4,1,5
20251010TMG07,2025-10-10,内側より下,27,0.0,0.0,0.0,0.0,14.0,6,18.0,3.0,2.0,1.0,4.0,1.0,2.0,3,1,5
20251010TMG08,2025-10-10,同じ,11,0.0,0.0,0.0,0.0,21.0,6,12.0,6.0,5.0,1.0,4.0,4.0,1.0,2,1,3
20251010TMG09,2025-10-10,内側より下,24,4.166666666666667,4.166666666666667,0.0,4.166666666666667,18.0,5,14.0,4.0,3.0,1.0,3.0,3.0,2.0,1,3,4
20251010TMG10,2025-10-10,内側より下,36,0.0,0.0,0.0,0.0,32.0,1,0.0,9.0,5.0,4.0,5.0,4.0,3.0,2,1,6
20251010TMG11,2025-10-10,内側より下,33,3.0303030303030303,0.0,3.0303030303030303,3.0303030303030303,28.0,2,4.0,6.0,5.0,1.0,5.0,5.0,3.0,1,3,2
20251010TMG12,2025-10-10,内側より下,43,6.976744186046512,2.3255813953488373,0.0,2.3255813953488373,16.0,6,14.0,4.0,3.0,1.0,5.0,1.0,2.0,1,5,2
20251011TMG01,2025-10-11,内側より下,86,0.0,0.0,0.0,0.0,17.0,6,16.0,6.0,5.0,1.0,4.0,2.0,1.0,1,5,2
20251011TMG02,2025-10-11,内側より下,32,0.0,0.0,0.0,0.0,28.0,3,8.0,6.0,5.0,1.0,5.0,4.0,4.0,1,3,4
20251011TMG03,2025-10-11,内側より下,42,2.380952380952381,0.0,2.380952380952381,2.380952380952381,29.0,3,5.0,4.0,3.0,1.0,4.0,5.0,5.0,1,2,6
20251011TMG04,2025-10-11,内側より下,15,0.0,0.0,0.0,0.0,15.0,6,25.0,4.0,3.0,1.0,4.0,2.0,1.0,1,2,3
20251011TMG05,2025-10-11,内側より上,38,10.526315789473685,2.6315789473684212,5.2631578947368425,7.894736842105264,20.0,4,16.0,6.0,5.0,1.0,3.0,2.0,3.0,6,3,5
20251011TMG06,2025-10-11,内側より下,86,0.0,0.0,0.0,0.0,15.0,6,19.0,4.0,3.0,1.0,4.0,1.0,2.0,1,3,4
20251011TMG07,2025-10-11,内側より下,27,3.7037037037037037,0.0,3.7037037037037037,3.7037037037037037,24.0,4,8.0,8.0,3.0,5.0,5.0,1.0,2.0,4,2,6
20251011TMG08,2025-10-11,内側より下,32,6.25,6.25,0.0,6.25,23.0,3,14.0,6.0,5.0,1.0,4.0,3.0,3.0,1,5,2
20251011TMG09,2025-10-11,内側より下,34,2.9411764705882355,2.9411764705882355,0.0,2.9411764705882355,34.0,1,0.0,7.0,3.0,4.0,5.0,5.0,4.0,1,3,6
20251011TMG10,2025-10-11,内側より下,25,0.0,0.0,0.0,0.0,20.0,4,14.0,4.0,3.0,1.0,3.0,2.0,4.0,3,1,2
20251011TMG11,2025-10-11,内側より下,24,0.0,0.0,0.0,0.0,28.0,4,9.0,9.0,5.0,4.0,5.0,4.0,1.0,1,3,6
20251011TMG12,2025-10-11,内側より下,31,3.225806451612903,0.0,0.0,0.0,23.0,5,10.0,6.0,5.0,1.0,4.0,2.0,4.0,3,1,4
20251012TMG01,2025-10-12,内側より下,86,0.0,0.0,0.0,0.0,22.0,5,10.0,4.0,3.0,1.0,3.0,2.0,5.0,1,4,3
20251012TMG02,2025-10-12,内側より下,28,7.142857142857143,0.0,3.5714285714285716,3.5714285714285716,35.0,3,1.0,10.0,5.0,5.0,4.0,4.0,4.0,1,2,6
20251012TMG03,2025-10-12,内側より下,18,0.0,0.0,0.0,0.0,25.0,5,3.0,9.0,5.0,4.0,4.0,3.0,1.0,2,1,5
20251012TMG04,2025-10-12,内側より下,37,5.405405405405405,0.0,5.405405405405405,5.405405405405405,31.0,1,0.0,7.0,3.0,4.0,4.0,3.0,5.0,1,5,6
20251012TMG05,2025-10-12,内側より下,86,0.0,0.0,0.0,0.0,26.0,3,10.0,8.0,3.0,5.0,3.0,4.0,1.0,1,3,2
20251012TMG06,2025-10-12,同じ,31,6.451612903225806,3.225806451612903,0.0,3.225806451612903,22.0,5,8.0,6.0,5.0,1.0,3.0,2.0,4.0,2,1,5
20251012TMG07,2025-10-12,内側より下,22,4.545454545454546,0.0,0.0,0.0,17.0,6,15.0,3.0,2.0,1.0,3.0,1.0,4.0,1,3,2
20251012TMG08,2025-10-12,内側より上,38,7.894736842105263,2.6315789473684212,2.6315789473684212,5.2631578947368425,18.0,5,20.0,4.0,3.0,1.0,3.0,3.0,2.0,1,5,4
20251012TMG10,2025-10-12,内側より下,18,5.555555555555555,0.0,5.555555555555555,5.555555555555555,24.0,4,13.0,6.0,3.0,3.0,3.0,3.0,3.0,2,1,3
20251012TMG11,2025-10-12,同じ,33,0.0,0.0,0.0,0.0,26.0,3,5.0,10.0,5.0,5.0,5.0,2.0,1.0,1,4,2
20251012TMG12,2025-10-12,内側より下,40,0.0,0.0,0.0,0.0,16.0,6,14.0,6.0,5.0,1.0,3.0,1.0,2.0,1,3,4
20251013TMG01,2025-10-13,内側より下,28,0.0,0.0,0.0,0.0,30.0,1,0.0,9.0,5.0,4.0,3.0,4.0,3.0,1,2,3
20251013TMG02,2025-10-13,内側より下,23,0.0,0.0,0.0,0.0,20.0,5,10.0,6.0,5.0,1.0,3.0,3.0,2.0,4,3,6
20251013TMG03,2025-10-13,内側より下,88,0.0,0.0,0.0,0.0,26.0,2,4.0,4.0,3.0,1.0,3.0,5.0,4.0,4,2,3
20251013TMG04,2025-10-13,内側より下,29,3.4482758620689653,0.0,0.0,0.0,28.0,3,3.0,6.0,3.0,3.0,3.0,3.0,5.0,1,3,4
20251013TMG05,2025-10-13,内側より下,26,3.8461538461538463,3.8461538461538463,0.0,3.8461538461538463,24.0,4,4.0,9.0,5.0,4.0,3.0,2.0,2.0,1,3,4
20251013TMG06,2025-10-13,内側より下,46,4.3478260869565215,0.0,4.3478260869565215,4.3478260869565215,18.0,6,14.0,6.0,3.0,3.0,3.0,2.0,1.0,2,3,1
20251013TMG07,2025-10-13,内側より下,28,0.0,0.0,0.0,0.0,17.0,5,15.0,4.0,3.0,1.0,2.0,3.0,2.0,1,3,4
20251013TMG08,2025-10-13,内側より上,37,5.405405405405405,0.0,5.405405405405405,5.405405405405405,27.0,2,3.0,10.0,5.0,5.0,2.0,4.0,1.0,3,1,5
20251013TMG10,2025-10-13,内側より上,33,3.0303030303030303,0.0,3.0303030303030303,3.0303030303030303,25.0,3,9.0,9.0,5.0,4.0,2.0,3.0,2.0,1,2,5
20251013TMG11,2025-10-13,内側より下,37,0.0,0.0,0.0,0.0,23.0,2,8.0,6.0,5.0,1.0,4.0,3.0,3.0,6,3,5
20251013TMG12,2025-10-13,内側より下,33,0.0,0.0,0.0,0.0,12.0,6,24.0,4.0,3.0,1.0,3.0,1.0,1.0,1,2,5
20251014TMG01,2025-10-14,内側より上,25,0.0,0.0,0.0,0.0,19.0,6,11.0,4.0,3.0,1.0,2.0,2.0,4.0,1,3,2
20251014TMG02,2025-10-14,内側より下,23,4.3478260869565215,0.0,0.0,0.0,15.0,6,17.0,6.0,5.0,1.0,2.0,1.0,2.0,2,5,1
20251014TMG03,2025-10-14,内側より下,37,2.7027027027027026,0.0,0.0,0.0,24.0,5,6.0,6.0,5.0,1.0,5.0,2.0,4.0,4,6,2
20251014TMG04,2025-10-14,内側より上,28,3.5714285714285716,0.0,3.5714285714285716,3.5714285714285716,20.0,5,13.0,7.0,2.0,5.0,4.0,1.0,1.0,1,4,2
20251014TMG05,2025-10-14,内側より下,19,0.0,0.0,0.0,0.0,26.0,3,6.0,10.0,5.0,5.0,3.0,3.0,1.0,1,5,2
20251014TMG06,2025-10-14,内側より下,29,6.896551724137931,0.0,3.4482758620689653,3.4482758620689653,29.0,2,6.0,8.0,3.0,5.0,4.0,5.0,1.0,3,1,5
20251014TMG07,2025-10-14,内側より下,89,0.0,0.0,0.0,0.0,19.0,6,20.0,4.0,3.0,1.0,4.0,3.0,2.0,4,1,5
20251014TMG09,2025-10-14,同じ,43,2.3255813953488373,0.0,2.3255813953488373,2.3255813953488373,18.0,6,16.0,6.0,3.0,3.0,3.0,1.0,2.0,5,6,2
20251014TMG10,2025-10-14,内側より下,32,3.125,0.0,0.0,0.0,17.0,6,17.0,6.0,5.0,1.0,4.0,1.0,2.0,1,4,2
20251014TMG11,2025-10-14,内側より下,37,2.7027027027027026,0.0,0.0,0.0,26.0,3,11.0,7.0,3.0,4.0,5.0,3.0,2.0,1,6,3
20251015TMG01,2025-10-15,内側より下,90,0.0,0.0,0.0,0.0,21.0,5,13.0,5.0,2.0,3.0,5.0,2.0,2.0,1,3,5
20251015TMG02,2025-10-15,内側より下,32,0.0,0.0,0.0,0.0,20.0,5,12.0,4.0,3.0,1.0,3.0,1.0,5.0,2,1,3
20251015TMG03,2025-10-15,内側より下,24,0.0,0.0,0.0,0.0,14.0,6,20.0,6.0,5.0,1.0,3.0,1.0,1.0,5,2,6
20251015TMG04,2025-10-15,内側より下,27,3.7037037037037037,3.7037037037037037,0.0,3.7037037037037037,27.0,3,5.0,7.0,2.0,5.0,3.0,5.0,1.0,1,4,6
20251015TMG05,2025-10-15,内側より下,29,0.0,0.0,0.0,0.0,18.0,6,14.0,4.0,3.0,1.0,3.0,1.0,4.0,1,2,5
20251015TMG07,2025-10-15,内側より下,39,7.6923076923076925,2.5641025641025643,2.5641025641025643,5.128205128205129,25.0,3,10.0,3.0,2.0,1.0,3.0,4.0,5.0,5,1,2
20251015TMG08,2025-10-15,内側より下,90,0.0,0.0,0.0,0.0,22.0,5,10.0,6.0,5.0,1.0,5.0,2.0,3.0,1,2,3
20251015TMG09,2025-10-15,内側より下,40,0.0,0.0,0.0,0.0,18.0,6,12.0,6.0,5.0,1.0,3.0,1.0,3.0,1,3,5
20251015TMG10,2025-10-15,内側より上,15,0.0,0.0,0.0,0.0,22.0,5,10.0,6.0,5.0,1.0,3.0,2.0,4.0,1,4,5
20251015TMG11,2025-10-15,内側より下,44,6.818181818181818,2.272727272727273,0.0,2.272727272727273,24.0,4,11.0,9.0,5.0,4.0,3.0,3.0,1.0,3,1,6
20251015TMG12,2025-10-15,内側より下,39,2.5641025641025643,0.0,0.0,0.0,20.0,4,15.0,4.0,3.0,1.0,5.0,2.0,3.0,1,3,4
20251019TMG01,2025-10-19,内側より下,19,0.0,0.0,0.0,0.0,27.0,2,2.0,4.0,3.0,1.0,2.0,5.0,5.0,3,1,4
20251019TMG02,2025-10-19,内側より上,16,0.0,0.0,0.0,0.0,20.0,5,18.0,4.0,3.0,1.0,3.0,1.0,5.0,4,5,1
20251019TMG03,2025-10-19,内側より下,36,2.7777777777777777,0.0,2.7777777777777777,2.7777777777777777,20.0,5,13.0,5.0,3.0,2.0,5.0,1.0,3.0,1,2,4
20251019TMG04,2025-10-19,内側より下,56,7.142857142857143,5.357142857142857,1.7857142857142858,7.142857142857142,25.0,4,12.0,8.0,3.0,5.0,4.0,3.0,1.0,4,3,6
20251019TMG05,2025-10-19,内側より下,24,4.166666666666667,0.0,4.166666666666667,4.166666666666667,21.0,5,12.0,8.0,3.0,5.0,2.0,1.0,2.0,3,1,6
20251019TMG06,2025-10-19,内側より下,109,0.0,0.0,0.0,0.0,24.0,3,6.0,6.0,5.0,1.0,3.0,3.0,4.0,5,2,4
20251019TMG07,2025-10-19,内側より下,76,0.0,0.0,0.0,0.0,12.0,6,20.0,4.0,3.0,1.0,3.0,1.0,1.0,4,2,3
20251019TMG08,2025-10-19,内側より上,79,0.0,0.0,0.0,0.0,20.0,4,15.0,5.0,1.0,4.0,5.0,2.0,1.0,3,5,6
20251019TMG09,2025-10-19,内側より上,34,2.9411764705882355,0.0,2.9411764705882355,2.9411764705882355,24.0,4,8.0,8.0,5.0,3.0,3.0,1.0,4.0,1,6,3
20251019TMG11,2025-10-19,内側より下,51,15.686274509803921,11.764705882352942,3.9215686274509802,15.686274509803923,23.0,5,11.0,10.0,5.0,5.0,2.0,1.0,2.0,1,3,2
20251019TMG12,2025-10-19,内側より下,33,3.0303030303030303,0.0,3.0303030303030303,3.0303030303030303,28.0,2,5.0,4.0,3.0,1.0,5.0,5.0,4.0,5,1,4
20251020TMG01,2025-10-20,同じ,26,0.0,0.0,0.0,0.0,16.0,6,15.0,4.0,3.0,1.0,3.0,2.0,2.0,1,4,2
20251020TMG02,2025-10-20,内側より上,34,0.0,0.0,0.0,0.0,21.0,5,13.0,4.0,3.0,1.0,4.0,2.0,4.0,5,6,2
20251020TMG03,2025-10-20,内側より上,37,2.7027027027027026,0.0,0.0,0.0,32.0,1,0.0,10.0,5.0,5.0,5.0,4.0,2.0,3,6,2
20251020TMG04,2025-10-20,内側より下,36,0.0,0.0,0.0,0.0,26.0,3,5.0,7.0,5.0,2.0,3.0,4.0,3.0,5,4,2
20251020TMG05,2025-10-20,内側より下,34,0.0,0.0,0.0,0.0,35.0,1,0.0,7.0,2.0,5.0,3.0,5.0,5.0,6,1,2
20251020TMG06,2025-10-20,同じ,80,0.0,0.0,0.0,0.0,21.0,5,8.0,3.0,2.0,1.0,5.0,1.0,5.0,3,5,1
20251020TMG07,2025-10-20,内側より上,32,0.0,0.0,0.0,0.0,26.0,2,4.0,6.0,5.0,1.0,3.0,3.0,5.0,1,4,3
20251020TMG08,2025-10-20,内側より上,77,0.0,0.0,0.0,0.0,18.0,6,16.0,7.0,5.0,2.0,3.0,2.0,1.0,1,3,4
20251020TMG09,2025-10-20,内側より下,19,0.0,0.0,0.0,0.0,30.0,3,4.0,7.0,3.0,4.0,3.0,4.0,4.0,1,5,3
20251020TMG10,2025-10-20,内側より上,19,10.526315789473685,0.0,0.0,0.0,30.0,2,9.0,7.0,3.0,4.0,3.0,4.0,4.0,1,5,2
20251020TMG12,2025-10-20,内側より下,37,0.0,0.0,0.0,0.0,20.0,5,10.0,7.0,3.0,4.0,3.0,2.0,1.0,1,4,2
20251021TMG01,2025-10-21,内側より下,26,0.0,0.0,0.0,0.0,29.0,2,4.0,3.0,1.0,2.0,4.0,5.0,5.0,5,3,1
20251021TMG02,2025-10-21,内側より上,36,0.0,0.0,0.0,0.0,22.0,5,14.0,4.0,3.0,1.0,5.0,1.0,5.0,4,1,6
20251021TMG03,2025-10-21,内側より下,31,0.0,0.0,0.0,0.0,23.0,4,11.0,8.0,3.0,5.0,4.0,2.0,1.0,2,5,1
20251021TMG05,2025-10-21,内側より上,81,0.0,0.0,0.0,0.0,26.0,3,8.0,7.0,3.0,4.0,5.0,4.0,1.0,3,4,2
20251021TMG06,2025-10-21,内側より上,23,17.391304347826086,8.695652173913043,8.695652173913043,17.391304347826086,27.0,3,11.0,6.0,5.0,1.0,4.0,3.0,5.0,1,2,3
20251021TMG07,2025-10-21,内側より下,26,0.0,0.0,0.0,0.0,32.0,1,0.0,7.0,3.0,4.0,3.0,5.0,4.0,2,4,1
20251021TMG08,2025-10-21,内側より下,33,0.0,0.0,0.0,0.0,30.0,2,2.0,4.0,3.0,1.0,5.0,5.0,5.0,1,2,3
20251021TMG10,2025-10-21,内側より上,81,0.0,0.0,0.0,0.0,26.0,4,11.0,6.0,5.0,1.0,5.0,3.0,4.0,1,2,6
20251021TMG11,2025-10-21,同じ,28,0.0,0.0,0.0,0.0,29.0,2,1.0,8.0,5.0,3.0,4.0,3.0,4.0,1,2,3
20251021TMG12,2025-10-21,内側より下,34,0.0,0.0,0.0,0.0,24.0,3,14.0,9.0,5.0,4.0,3.0,1.0,3.0,1,2,4
20251022TMG01,2025-10-22,内側より上,34,0.0,0.0,0.0,0.0,22.0,6,10.0,4.0,3.0,1.0,5.0,2.0,4.0,1,6,2
20251022TMG02,2025-10-22,内側より下,22,0.0,0.0,0.0,0.0,22.0,5,12.0,5.0,3.0,2.0,5.0,2.0,3.0,5,6,4
20251022TMG03,2025-10-22,内側より上,111,0.0,0.0,0.0,0.0,17.0,6,12.0,5.0,3.0,2.0,4.0,1.0,2.0,3,2,4
20251022TMG04,2025-10-22,内側より下,33,3.0303030303030303,0.0,3.0303030303030303,3.0303030303030303,38.0,1,0.0,8.0,3.0,5.0,5.0,5.0,5.0,1,5,6
20251022TMG05,2025-10-22,内側より下,38,2.6315789473684212,0.0,0.0,0.0,32.0,1,0.0,8.0,3.0,5.0,5.0,4.0,3.0,4,6,5
20251022TMG06,2025-10-22,内側より下,27,0.0,0.0,0.0,0.0,30.0,1,0.0,10.0,5.0,5.0,5.0,4.0,1.0,1,5,4
20251022TMG07,2025-10-22,内側より下,83,0.0,0.0,0.0,0.0,26.0,3,10.0,4.0,3.0,1.0,5.0,3.0,5.0,1,2,6
20251022TMG08,2025-10-22,内側より上,111,0.0,0.0,0.0,0.0,19.0,6,12.0,4.0,3.0,1.0,4.0,2.0,3.0,1,4,3
20251022TMG09,2025-10-22,内側より下,21,0.0,0.0,0.0,0.0,28.0,3,10.0,9.0,5.0,4.0,3.0,2.0,4.0,1,5,2
20251022TMG10,2025-10-22,内側より下,35,2.857142857142857,0.0,2.857142857142857,2.857142857142857,22.0,5,12.0,4.0,3.0,1.0,5.0,1.0,5.0,1,4,3
20251022TMG11,2025-10-22,内側より下,33,0.0,0.0,0.0,0.0,22.0,4,8.0,4.0,3.0,1.0,5.0,2.0,4.0,4,5,3
20251022TMG12,2025-10-22,内側より下,37,0.0,0.0,0.0,0.0,20.0,5,16.0,6.0,5.0,1.0,5.0,1.0,3.0,2,3,4
20251023TMG01,2025-10-23,内側より下,27,0.0,0.0,0.0,0.0,27.0,3,7.0,4.0,3.0,1.0,4.0,5.0,4.0,1,6,3
20251023TMG02,2025-10-23,内側より下,33,0.0,0.0,0.0,0.0,23.0,4,10.0,6.0,3.0,3.0,4.0,2.0,3.0,4,5,6
20251023TMG03,2025-10-23,内側より下,25,0.0,0.0,0.0,0.0,26.0,3,12.0,6.0,3.0,3.0,3.0,4.0,3.0,1,3,2
20251023TMG05,2025-10-23,内側より上,84,0.0,0.0,0.0,0.0,22.0,5,14.0,4.0,3.0,1.0,5.0,3.0,3.0,2,4,3
20251023TMG06,2025-10-23,内側より下,29,0.0,0.0,0.0,0.0,22.0,6,10.0,10.0,5.0,5.0,3.0,1.0,1.0,4,2,3
20251023TMG07,2025-10-23,内側より下,35,2.857142857142857,0.0,2.857142857142857,2.857142857142857,19.0,5,15.0,5.0,3.0,2.0,4.0,1.0,3.0,3,1,6
20251023TMG08,2025-10-23,内側より上,28,0.0,0.0,0.0,0.0,34.0,1,0.0,7.0,3.0,4.0,3.0,5.0,5.0,1,3,4
20251023TMG09,2025-10-23,内側より上,84,0.0,0.0,0.0,0.0,29.0,2,9.0,7.0,2.0,5.0,5.0,4.0,2.0,6,1,2
20251023TMG10,2025-10-23,内側より上,33,0.0,0.0,0.0,0.0,16.0,6,12.0,5.0,3.0,2.0,3.0,1.0,2.0,2,3,1
20251023TMG11,2025-10-23,内側より上,29,0.0,0.0,0.0,0.0,25.0,4,8.0,6.0,5.0,1.0,4.0,2.0,5.0,4,2,6
20251023TMG12,2025-10-23,内側より上,25,8.0,4.0,4.0,8.0,26.0,2,10.0,8.0,5.0,3.0,3.0,3.0,3.0,1,4,5
20251029TMG01,2025-10-29,内側より下,28,0.0,0.0,0.0,0.0,20.0,5,15.0,4.0,3.0,1.0,3.0,2.0,4.0,1,4,3
20251029TMG02,2025-10-29,内側より上,47,0.0,0.0,0.0,0.0,20.0,5,16.0,5.0,3.0,2.0,3.0,1.0,4.0,3,1,4
20251029TMG03,2025-10-29,内側より下,19,0.0,0.0,0.0,0.0,26.0,4,8.0,10.0,5.0,5.0,5.0,2.0,1.0,5,1,2
20251029TMG04,2025-10-29,内側より上,83,4.819277108433735,1.2048192771084338,2.4096385542168677,3.6144578313253017,21.0,5,15.0,9.0,5.0,4.0,4.0,1.0,1.0,3,5,1
20251029TMG05,2025-10-29,内側より上,64,0.0,0.0,0.0,0.0,23.0,6,7.0,10.0,5.0,5.0,4.0,1.0,1.0,1,3,4
20251029TMG06,2025-10-29,内側より下,47,0.0,0.0,0.0,0.0,26.0,3,3.0,8.0,5.0,3.0,3.0,3.0,3.0,1,3,2
20251029TMG07,2025-10-29,内側より上,64,3.125,0.0,1.5625,1.5625,21.0,5,10.0,9.0,5.0,4.0,4.0,1.0,1.0,3,6,4
20251029TMG08,2025-10-29,内側より上,55,0.0,0.0,0.0,0.0,21.0,4,17.0,8.0,3.0,5.0,4.0,1.0,1.0,3,4,2
20251029TMG09,2025-10-29,内側より上,65,0.0,0.0,0.0,0.0,22.0,5,12.0,4.0,3.0,1.0,3.0,2.0,5.0,1,4,2
20251029TMG10,2025-10-29,内側より下,28,0.0,0.0,0.0,0.0,24.0,3,8.0,8.0,3.0,5.0,5.0,2.0,1.0,1,2,3
20251029TMG12,2025-10-29,内側より下,35,8.571428571428571,0.0,5.714285714285714,5.714285714285714,32.0,2,2.0,8.0,3.0,5.0,5.0,4.0,3.0,2,1,4
20251030TMG01,2025-10-30,内側より上,65,0.0,0.0,0.0,0.0,28.0,4,8.0,10.0,5.0,5.0,5.0,1.0,3.0,2,5,4
20251030TMG02,2025-10-30,同じ,36,5.555555555555555,0.0,0.0,0.0,30.0,2,8.0,7.0,3.0,4.0,5.0,5.0,2.0,1,3,6
20251030TMG03,2025-10-30,内側より下,57,0.0,0.0,0.0,0.0,28.0,4,4.0,8.0,3.0,5.0,5.0,4.0,1.0,2,5,3
20251030TMG04,2025-10-30,内側より上,143,0.6993006993006993,0.0,0.6993006993006993,0.6993006993006993,24.0,3,12.0,6.0,5.0,1.0,5.0,4.0,2.0,1,2,4
20251030TMG05,2025-10-30,内側より上,65,0.0,0.0,0.0,0.0,24.0,5,10.0,10.0,5.0,5.0,5.0,1.0,1.0,2,1,5
20251030TMG06,2025-10-30,内側より上,39,0.0,0.0,0.0,0.0,30.0,2,2.0,6.0,5.0,1.0,5.0,5.0,4.0,2,1,4
20251030TMG07,2025-10-30,内側より上,65,3.076923076923077,0.0,1.5384615384615385,1.5384615384615385,16.0,6,16.0,4.0,3.0,1.0,5.0,1.0,2.0,1,4,2
20251030TMG08,2025-10-30,内側より下,49,0.0,0.0,0.0,0.0,22.0,6,18.0,9.0,5.0,4.0,3.0,1.0,2.0,1,5,4
20251030TMG09,2025-10-30,内側より上,66,0.0,0.0,0.0,0.0,21.0,5,19.0,8.0,3.0,5.0,4.0,1.0,1.0,1,4,3
20251030TMG10,2025-10-30,内側より上,56,0.0,0.0,0.0,0.0,21.0,5,12.0,5.0,3.0,2.0,4.0,1.0,4.0,4,2,1
20251030TMG11,2025-10-30,内側より下,30,0.0,0.0,0.0,0.0,29.0,2,8.0,6.0,5.0,1.0,4.0,5.0,4.0,1,3,5
20251030TMG12,2025-10-30,内側より下,36,0.0,0.0,0.0,0.0,25.0,3,15.0,9.0,5.0,4.0,4.0,3.0,1.0,1,5,4
20251031TMG01,2025-10-31,内側より上,67,0.0,0.0,0.0,0.0,17.0,6,15.0,2.0,1.0,1.0,4.0,1.0,4.0,3,4,2
20251031TMG02,2025-10-31,内側より上,49,0.0,0.0,0.0,0.0,23.0,5,9.0,7.0,5.0,2.0,4.0,1.0,4.0,1,2,3
20251031TMG03,2025-10-31,内側より上,66,3.0303030303030303,0.0,1.5151515151515151,1.5151515151515151,19.0,5,13.0,4.0,3.0,1.0,4.0,4.0,1.0,1,5,2
20251031TMG04,2025-10-31,内側より上,57,0.0,0.0,0.0,0.0,24.0,4,9.0,7.0,3.0,4.0,3.0,1.0,4.0,1,2,5
20251031TMG06,2025-10-31,内側より上,81,4.938271604938271,1.2345679012345678,2.4691358024691357,3.7037037037037033,22.0,5,14.0,7.0,3.0,4.0,5.0,1.0,2.0,6,1,5
20251031TMG07,2025-10-31,内側より上,66,3.0303030303030303,0.0,1.5151515151515151,1.5151515151515151,25.0,3,15.0,9.0,5.0,4.0,4.0,3.0,1.0,4,3,2
20251031TMG08,2025-10-31,内側より下,49,0.0,0.0,0.0,0.0,17.0,6,19.0,6.0,5.0,1.0,4.0,1.0,2.0,1,4,3
20251031TMG09,2025-10-31,内側より上,67,0.0,0.0,0.0,0.0,19.0,5,17.0,6.0,1.0,5.0,4.0,1.0,1.0,1,5,3
20251031TMG10,2025-10-31,内側より上,29,0.0,0.0,0.0,0.0,29.0,2,1.0,8.0,3.0,5.0,4.0,4.0,2.0,5,3,6
20251031TMG11,2025-10-31,内側より下,78,0.0,0.0,0.0,0.0,17.0,6,21.0,5.0,2.0,3.0,3.0,1.0,2.0,1,4,3
20251031TMG12,2025-10-31,内側より下,33,3.0303030303030303,0.0,3.0303030303030303,3.0303030303030303,20.0,6,16.0,6.0,5.0,1.0,3.0,1.0,4.0,1,2,4
20251101TMG01,2025-11-01,内側より下,17,0.0,0.0,0.0,0.0,16.0,6,12.0,4.0,3.0,1.0,3.0,1.0,3.0,1,5,2
20251101TMG02,2025-11-01,内側より上,37,0.0,0.0,0.0,0.0,22.0,5,11.0,8.0,5.0,3.0,3.0,1.0,3.0,4,3,5
20251101TMG03,2025-11-01,内側より上,30,0.0,0.0,0.0,0.0,16.0,6,17.0,4.0,3.0,1.0,3.0,1.0,3.0,5,4,1
20251101TMG04,2025-11-01,内側より下,36,0.0,0.0,0.0,0.0,24.0,4,5.0,6.0,3.0,3.0,3.0,3.0,3.0,2,4,3
20251101TMG05,2025-11-01,内側より下,68,0.0,0.0,0.0,0.0,19.0,5,11.0,7.0,2.0,5.0,3.0,1.0,1.0,2,1,4
20251101TMG06,2025-11-01,内側より下,51,0.0,0.0,0.0,0.0,20.0,5,13.0,4.0,3.0,1.0,3.0,1.0,5.0,3,5,2
20251101TMG08,2025-11-01,内側より下,40,2.5,0.0,2.5,2.5,20.0,5,15.0,7.0,3.0,4.0,3.0,1.0,2.0,1,3,5
20251101TMG09,2025-11-01,内側より上,68,2.9411764705882355,0.0,1.4705882352941178,1.4705882352941178,20.0,5,12.0,6.0,1.0,5.0,3.0,2.0,1.0,1,3,2
20251101TMG10,2025-11-01,内側より下,58,0.0,0.0,0.0,0.0,24.0,4,10.0,4.0,3.0,1.0,3.0,4.0,4.0,3,1,5
20251101TMG11,2025-11-01,内側より上,35,2.857142857142857,0.0,0.0,0.0,20.0,5,11.0,6.0,5.0,1.0,3.0,1.0,4.0,1,3,6
20251101TMG12,2025-11-01,内側より下,144,0.6944444444444444,0.0,0.6944444444444444,0.6944444444444444,20.0,5,8.0,6.0,3.0,3.0,3.0,1.0,3.0,4,6,1
20251102TMG01,2025-11-02,内側より下,52,0.0,0.0,0.0,0.0,24.0,3,6.0,6.0,5.0,1.0,3.0,2.0,5.0,1,4,5
20251102TMG02,2025-11-02,内側より上,29,6.896551724137931,3.4482758620689653,3.4482758620689653,6.896551724137931,32.0,2,2.0,7.0,3.0,4.0,5.0,4.0,4.0,6,1,4
20251102TMG03,2025-11-02,内側より下,59,0.0,0.0,0.0,0.0,29.0,1,0.0,10.0,5.0,5.0,4.0,3.0,2.0,2,1,5
20251102TMG04,2025-11-02,内側より下,69,0.0,0.0,0.0,0.0,21.0,5,15.0,8.0,3.0,5.0,4.0,1.0,1.0,1,5,3
20251102TMG05,2025-11-02,内側より下,25,8.0,0.0,8.0,8.0,17.0,5,19.0,6.0,5.0,1.0,4.0,1.0,2.0,2,1,3
20251102TMG06,2025-11-02,内側より下,70,0.0,0.0,0.0,0.0,15.0,6,18.0,3.0,2.0,1.0,3.0,1.0,3.0,1,3,2
20251102TMG07,2025-11-02,内側より上,24,0.0,0.0,0.0,0.0,28.0,3,6.0,9.0,5.0,4.0,5.0,2.0,3.0,4,5,3
20251102TMG08,2025-11-02,内側より下,69,2.898550724637681,0.0,1.4492753623188406,1.4492753623188406,18.0,6,18.0,6.0,2.0,4.0,4.0,1.0,1.0,1,4,5
20251102TMG09,2025-11-02,内側より下,59,0.0,0.0,0.0,0.0,32.0,1,0.0,8.0,5.0,3.0,3.0,5.0,4.0,1,4,5
20251102TMG10,2025-11-02,内側より下,69,0.0,0.0,0.0,0.0,25.0,3,13.0,9.0,5.0,4.0,4.0,1.0,3.0,5,4,6
20251102TMG11,2025-11-02,内側より下,41,2.4390243902439024,2.4390243902439024,0.0,2.4390243902439024,22.0,6,10.0,6.0,5.0,1.0,3.0,1.0,5.0,2,4,6
20251102TMG12,2025-11-02,同じ,26,3.8461538461538463,0.0,3.8461538461538463,3.8461538461538463,22.0,5,10.0,6.0,5.0,1.0,3.0,1.0,5.0,1,2,3
20251103TMG01,2025-11-03,内側より下,70,2.857142857142857,0.0,1.4285714285714286,1.4285714285714286,15.0,6,21.0,4.0,2.0,2.0,3.0,2.0,1.0,1,3,2
20251103TMG02,2025-11-03,内側より下,37,5.405405405405405,0.0,5.405405405405405,5.405405405405405,27.0,4,3.0,4.0,3.0,1.0,4.0,4.0,5.0,5,6,2
20251103TMG03,2025-11-03,内側より下,71,0.0,0.0,0.0,0.0,22.0,6,10.0,6.0,5.0,1.0,5.0,1.0,4.0,1,4,3
20251103TMG04,2025-11-03,内側より下,39,0.0,0.0,0.0,0.0,16.0,6,18.0,4.0,3.0,1.0,5.0,1.0,2.0,2,1,5
20251103TMG05,2025-11-03,内側より下,61,0.0,0.0,0.0,0.0,25.0,4,10.0,7.0,3.0,4.0,4.0,1.0,4.0,2,1,3
20251103TMG06,2025-11-03,内側より下,71,0.0,0.0,0.0,0.0,25.0,4,11.0,10.0,5.0,5.0,4.0,2.0,1.0,3,4,1
20251103TMG07,2025-11-03,内側より上,9,0.0,0.0,0.0,0.0,19.0,4,14.0,6.0,5.0,1.0,4.0,2.0,2.0,4,1,2
20251103TMG08,2025-11-03,内側より下,71,0.0,0.0,0.0,0.0,23.0,5,8.0,9.0,5.0,4.0,4.0,1.0,2.0,1,3,5
20251103TMG09,2025-11-03,内側より下,70,2.857142857142857,0.0,1.4285714285714286,1.4285714285714286,30.0,2,4.0,8.0,3.0,5.0,5.0,5.0,1.0,3,1,4
20251103TMG10,2025-11-03,内側より下,31,0.0,0.0,0.0,0.0,28.0,3,7.0,6.0,5.0,1.0,5.0,4.0,4.0,2,3,1
20251103TMG11,2025-11-03,内側より下,29,0.0,0.0,0.0,0.0,26.0,2,3.0,8.0,3.0,5.0,5.0,3.0,1.0,1,3,5
20251103TMG12,2025-11-03,内側より下,42,2.380952380952381,2.380952380952381,0.0,2.380952380952381,24.0,3,12.0,7.0,5.0,2.0,3.0,4.0,2.0,3,1,5
20251109TMG01,2025-11-09,内側より上,0,0.0,0.0,0.0,0.0,21.0,4,13.0,6.0,5.0,1.0,4.0,1.0,4.0,1,4,3
20251109TMG02,2025-11-09,内側より下,18,0.0,0.0,0.0,0.0,24.0,5,9.0,6.0,5.0,1.0,5.0,1.0,5.0,1,5,4
20251109TMG03,2025-11-09,内側より上,0,0.0,0.0,0.0,0.0,21.0,5,10.0,3.0,2.0,1.0,5.0,3.0,3.0,1,5,2
20251109TMG05,2025-11-09,内側より下,68,0.0,0.0,0.0,0.0,23.0,6,8.0,10.0,5.0,5.0,4.0,1.0,1.0,3,4,2
20251109TMG06,2025-11-09,内側より下,31,0.0,0.0,0.0,0.0,24.0,5,11.0,6.0,3.0,3.0,3.0,3.0,3.0,1,4,3
20251109TMG07,2025-11-09,内側より下,25,4.0,0.0,4.0,4.0,20.0,5,19.0,5.0,3.0,2.0,3.0,1.0,4.0,2,1,3
20251109TMG08,2025-11-09,内側より下,37,2.7027027027027026,0.0,2.7027027027027026,2.7027027027027026,20.0,4,15.0,6.0,1.0,5.0,3.0,2.0,1.0,2,1,6
20251109TMG09,2025-11-09,内側より下,37,0.0,0.0,0.0,0.0,24.0,4,8.0,7.0,3.0,4.0,3.0,4.0,1.0,4,5,2
20251109TMG10,2025-11-09,内側より下,22,0.0,0.0,0.0,0.0,18.0,5,14.0,4.0,3.0,1.0,3.0,3.0,2.0,1,4,2
20251109TMG11,2025-11-09,内側より下,31,0.0,0.0,0.0,0.0,24.0,2,14.0,6.0,3.0,3.0,3.0,3.0,3.0,1,2,5
20251109TMG12,2025-11-09,内側より下,29,0.0,0.0,0.0,0.0,20.0,6,11.0,6.0,5.0,1.0,3.0,1.0,4.0,1,3,4
20251110TMG01,2025-11-10,内側より上,1,0.0,0.0,0.0,0.0,19.0,5,19.0,8.0,3.0,5.0,2.0,1.0,1.0,1,3,4
20251110TMG02,2025-11-10,内側より下,69,0.0,0.0,0.0,0.0,32.0,3,2.0,10.0,5.0,5.0,3.0,3.0,4.0,5,4,6
20251110TMG03,2025-11-10,内側より上,34,0.0,0.0,0.0,0.0,26.0,3,8.0,8.0,3.0,5.0,1.0,2.0,4.0,6,1,5
20251110TMG04,2025-11-10,内側より上,1,0.0,0.0,0.0,0.0,20.0,5,9.0,4.0,1.0,3.0,3.0,1.0,4.0,5,2,1
20251110TMG05,2025-11-10,内側より上,1,0.0,0.0,0.0,0.0,19.0,6,14.0,8.0,3.0,5.0,2.0,1.0,1.0,1,4,2
20251110TMG06,2025-11-10,内側より上,69,0.0,0.0,0.0,0.0,21.0,5,16.0,10.0,5.0,5.0,2.0,1.0,1.0,3,1,5
20251110TMG07,2025-11-10,内側より下,28,0.0,0.0,0.0,0.0,36.0,1,0.0,9.0,5.0,4.0,5.0,5.0,4.0,1,5,3
20251110TMG08,2025-11-10,内側より下,32,0.0,0.0,0.0,0.0,22.0,5,9.0,5.0,3.0,2.0,3.0,2.0,4.0,1,3,2
20251110TMG09,2025-11-10,内側より下,36,0.0,0.0,0.0,0.0,18.0,5,17.0,4.0,3.0,1.0,3.0,2.0,3.0,1,3,2
20251110TMG10,2025-11-10,内側より上,31,0.0,0.0,0.0,0.0,30.0,1,0.0,6.0,3.0,3.0,3.0,4.0,5.0,2,1,3
20251110TMG11,2025-11-10,内側より下,38,0.0,0.0,0.0,0.0,24.0,4,5.0,4.0,3.0,1.0,3.0,4.0,4.0,1,4,3
20251110TMG12,2025-11-10,内側より下,40,2.5,0.0,2.5,2.5,27.0,3,5.0,6.0,5.0,1.0,4.0,4.0,4.0,4,1,6
20251111TMG01,2025-11-11,内側より上,2,0.0,0.0,0.0,0.0,22.0,5,6.0,10.0,5.0,5.0,3.0,1.0,1.0,4,2,5
20251111TMG02,2025-11-11,内側より下,40,2.5,2.5,0.0,2.5,25.0,3,11.0,4.0,3.0,1.0,4.0,3.0,5.0,1,3,6
20251111TMG03,2025-11-11,同じ,3,0.0,0.0,0.0,0.0,19.0,6,16.0,7.0,5.0,2.0,4.0,2.0,1.0,4,3,1
20251111TMG04,2025-11-11,内側より上,92,0.0,0.0,0.0,0.0,36.0,1,0.0,8.0,3.0,5.0,5.0,5.0,4.0,2,1,4
20251111TMG05,2025-11-11,内側より下,13,0.0,0.0,0.0,0.0,20.0,5,13.0,7.0,3.0,4.0,3.0,1.0,2.0,3,4,1
20251111TMG06,2025-11-11,内側より上,2,0.0,0.0,0.0,0.0,16.0,6,18.0,7.0,5.0,2.0,3.0,1.0,1.0,4,5,6
20251111TMG07,2025-11-11,内側より上,28,7.142857142857143,0.0,3.5714285714285716,3.5714285714285716,14.0,6,20.0,4.0,3.0,1.0,3.0,2.0,1.0,1,2,6
20251111TMG08,2025-11-11,内側より上,3,0.0,0.0,0.0,0.0,20.0,5,18.0,6.0,5.0,1.0,3.0,2.0,3.0,1,2,3
20251111TMG09,2025-11-11,内側より下,28,3.5714285714285716,0.0,0.0,0.0,25.0,3,12.0,4.0,2.0,2.0,5.0,3.0,4.0,3,1,5
20251111TMG10,2025-11-11,内側より下,21,0.0,0.0,0.0,0.0,20.0,6,15.0,5.0,3.0,2.0,3.0,1.0,4.0,2,4,1
20251111TMG12,2025-11-11,内側より下,38,0.0,0.0,0.0,0.0,24.0,4,7.0,6.0,5.0,1.0,3.0,3.0,4.0,3,1,6
20251112TMG01,2025-11-12,内側より上,27,0.0,0.0,0.0,0.0,31.0,3,4.0,10.0,5.0,5.0,4.0,2.0,4.0,3,1,5
20251112TMG02,2025-11-12,内側より上,4,0.0,0.0,0.0,0.0,15.0,6,18.0,4.0,3.0,1.0,4.0,1.0,2.0,3,1,5
20251112TMG03,2025-11-12,内側より上,71,0.0,0.0,0.0,0.0,26.0,2,9.0,8.0,3.0,5.0,3.0,1.0,4.0,3,1,4
20251112TMG04,2025-11-12,内側より上,30,0.0,0.0,0.0,0.0,26.0,2,9.0,5.0,3.0,2.0,3.0,5.0,3.0,4,6,1
20251112TMG05,2025-11-12,内側より上,5,0.0,0.0,0.0,0.0,23.0,4,13.0,10.0,5.0,5.0,4.0,1.0,1.0,1,4,3
20251112TMG06,2025-11-12,内側より下,25,0.0,0.0,0.0,0.0,22.0,4,16.0,4.0,3.0,1.0,3.0,3.0,4.0,1,2,3
20251112TMG07,2025-11-12,内側より下,71,0.0,0.0,0.0,0.0,20.0,5,16.0,6.0,5.0,1.0,3.0,3.0,2.0,1,2,3
20251112TMG08,2025-11-12,内側より上,4,0.0,0.0,0.0,0.0,15.0,6,19.0,4.0,2.0,2.0,3.0,1.0,2.0,1,2,3
20251112TMG09,2025-11-12,内側より下,33,0.0,0.0,0.0,0.0,18.0,6,15.0,6.0,3.0,3.0,5.0,1.0,1.0,2,1,6
20251112TMG10,2025-11-12,内側より下,26,0.0,0.0,0.0,0.0,29.0,2,7.0,10.0,5.0,5.0,4.0,4.0,1.0,1,3,5
20251112TMG11,2025-11-12,内側より下,21,0.0,0.0,0.0,0.0,18.0,6,14.0,4.0,3.0,1.0,3.0,2.0,3.0,1,2,5
20251112TMG12,2025-11-12,内側より上,38,2.6315789473684212,0.0,0.0,0.0,28.0,2,8.0,10.0,5.0,5.0,5.0,1.0,3.0,1,4,6
20251113TMG01,2025-11-13,内側より下,37,0.0,0.0,0.0,0.0,31.0,1,0.0,6.0,3.0,3.0,4.0,5.0,4.0,1,2,3
20251113TMG02,2025-11-13,内側より下,32,0.0,0.0,0.0,0.0,21.0,6,17.0,6.0,5.0,1.0,4.0,2.0,3.0,1,2,3
20251113TMG03,2025-11-13,内側より上,6,0.0,0.0,0.0,0.0,22.0,5,9.0,8.0,3.0,5.0,5.0,1.0,1.0,1,2,4
20251113TMG05,2025-11-13,内側より下,73,0.0,0.0,0.0,0.0,23.0,4,10.0,7.0,2.0,5.0,3.0,2.0,2.0,4,5,2
20251113TMG06,2025-11-13,内側より下,28,3.5714285714285716,0.0,3.5714285714285716,3.5714285714285716,30.0,1,0.0,8.0,3.0,5.0,5.0,3.0,3.0,1,2,3
20251113TMG07,2025-11-13,内側より下,41,2.4390243902439024,0.0,2.4390243902439024,2.4390243902439024,26.0,3,5.0,10.0,5.0,5.0,5.0,1.0,2.0,5,6,2
20251113TMG09,2025-11-13,内側より上,34,2.9411764705882355,0.0,0.0,0.0,30.0,1,0.0,4.0,3.0,1.0,5.0,5.0,5.0,1,6,3
20251113TMG10,2025-11-13,内側より下,14,0.0,0.0,0.0,0.0,21.0,5,15.0,7.0,3.0,4.0,4.0,1.0,2.0,1,4,3
20251113TMG11,2025-11-13,内側より下,29,0.0,0.0,0.0,0.0,30.0,2,2.0,5.0,3.0,2.0,5.0,5.0,4.0,1,4,6
20251113TMG12,2025-11-13,内側より下,39,0.0,0.0,0.0,0.0,21.0,6,11.0,6.0,5.0,1.0,4.0,1.0,4.0,1,2,3
20251114TMG01,2025-11-14,同じ,74,0.0,0.0,0.0,0.0,28.0,3,2.0,10.0,5.0,5.0,3.0,1.0,4.0,5,3,4
20251114TMG02,2025-11-14,内側より上,7,0.0,0.0,0.0,0.0,19.0,6,15.0,7.0,3.0,4.0,4.0,1.0,1.0,1,2,3
20251114TMG03,2025-11-14,内側より上,7,0.0,0.0,0.0,0.0,16.0,6,19.0,5.0,3.0,2.0,3.0,1.0,2.0,4,5,2
20251114TMG04,2025-11-14,内側より下,33,0.0,0.0,0.0,0.0,16.0,6,12.0,6.0,5.0,1.0,3.0,1.0,2.0,5,1,4
20251114TMG05,2025-11-14,内側より上,27,3.7037037037037037,3.7037037037037037,0.0,3.7037037037037037,14.0,6,22.0,6.0,5.0,1.0,3.0,1.0,1.0,4,1,2
20251114TMG06,2025-11-14,内側より下,27,0.0,0.0,0.0,0.0,25.0,3,9.0,6.0,5.0,1.0,2.0,3.0,5.0,1,5,6
20251114TMG07,2025-11-14,同じ,7,0.0,0.0,0.0,0.0,11.0,6,23.0,3.0,2.0,1.0,3.0,1.0,1.0,1,2,3
20251114TMG08,2025-11-14,内側より上,7,0.0,0.0,0.0,0.0,20.0,5,12.0,8.0,3.0,5.0,3.0,1.0,1.0,1,4,5
20251114TMG09,2025-11-14,内側より上,38,0.0,0.0,0.0,0.0,32.0,1,0.0,9.0,5.0,4.0,3.0,4.0,4.0,1,4,2
20251114TMG10,2025-11-14,内側より上,33,3.0303030303030303,0.0,3.0303030303030303,3.0303030303030303,24.0,3,13.0,9.0,5.0,4.0,3.0,1.0,3.0,5,4,6
20251114TMG11,2025-11-14,内側より下,40,2.5,2.5,0.0,2.5,22.0,5,9.0,8.0,3.0,5.0,3.0,1.0,2.0,5,1,4
20251114TMG12,2025-11-14,内側より下,38,2.6315789473684212,0.0,2.6315789473684212,2.6315789473684212,26.0,3,6.0,6.0,5.0,1.0,3.0,3.0,5.0,1,2,3
20251119TMG01,2025-11-19,内側より下,24,0.0,0.0,0.0,0.0,26.0,1,0.0,6.0,5.0,1.0,5.0,3.0,4.0,4,5,6
20251119TMG03,2025-11-19,同じ,30,10.0,3.3333333333333335,6.666666666666667,10.0,29.0,1,0.0,6.0,5.0,1.0,4.0,4.0,5.0,2,4,5
20251119TMG04,2025-11-19,内側より下,20,0.0,0.0,0.0,0.0,22.0,4,12.0,5.0,3.0,2.0,3.0,1.0,5.0,1,2,4
20251119TMG05,2025-11-19,内側より上,33,0.0,0.0,0.0,0.0,30.0,2,7.0,4.0,3.0,1.0,5.0,5.0,5.0,1,2,3
20251119TMG06,2025-11-19,内側より上,35,5.714285714285714,2.857142857142857,2.857142857142857,5.714285714285714,25.0,4,11.0,6.0,5.0,1.0,4.0,3.0,4.0,4,6,1
20251119TMG07,2025-11-19,内側より上,38,0.0,0.0,0.0,0.0,28.0,3,7.0,7.0,3.0,4.0,3.0,5.0,2.0,1,6,3
20251119TMG08,2025-11-19,内側より下,31,3.225806451612903,0.0,3.225806451612903,3.225806451612903,28.0,2,8.0,8.0,3.0,5.0,5.0,4.0,1.0,2,3,4
20251119TMG09,2025-11-19,内側より下,35,0.0,0.0,0.0,0.0,29.0,3,1.0,8.0,5.0,3.0,4.0,4.0,3.0,2,1,5
20251119TMG10,2025-11-19,内側より下,19,0.0,0.0,0.0,0.0,18.0,5,12.0,4.0,3.0,1.0,1.0,2.0,4.0,5,6,1
20251119TMG11,2025-11-19,内側より上,28,7.142857142857143,0.0,7.142857142857143,7.142857142857143,24.0,4,10.0,10.0,5.0,5.0,3.0,2.0,1.0,1,4,5
20251119TMG12,2025-11-19,内側より下,36,5.555555555555555,0.0,2.7777777777777777,2.7777777777777777,21.0,4,14.0,3.0,2.0,1.0,3.0,3.0,4.0,1,2,4
20251120TMG01,2025-11-20,内側より下,31,0.0,0.0,0.0,0.0,23.0,5,5.0,5.0,2.0,3.0,3.0,3.0,3.0,2,3,1
20251120TMG02,2025-11-20,内側より上,34,0.0,0.0,0.0,0.0,26.0,3,6.0,10.0,5.0,5.0,3.0,3.0,1.0,3,2,6
20251120TMG03,2025-11-20,内側より上,20,0.0,0.0,0.0,0.0,32.0,1,0.0,8.0,5.0,3.0,3.0,4.0,5.0,2,4,3
20251120TMG04,2025-11-20,内側より下,16,0.0,0.0,0.0,0.0,25.0,3,10.0,4.0,3.0,1.0,4.0,3.0,5.0,3,1,4
20251120TMG06,2025-11-20,同じ,31,0.0,0.0,0.0,0.0,19.0,5,10.0,4.0,3.0,1.0,2.0,4.0,2.0,1,5,4
20251120TMG07,2025-11-20,内側より下,20,0.0,0.0,0.0,0.0,20.0,5,13.0,4.0,3.0,1.0,3.0,1.0,5.0,5,4,3
20251120TMG08,2025-11-20,内側より上,45,0.0,0.0,0.0,0.0,23.0,6,12.0,9.0,5.0,4.0,4.0,2.0,1.0,2,1,5
20251120TMG09,2025-11-20,内側より下,36,0.0,0.0,0.0,0.0,28.0,2,5.0,8.0,3.0,5.0,3.0,3.0,3.0,1,3,6
20251120TMG10,2025-11-20,内側より下,29,0.0,0.0,0.0,0.0,31.0,1,0.0,9.0,5.0,4.0,4.0,4.0,3.0,1,3,6
20251120TMG11,2025-11-20,内側より下,31,0.0,0.0,0.0,0.0,22.0,4,13.0,6.0,5.0,1.0,3.0,2.0,4.0,1,2,4
20251120TMG12,2025-11-20,内側より下,37,8.108108108108109,0.0,2.7027027027027026,2.7027027027027026,22.0,4,13.0,10.0,5.0,5.0,3.0,1.0,1.0,1,2,3
20251121TMG01,2025-11-21,内側より下,36,11.11111111111111,2.7777777777777777,2.7777777777777777,5.555555555555555,27.0,2,5.0,6.0,2.0,4.0,3.0,3.0,4.0,1,2,3
20251121TMG02,2025-11-21,内側より下,20,5.0,0.0,5.0,5.0,19.0,5,15.0,4.0,3.0,1.0,4.0,1.0,4.0,1,5,4
20251121TMG04,2025-11-21,内側より下,30,3.3333333333333335,0.0,0.0,0.0,18.0,6,11.0,7.0,5.0,2.0,3.0,1.0,2.0,1,2,3
20251121TMG05,2025-11-21,内側より下,38,7.894736842105263,2.6315789473684212,2.6315789473684212,5.2631578947368425,15.0,6,17.0,4.0,3.0,1.0,2.0,1.0,3.0,3,4,6
20251121TMG06,2025-11-21,内側より下,18,0.0,0.0,0.0,0.0,17.0,6,22.0,6.0,5.0,1.0,2.0,1.0,3.0,1,2,5
20251121TMG07,2025-11-21,内側より上,36,0.0,0.0,0.0,0.0,19.0,6,15.0,6.0,5.0,1.0,2.0,2.0,3.0,1,2,4
20251121TMG08,2025-11-21,内側より下,38,0.0,0.0,0.0,0.0,24.0,3,6.0,6.0,5.0,1.0,3.0,3.0,4.0,3,2,5
20251121TMG09,2025-11-21,内側より下,37,2.7027027027027026,0.0,0.0,0.0,26.0,4,8.0,7.0,5.0,2.0,3.0,3.0,4.0,2,1,4
20251121TMG10,2025-11-21,内側より下,24,0.0,0.0,0.0,0.0,16.0,5,16.0,6.0,3.0,3.0,3.0,1.0,1.0,1,4,3
20251121TMG11,2025-11-21,内側より上,36,0.0,0.0,0.0,0.0,28.0,2,6.0,10.0,5.0,5.0,3.0,4.0,1.0,1,3,2
20251121TMG12,2025-11-21,内側より下,27,0.0,0.0,0.0,0.0,25.0,5,8.0,6.0,5.0,1.0,4.0,2.0,5.0,1,2,5
20251122TMG01,2025-11-22,内側より上,37,0.0,0.0,0.0,0.0,20.0,5,14.0,8.0,3.0,5.0,3.0,1.0,1.0,2,1,3
20251122TMG02,2025-11-22,内側より下,38,2.6315789473684212,0.0,0.0,0.0,28.0,2,2.0,6.0,5.0,1.0,3.0,4.0,5.0,2,3,4
20251122TMG03,2025-11-22,内側より下,27,11.11111111111111,0.0,3.7037037037037037,3.7037037037037037,22.0,5,10.0,6.0,5.0,1.0,3.0,1.0,5.0,1,4,5
20251122TMG04,2025-11-22,内側より下,30,0.0,0.0,0.0,0.0,26.0,2,5.0,8.0,3.0,5.0,3.0,4.0,1.0,2,1,3
20251122TMG05,2025-11-22,内側より下,28,7.142857142857143,3.5714285714285716,3.5714285714285716,7.142857142857143,16.0,6,18.0,4.0,3.0,1.0,3.0,1.0,3.0,2,1,5
20251122TMG06,2025-11-22,内側より下,26,0.0,0.0,0.0,0.0,26.0,4,11.0,10.0,5.0,5.0,3.0,3.0,1.0,4,1,2
20251122TMG07,2025-11-22,内側より下,32,0.0,0.0,0.0,0.0,20.0,6,10.0,6.0,5.0,1.0,3.0,2.0,3.0,1,3,2
20251122TMG08,2025-11-22,内側より下,26,0.0,0.0,0.0,0.0,26.0,2,5.0,8.0,3.0,5.0,3.0,3.0,2.0,1,4,3
20251122TMG09,2025-11-22,内側より下,42,2.380952380952381,0.0,2.380952380952381,2.380952380952381,23.0,4,12.0,3.0,2.0,1.0,3.0,4.0,4.0,1,2,3
20251122TMG10,2025-11-22,内側より下,28,3.5714285714285716,0.0,3.5714285714285716,3.5714285714285716,24.0,3,9.0,4.0,3.0,1.0,3.0,3.0,5.0,1,5,3
20251122TMG11,2025-11-22,内側より下,41,2.4390243902439024,0.0,0.0,0.0,25.0,3,7.0,3.0,2.0,1.0,3.0,5.0,4.0,1,4,3
20251122TMG12,2025-11-22,内側より下,31,0.0,0.0,0.0,0.0,18.0,6,16.0,6.0,5.0,1.0,3.0,1.0,3.0,1,3,4
20251123TMG01,2025-11-23,内側より下,29,6.896551724137931,3.4482758620689653,3.4482758620689653,6.896551724137931,21.0,5,16.0,4.0,3.0,1.0,4.0,1.0,5.0,1,4,6
20251123TMG02,2025-11-23,内側より下,31,0.0,0.0,0.0,0.0,21.0,6,9.0,8.0,3.0,5.0,4.0,1.0,1.0,1,3,4
20251123TMG04,2025-11-23,内側より上,33,6.0606060606060606,6.0606060606060606,0.0,6.0606060606060606,14.0,6,21.0,4.0,3.0,1.0,3.0,1.0,2.0,2,1,3
20251123TMG05,2025-11-23,内側より上,30,0.0,0.0,0.0,0.0,28.0,4,7.0,10.0,5.0,5.0,3.0,4.0,1.0,1,2,3
20251123TMG06,2025-11-23,内側より下,31,0.0,0.0,0.0,0.0,27.0,3,5.0,6.0,5.0,1.0,4.0,4.0,4.0,1,3,4
20251123TMG07,2025-11-23,内側より下,34,0.0,0.0,0.0,0.0,32.0,1,0.0,10.0,5.0,5.0,5.0,4.0,2.0,1,5,3
20251123TMG08,2025-11-23,内側より下,25,0.0,0.0,0.0,0.0,29.0,1,0.0,8.0,3.0,5.0,4.0,4.0,2.0,1,2,5
20251123TMG09,2025-11-23,内側より下,25,0.0,0.0,0.0,0.0,20.0,5,17.0,8.0,3.0,5.0,3.0,1.0,1.0,2,1,3
20251123TMG10,2025-11-23,内側より下,41,2.4390243902439024,0.0,0.0,0.0,20.0,5,12.0,4.0,3.0,1.0,3.0,3.0,3.0,1,4,2
20251123TMG11,2025-11-23,内側より上,32,0.0,0.0,0.0,0.0,18.0,5,17.0,6.0,5.0,1.0,3.0,2.0,2.0,1,4,6
20251123TMG12,2025-11-23,内側より下,39,0.0,0.0,0.0,0.0,28.0,2,6.0,8.0,3.0,5.0,3.0,4.0,2.0,1,6,3
20251124TMG01,2025-11-24,内側より上,19,0.0,0.0,0.0,0.0,18.0,6,12.0,8.0,5.0,3.0,3.0,1.0,1.0,1,2,4
20251124TMG02,2025-11-24,内側より上,38,7.894736842105263,0.0,2.6315789473684212,2.6315789473684212,32.0,1,0.0,10.0,5.0,5.0,5.0,5.0,1.0,2,3,1
20251124TMG03,2025-11-24,内側より下,27,0.0,0.0,0.0,0.0,28.0,3,1.0,9.0,5.0,4.0,3.0,4.0,2.0,1,3,2
20251124TMG04,2025-11-24,内側より下,20,0.0,0.0,0.0,0.0,34.0,1,0.0,10.0,5.0,5.0,3.0,5.0,3.0,1,2,5
20251124TMG05,2025-11-24,内側より下,28,7.142857142857143,0.0,7.142857142857143,7.142857142857143,30.0,1,0.0,8.0,5.0,3.0,3.0,3.0,5.0,1,2,3
20251124TMG06,2025-11-24,内側より下,30,3.3333333333333335,0.0,0.0,0.0,27.0,2,5.0,6.0,5.0,1.0,4.0,3.0,5.0,3,6,5
20251124TMG07,2025-11-24,内側より下,33,0.0,0.0,0.0,0.0,34.0,1,0.0,10.0,5.0,5.0,5.0,5.0,2.0,4,6,1
20251124TMG08,2025-11-24,内側より上,34,0.0,0.0,0.0,0.0,31.0,2,2.0,9.0,5.0,4.0,4.0,3.0,4.0,1,3,4
20251124TMG09,2025-11-24,内側より上,37,0.0,0.0,0.0,0.0,21.0,4,8.0,2.0,1.0,1.0,2.0,3.0,5.0,2,1,4
20251124TMG10,2025-11-24,内側より下,39,7.6923076923076925,2.5641025641025643,2.5641025641025643,5.128205128205129,15.0,5,20.0,3.0,2.0,1.0,3.0,1.0,3.0,1,4,5
20251124TMG11,2025-11-24,内側より下,36,5.555555555555555,0.0,2.7777777777777777,2.7777777777777777,24.0,3,14.0,4.0,3.0,1.0,3.0,3.0,5.0,1,2,4
20251124TMG12,2025-11-24,内側より下,20,0.0,0.0,0.0,0.0,22.0,5,7.0,6.0,5.0,1.0,3.0,1.0,5.0,5,4,3
20251129TMG01,2025-11-29,内側より上,0,0.0,0.0,0.0,0.0,21.0,4,13.0,8.0,3.0,5.0,4.0,1.0,1.0,2,4,1
20251129TMG02,2025-11-29,内側より下,25,0.0,0.0,0.0,0.0,20.0,4,15.0,5.0,3.0,2.0,3.0,1.0,4.0,4,3,1
20251129TMG03,2025-11-29,内側より上,0,0.0,0.0,0.0,0.0,22.0,6,12.0,10.0,5.0,5.0,3.0,1.0,1.0,4,1,5
20251129TMG04,2025-11-29,内側より下,39,2.5641025641025643,0.0,0.0,0.0,27.0,3,5.0,5.0,3.0,2.0,4.0,4.0,4.0,2,3,6
20251129TMG05,2025-11-29,内側より下,23,0.0,0.0,0.0,0.0,24.0,5,8.0,6.0,5.0,1.0,5.0,1.0,5.0,5,4,1
20251129TMG06,2025-11-29,内側より下,30,0.0,0.0,0.0,0.0,31.0,2,1.0,10.0,5.0,5.0,4.0,4.0,2.0,4,6,5
20251129TMG07,2025-11-29,内側より上,59,0.0,0.0,0.0,0.0,20.0,5,11.0,9.0,5.0,4.0,3.0,1.0,1.0,3,2,1
20251129TMG08,2025-11-29,内側より上,59,8.474576271186441,3.389830508474576,5.084745762711864,8.47457627118644,18.0,5,20.0,7.0,5.0,2.0,5.0,1.0,1.0,6,4,1
20251129TMG09,2025-11-29,内側より上,40,5.0,2.5,2.5,5.0,18.0,6,14.0,6.0,5.0,1.0,5.0,2.0,1.0,6,5,3
20251129TMG10,2025-11-29,内側より下,21,0.0,0.0,0.0,0.0,29.0,2,7.0,8.0,3.0,5.0,4.0,4.0,2.0,1,3,5
20251129TMG11,2025-11-29,内側より上,31,6.451612903225806,0.0,0.0,0.0,24.0,3,7.0,8.0,3.0,5.0,5.0,2.0,1.0,1,2,6
20251129TMG12,2025-11-29,内側より下,35,2.857142857142857,2.857142857142857,0.0,2.857142857142857,26.0,2,8.0,6.0,5.0,1.0,3.0,4.0,4.0,2,4,1
20251130TMG01,2025-11-30,内側より上,1,0.0,0.0,0.0,0.0,25.0,4,7.0,7.0,2.0,5.0,5.0,3.0,1.0,5,1,3
20251130TMG02,2025-11-30,内側より下,42,2.380952380952381,0.0,2.380952380952381,2.380952380952381,22.0,4,14.0,7.0,5.0,2.0,3.0,1.0,4.0,5,6,1
20251130TMG03,2025-11-30,内側より下,60,10.0,3.3333333333333335,6.666666666666667,10.0,18.0,4,13.0,5.0,3.0,2.0,5.0,1.0,2.0,6,1,5
20251130TMG04,2025-11-30,内側より上,1,0.0,0.0,0.0,0.0,21.0,6,13.0,6.0,5.0,1.0,4.0,2.0,3.0,4,1,2
20251130TMG05,2025-11-30,内側より下,26,0.0,0.0,0.0,0.0,20.0,4,16.0,4.0,3.0,1.0,3.0,3.0,3.0,5,4,1
20251130TMG06,2025-11-30,内側より上,13,0.0,0.0,0.0,0.0,20.0,6,14.0,8.0,3.0,5.0,3.0,1.0,1.0,1,3,5
20251130TMG07,2025-11-30,内側より上,6,0.0,0.0,0.0,0.0,11.0,6,22.0,2.0,1.0,1.0,4.0,1.0,1.0,4,5,1
20251130TMG08,2025-11-30,内側より下,34,2.9411764705882355,0.0,2.9411764705882355,2.9411764705882355,33.0,1,0.0,6.0,1.0,5.0,4.0,5.0,4.0,3,1,6
20251130TMG09,2025-11-30,内側より下,27,7.407407407407407,7.407407407407407,0.0,7.407407407407407,24.0,4,10.0,6.0,5.0,1.0,3.0,3.0,4.0,1,2,4
20251130TMG10,2025-11-30,内側より下,25,0.0,0.0,0.0,0.0,28.0,2,3.0,6.0,5.0,1.0,3.0,4.0,5.0,5,1,6
20251130TMG11,2025-11-30,同じ,32,6.25,0.0,0.0,0.0,24.0,4,10.0,6.0,3.0,3.0,3.0,3.0,3.0,5,1,3
20251130TMG12,2025-11-30,内側より上,32,0.0,0.0,0.0,0.0,22.0,3,15.0,6.0,5.0,1.0,3.0,2.0,4.0,2,3,1
20251201TMG01,2025-12-01,内側より上,2,0.0,0.0,0.0,0.0,23.0,5,5.0,7.0,2.0,5.0,3.0,3.0,1.0,1,3,4
20251201TMG02,2025-12-01,内側より上,2,0.0,0.0,0.0,0.0,19.0,6,18.0,6.0,5.0,1.0,4.0,1.0,3.0,3,1,2
20251201TMG03,2025-12-01,内側より上,27,7.407407407407407,7.407407407407407,0.0,7.407407407407407,16.0,6,14.0,6.0,5.0,1.0,3.0,1.0,2.0,1,4,2
20251201TMG04,2025-12-01,内側より下,60,0.0,0.0,0.0,0.0,18.0,6,19.0,7.0,2.0,5.0,2.0,1.0,1.0,1,4,5
20251201TMG06,2025-12-01,内側より上,2,0.0,0.0,0.0,0.0,17.0,5,19.0,3.0,2.0,1.0,3.0,1.0,4.0,1,3,4
20251201TMG07,2025-12-01,内側より上,2,0.0,0.0,0.0,0.0,20.0,5,14.0,7.0,2.0,5.0,4.0,1.0,1.0,4,3,2
20251201TMG08,2025-12-01,内側より下,26,0.0,0.0,0.0,0.0,21.0,4,13.0,6.0,5.0,1.0,2.0,2.0,4.0,5,4,1
20251201TMG09,2025-12-01,内側より下,36,0.0,0.0,0.0,0.0,14.0,6,18.0,4.0,3.0,1.0,3.0,1.0,2.0,4,5,2
20251201TMG10,2025-12-01,内側より下,61,11.475409836065573,3.278688524590164,8.19672131147541,11.475409836065573,18.0,5,19.0,5.0,3.0,2.0,5.0,1.0,2.0,3,6,1
20251201TMG11,2025-12-01,内側より下,28,0.0,0.0,0.0,0.0,18.0,5,16.0,4.0,3.0,1.0,3.0,1.0,4.0,1,2,5
20251201TMG12,2025-12-01,内側より上,45,6.666666666666667,4.444444444444445,2.2222222222222223,6.666666666666667,26.0,2,9.0,4.0,3.0,1.0,3.0,4.0,5.0,1,2,3
20251202TMG01,2025-12-02,内側より上,4,0.0,0.0,0.0,0.0,18.0,5,20.0,7.0,3.0,4.0,3.0,1.0,1.0,2,3,4
20251202TMG02,2025-12-02,内側より上,27,0.0,0.0,0.0,0.0,26.0,2,4.0,6.0,5.0,1.0,3.0,3.0,5.0,3,5,6
20251202TMG03,2025-12-02,内側より上,4,0.0,0.0,0.0,0.0,21.0,4,12.0,6.0,5.0,1.0,4.0,1.0,4.0,4,3,5
20251202TMG04,2025-12-02,内側より上,38,10.526315789473685,5.2631578947368425,2.6315789473684212,7.894736842105264,22.0,4,10.0,6.0,5.0,1.0,3.0,2.0,4.0,1,6,5
20251202TMG05,2025-12-02,内側より下,62,11.290322580645162,3.225806451612903,8.064516129032258,11.29032258064516,18.0,6,16.0,6.0,5.0,1.0,5.0,2.0,1.0,4,2,5
20251202TMG06,2025-12-02,内側より上,4,0.0,0.0,0.0,0.0,16.0,6,13.0,4.0,3.0,1.0,3.0,2.0,2.0,1,3,2
20251202TMG07,2025-12-02,内側より下,61,0.0,0.0,0.0,0.0,21.0,4,13.0,10.0,5.0,5.0,2.0,1.0,1.0,1,5,4
20251202TMG08,2025-12-02,内側より上,4,0.0,0.0,0.0,0.0,18.0,6,16.0,6.0,3.0,3.0,3.0,1.0,2.0,5,4,1
20251202TMG09,2025-12-02,内側より下,34,5.882352941176471,0.0,2.9411764705882355,2.9411764705882355,18.0,5,18.0,6.0,5.0,1.0,3.0,1.0,3.0,1,5,6
20251202TMG10,2025-12-02,内側より下,62,11.290322580645162,3.225806451612903,8.064516129032258,11.29032258064516,28.0,4,2.0,10.0,5.0,5.0,5.0,3.0,1.0,1,2,4
20251202TMG11,2025-12-02,内側より下,38,2.6315789473684212,0.0,0.0,0.0,22.0,6,11.0,8.0,3.0,5.0,3.0,1.0,2.0,3,2,1
20251202TMG12,2025-12-02,内側より上,43,2.3255813953488373,0.0,2.3255813953488373,2.3255813953488373,20.0,4,12.0,6.0,5.0,1.0,1.0,1.0,5.0,4,1,3
20251203TMG02,2025-12-03,内側より上,25,0.0,0.0,0.0,0.0,22.0,4,16.0,7.0,5.0,2.0,3.0,1.0,4.0,2,1,4
20251203TMG03,2025-12-03,内側より下,64,10.9375,3.125,7.8125,10.9375,14.0,6,21.0,4.0,3.0,1.0,5.0,1.0,1.0,6,5,1
20251203TMG04,2025-12-03,内側より上,18,0.0,0.0,0.0,0.0,24.0,5,6.0,10.0,5.0,5.0,3.0,2.0,1.0,3,5,1
20251203TMG06,2025-12-03,同じ,28,0.0,0.0,0.0,0.0,24.0,3,10.0,6.0,5.0,1.0,3.0,3.0,4.0,1,2,3
20251203TMG07,2025-12-03,内側より下,14,0.0,0.0,0.0,0.0,14.0,6,18.0,4.0,3.0,1.0,3.0,1.0,2.0,5,3,4
20251203TMG08,2025-12-03,内側より上,6,0.0,0.0,0.0,0.0,16.0,6,18.0,4.0,3.0,1.0,3.0,1.0,3.0,1,4,3
20251203TMG09,2025-12-03,内側より上,36,2.7777777777777777,0.0,0.0,0.0,21.0,5,15.0,6.0,5.0,1.0,4.0,1.0,4.0,1,3,5
20251203TMG10,2025-12-03,内側より下,14,0.0,0.0,0.0,0.0,26.0,3,9.0,10.0,5.0,5.0,3.0,2.0,2.0,1,6,4
20251203TMG11,2025-12-03,内側より下,44,2.272727272727273,0.0,2.272727272727273,2.272727272727273,13.0,6,23.0,4.0,3.0,1.0,2.0,1.0,2.0,3,5,6
20251210TMG01,2025-12-10,内側より下,67,0.0,0.0,0.0,0.0,30.0,3,9.0,8.0,5.0,3.0,3.0,4.0,4.0,3,4,2
20251210TMG02,2025-12-10,内側より上,29,6.896551724137931,0.0,3.4482758620689653,3.4482758620689653,29.0,3,5.0,8.0,3.0,5.0,4.0,3.0,3.0,4,5,3
20251210TMG03,2025-12-10,内側より下,37,0.0,0.0,0.0,0.0,14.0,6,20.0,4.0,3.0,1.0,3.0,1.0,2.0,2,1,4
20251210TMG04,2025-12-10,内側より上,49,2.0408163265306123,2.0408163265306123,0.0,2.0408163265306123,35.0,2,1.0,10.0,5.0,5.0,4.0,3.0,5.0,5,4,6
20251210TMG05,2025-12-10,内側より上,107,0.0,0.0,0.0,0.0,24.0,2,1.0,7.0,2.0,5.0,4.0,3.0,1.0,4,2,3
20251210TMG06,2025-12-10,内側より上,23,0.0,0.0,0.0,0.0,20.0,5,12.0,7.0,5.0,2.0,3.0,3.0,1.0,5,2,1
20251210TMG07,2025-12-10,内側より下,31,0.0,0.0,0.0,0.0,26.0,3,6.0,8.0,5.0,3.0,3.0,2.0,4.0,1,4,2
20251210TMG08,2025-12-10,同じ,33,0.0,0.0,0.0,0.0,18.0,6,13.0,5.0,3.0,2.0,3.0,1.0,3.0,3,5,2
20251210TMG10,2025-12-10,内側より下,35,2.857142857142857,0.0,2.857142857142857,2.857142857142857,34.0,1,0.0,10.0,5.0,5.0,5.0,4.0,3.0,1,2,5
20251210TMG11,2025-12-10,内側より下,35,0.0,0.0,0.0,0.0,20.0,6,12.0,9.0,5.0,4.0,3.0,1.0,1.0,5,4,6
20251210TMG12,2025-12-10,内側より下,35,0.0,0.0,0.0,0.0,28.0,2,3.0,6.0,5.0,1.0,5.0,3.0,5.0,5,1,4
20251211TMG01,2025-12-11,内側より下,108,0.0,0.0,0.0,0.0,20.0,4,18.0,8.0,3.0,5.0,3.0,1.0,1.0,1,5,2
20251211TMG02,2025-12-11,内側より下,23,4.3478260869565215,0.0,4.3478260869565215,4.3478260869565215,25.0,2,8.0,4.0,3.0,1.0,4.0,3.0,5.0,1,3,5
20251211TMG03,2025-12-11,内側より下,32,0.0,0.0,0.0,0.0,18.0,6,12.0,6.0,5.0,1.0,3.0,1.0,3.0,4,3,6
20251211TMG04,2025-12-11,内側より下,68,0.0,0.0,0.0,0.0,28.0,2,4.0,8.0,3.0,5.0,3.0,3.0,3.0,1,2,5
20251211TMG05,2025-12-11,内側より上,34,0.0,0.0,0.0,0.0,16.0,6,18.0,4.0,3.0,1.0,3.0,1.0,3.0,1,2,3
20251211TMG06,2025-12-11,内側より上,37,8.108108108108109,0.0,2.7027027027027026,2.7027027027027026,28.0,3,3.0,6.0,5.0,1.0,3.0,4.0,5.0,5,3,6
20251211TMG08,2025-12-11,内側より上,108,0.0,0.0,0.0,0.0,27.0,3,1.0,7.0,2.0,5.0,3.0,2.0,4.0,2,4,1
20251211TMG09,2025-12-11,内側より下,24,0.0,0.0,0.0,0.0,25.0,3,11.0,7.0,2.0,5.0,3.0,4.0,1.0,1,2,3
20251211TMG10,2025-12-11,内側より下,37,10.81081081081081,0.0,5.405405405405405,5.405405405405405,22.0,5,12.0,8.0,3.0,5.0,3.0,2.0,1.0,1,2,5
20251211TMG11,2025-12-11,内側より下,34,2.9411764705882355,0.0,0.0,0.0,14.0,5,22.0,4.0,3.0,1.0,1.0,1.0,3.0,1,2,3
20251211TMG12,2025-12-11,内側より上,35,2.857142857142857,0.0,0.0,0.0,30.0,1,0.0,6.0,5.0,1.0,3.0,5.0,5.0,1,2,3
20251212TMG01,2025-12-12,内側より下,69,0.0,0.0,0.0,0.0,26.0,3,5.0,10.0,5.0,5.0,3.0,3.0,1.0,1,3,2
20251212TMG02,2025-12-12,内側より下,31,3.225806451612903,0.0,0.0,0.0,22.0,5,7.0,6.0,3.0,3.0,3.0,2.0,3.0,1,4,2
20251212TMG03,2025-12-12,内側より下,24,0.0,0.0,0.0,0.0,25.0,4,5.0,7.0,5.0,2.0,4.0,2.0,4.0,1,2,5
20251212TMG05,2025-12-12,内側より下,28,3.5714285714285716,3.5714285714285716,0.0,3.5714285714285716,22.0,5,10.0,10.0,5.0,5.0,3.0,1.0,1.0,3,6,1
20251212TMG06,2025-12-12,内側より下,21,0.0,0.0,0.0,0.0,22.0,3,12.0,4.0,3.0,1.0,3.0,4.0,3.0,3,4,1
20251212TMG07,2025-12-12,内側より下,25,4.0,0.0,4.0,4.0,24.0,4,5.0,6.0,5.0,1.0,1.0,3.0,5.0,4,3,5
20251212TMG08,2025-12-12,内側より下,31,3.225806451612903,0.0,3.225806451612903,3.225806451612903,20.0,4,12.0,6.0,5.0,1.0,1.0,1.0,5.0,4,1,2
20251212TMG09,2025-12-12,内側より下,30,3.3333333333333335,0.0,0.0,0.0,19.0,5,11.0,4.0,3.0,1.0,2.0,1.0,5.0,4,1,2
20251212TMG10,2025-12-12,内側より上,33,0.0,0.0,0.0,0.0,25.0,3,7.0,4.0,3.0,1.0,2.0,4.0,5.0,1,4,5
20251212TMG11,2025-12-12,内側より下,26,0.0,0.0,0.0,0.0,14.0,6,18.0,6.0,5.0,1.0,3.0,1.0,1.0,1,3,4
20251212TMG12,2025-12-12,内側より上,21,0.0,0.0,0.0,0.0,26.0,3,10.0,6.0,5.0,1.0,1.0,4.0,5.0,1,2,5
20251213TMG01,2025-12-13,内側より下,70,0.0,0.0,0.0,0.0,24.0,5,9.0,8.0,3.0,5.0,3.0,3.0,1.0,1,4,3
20251213TMG02,2025-12-13,内側より下,26,0.0,0.0,0.0,0.0,21.0,6,10.0,6.0,5.0,1.0,2.0,3.0,3.0,1,3,2
20251213TMG03,2025-12-13,内側より下,38,0.0,0.0,0.0,0.0,22.0,4,16.0,6.0,5.0,1.0,3.0,1.0,5.0,5,4,1
20251213TMG04,2025-12-13,内側より下,17,0.0,0.0,0.0,0.0,23.0,3,13.0,6.0,3.0,3.0,4.0,3.0,2.0,1,2,5
20251213TMG05,2025-12-13,同じ,36,0.0,0.0,0.0,0.0,30.0,1,0.0,8.0,5.0,3.0,5.0,3.0,4.0,1,6,3
20251213TMG07,2025-12-13,内側より上,20,0.0,0.0,0.0,0.0,29.0,1,0.0,9.0,5.0,4.0,4.0,4.0,2.0,4,3,6
20251213TMG08,2025-12-13,内側より上,38,7.894736842105263,0.0,2.6315789473684212,2.6315789473684212,32.0,2,7.0,7.0,5.0,2.0,5.0,5.0,4.0,1,6,3
20251213TMG09,2025-12-13,内側より下,25,0.0,0.0,0.0,0.0,25.0,3,9.0,4.0,3.0,1.0,4.0,4.0,4.0,1,4,3
20251213TMG10,2025-12-13,内側より上,24,0.0,0.0,0.0,0.0,20.0,5,12.0,6.0,3.0,3.0,3.0,1.0,3.0,1,2,5
20251213TMG11,2025-12-13,内側より下,25,0.0,0.0,0.0,0.0,24.0,5,10.0,4.0,3.0,1.0,3.0,3.0,5.0,1,2,5
20251213TMG12,2025-12-13,内側より下,32,3.125,0.0,0.0,0.0,25.0,2,6.0,5.0,2.0,3.0,3.0,3.0,4.0,1,3,4
20251214TMG01,2025-12-14,内側より下,36,2.7777777777777777,0.0,0.0,0.0,29.0,1,0.0,8.0,5.0,3.0,4.0,3.0,4.0,5,6,1
20251214TMG02,2025-12-14,内側より上,22,0.0,0.0,0.0,0.0,26.0,2,6.0,10.0,5.0,5.0,3.0,1.0,3.0,2,5,4
20251214TMG03,2025-12-14,内側より下,22,0.0,0.0,0.0,0.0,26.0,3,4.0,9.0,5.0,4.0,3.0,3.0,2.0,1,3,5
20251214TMG04,2025-12-14,内側より上,24,4.166666666666667,0.0,0.0,0.0,23.0,3,11.0,7.0,2.0,5.0,3.0,2.0,2.0,4,6,2
20251214TMG05,2025-12-14,内側より下,22,0.0,0.0,0.0,0.0,28.0,1,0.0,4.0,3.0,1.0,3.0,5.0,5.0,1,5,4
20251214TMG06,2025-12-14,内側より下,109,0.0,0.0,0.0,0.0,26.0,3,12.0,10.0,5.0,5.0,3.0,3.0,1.0,1,2,3
20251214TMG07,2025-12-14,内側より下,71,0.0,0.0,0.0,0.0,28.0,3,3.0,8.0,5.0,3.0,3.0,3.0,4.0,2,3,1
20251214TMG08,2025-12-14,内側より下,26,0.0,0.0,0.0,0.0,23.0,4,7.0,3.0,2.0,1.0,1.0,4.0,5.0,3,5,4
20251214TMG09,2025-12-14,内側より上,25,4.0,4.0,0.0,4.0,22.0,5,10.0,10.0,5.0,5.0,3.0,1.0,1.0,4,5,1
20251214TMG10,2025-12-14,内側より下,27,0.0,0.0,0.0,0.0,21.0,4,9.0,6.0,5.0,1.0,4.0,2.0,3.0,1,4,3
20251214TMG11,2025-12-14,内側より下,32,3.125,0.0,3.125,3.125,22.0,5,12.0,4.0,3.0,1.0,3.0,3.0,4.0,1,2,3
20251214TMG12,2025-12-14,内側より下,31,0.0,0.0,0.0,0.0,14.0,6,20.0,5.0,3.0,2.0,3.0,1.0,1.0,1,4,2
20251217TMG01,2025-12-17,内側より下,46,2.1739130434782608,0.0,0.0,0.0,20.0,5,13.0,6.0,5.0,1.0,5.0,1.0,3.0,1,3,4
20251217TMG02,2025-12-17,内側より下,25,4.0,0.0,4.0,4.0,22.0,5,11.0,6.0,5.0,1.0,3.0,1.0,5.0,5,1,6
20251217TMG03,2025-12-17,内側より下,22,0.0,0.0,0.0,0.0,16.0,6,18.0,7.0,5.0,2.0,3.0,1.0,1.0,2,3,1
20251217TMG04,2025-12-17,内側より下,29,6.896551724137931,0.0,6.896551724137931,6.896551724137931,34.0,1,0.0,7.0,3.0,4.0,3.0,5.0,5.0,2,1,6
20251217TMG05,2025-12-17,内側より上,31,3.225806451612903,0.0,3.225806451612903,3.225806451612903,29.0,3,3.0,10.0,5.0,5.0,4.0,3.0,2.0,1,2,4
20251217TMG06,2025-12-17,内側より下,39,5.128205128205129,0.0,5.128205128205129,5.128205128205129,30.0,2,5.0,10.0,5.0,5.0,3.0,5.0,1.0,4,1,6
20251217TMG07,2025-12-17,内側より下,28,0.0,0.0,0.0,0.0,23.0,3,13.0,2.0,1.0,1.0,4.0,4.0,4.0,1,3,5
20251217TMG08,2025-12-17,内側より上,23,0.0,0.0,0.0,0.0,20.0,4,14.0,6.0,5.0,1.0,3.0,2.0,3.0,1,2,4
20251217TMG09,2025-12-17,内側より下,29,0.0,0.0,0.0,0.0,16.0,6,14.0,4.0,3.0,1.0,3.0,2.0,2.0,1,5,2
20251217TMG10,2025-12-17,内側より下,29,3.4482758620689653,0.0,3.4482758620689653,3.4482758620689653,20.0,4,14.0,6.0,5.0,1.0,3.0,1.0,4.0,1,2,5
20251217TMG11,2025-12-17,内側より下,23,0.0,0.0,0.0,0.0,32.0,1,0.0,6.0,5.0,1.0,5.0,5.0,5.0,1,3,2
20251217TMG12,2025-12-17,内側より下,33,6.0606060606060606,0.0,3.0303030303030303,3.0303030303030303,30.0,2,1.0,10.0,5.0,5.0,3.0,4.0,2.0,1,3,6
20251218TMG01,2025-12-18,内側より下,34,0.0,0.0,0.0,0.0,35.0,1,0.0,8.0,3.0,5.0,4.0,5.0,4.0,5,6,1
20251218TMG02,2025-12-18,内側より下,23,0.0,0.0,0.0,0.0,15.0,6,15.0,5.0,3.0,2.0,4.0,1.0,1.0,1,4,2
20251218TMG03,2025-12-18,内側より下,28,7.142857142857143,3.5714285714285716,0.0,3.5714285714285716,31.0,2,2.0,10.0,5.0,5.0,4.0,5.0,1.0,1,6,5
20251218TMG04,2025-12-18,内側より上,30,6.666666666666667,0.0,6.666666666666667,6.666666666666667,31.0,2,1.0,10.0,5.0,5.0,2.0,5.0,2.0,4,1,3
20251218TMG05,2025-12-18,内側より下,21,4.761904761904762,0.0,4.761904761904762,4.761904761904762,22.0,3,16.0,6.0,5.0,1.0,3.0,1.0,5.0,1,4,2
20251218TMG06,2025-12-18,内側より下,44,2.272727272727273,0.0,0.0,0.0,32.0,1,0.0,8.0,3.0,5.0,3.0,4.0,4.0,2,1,5
20251218TMG07,2025-12-18,内側より下,36,0.0,0.0,0.0,0.0,24.0,3,6.0,8.0,3.0,5.0,3.0,2.0,2.0,1,2,6
20251218TMG08,2025-12-18,同じ,27,3.7037037037037037,0.0,3.7037037037037037,3.7037037037037037,20.0,5,14.0,7.0,5.0,2.0,3.0,1.0,3.0,1,2,5
20251218TMG09,2025-12-18,内側より上,26,0.0,0.0,0.0,0.0,22.0,5,8.0,8.0,5.0,3.0,3.0,1.0,3.0,1,6,2
20251218TMG10,2025-12-18,内側より上,32,0.0,0.0,0.0,0.0,22.0,3,10.0,6.0,5.0,1.0,3.0,4.0,2.0,1,2,6
20251218TMG11,2025-12-18,内側より上,37,2.7027027027027026,2.7027027027027026,0.0,2.7027027027027026,29.0,2,3.0,7.0,3.0,4.0,4.0,3.0,4.0,1,3,4
20251218TMG12,2025-12-18,内側より上,32,9.375,3.125,6.25,9.375,21.0,4,17.0,4.0,3.0,1.0,4.0,4.0,2.0,4,1,2
20251219TMG01,2025-12-19,内側より下,36,0.0,0.0,0.0,0.0,23.0,5,15.0,10.0,5.0,5.0,4.0,1.0,1.0,1,2,3
20251219TMG02,2025-12-19,内側より下,43,0.0,0.0,0.0,0.0,26.0,3,12.0,8.0,5.0,3.0,5.0,1.0,4.0,1,4,3
20251219TMG03,2025-12-19,内側より下,42,2.380952380952381,0.0,2.380952380952381,2.380952380952381,32.0,2,4.0,6.0,5.0,1.0,5.0,5.0,5.0,6,4,2
20251219TMG04,2025-12-19,内側より上,21,0.0,0.0,0.0,0.0,16.0,6,18.0,6.0,5.0,1.0,3.0,1.0,2.0,3,4,5
20251219TMG05,2025-12-19,内側より下,25,4.0,0.0,0.0,0.0,28.0,4,5.0,7.0,5.0,2.0,5.0,5.0,2.0,1,4,2
20251219TMG06,2025-12-19,内側より下,38,5.2631578947368425,0.0,2.6315789473684212,2.6315789473684212,26.0,4,9.0,6.0,5.0,1.0,3.0,3.0,5.0,5,6,3
20251219TMG07,2025-12-19,内側より上,34,2.9411764705882355,0.0,0.0,0.0,32.0,1,0.0,10.0,5.0,5.0,3.0,4.0,3.0,1,4,2
20251219TMG08,2025-12-19,同じ,13,0.0,0.0,0.0,0.0,18.0,6,17.0,6.0,5.0,1.0,3.0,3.0,1.0,4,1,6
20251219TMG09,2025-12-19,内側より上,20,5.0,5.0,0.0,5.0,18.0,6,21.0,4.0,3.0,1.0,3.0,1.0,4.0,5,2,6
20251219TMG10,2025-12-19,内側より下,28,0.0,0.0,0.0,0.0,18.0,6,10.0,4.0,3.0,1.0,3.0,1.0,4.0,4,5,3
20251219TMG11,2025-12-19,内側より上,48,10.416666666666666,10.416666666666666,0.0,10.416666666666666,20.0,5,13.0,4.0,3.0,1.0,5.0,1.0,4.0,1,2,4
20251219TMG12,2025-12-19,内側より下,28,0.0,0.0,0.0,0.0,20.0,6,14.0,8.0,5.0,3.0,5.0,1.0,1.0,5,4,6
20251220TMG01,2025-12-20,内側より下,18,0.0,0.0,0.0,0.0,18.0,6,11.0,8.0,5.0,3.0,3.0,1.0,1.0,4,3,2
20251220TMG02,2025-12-20,内側より下,28,3.5714285714285716,0.0,0.0,0.0,24.0,4,6.0,4.0,3.0,1.0,3.0,4.0,4.0,1,2,4
20251220TMG03,2025-12-20,内側より下,42,4.761904761904762,0.0,2.380952380952381,2.380952380952381,35.0,2,1.0,8.0,3.0,5.0,4.0,5.0,4.0,1,6,3
20251220TMG04,2025-12-20,内側より下,21,0.0,0.0,0.0,0.0,23.0,3,8.0,6.0,2.0,4.0,3.0,2.0,3.0,1,5,4
20251220TMG05,2025-12-20,内側より上,39,5.128205128205129,0.0,2.5641025641025643,2.5641025641025643,32.0,2,5.0,8.0,3.0,5.0,3.0,3.0,5.0,1,3,6
20251220TMG06,2025-12-20,内側より下,19,0.0,0.0,0.0,0.0,21.0,6,13.0,5.0,3.0,2.0,4.0,2.0,3.0,2,1,4
20251220TMG07,2025-12-20,内側より下,23,0.0,0.0,0.0,0.0,21.0,4,11.0,6.0,3.0,3.0,2.0,2.0,3.0,3,1,5
20251220TMG08,2025-12-20,内側より下,28,7.142857142857143,3.5714285714285716,0.0,3.5714285714285716,32.0,2,1.0,8.0,3.0,5.0,3.0,4.0,4.0,6,1,2
20251220TMG09,2025-12-20,内側より下,21,0.0,0.0,0.0,0.0,22.0,3,15.0,7.0,3.0,4.0,3.0,2.0,2.0,1,3,6
20251220TMG10,2025-12-20,同じ,27,0.0,0.0,0.0,0.0,17.0,6,19.0,4.0,3.0,1.0,4.0,1.0,3.0,1,3,4
20251220TMG11,2025-12-20,内側より上,26,3.8461538461538463,0.0,3.8461538461538463,3.8461538461538463,22.0,4,15.0,6.0,5.0,1.0,3.0,2.0,4.0,4,1,6
20251220TMG12,2025-12-20,内側より下,33,0.0,0.0,0.0,0.0,28.0,3,3.0,7.0,5.0,2.0,3.0,4.0,4.0,1,2,3
20251221TMG01,2025-12-21,内側より上,21,4.761904761904762,0.0,4.761904761904762,4.761904761904762,21.0,4,10.0,6.0,5.0,1.0,4.0,2.0,3.0,1,3,5
20251221TMG02,2025-12-21,内側より上,22,0.0,0.0,0.0,0.0,22.0,4,8.0,6.0,5.0,1.0,3.0,4.0,2.0,1,2,4
20251221TMG03,2025-12-21,内側より下,45,2.2222222222222223,0.0,0.0,0.0,22.0,4,10.0,5.0,3.0,2.0,3.0,3.0,3.0,1,4,6
20251221TMG04,2025-12-21,同じ,31,6.451612903225806,0.0,6.451612903225806,6.451612903225806,35.0,1,0.0,7.0,2.0,5.0,3.0,5.0,5.0,3,4,2
20251221TMG05,2025-12-21,内側より下,26,3.8461538461538463,0.0,0.0,0.0,25.0,4,7.0,6.0,5.0,1.0,4.0,3.0,4.0,1,2,4
20251221TMG06,2025-12-21,内側より上,12,0.0,0.0,0.0,0.0,26.0,3,7.0,9.0,5.0,4.0,3.0,2.0,3.0,3,2,4
20251221TMG07,2025-12-21,内側より下,39,5.128205128205129,0.0,5.128205128205129,5.128205128205129,36.0,1,0.0,10.0,5.0,5.0,3.0,4.0,5.0,4,2,1
20251221TMG08,2025-12-21,内側より上,33,9.090909090909092,3.0303030303030303,6.0606060606060606,9.09090909090909,32.0,1,0.0,10.0,5.0,5.0,3.0,5.0,2.0,1,6,2
20251221TMG09,2025-12-21,内側より下,37,0.0,0.0,0.0,0.0,30.0,1,0.0,8.0,3.0,5.0,3.0,3.0,4.0,4,3,1
20251221TMG10,2025-12-21,内側より下,28,0.0,0.0,0.0,0.0,22.0,5,9.0,6.0,5.0,1.0,3.0,2.0,4.0,4,5,6
20251221TMG11,2025-12-21,内側より下,44,0.0,0.0,0.0,0.0,19.0,5,12.0,3.0,2.0,1.0,3.0,2.0,4.0,2,5,6
20251221TMG12,2025-12-21,内側より下,29,3.4482758620689653,0.0,0.0,0.0,16.0,6,14.0,4.0,3.0,1.0,3.0,1.0,3.0,4,2,3
20251226TMG01,2025-12-26,内側より下,34,2.9411764705882355,0.0,0.0,0.0,15.0,6,14.0,3.0,2.0,1.0,3.0,1.0,3.0,1,5,2
20251226TMG02,2025-12-26,内側より下,31,0.0,0.0,0.0,0.0,24.0,3,10.0,7.0,3.0,4.0,5.0,1.0,3.0,3,6,2
20251226TMG03,2025-12-26,内側より下,35,2.857142857142857,2.857142857142857,0.0,2.857142857142857,33.0,1,0.0,10.0,5.0,5.0,2.0,5.0,3.0,1,2,4
20251226TMG04,2025-12-26,内側より下,28,0.0,0.0,0.0,0.0,25.0,3,1.0,6.0,5.0,1.0,2.0,4.0,4.0,5,6,1
20251226TMG05,2025-12-26,内側より上,98,1.0204081632653061,0.0,0.0,0.0,24.0,4,8.0,8.0,3.0,5.0,3.0,1.0,3.0,1,2,4
20251226TMG06,2025-12-26,内側より下,28,0.0,0.0,0.0,0.0,17.0,5,17.0,6.0,5.0,1.0,2.0,1.0,3.0,1,3,2
20251226TMG07,2025-12-26,内側より上,27,7.407407407407407,3.7037037037037037,3.7037037037037037,7.407407407407407,18.0,6,12.0,4.0,3.0,1.0,3.0,2.0,3.0,1,2,4
20251226TMG08,2025-12-26,内側より上,22,4.545454545454546,0.0,4.545454545454546,4.545454545454546,23.0,4,3.0,5.0,3.0,2.0,2.0,3.0,4.0,2,1,5
20251226TMG09,2025-12-26,内側より下,27,3.7037037037037037,0.0,3.7037037037037037,3.7037037037037037,22.0,4,8.0,7.0,5.0,2.0,3.0,3.0,2.0,1,2,4
20251226TMG10,2025-12-26,内側より下,40,2.5,0.0,0.0,0.0,31.0,2,3.0,5.0,3.0,2.0,4.0,5.0,5.0,1,6,2
20251226TMG11,2025-12-26,内側より下,21,0.0,0.0,0.0,0.0,20.0,6,16.0,5.0,3.0,2.0,3.0,2.0,3.0,1,2,4
20251226TMG12,2025-12-26,同じ,39,7.6923076923076925,5.128205128205129,2.5641025641025643,7.692307692307693,28.0,2,8.0,8.0,3.0,5.0,3.0,3.0,3.0,1,2,4
20251227TMG01,2025-12-27,内側より上,32,0.0,0.0,0.0,0.0,18.0,6,12.0,7.0,5.0,2.0,5.0,1.0,1.0,3,5,6
20251227TMG02,2025-12-27,内側より下,36,2.7777777777777777,2.7777777777777777,0.0,2.7777777777777777,34.0,1,0.0,8.0,5.0,3.0,5.0,5.0,4.0,3,2,5
20251227TMG03,2025-12-27,内側より上,32,0.0,0.0,0.0,0.0,25.0,4,7.0,10.0,5.0,5.0,4.0,1.0,2.0,1,2,3
20251227TMG04,2025-12-27,内側より下,20,0.0,0.0,0.0,0.0,14.0,6,17.0,4.0,3.0,1.0,3.0,1.0,2.0,2,3,4
20251227TMG05,2025-12-27,内側より上,50,2.0,0.0,2.0,2.0,26.0,5,8.0,6.0,5.0,1.0,3.0,4.0,4.0,1,2,4
20251227TMG07,2025-12-27,同じ,29,3.4482758620689653,0.0,3.4482758620689653,3.4482758620689653,29.0,1,0.0,7.0,3.0,4.0,4.0,5.0,2.0,6,1,5
20251227TMG08,2025-12-27,内側より上,17,17.647058823529413,0.0,5.882352941176471,5.882352941176471,28.0,2,2.0,4.0,3.0,1.0,3.0,5.0,5.0,6,2,1
20251227TMG09,2025-12-27,内側より上,26,0.0,0.0,0.0,0.0,14.0,6,18.0,4.0,3.0,1.0,3.0,1.0,2.0,2,1,4
20251227TMG10,2025-12-27,内側より上,28,0.0,0.0,0.0,0.0,18.0,6,14.0,3.0,2.0,1.0,2.0,1.0,5.0,3,1,4
20251227TMG11,2025-12-27,内側より下,27,0.0,0.0,0.0,0.0,20.0,4,16.0,4.0,3.0,1.0,3.0,3.0,3.0,1,2,4
20251227TMG12,2025-12-27,内側より下,26,7.6923076923076925,7.6923076923076925,0.0,7.6923076923076925,24.0,4,10.0,6.0,3.0,3.0,3.0,3.0,3.0,1,4,5
20251228TMG01,2025-12-28,内側より下,32,0.0,0.0,0.0,0.0,23.0,4,11.0,8.0,3.0,5.0,4.0,2.0,1.0,5,2,4
20251228TMG02,2025-12-28,内側より下,35,2.857142857142857,0.0,0.0,0.0,19.0,6,17.0,7.0,2.0,5.0,3.0,1.0,1.0,4,5,1
20251228TMG04,2025-12-28,内側より下,14,0.0,0.0,0.0,0.0,24.0,4,3.0,6.0,5.0,1.0,3.0,2.0,5.0,4,5,6
20251228TMG05,2025-12-28,内側より上,30,0.0,0.0,0.0,0.0,26.0,2,4.0,6.0,5.0,1.0,3.0,3.0,5.0,2,1,6
20251228TMG06,2025-12-28,内側より下,69,0.0,0.0,0.0,0.0,12.0,6,25.0,4.0,3.0,1.0,3.0,1.0,1.0,1,2,5
20251228TMG08,2025-12-28,内側より上,99,1.0101010101010102,0.0,0.0,0.0,26.0,3,14.0,10.0,5.0,5.0,3.0,2.0,2.0,2,4,5
20251228TMG09,2025-12-28,内側より下,28,0.0,0.0,0.0,0.0,29.0,2,5.0,4.0,2.0,2.0,5.0,5.0,4.0,1,2,4
20251228TMG10,2025-12-28,内側より下,40,5.0,0.0,0.0,0.0,24.0,3,10.0,4.0,3.0,1.0,3.0,3.0,5.0,1,3,4
20251228TMG11,2025-12-28,内側より下,69,20.28985507246377,20.28985507246377,0.0,20.28985507246377,21.0,6,10.0,8.0,3.0,5.0,4.0,1.0,1.0,1,4,2
20251228TMG12,2025-12-28,内側より下,32,0.0,0.0,0.0,0.0,26.0,4,10.0,6.0,5.0,1.0,3.0,3.0,5.0,4,1,3
20251229TMG01,2025-12-29,内側より下,11,0.0,0.0,0.0,0.0,31.0,2,1.0,8.0,3.0,5.0,4.0,3.0,4.0,2,1,6
20251229TMG02,2025-12-29,内側より下,31,0.0,0.0,0.0,0.0,25.0,4,10.0,10.0,5.0,5.0,4.0,2.0,1.0,1,5,3
20251229TMG03,2025-12-29,内側より下,32,0.0,0.0,0.0,0.0,24.0,4,14.0,8.0,3.0,5.0,3.0,2.0,2.0,1,5,2
20251229TMG04,2025-12-29,内側より下,31,0.0,0.0,0.0,0.0,17.0,4,17.0,4.0,3.0,1.0,2.0,1.0,4.0,2,3,1
20251229TMG05,2025-12-29,内側より下,42,2.380952380952381,0.0,0.0,0.0,17.0,5,14.0,5.0,3.0,2.0,4.0,1.0,2.0,2,4,1
20251229TMG06,2025-12-29,内側より下,33,3.0303030303030303,3.0303030303030303,0.0,3.0303030303030303,16.0,6,18.0,4.0,3.0,1.0,3.0,2.0,2.0,1,3,2
20251229TMG07,2025-12-29,内側より上,100,1.0,0.0,0.0,0.0,28.0,3,10.0,8.0,3.0,5.0,3.0,4.0,2.0,3,1,2
20251229TMG08,2025-12-29,内側より下,33,0.0,0.0,0.0,0.0,17.0,6,19.0,5.0,3.0,2.0,4.0,1.0,2.0,1,3,4
20251229TMG09,2025-12-29,内側より上,26,7.6923076923076925,3.8461538461538463,0.0,3.8461538461538463,26.0,3,9.0,8.0,3.0,5.0,3.0,3.0,2.0,3,4,1
20251229TMG11,2025-12-29,内側より下,25,0.0,0.0,0.0,0.0,13.0,6,18.0,3.0,2.0,1.0,3.0,1.0,2.0,2,1,3
20251229TMG12,2025-12-29,内側より下,35,5.714285714285714,0.0,0.0,0.0,16.0,6,20.0,7.0,5.0,2.0,3.0,1.0,1.0,1,4,3
20251230TMG01,2025-12-30,内側より下,43,2.3255813953488373,0.0,0.0,0.0,19.0,6,13.0,6.0,2.0,4.0,3.0,1.0,2.0,1,3,2
20251230TMG02,2025-12-30,内側より下,35,2.857142857142857,0.0,0.0,0.0,22.0,5,8.0,6.0,5.0,1.0,3.0,2.0,4.0,1,2,5
20251230TMG04,2025-12-30,内側より上,101,0.9900990099009901,0.0,0.0,0.0,27.0,3,5.0,6.0,5.0,1.0,4.0,4.0,4.0,4,2,5
20251230TMG06,2025-12-30,内側より上,30,6.666666666666667,0.0,6.666666666666667,6.666666666666667,29.0,2,3.0,6.0,5.0,1.0,4.0,4.0,5.0,1,6,3
20251230TMG09,2025-12-30,内側より下,34,0.0,0.0,0.0,0.0,30.0,1,0.0,8.0,3.0,5.0,3.0,5.0,2.0,2,1,5
20251230TMG10,2025-12-30,内側より下,36,5.555555555555555,0.0,0.0,0.0,12.0,6,26.0,3.0,2.0,1.0,2.0,1.0,2.0,1,5,3
20251230TMG11,2025-12-30,内側より下,32,0.0,0.0,0.0,0.0,28.0,3,4.0,10.0,5.0,5.0,3.0,1.0,4.0,3,1,6
20251230TMG12,2025-12-30,同じ,32,0.0,0.0,0.0,0.0,19.0,6,15.0,4.0,3.0,1.0,2.0,1.0,5.0,1,5,2
20251231TMG01,2025-12-31,内側より上,102,0.9803921568627451,0.0,0.0,0.0,28.0,2,3.0,9.0,5.0,4.0,3.0,2.0,4.0,1,6,3
20251231TMG02,2025-12-31,内側より下,29,0.0,0.0,0.0,0.0,18.0,6,18.0,5.0,3.0,2.0,3.0,2.0,2.0,3,2,5
20251231TMG03,2025-12-31,内側より下,34,2.9411764705882355,2.9411764705882355,0.0,2.9411764705882355,23.0,3,15.0,6.0,5.0,1.0,4.0,3.0,3.0,1,3,6
20251231TMG04,2025-12-31,内側より下,42,2.380952380952381,0.0,0.0,0.0,38.0,1,0.0,10.0,5.0,5.0,5.0,5.0,4.0,2,6,4
20251231TMG07,2025-12-31,内側より下,44,2.272727272727273,0.0,0.0,0.0,22.0,5,10.0,4.0,3.0,1.0,3.0,2.0,5.0,1,4,2
20251231TMG08,2025-12-31,内側より下,35,0.0,0.0,0.0,0.0,28.0,2,3.0,6.0,2.0,4.0,4.0,4.0,3.0,1,3,4
20251231TMG09,2025-12-31,内側より上,36,2.7777777777777777,2.7777777777777777,0.0,2.7777777777777777,34.0,1,0.0,8.0,5.0,3.0,3.0,5.0,5.0,1,2,6
20251231TMG10,2025-12-31,内側より上,31,0.0,0.0,0.0,0.0,21.0,4,11.0,5.0,1.0,4.0,4.0,1.0,3.0,2,5,4
20251231TMG11,2025-12-31,内側より下,51,1.9607843137254901,0.0,1.9607843137254901,1.9607843137254901,27.0,2,11.0,10.0,5.0,5.0,4.0,3.0,1.0,1,3,2
20251231TMG12,2025-12-31,内側より下,32,0.0,0.0,0.0,0.0,26.0,2,12.0,9.0,5.0,4.0,3.0,2.0,3.0,3,2,4
20260103TMG01,2026-01-03,内側より下,24,0.0,0.0,0.0,0.0,25.0,4,7.0,10.0,5.0,5.0,4.0,1.0,2.0,5,4,1
20260103TMG02,2026-01-03,内側より上,31,6.451612903225806,6.451612903225806,0.0,6.451612903225806,28.0,2,1.0,6.0,5.0,1.0,3.0,5.0,4.0,4,6,2
20260103TMG03,2026-01-03,内側より下,26,11.538461538461538,0.0,3.8461538461538463,3.8461538461538463,18.0,5,16.0,4.0,3.0,1.0,3.0,1.0,4.0,1,2,5
20260103TMG04,2026-01-03,内側より上,25,0.0,0.0,0.0,0.0,28.0,2,4.0,8.0,3.0,5.0,3.0,4.0,2.0,6,3,1
20260103TMG05,2026-01-03,内側より上,29,0.0,0.0,0.0,0.0,22.0,5,12.0,4.0,3.0,1.0,3.0,2.0,5.0,2,3,1
20260103TMG06,2026-01-03,内側より下,29,0.0,0.0,0.0,0.0,12.0,6,25.0,4.0,3.0,1.0,3.0,1.0,1.0,1,3,4
20260103TMG07,2026-01-03,内側より下,28,3.5714285714285716,0.0,0.0,0.0,26.0,2,10.0,10.0,5.0,5.0,3.0,3.0,1.0,1,2,6
20260103TMG08,2026-01-03,内側より下,32,0.0,0.0,0.0,0.0,21.0,5,17.0,4.0,3.0,1.0,4.0,1.0,5.0,1,5,4
20260103TMG09,2026-01-03,内側より下,32,0.0,0.0,0.0,0.0,20.0,5,13.0,6.0,5.0,1.0,3.0,1.0,4.0,1,6,4
20260103TMG10,2026-01-03,内側より下,19,5.2631578947368425,0.0,5.2631578947368425,5.2631578947368425,30.0,2,5.0,9.0,5.0,4.0,3.0,4.0,3.0,1,5,3
20260103TMG12,2026-01-03,内側より上,40,10.0,5.0,2.5,7.5,24.0,3,9.0,7.0,3.0,4.0,3.0,3.0,2.0,1,3,2
20260104TMG01,2026-01-04,内側より下,26,0.0,0.0,0.0,0.0,20.0,5,13.0,4.0,3.0,1.0,3.0,3.0,3.0,1,2,5
20260104TMG02,2026-01-04,内側より下,28,3.5714285714285716,0.0,3.5714285714285716,3.5714285714285716,25.0,4,10.0,6.0,5.0,1.0,4.0,2.0,5.0,2,4,6
20260104TMG03,2026-01-04,内側より下,39,0.0,0.0,0.0,0.0,19.0,6,13.0,6.0,5.0,1.0,2.0,1.0,4.0,1,4,5
20260104TMG04,2026-01-04,内側より下,32,3.125,0.0,0.0,0.0,18.0,6,14.0,5.0,3.0,2.0,3.0,2.0,2.0,3,5,6
20260104TMG05,2026-01-04,内側より上,42,2.380952380952381,2.380952380952381,0.0,2.380952380952381,20.0,4,14.0,6.0,5.0,1.0,3.0,3.0,2.0,1,3,5
20260104TMG06,2026-01-04,内側より下,25,0.0,0.0,0.0,0.0,30.0,3,4.0,8.0,3.0,5.0,3.0,4.0,3.0,1,6,3
20260104TMG07,2026-01-04,内側より下,32,0.0,0.0,0.0,0.0,24.0,4,9.0,4.0,3.0,1.0,5.0,2.0,5.0,1,5,6
20260104TMG08,2026-01-04,内側より下,27,0.0,0.0,0.0,0.0,22.0,5,10.0,9.0,5.0,4.0,3.0,2.0,1.0,1,5,2
20260104TMG09,2026-01-04,内側より下,37,0.0,0.0,0.0,0.0,24.0,4,11.0,5.0,3.0,2.0,3.0,3.0,4.0,3,1,6
20260104TMG10,2026-01-04,内側より上,40,2.5,0.0,0.0,0.0,24.0,3,7.0,4.0,3.0,1.0,3.0,3.0,5.0,5,2,6
20260104TMG11,2026-01-04,内側より下,34,0.0,0.0,0.0,0.0,18.0,6,12.0,6.0,5.0,1.0,1.0,2.0,3.0,1,5,3
20260104TMG12,2026-01-04,内側より下,30,3.3333333333333335,0.0,0.0,0.0,13.0,6,20.0,4.0,3.0,1.0,4.0,1.0,1.0,1,5,2
20260105TMG01,2026-01-05,内側より下,39,0.0,0.0,0.0,0.0,26.0,2,4.0,4.0,3.0,1.0,3.0,5.0,4.0,3,1,4
20260105TMG03,2026-01-05,内側より下,40,0.0,0.0,0.0,0.0,26.0,2,2.0,10.0,5.0,5.0,3.0,2.0,2.0,3,2,4
20260105TMG04,2026-01-05,内側より上,37,13.513513513513514,2.7027027027027026,10.81081081081081,13.513513513513512,28.0,2,4.0,4.0,3.0,1.0,3.0,5.0,5.0,1,4,6
20260105TMG05,2026-01-05,内側より上,40,2.5,2.5,0.0,2.5,20.0,5,16.0,4.0,3.0,1.0,3.0,3.0,3.0,1,2,4
20260105TMG06,2026-01-05,内側より下,27,3.7037037037037037,0.0,0.0,0.0,17.0,6,15.0,4.0,3.0,1.0,2.0,3.0,2.0,1,3,6
20260105TMG07,2026-01-05,内側より下,38,2.6315789473684212,0.0,2.6315789473684212,2.6315789473684212,22.0,6,8.0,4.0,3.0,1.0,3.0,2.0,5.0,1,5,6
20260105TMG09,2026-01-05,内側より下,41,4.878048780487805,2.4390243902439024,0.0,2.4390243902439024,27.0,3,9.0,8.0,5.0,3.0,2.0,4.0,3.0,1,6,5
20260105TMG10,2026-01-05,内側より上,35,0.0,0.0,0.0,0.0,28.0,2,1.0,9.0,5.0,4.0,3.0,4.0,2.0,1,3,5
20260105TMG11,2026-01-05,内側より下,32,6.25,3.125,3.125,6.25,26.0,1,0.0,2.0,1.0,1.0,3.0,5.0,5.0,2,6,4
20260105TMG12,2026-01-05,内側より下,20,5.0,0.0,5.0,5.0,18.0,5,12.0,4.0,3.0,1.0,3.0,3.0,2.0,3,1,4
20260106TMG01,2026-01-06,内側より下,24,0.0,0.0,0.0,0.0,28.0,3,4.0,10.0,5.0,5.0,5.0,2.0,2.0,4,5,6
20260106TMG02,2026-01-06,内側より下,34,0.0,0.0,0.0,0.0,21.0,3,15.0,5.0,3.0,2.0,4.0,2.0,3.0,1,6,3
20260106TMG03,2026-01-06,内側より下,41,9.75609756097561,4.878048780487805,2.4390243902439024,7.317073170731707,31.0,1,0.0,7.0,3.0,4.0,4.0,5.0,3.0,4,6,3
20260106TMG04,2026-01-06,内側より下,21,0.0,0.0,0.0,0.0,18.0,6,14.0,6.0,5.0,1.0,3.0,1.0,3.0,1,5,3
20260106TMG05,2026-01-06,内側より下,30,0.0,0.0,0.0,0.0,12.0,6,20.0,2.0,1.0,1.0,3.0,1.0,2.0,1,5,4
20260106TMG06,2026-01-06,内側より下,33,6.0606060606060606,6.0606060606060606,0.0,6.0606060606060606,22.0,4,11.0,4.0,3.0,1.0,3.0,3.0,4.0,1,3,
20260106TMG07,2026-01-06,内側より下,27,0.0,0.0,0.0,0.0,16.0,5,22.0,5.0,3.0,2.0,3.0,1.0,2.0,1,2,4
20260106TMG08,2026-01-06,内側より上,32,6.25,6.25,0.0,6.25,28.0,3,4.0,8.0,3.0,5.0,3.0,4.0,2.0,1,6,2
20260106TMG09,2026-01-06,内側より下,24,0.0,0.0,0.0,0.0,16.0,5,17.0,4.0,3.0,1.0,1.0,1.0,4.0,1,3,2
20260106TMG10,2026-01-06,内側より下,33,3.0303030303030303,0.0,0.0,0.0,17.0,6,13.0,6.0,5.0,1.0,2.0,1.0,3.0,1,4,3
20260106TMG11,2026-01-06,内側より下,38,0.0,0.0,0.0,0.0,20.0,6,8.0,4.0,3.0,1.0,3.0,1.0,5.0,1,3,4
20260106TMG12,2026-01-06,内側より下,31,3.225806451612903,0.0,0.0,0.0,20.0,6,8.0,4.0,3.0,1.0,5.0,1.0,4.0,3,4,2
20260107TMG01,2026-01-07,内側より下,22,0.0,0.0,0.0,0.0,22.0,4,12.0,6.0,5.0,1.0,3.0,2.0,4.0,4,5,2
20260107TMG02,2026-01-07,内側より下,39,2.5641025641025643,0.0,2.5641025641025643,2.5641025641025643,23.0,4,11.0,6.0,3.0,3.0,4.0,1.0,4.0,1,4,3
20260107TMG03,2026-01-07,内側より下,33,0.0,0.0,0.0,0.0,27.0,3,3.0,6.0,5.0,1.0,4.0,3.0,5.0,1,3,2
20260107TMG04,2026-01-07,内側より上,10,0.0,0.0,0.0,0.0,17.0,6,15.0,7.0,5.0,2.0,4.0,1.0,1.0,2,5,1
20260107TMG05,2026-01-07,内側より上,40,2.5,0.0,0.0,0.0,32.0,2,2.0,9.0,5.0,4.0,3.0,4.0,4.0,2,1,3
20260107TMG06,2026-01-07,内側より上,33,6.0606060606060606,3.0303030303030303,3.0303030303030303,6.0606060606060606,24.0,4,8.0,7.0,5.0,2.0,5.0,2.0,3.0,1,6,5
20260107TMG08,2026-01-07,内側より下,30,3.3333333333333335,0.0,3.3333333333333335,3.3333333333333335,18.0,6,17.0,6.0,5.0,1.0,3.0,1.0,3.0,1,2,3
20260107TMG09,2026-01-07,内側より下,21,4.761904761904762,0.0,4.761904761904762,4.761904761904762,24.0,6,4.0,6.0,5.0,1.0,3.0,3.0,4.0,1,3,4
20260107TMG10,2026-01-07,内側より下,39,0.0,0.0,0.0,0.0,18.0,5,17.0,5.0,3.0,2.0,3.0,1.0,3.0,2,3,5
20260107TMG11,2026-01-07,内側より下,23,0.0,0.0,0.0,0.0,24.0,4,5.0,8.0,3.0,5.0,3.0,2.0,2.0,1,5,
20260107TMG12,2026-01-07,内側より下,11,0.0,0.0,0.0,0.0,24.0,4,10.0,6.0,5.0,1.0,3.0,3.0,4.0,4,1,5
20260110TMG01,2026-01-10,内側より下,91,0.0,0.0,0.0,0.0,15.0,6,17.0,2.0,1.0,1.0,2.0,1.0,4.0,4,2,5
20260110TMG02,2026-01-10,内側より上,25,4.0,4.0,0.0,4.0,17.0,6,16.0,6.0,5.0,1.0,4.0,2.0,1.0,2,3,1
20260110TMG03,2026-01-10,内側より上,23,0.0,0.0,0.0,0.0,22.0,5,13.0,6.0,5.0,1.0,3.0,2.0,4.0,2,1,5
20260110TMG04,2026-01-10,内側より上,23,0.0,0.0,0.0,0.0,25.0,4,3.0,7.0,3.0,4.0,4.0,1.0,4.0,1,3,4
20260110TMG05,2026-01-10,内側より下,14,0.0,0.0,0.0,0.0,20.0,6,14.0,6.0,5.0,1.0,3.0,1.0,4.0,2,1,5
20260110TMG06,2026-01-10,内側より下,10,0.0,0.0,0.0,0.0,22.0,5,7.0,6.0,5.0,1.0,3.0,3.0,3.0,1,2,4
20260110TMG07,2026-01-10,内側より下,50,0.0,0.0,0.0,0.0,27.0,3,3.0,6.0,5.0,1.0,2.0,4.0,5.0,1,4,5
20260110TMG08,2026-01-10,内側より下,181,0.0,0.0,0.0,0.0,31.0,1,0.0,10.0,5.0,5.0,4.0,5.0,1.0,5,3,6
20260110TMG09,2026-01-10,内側より下,9,0.0,0.0,0.0,0.0,18.0,5,16.0,4.0,3.0,1.0,3.0,1.0,4.0,1,2,4
20260110TMG10,2026-01-10,内側より下,21,0.0,0.0,0.0,0.0,19.0,6,11.0,3.0,2.0,1.0,3.0,2.0,4.0,1,2,3
20260110TMG11,2026-01-10,内側より下,27,0.0,0.0,0.0,0.0,23.0,4,5.0,8.0,3.0,5.0,2.0,1.0,3.0,1,4,3
20260110TMG12,2026-01-10,内側より下,22,0.0,0.0,0.0,0.0,24.0,4,6.0,6.0,3.0,3.0,3.0,3.0,3.0,2,3,1
20260111TMG01,2026-01-11,内側より下,5,0.0,0.0,0.0,0.0,17.0,6,14.0,7.0,3.0,4.0,2.0,1.0,1.0,1,3,2
20260111TMG02,2026-01-11,内側より下,42,4.761904761904762,2.380952380952381,2.380952380952381,4.761904761904762,24.0,3,14.0,6.0,3.0,3.0,3.0,3.0,3.0,1,3,2
20260111TMG03,2026-01-11,内側より下,9,0.0,0.0,0.0,0.0,24.0,2,9.0,7.0,2.0,5.0,2.0,4.0,1.0,1,3,2
20260111TMG04,2026-01-11,内側より下,92,0.0,0.0,0.0,0.0,20.0,5,14.0,9.0,5.0,4.0,1.0,2.0,1.0,2,1,3
20260111TMG05,2026-01-11,内側より上,82,0.0,0.0,0.0,0.0,24.0,2,4.0,8.0,5.0,3.0,1.0,5.0,1.0,6,1,3
20260111TMG06,2026-01-11,内側より下,38,2.6315789473684212,0.0,0.0,0.0,24.0,3,4.0,6.0,3.0,3.0,3.0,3.0,3.0,3,2,1
20260111TMG07,2026-01-11,内側より上,31,0.0,0.0,0.0,0.0,16.0,6,11.0,5.0,3.0,2.0,1.0,3.0,1.0,3,5,6
20260112TMG01,2026-01-12,内側より下,11,0.0,0.0,0.0,0.0,28.0,3,4.0,7.0,5.0,2.0,3.0,5.0,3.0,2,4,6
20260112TMG03,2026-01-12,内側より下,83,1.2048192771084338,1.2048192771084338,0.0,1.2048192771084338,21.0,5,13.0,7.0,3.0,4.0,4.0,2.0,1.0,2,1,3
20260112TMG05,2026-01-12,内側より上,32,3.125,0.0,3.125,3.125,31.0,2,5.0,5.0,3.0,2.0,4.0,5.0,5.0,1,4,2
20260112TMG06,2026-01-12,内側より上,16,0.0,0.0,0.0,0.0,25.0,4,7.0,9.0,5.0,4.0,4.0,1.0,3.0,4,6,5
20260112TMG07,2026-01-12,内側より上,30,3.3333333333333335,0.0,3.3333333333333335,3.3333333333333335,24.0,3,10.0,6.0,5.0,1.0,3.0,2.0,5.0,1,2,3
20260112TMG09,2026-01-12,内側より下,37,5.405405405405405,0.0,2.7027027027027026,2.7027027027027026,25.0,4,12.0,10.0,5.0,5.0,4.0,1.0,2.0,1,2,3
20260112TMG10,2026-01-12,同じ,39,0.0,0.0,0.0,0.0,19.0,4,20.0,3.0,2.0,1.0,3.0,3.0,3.0,1,2,3
20260112TMG11,2026-01-12,内側より上,32,0.0,0.0,0.0,0.0,25.0,3,3.0,8.0,3.0,5.0,4.0,3.0,1.0,2,1,5
20260112TMG12,2026-01-12,内側より下,23,8.695652173913043,0.0,4.3478260869565215,4.3478260869565215,23.0,3,9.0,7.0,3.0,4.0,4.0,1.0,3.0,3,1,2
20260113TMG01,2026-01-13,内側より上,34,5.882352941176471,2.9411764705882355,0.0,2.9411764705882355,34.0,1,0.0,10.0,5.0,5.0,3.0,5.0,3.0,1,3,6
20260113TMG02,2026-01-13,内側より下,94,0.0,0.0,0.0,0.0,17.0,6,13.0,4.0,3.0,1.0,2.0,1.0,4.0,5,3,2
20260113TMG03,2026-01-13,内側より上,7,0.0,0.0,0.0,0.0,23.0,3,14.0,10.0,5.0,5.0,4.0,1.0,1.0,2,5,3
20260113TMG04,2026-01-13,内側より下,23,4.3478260869565215,0.0,0.0,0.0,20.0,4,9.0,4.0,1.0,3.0,3.0,1.0,4.0,3,2,1
20260113TMG06,2026-01-13,内側より下,37,0.0,0.0,0.0,0.0,33.0,1,0.0,10.0,5.0,5.0,4.0,4.0,3.0,1,4,2
20260113TMG07,2026-01-13,内側より下,18,0.0,0.0,0.0,0.0,14.0,6,21.0,2.0,1.0,1.0,1.0,3.0,2.0,1,2,4
20260113TMG08,2026-01-13,内側より下,18,0.0,0.0,0.0,0.0,21.0,3,10.0,4.0,1.0,3.0,2.0,3.0,3.0,1,2,3
20260113TMG09,2026-01-13,内側より上,8,0.0,0.0,0.0,0.0,24.0,3,12.0,10.0,5.0,5.0,3.0,1.0,2.0,4,1,6
20260113TMG10,2026-01-13,同じ,182,0.0,0.0,0.0,0.0,29.0,1,0.0,7.0,2.0,5.0,3.0,5.0,2.0,3,4,1
20260113TMG11,2026-01-13,内側より上,35,2.857142857142857,0.0,2.857142857142857,2.857142857142857,23.0,4,11.0,10.0,5.0,5.0,2.0,1.0,2.0,1,3,6
20260113TMG12,2026-01-13,内側より下,30,0.0,0.0,0.0,0.0,18.0,6,11.0,8.0,3.0,5.0,1.0,1.0,1.0,1,5,2
20260114TMG01,2026-01-14,内側より下,24,4.166666666666667,0.0,0.0,0.0,22.0,4,6.0,6.0,5.0,1.0,3.0,1.0,5.0,6,1,2
20260114TMG02,2026-01-14,内側より上,31,0.0,0.0,0.0,0.0,20.0,4,16.0,6.0,5.0,1.0,3.0,1.0,4.0,2,3,4
20260114TMG03,2026-01-14,内側より下,84,1.1904761904761905,1.1904761904761905,0.0,1.1904761904761905,18.0,5,16.0,4.0,3.0,1.0,3.0,1.0,4.0,1,4,3
20260114TMG04,2026-01-14,内側より上,183,0.0,0.0,0.0,0.0,27.0,2,7.0,10.0,5.0,5.0,4.0,3.0,1.0,1,4,5
20260114TMG06,2026-01-14,内側より下,33,6.0606060606060606,0.0,3.0303030303030303,3.0303030303030303,25.0,2,2.0,8.0,3.0,5.0,4.0,3.0,1.0,1,3,2
20260114TMG07,2026-01-14,内側より上,24,8.333333333333334,0.0,4.166666666666667,4.166666666666667,22.0,4,9.0,6.0,5.0,1.0,5.0,2.0,3.0,4,5,1
20260114TMG08,2026-01-14,内側より下,95,0.0,0.0,0.0,0.0,23.0,5,12.0,8.0,3.0,5.0,2.0,1.0,3.0,1,4,2
20260114TMG09,2026-01-14,内側より上,64,0.0,0.0,0.0,0.0,23.0,5,9.0,7.0,3.0,4.0,2.0,1.0,4.0,1,6,2
20260114TMG10,2026-01-14,内側より下,28,0.0,0.0,0.0,0.0,24.0,3,6.0,5.0,3.0,2.0,3.0,5.0,2.0,4,5,1
20260114TMG11,2026-01-14,内側より上,36,2.7777777777777777,0.0,2.7777777777777777,2.7777777777777777,19.0,6,12.0,5.0,3.0,2.0,2.0,3.0,2.0,3,1,4
20260114TMG12,2026-01-14,内側より上,26,3.8461538461538463,3.8461538461538463,0.0,3.8461538461538463,21.0,4,9.0,6.0,5.0,1.0,4.0,2.0,3.0,4,2,1
20260115TMG01,2026-01-15,内側より下,31,0.0,0.0,0.0,0.0,24.0,4,4.0,7.0,3.0,4.0,3.0,4.0,1.0,1,2,6
20260115TMG02,2026-01-15,内側より下,27,3.7037037037037037,0.0,3.7037037037037037,3.7037037037037037,29.0,3,4.0,8.0,3.0,5.0,4.0,4.0,2.0,1,6,5
20260115TMG03,2026-01-15,内側より下,14,0.0,0.0,0.0,0.0,29.0,2,7.0,4.0,3.0,1.0,4.0,5.0,5.0,1,4,6
20260115TMG05,2026-01-15,内側より下,64,0.0,0.0,0.0,0.0,23.0,3,11.0,5.0,2.0,3.0,3.0,2.0,4.0,1,5,2
20260115TMG06,2026-01-15,内側より下,34,5.882352941176471,0.0,2.9411764705882355,2.9411764705882355,20.0,4,14.0,5.0,3.0,2.0,3.0,3.0,2.0,4,5,3
20260115TMG07,2026-01-15,内側より下,85,1.1764705882352942,1.1764705882352942,0.0,1.1764705882352942,28.0,2,4.0,10.0,5.0,5.0,3.0,4.0,1.0,1,2,5
20260115TMG08,2026-01-15,内側より下,25,8.0,0.0,4.0,4.0,14.0,6,20.0,6.0,5.0,1.0,3.0,1.0,1.0,3,1,4
20260115TMG09,2026-01-15,内側より上,19,0.0,0.0,0.0,0.0,19.0,5,13.0,3.0,2.0,1.0,3.0,1.0,5.0,1,2,4
20260115TMG10,2026-01-15,内側より上,29,0.0,0.0,0.0,0.0,22.0,5,15.0,8.0,3.0,5.0,3.0,1.0,2.0,4,5,2
20260115TMG11,2026-01-15,内側より上,27,3.7037037037037037,3.7037037037037037,0.0,3.7037037037037037,13.0,6,18.0,4.0,3.0,1.0,4.0,1.0,1.0,1,4,3
20260115TMG12,2026-01-15,内側より下,32,0.0,0.0,0.0,0.0,20.0,5,12.0,4.0,3.0,1.0,3.0,3.0,3.0,4,3,6
20260125TMG01,2026-01-25,内側より上,23,0.0,0.0,0.0,0.0,23.0,5,12.0,10.0,5.0,5.0,4.0,1.0,1.0,1,3,4
20260125TMG02,2026-01-25,内側より下,35,2.857142857142857,0.0,0.0,0.0,19.0,6,15.0,7.0,5.0,2.0,4.0,2.0,1.0,2,3,6
20260125TMG03,2026-01-25,内側より下,28,0.0,0.0,0.0,0.0,26.0,3,2.0,5.0,3.0,2.0,3.0,4.0,4.0,1,4,2
20260125TMG04,2026-01-25,内側より下,32,0.0,0.0,0.0,0.0,22.0,6,8.0,6.0,5.0,1.0,3.0,1.0,5.0,5,1,4
20260125TMG05,2026-01-25,内側より下,24,0.0,0.0,0.0,0.0,24.0,3,6.0,4.0,3.0,1.0,5.0,2.0,5.0,1,3,2
20260125TMG06,2026-01-25,内側より下,27,0.0,0.0,0.0,0.0,25.0,4,8.0,3.0,2.0,1.0,5.0,4.0,4.0,4,3,6
20260125TMG07,2026-01-25,内側より上,25,4.0,0.0,4.0,4.0,22.0,3,6.0,4.0,3.0,1.0,1.0,5.0,3.0,3,2,1
20260125TMG08,2026-01-25,内側より下,71,16.901408450704224,16.901408450704224,0.0,16.901408450704224,24.0,3,12.0,7.0,3.0,4.0,5.0,3.0,1.0,6,3,5
20260125TMG09,2026-01-25,内側より下,38,5.2631578947368425,0.0,0.0,0.0,30.0,2,4.0,8.0,3.0,5.0,3.0,5.0,2.0,1,6,3
20260125TMG10,2026-01-25,内側より下,35,0.0,0.0,0.0,0.0,24.0,4,10.0,9.0,5.0,4.0,3.0,2.0,2.0,1,3,2
20260125TMG11,2026-01-25,内側より下,31,0.0,0.0,0.0,0.0,24.0,4,7.0,4.0,3.0,1.0,5.0,2.0,5.0,1,3,2
20260125TMG12,2026-01-25,内側より下,31,6.451612903225806,0.0,6.451612903225806,6.451612903225806,24.0,3,10.0,7.0,5.0,2.0,3.0,2.0,4.0,2,1,3
20260126TMG01,2026-01-26,内側より下,72,18.055555555555557,18.055555555555557,0.0,18.055555555555557,30.0,1,0.0,9.0,5.0,4.0,5.0,4.0,2.0,6,2,4
20260126TMG02,2026-01-26,内側より下,33,6.0606060606060606,0.0,3.0303030303030303,3.0303030303030303,28.0,3,7.0,5.0,3.0,2.0,5.0,4.0,4.0,1,2,6
20260126TMG03,2026-01-26,内側より上,24,0.0,0.0,0.0,0.0,23.0,4,13.0,10.0,5.0,5.0,4.0,1.0,1.0,1,4,5
20260126TMG06,2026-01-26,内側より下,72,18.055555555555557,18.055555555555557,0.0,18.055555555555557,22.0,4,15.0,4.0,3.0,1.0,5.0,4.0,2.0,5,1,4
20260126TMG07,2026-01-26,内側より上,33,6.0606060606060606,6.0606060606060606,0.0,6.0606060606060606,16.0,6,21.0,4.0,3.0,1.0,3.0,1.0,3.0,1,2,3
20260126TMG08,2026-01-26,内側より下,23,0.0,0.0,0.0,0.0,24.0,6,3.0,4.0,3.0,1.0,3.0,3.0,5.0,6,1,5
20260126TMG09,2026-01-26,内側より下,22,0.0,0.0,0.0,0.0,22.0,5,8.0,6.0,3.0,3.0,3.0,2.0,3.0,2,1,5
20260126TMG10,2026-01-26,内側より下,25,0.0,0.0,0.0,0.0,18.0,6,12.0,6.0,5.0,1.0,3.0,1.0,3.0,3,4,2
20260126TMG12,2026-01-26,内側より下,25,0.0,0.0,0.0,0.0,27.0,3,9.0,10.0,5.0,5.0,4.0,3.0,1.0,1,5,2
20260127TMG01,2026-01-27,内側より下,35,5.714285714285714,0.0,5.714285714285714,5.714285714285714,25.0,4,3.0,6.0,5.0,1.0,4.0,2.0,5.0,2,6,3
20260127TMG02,2026-01-27,内側より上,25,0.0,0.0,0.0,0.0,18.0,5,17.0,6.0,5.0,1.0,3.0,1.0,3.0,1,2,3
20260127TMG03,2026-01-27,内側より上,25,0.0,0.0,0.0,0.0,30.0,2,7.0,6.0,5.0,1.0,3.0,5.0,5.0,1,2,4
20260127TMG04,2026-01-27,内側より下,36,0.0,0.0,0.0,0.0,22.0,4,14.0,8.0,5.0,3.0,5.0,1.0,2.0,1,5,2
20260127TMG05,2026-01-27,内側より下,36,2.7777777777777777,0.0,0.0,0.0,24.0,3,13.0,9.0,5.0,4.0,3.0,3.0,1.0,2,1,3
20260127TMG07,2026-01-27,内側より下,34,0.0,0.0,0.0,0.0,32.0,1,0.0,10.0,5.0,5.0,3.0,5.0,2.0,1,2,5
20260127TMG09,2026-01-27,内側より上,74,18.91891891891892,18.91891891891892,0.0,18.91891891891892,18.0,6,12.0,6.0,5.0,1.0,3.0,3.0,1.0,4,2,6
20260127TMG10,2026-01-27,内側より下,32,3.125,0.0,3.125,3.125,24.0,3,8.0,4.0,3.0,1.0,3.0,3.0,5.0,1,2,5
20260127TMG11,2026-01-27,内側より下,37,0.0,0.0,0.0,0.0,24.0,4,10.0,10.0,5.0,5.0,3.0,2.0,1.0,1,5,3
20260127TMG12,2026-01-27,内側より下,34,0.0,0.0,0.0,0.0,18.0,6,17.0,7.0,5.0,2.0,3.0,1.0,2.0,1,2,5
20260128TMG01,2026-01-28,内側より下,32,0.0,0.0,0.0,0.0,22.0,6,9.0,6.0,5.0,1.0,3.0,1.0,5.0,4,5,2
20260128TMG02,2026-01-28,内側より上,37,0.0,0.0,0.0,0.0,15.0,6,15.0,4.0,3.0,1.0,2.0,1.0,3.0,1,4,3
20260128TMG03,2026-01-28,内側より下,24,4.166666666666667,4.166666666666667,0.0,4.166666666666667,25.0,3,5.0,4.0,3.0,1.0,4.0,3.0,5.0,2,5,3
20260128TMG05,2026-01-28,内側より上,27,0.0,0.0,0.0,0.0,14.0,6,21.0,3.0,2.0,1.0,4.0,2.0,1.0,4,5,6
20260128TMG06,2026-01-28,内側より下,34,2.9411764705882355,0.0,0.0,0.0,20.0,4,15.0,6.0,5.0,1.0,3.0,2.0,3.0,1,3,5
20260128TMG07,2026-01-28,内側より上,25,4.0,0.0,4.0,4.0,24.0,3,12.0,10.0,5.0,5.0,3.0,1.0,2.0,1,2,5
20260128TMG08,2026-01-28,内側より下,34,5.882352941176471,0.0,2.9411764705882355,2.9411764705882355,26.0,4,9.0,4.0,3.0,1.0,3.0,5.0,4.0,6,1,2
20260128TMG09,2026-01-28,同じ,19,5.2631578947368425,0.0,0.0,0.0,27.0,2,7.0,8.0,3.0,5.0,4.0,4.0,1.0,2,1,4
20260128TMG10,2026-01-28,内側より下,23,0.0,0.0,0.0,0.0,18.0,5,16.0,4.0,3.0,1.0,3.0,1.0,4.0,2,1,4
20260128TMG11,2026-01-28,内側より下,28,7.142857142857143,0.0,7.142857142857143,7.142857142857143,26.0,3,9.0,6.0,5.0,1.0,3.0,3.0,5.0,1,2,5
20260128TMG12,2026-01-28,内側より下,37,2.7027027027027026,0.0,0.0,0.0,18.0,5,20.0,6.0,3.0,3.0,3.0,1.0,2.0,1,6,4
20260129TMG01,2026-01-29,内側より下,79,0.0,0.0,0.0,0.0,24.0,3,7.0,8.0,3.0,5.0,3.0,1.0,3.0,2,3,6
20260129TMG02,2026-01-29,内側より上,32,3.125,0.0,0.0,0.0,25.0,3,3.0,8.0,3.0,5.0,2.0,4.0,1.0,1,2,3
20260129TMG03,2026-01-29,内側より上,32,0.0,0.0,0.0,0.0,16.0,6,16.0,4.0,3.0,1.0,1.0,1.0,4.0,1,5,3
20260129TMG04,2026-01-29,内側より上,28,0.0,0.0,0.0,0.0,15.0,6,17.0,4.0,3.0,1.0,4.0,1.0,2.0,1,4,2
20260129TMG05,2026-01-29,内側より下,14,0.0,0.0,0.0,0.0,16.0,5,20.0,5.0,3.0,2.0,3.0,1.0,2.0,1,2,5
20260129TMG07,2026-01-29,内側より下,32,6.25,0.0,6.25,6.25,35.0,1,0.0,10.0,5.0,5.0,4.0,4.0,4.0,1,5,6
20260129TMG08,2026-01-29,内側より上,28,0.0,0.0,0.0,0.0,17.0,5,17.0,2.0,1.0,1.0,4.0,1.0,4.0,2,5,1
20260129TMG09,2026-01-29,内側より下,39,5.128205128205129,2.5641025641025643,2.5641025641025643,5.128205128205129,22.0,4,10.0,4.0,3.0,1.0,3.0,5.0,2.0,4,2,3
20260129TMG10,2026-01-29,内側より上,11,0.0,0.0,0.0,0.0,20.0,5,14.0,4.0,3.0,1.0,3.0,4.0,2.0,1,2,3
20260129TMG11,2026-01-29,内側より下,28,0.0,0.0,0.0,0.0,30.0,2,5.0,10.0,5.0,5.0,5.0,3.0,2.0,3,6,1
20260206TMG02,2026-02-06,内側より下,41,2.4390243902439024,0.0,2.4390243902439024,2.4390243902439024,24.0,4,5.0,7.0,3.0,4.0,3.0,1.0,4.0,1,2,4
20260206TMG03,2026-02-06,同じ,37,13.513513513513514,2.7027027027027026,10.81081081081081,13.513513513513512,30.0,1,0.0,5.0,3.0,2.0,3.0,5.0,5.0,1,2,5
20260206TMG04,2026-02-06,内側より下,29,3.4482758620689653,0.0,3.4482758620689653,3.4482758620689653,12.0,6,22.0,4.0,3.0,1.0,1.0,2.0,1.0,4,5,2
20260206TMG05,2026-02-06,内側より上,44,4.545454545454546,4.545454545454546,0.0,4.545454545454546,22.0,5,13.0,9.0,5.0,4.0,5.0,1.0,1.0,1,3,2
20260206TMG06,2026-02-06,内側より上,38,0.0,0.0,0.0,0.0,26.0,3,6.0,7.0,3.0,4.0,3.0,3.0,3.0,4,6,1
20260206TMG07,2026-02-06,内側より下,40,5.0,0.0,2.5,2.5,21.0,3,13.0,8.0,5.0,3.0,2.0,2.0,2.0,1,2,3
20260206TMG08,2026-02-06,内側より下,30,0.0,0.0,0.0,0.0,17.0,6,13.0,3.0,2.0,1.0,3.0,1.0,4.0,1,3,4
20260206TMG09,2026-02-06,内側より上,30,10.0,10.0,0.0,10.0,20.0,5,12.0,8.0,3.0,5.0,3.0,1.0,1.0,5,6,3
20260206TMG10,2026-02-06,内側より下,34,0.0,0.0,0.0,0.0,19.0,5,19.0,6.0,5.0,1.0,2.0,1.0,4.0,1,2,3
20260206TMG11,2026-02-06,内側より下,38,13.157894736842104,5.2631578947368425,2.6315789473684212,7.894736842105264,30.0,3,4.0,10.0,5.0,5.0,3.0,4.0,2.0,4,6,5
20260206TMG12,2026-02-06,内側より上,30,0.0,0.0,0.0,0.0,22.0,4,16.0,4.0,3.0,1.0,3.0,3.0,4.0,2,1,3
20260207TMG01,2026-02-07,内側より下,47,0.0,0.0,0.0,0.0,23.0,4,11.0,6.0,3.0,3.0,4.0,3.0,2.0,4,1,3
20260207TMG02,2026-02-07,内側より下,33,3.0303030303030303,3.0303030303030303,0.0,3.0303030303030303,24.0,3,7.0,6.0,5.0,1.0,3.0,3.0,4.0,1,3,5
20260207TMG03,2026-02-07,内側より下,31,0.0,0.0,0.0,0.0,22.0,4,15.0,10.0,5.0,5.0,3.0,1.0,1.0,2,1,5
20260207TMG04,2026-02-07,内側より下,25,12.0,0.0,4.0,4.0,20.0,6,10.0,4.0,3.0,1.0,5.0,1.0,4.0,1,4,3
20260207TMG05,2026-02-07,内側より下,39,5.128205128205129,0.0,2.5641025641025643,2.5641025641025643,16.0,6,20.0,4.0,3.0,1.0,3.0,1.0,3.0,3,1,4
20260207TMG06,2026-02-07,内側より上,37,8.108108108108109,2.7027027027027026,2.7027027027027026,5.405405405405405,19.0,5,15.0,4.0,3.0,1.0,4.0,2.0,3.0,2,1,4
20260207TMG07,2026-02-07,内側より下,31,6.451612903225806,6.451612903225806,0.0,6.451612903225806,22.0,5,6.0,4.0,3.0,1.0,3.0,3.0,4.0,1,2,6
20260207TMG08,2026-02-07,内側より下,43,4.651162790697675,0.0,0.0,0.0,27.0,3,5.0,6.0,5.0,1.0,4.0,3.0,5.0,1,5,3
20260207TMG09,2026-02-07,内側より下,30,0.0,0.0,0.0,0.0,29.0,2,5.0,8.0,3.0,5.0,4.0,3.0,3.0,1,2,3
20260207TMG10,2026-02-07,内側より下,38,0.0,0.0,0.0,0.0,25.0,3,11.0,6.0,5.0,1.0,4.0,3.0,4.0,1,4,3
20260207TMG11,2026-02-07,内側より下,40,7.5,2.5,5.0,7.5,32.0,1,0.0,8.0,3.0,5.0,5.0,4.0,3.0,6,2,3
20260207TMG12,2026-02-07,内側より上,43,4.651162790697675,0.0,2.3255813953488373,2.3255813953488373,22.0,4,7.0,6.0,5.0,1.0,3.0,2.0,4.0,4,5,2
20260208TMG01,2026-02-08,内側より下,28,3.5714285714285716,0.0,0.0,0.0,23.0,5,6.0,6.0,5.0,1.0,2.0,3.0,4.0,1,4,3
20260208TMG02,2026-02-08,内側より下,32,6.25,0.0,6.25,6.25,19.0,6,9.0,4.0,3.0,1.0,2.0,3.0,3.0,1,2,3
20260208TMG03,2026-02-08,内側より下,23,4.3478260869565215,0.0,4.3478260869565215,4.3478260869565215,28.0,3,2.0,8.0,5.0,3.0,3.0,3.0,4.0,1,3,6
20260208TMG04,2026-02-08,同じ,18,22.22222222222222,0.0,5.555555555555555,5.555555555555555,19.0,6,10.0,4.0,2.0,2.0,3.0,3.0,2.0,4,1,6
20260208TMG05,2026-02-08,内側より下,32,3.125,0.0,3.125,3.125,28.0,2,2.0,8.0,5.0,3.0,3.0,2.0,5.0,4,5,6
20260208TMG06,2026-02-08,内側より下,34,5.882352941176471,0.0,2.9411764705882355,2.9411764705882355,18.0,5,18.0,4.0,3.0,1.0,3.0,3.0,2.0,1,2,6
20260208TMG07,2026-02-08,内側より上,32,3.125,0.0,0.0,0.0,26.0,3,5.0,4.0,3.0,1.0,3.0,5.0,4.0,3,6,5
20260208TMG08,2026-02-08,内側より下,34,5.882352941176471,0.0,2.9411764705882355,2.9411764705882355,22.0,4,10.0,6.0,5.0,1.0,3.0,1.0,5.0,1,4,2
20260208TMG09,2026-02-08,内側より上,31,12.903225806451612,6.451612903225806,3.225806451612903,9.677419354838708,18.0,5,16.0,6.0,5.0,1.0,3.0,3.0,1.0,1,6,4
20260208TMG10,2026-02-08,内側より上,40,2.5,0.0,0.0,0.0,22.0,5,7.0,4.0,3.0,1.0,3.0,2.0,5.0,1,5,2
20260208TMG11,2026-02-08,内側より下,25,8.0,4.0,4.0,8.0,28.0,2,7.0,8.0,5.0,3.0,3.0,3.0,4.0,1,3,5
20260208TMG12,2026-02-08,内側より下,23,0.0,0.0,0.0,0.0,21.0,5,13.0,6.0,5.0,1.0,4.0,1.0,4.0,1,3,4
20260209TMG01,2026-02-09,内側より下,31,6.451612903225806,0.0,3.225806451612903,3.225806451612903,24.0,3,7.0,6.0,3.0,3.0,3.0,1.0,5.0,3,4,1
20260209TMG02,2026-02-09,内側より下,39,7.6923076923076925,0.0,5.128205128205129,5.128205128205129,13.0,6,21.0,4.0,3.0,1.0,4.0,1.0,1.0,1,3,5
20260209TMG03,2026-02-09,内側より下,39,0.0,0.0,0.0,0.0,24.0,3,16.0,4.0,2.0,2.0,4.0,4.0,3.0,3,4,2
20260209TMG04,2026-02-09,内側より下,34,0.0,0.0,0.0,0.0,16.0,6,18.0,6.0,5.0,1.0,3.0,1.0,2.0,1,3,4
20260209TMG05,2026-02-09,内側より下,30,10.0,0.0,6.666666666666667,6.666666666666667,26.0,3,3.0,6.0,5.0,1.0,3.0,3.0,5.0,2,1,3
20260209TMG06,2026-02-09,内側より上,40,10.0,2.5,7.5,10.0,22.0,6,9.0,6.0,5.0,1.0,3.0,4.0,2.0,1,3,6
20260209TMG08,2026-02-09,内側より上,47,4.25531914893617,0.0,2.127659574468085,2.127659574468085,18.0,6,14.0,4.0,3.0,1.0,3.0,1.0,4.0,1,3,2
20260209TMG09,2026-02-09,内側より上,32,12.5,3.125,3.125,6.25,25.0,4,8.0,4.0,3.0,1.0,4.0,4.0,4.0,1,2,4
20260209TMG10,2026-02-09,内側より上,36,5.555555555555555,0.0,2.7777777777777777,2.7777777777777777,32.0,2,3.0,7.0,3.0,4.0,5.0,4.0,4.0,1,5,6
20260209TMG11,2026-02-09,内側より上,35,8.571428571428571,5.714285714285714,0.0,5.714285714285714,25.0,3,7.0,5.0,3.0,2.0,4.0,3.0,4.0,2,4,3
20260209TMG12,2026-02-09,内側より上,39,7.6923076923076925,5.128205128205129,2.5641025641025643,7.692307692307693,22.0,5,6.0,4.0,3.0,1.0,3.0,2.0,5.0,1,2,5
20260210TMG01,2026-02-10,内側より上,45,4.444444444444445,4.444444444444445,0.0,4.444444444444445,24.0,5,10.0,8.0,3.0,5.0,5.0,1.0,2.0,1,3,4
20260210TMG02,2026-02-10,内側より下,32,0.0,0.0,0.0,0.0,24.0,3,11.0,8.0,3.0,5.0,3.0,3.0,1.0,1,2,3
20260210TMG03,2026-02-10,内側より下,34,2.9411764705882355,2.9411764705882355,0.0,2.9411764705882355,24.0,4,10.0,5.0,3.0,2.0,3.0,3.0,4.0,1,3,2
20260210TMG04,2026-02-10,内側より下,31,0.0,0.0,0.0,0.0,18.0,5,12.0,5.0,3.0,2.0,3.0,1.0,3.0,1,3,4
20260210TMG05,2026-02-10,内側より下,47,4.25531914893617,0.0,2.127659574468085,2.127659574468085,28.0,3,2.0,6.0,5.0,1.0,3.0,4.0,5.0,1,5,3
20260210TMG06,2026-02-10,内側より下,31,6.451612903225806,0.0,6.451612903225806,6.451612903225806,14.0,6,19.0,4.0,3.0,1.0,5.0,1.0,1.0,1,6,5
20260210TMG07,2026-02-10,内側より上,35,5.714285714285714,0.0,2.857142857142857,2.857142857142857,24.0,4,10.0,6.0,5.0,1.0,3.0,4.0,3.0,1,2,4
20260210TMG08,2026-02-10,内側より上,26,7.6923076923076925,3.8461538461538463,3.8461538461538463,7.6923076923076925,26.0,3,4.0,7.0,3.0,4.0,3.0,2.0,4.0,3,4,1
20260210TMG09,2026-02-10,内側より下,30,3.3333333333333335,0.0,3.3333333333333335,3.3333333333333335,23.0,3,11.0,4.0,2.0,2.0,1.0,4.0,4.0,2,1,3
20260210TMG11,2026-02-10,内側より上,31,9.67741935483871,9.67741935483871,0.0,9.67741935483871,18.0,5,16.0,4.0,3.0,1.0,3.0,1.0,4.0,1,5,3
20260210TMG12,2026-02-10,内側より下,35,5.714285714285714,0.0,2.857142857142857,2.857142857142857,26.0,3,6.0,10.0,5.0,5.0,3.0,3.0,1.0,1,4,5
20260211TMG01,2026-02-11,内側より下,40,2.5,2.5,0.0,2.5,32.0,1,0.0,8.0,3.0,5.0,5.0,5.0,2.0,3,1,2
20260211TMG02,2026-02-11,内側より下,33,12.121212121212121,3.0303030303030303,3.0303030303030303,6.0606060606060606,15.0,6,16.0,3.0,2.0,1.0,3.0,2.0,2.0,1,3,2
20260211TMG03,2026-02-11,内側より下,34,0.0,0.0,0.0,0.0,26.0,3,7.0,8.0,5.0,3.0,3.0,2.0,4.0,1,3,4
20260211TMG04,2026-02-11,内側より下,38,0.0,0.0,0.0,0.0,26.0,4,9.0,4.0,3.0,1.0,3.0,5.0,4.0,2,5,6
20260211TMG05,2026-02-11,内側より下,26,7.6923076923076925,3.8461538461538463,3.8461538461538463,7.6923076923076925,23.0,4,9.0,4.0,3.0,1.0,4.0,4.0,3.0,1,6,3
20260211TMG06,2026-02-11,内側より下,31,0.0,0.0,0.0,0.0,26.0,3,4.0,7.0,5.0,2.0,3.0,2.0,5.0,1,3,6
20260211TMG07,2026-02-11,内側より下,32,3.125,0.0,0.0,0.0,36.0,1,0.0,9.0,5.0,4.0,3.0,5.0,5.0,1,4,3
20260211TMG08,2026-02-11,内側より下,48,4.166666666666667,0.0,2.0833333333333335,2.0833333333333335,28.0,3,6.0,5.0,3.0,2.0,3.0,4.0,5.0,1,3,2
20260211TMG09,2026-02-11,内側より下,38,7.894736842105263,2.6315789473684212,2.6315789473684212,5.2631578947368425,24.0,4,6.0,7.0,3.0,4.0,3.0,1.0,4.0,3,1,2
20260211TMG10,2026-02-11,内側より下,31,6.451612903225806,6.451612903225806,0.0,6.451612903225806,22.0,2,6.0,4.0,3.0,1.0,3.0,2.0,5.0,1,4,3
20260211TMG11,2026-02-11,内側より下,48,0.0,0.0,0.0,0.0,22.0,4,10.0,5.0,3.0,2.0,3.0,2.0,4.0,1,2,3
20260211TMG12,2026-02-11,内側より上,44,4.545454545454546,0.0,0.0,0.0,24.0,4,10.0,10.0,5.0,5.0,3.0,2.0,1.0,1,4,2
20260222TMG01,2026-02-22,内側より下,68,1.4705882352941178,0.0,1.4705882352941178,1.4705882352941178,24.0,4,6.0,2.0,1.0,1.0,3.0,4.0,5.0,1,3,5
20260222TMG02,2026-02-22,内側より下,29,3.4482758620689653,0.0,0.0,0.0,23.0,4,9.0,7.0,3.0,4.0,4.0,3.0,1.0,1,2,5
20260222TMG03,2026-02-22,内側より下,119,0.0,0.0,0.0,0.0,23.0,5,12.0,3.0,2.0,1.0,5.0,2.0,5.0,1,3,2
20260222TMG04,2026-02-22,内側より下,35,14.285714285714286,2.857142857142857,5.714285714285714,8.571428571428571,31.0,2,2.0,10.0,5.0,5.0,2.0,5.0,2.0,6,2,1
20260222TMG05,2026-02-22,内側より上,25,0.0,0.0,0.0,0.0,20.0,5,17.0,6.0,5.0,1.0,3.0,2.0,3.0,1,3,6
20260222TMG06,2026-02-22,内側より下,25,0.0,0.0,0.0,0.0,26.0,2,2.0,3.0,2.0,1.0,2.0,5.0,5.0,1,4,3
20260222TMG07,2026-02-22,内側より上,22,0.0,0.0,0.0,0.0,23.0,3,6.0,5.0,1.0,4.0,2.0,4.0,2.0,1,4,2
20260222TMG08,2026-02-22,内側より下,20,0.0,0.0,0.0,0.0,25.0,2,5.0,7.0,2.0,5.0,1.0,3.0,3.0,1,5,3
20260222TMG09,2026-02-22,内側より上,23,8.695652173913043,0.0,4.3478260869565215,4.3478260869565215,28.0,1,0.0,8.0,3.0,5.0,3.0,5.0,1.0,1,2,5
20260222TMG10,2026-02-22,内側より上,39,10.256410256410257,7.6923076923076925,2.5641025641025643,10.256410256410257,30.0,2,4.0,10.0,5.0,5.0,3.0,2.0,4.0,4,2,3
20260222TMG11,2026-02-22,内側より上,28,0.0,0.0,0.0,0.0,16.0,5,13.0,6.0,5.0,1.0,3.0,1.0,2.0,1,4,2
20260222TMG12,2026-02-22,内側より下,27,3.7037037037037037,0.0,0.0,0.0,26.0,3,6.0,10.0,5.0,5.0,3.0,3.0,1.0,1,5,2
20260223TMG01,2026-02-23,内側より下,35,0.0,0.0,0.0,0.0,17.0,5,15.0,4.0,3.0,1.0,2.0,1.0,4.0,1,2,3
20260223TMG02,2026-02-23,内側より下,25,0.0,0.0,0.0,0.0,28.0,2,2.0,6.0,5.0,1.0,3.0,5.0,4.0,4,5,6
20260223TMG03,2026-02-23,内側より下,27,0.0,0.0,0.0,0.0,30.0,2,2.0,8.0,5.0,3.0,3.0,4.0,4.0,3,4,5
20260223TMG04,2026-02-23,内側より上,21,0.0,0.0,0.0,0.0,22.0,4,14.0,6.0,5.0,1.0,1.0,3.0,4.0,1,3,2
20260223TMG05,2026-02-23,内側より下,33,3.0303030303030303,0.0,0.0,0.0,20.0,6,14.0,6.0,5.0,1.0,3.0,1.0,4.0,3,6,2
20260223TMG06,2026-02-23,内側より下,35,0.0,0.0,0.0,0.0,30.0,2,1.0,8.0,5.0,3.0,3.0,4.0,4.0,1,3,4
20260223TMG07,2026-02-23,内側より上,35,2.857142857142857,2.857142857142857,0.0,2.857142857142857,20.0,6,13.0,6.0,5.0,1.0,3.0,4.0,1.0,5,3,1
20260223TMG08,2026-02-23,内側より上,25,4.0,4.0,0.0,4.0,28.0,2,2.0,7.0,5.0,2.0,3.0,3.0,5.0,2,5,3
20260223TMG09,2026-02-23,同じ,36,2.7777777777777777,2.7777777777777777,0.0,2.7777777777777777,17.0,4,14.0,3.0,2.0,1.0,3.0,1.0,4.0,1,2,5
20260223TMG10,2026-02-23,内側より下,29,3.4482758620689653,0.0,3.4482758620689653,3.4482758620689653,22.0,3,14.0,6.0,1.0,5.0,3.0,3.0,1.0,1,5,3
20260223TMG11,2026-02-23,内側より上,24,0.0,0.0,0.0,0.0,20.0,6,10.0,3.0,2.0,1.0,4.0,1.0,5.0,1,2,5
20260223TMG12,2026-02-23,内側より下,34,2.9411764705882355,0.0,2.9411764705882355,2.9411764705882355,24.0,3,6.0,6.0,3.0,3.0,3.0,3.0,3.0,1,2,3
20260224TMG01,2026-02-24,内側より下,31,3.225806451612903,3.225806451612903,0.0,3.225806451612903,20.0,4,16.0,4.0,3.0,1.0,3.0,2.0,4.0,1,2,4
20260224TMG03,2026-02-24,内側より上,26,0.0,0.0,0.0,0.0,25.0,3,3.0,3.0,2.0,1.0,3.0,5.0,4.0,2,3,1
20260224TMG04,2026-02-24,内側より下,30,3.3333333333333335,0.0,3.3333333333333335,3.3333333333333335,23.0,3,9.0,6.0,5.0,1.0,4.0,2.0,4.0,1,4,5
20260224TMG05,2026-02-24,内側より下,28,0.0,0.0,0.0,0.0,30.0,2,1.0,10.0,5.0,5.0,3.0,3.0,3.0,3,1,5
20260224TMG06,2026-02-24,内側より上,42,2.380952380952381,0.0,0.0,0.0,32.0,2,1.0,10.0,5.0,5.0,3.0,5.0,2.0,6,2,1
20260224TMG07,2026-02-24,内側より下,45,6.666666666666667,2.2222222222222223,2.2222222222222223,4.444444444444445,31.0,2,1.0,10.0,5.0,5.0,2.0,4.0,3.0,6,3,4
20260224TMG08,2026-02-24,内側より下,25,4.0,0.0,4.0,4.0,25.0,3,13.0,8.0,3.0,5.0,2.0,2.0,3.0,1,2,3
20260224TMG10,2026-02-24,内側より下,29,0.0,0.0,0.0,0.0,21.0,4,10.0,6.0,5.0,1.0,2.0,2.0,4.0,1,4,5
20260224TMG11,2026-02-24,内側より上,33,0.0,0.0,0.0,0.0,23.0,4,9.0,4.0,2.0,2.0,3.0,5.0,2.0,1,4,5
20260224TMG12,2026-02-24,内側より下,22,0.0,0.0,0.0,0.0,21.0,5,10.0,6.0,5.0,1.0,2.0,1.0,5.0,4,3,5
20260225TMG01,2026-02-25,内側より下,27,0.0,0.0,0.0,0.0,18.0,5,13.0,6.0,3.0,3.0,3.0,1.0,2.0,5,2,6
20260225TMG02,2026-02-25,内側より上,32,0.0,0.0,0.0,0.0,20.0,6,12.0,4.0,3.0,1.0,3.0,1.0,5.0,1,4,3
20260225TMG03,2026-02-25,内側より上,23,4.3478260869565215,0.0,4.3478260869565215,4.3478260869565215,26.0,3,10.0,6.0,5.0,1.0,3.0,3.0,5.0,2,6,3
20260225TMG04,2026-02-25,内側より下,27,0.0,0.0,0.0,0.0,26.0,3,7.0,4.0,3.0,1.0,3.0,4.0,5.0,1,3,2
20260225TMG05,2026-02-25,内側より下,29,0.0,0.0,0.0,0.0,25.0,4,7.0,4.0,3.0,1.0,4.0,3.0,5.0,3,6,4
20260225TMG06,2026-02-25,内側より下,31,3.225806451612903,0.0,3.225806451612903,3.225806451612903,22.0,3,13.0,7.0,5.0,2.0,3.0,4.0,1.0,4,1,5
20260225TMG07,2026-02-25,内側より下,30,0.0,0.0,0.0,0.0,13.0,6,22.0,4.0,3.0,1.0,2.0,1.0,2.0,3,6,2
20260225TMG08,2026-02-25,内側より下,19,0.0,0.0,0.0,0.0,24.0,3,6.0,6.0,5.0,1.0,3.0,2.0,5.0,1,3,2
20260225TMG10,2026-02-25,内側より下,19,5.2631578947368425,0.0,5.2631578947368425,5.2631578947368425,22.0,5,14.0,7.0,5.0,2.0,3.0,4.0,1.0,4,5,3
20260225TMG11,2026-02-25,内側より上,23,8.695652173913043,4.3478260869565215,4.3478260869565215,8.695652173913043,23.0,2,7.0,4.0,3.0,1.0,4.0,3.0,4.0,1,4,6
20260225TMG12,2026-02-25,内側より下,27,3.7037037037037037,0.0,0.0,0.0,19.0,5,13.0,4.0,3.0,1.0,2.0,2.0,4.0,1,6,2
20260226TMG01,2026-02-26,内側より下,29,0.0,0.0,0.0,0.0,26.0,4,4.0,10.0,5.0,5.0,3.0,3.0,1.0,1,2,3
20260226TMG02,2026-02-26,内側より上,32,3.125,3.125,0.0,3.125,19.0,6,12.0,6.0,5.0,1.0,2.0,1.0,4.0,2,6,1
20260226TMG03,2026-02-26,内側より下,32,0.0,0.0,0.0,0.0,27.0,3,5.0,8.0,3.0,5.0,4.0,4.0,1.0,4,3,5
20260226TMG04,2026-02-26,内側より下,32,3.125,0.0,3.125,3.125,24.0,4,6.0,7.0,3.0,4.0,5.0,1.0,3.0,2,4,6
20260226TMG05,2026-02-26,内側より下,30,0.0,0.0,0.0,0.0,26.0,3,7.0,4.0,3.0,1.0,3.0,4.0,5.0,5,1,2
20260226TMG06,2026-02-26,内側より下,63,1.5873015873015872,0.0,1.5873015873015872,1.5873015873015872,23.0,4,7.0,6.0,5.0,1.0,2.0,3.0,4.0,1,2,4
20260226TMG07,2026-02-26,内側より下,28,0.0,0.0,0.0,0.0,28.0,1,0.0,6.0,5.0,1.0,3.0,5.0,4.0,3,4,6
20260226TMG08,2026-02-26,内側より下,36,16.666666666666668,5.555555555555555,5.555555555555555,11.11111111111111,22.0,5,6.0,8.0,3.0,5.0,3.0,2.0,1.0,2,6,1
20260226TMG09,2026-02-26,内側より上,24,8.333333333333334,0.0,4.166666666666667,4.166666666666667,27.0,1,0.0,6.0,5.0,1.0,2.0,4.0,5.0,4,1,3
20260226TMG10,2026-02-26,内側より下,20,0.0,0.0,0.0,0.0,28.0,2,7.0,10.0,5.0,5.0,3.0,4.0,1.0,1,4,3
20260226TMG11,2026-02-26,内側より下,28,3.5714285714285716,0.0,0.0,0.0,22.0,4,14.0,6.0,5.0,1.0,3.0,1.0,5.0,2,1,4
20260227TMG01,2026-02-27,内側より下,121,0.0,0.0,0.0,0.0,22.0,4,6.0,10.0,5.0,5.0,3.0,1.0,1.0,2,1,4
20260227TMG02,2026-02-27,内側より下,27,0.0,0.0,0.0,0.0,22.0,5,8.0,7.0,5.0,2.0,1.0,3.0,3.0,1,2,4
20260227TMG03,2026-02-27,内側より下,20,0.0,0.0,0.0,0.0,24.0,2,7.0,4.0,3.0,1.0,1.0,4.0,5.0,4,3,5
20260227TMG04,2026-02-27,内側より上,25,8.0,0.0,4.0,4.0,31.0,1,0.0,8.0,3.0,5.0,2.0,3.0,5.0,3,2,5
20260227TMG05,2026-02-27,内側より下,33,3.0303030303030303,0.0,3.0303030303030303,3.0303030303030303,28.0,1,0.0,6.0,1.0,5.0,3.0,5.0,2.0,2,1,5
20260227TMG06,2026-02-27,内側より下,29,0.0,0.0,0.0,0.0,28.0,1,0.0,4.0,3.0,1.0,3.0,5.0,5.0,1,3,2
20260227TMG07,2026-02-27,内側より下,31,0.0,0.0,0.0,0.0,19.0,6,13.0,6.0,5.0,1.0,2.0,1.0,4.0,3,1,2
20260227TMG08,2026-02-27,内側より下,31,0.0,0.0,0.0,0.0,27.0,2,1.0,4.0,3.0,1.0,2.0,5.0,5.0,1,6,4
20260227TMG09,2026-02-27,内側より下,12,0.0,0.0,0.0,0.0,23.0,3,10.0,7.0,3.0,4.0,2.0,2.0,3.0,1,3,5
20260227TMG10,2026-02-27,内側より下,26,0.0,0.0,0.0,0.0,17.0,5,17.0,6.0,5.0,1.0,2.0,1.0,3.0,1,2,4
20260227TMG11,2026-02-27,内側より下,29,3.4482758620689653,0.0,0.0,0.0,29.0,2,1.0,6.0,5.0,1.0,2.0,5.0,5.0,1,3,2
20260227TMG12,2026-02-27,内側より上,26,0.0,0.0,0.0,0.0,22.0,6,7.0,6.0,5.0,1.0,5.0,1.0,4.0,1,2,3
20260311TMG01,2026-03-11,内側より下,27,7.407407407407407,3.7037037037037037,3.7037037037037037,7.407407407407407,30.0,1,0.0,6.0,3.0,3.0,3.0,5.0,4.0,3,5,2
20260311TMG02,2026-03-11,内側より下,34,0.0,0.0,0.0,0.0,20.0,5,12.0,5.0,3.0,2.0,3.0,2.0,3.0,1,3,4
20260311TMG04,2026-03-11,内側より上,29,0.0,0.0,0.0,0.0,32.0,2,2.0,10.0,5.0,5.0,5.0,4.0,2.0,2,6,1
20260311TMG05,2026-03-11,内側より下,109,0.0,0.0,0.0,0.0,25.0,3,6.0,4.0,3.0,1.0,4.0,3.0,5.0,2,4,3
20260311TMG06,2026-03-11,内側より下,24,0.0,0.0,0.0,0.0,18.0,6,11.0,6.0,3.0,3.0,3.0,1.0,2.0,4,2,1
20260311TMG07,2026-03-11,内側より下,44,4.545454545454546,0.0,4.545454545454546,4.545454545454546,21.0,4,16.0,4.0,3.0,1.0,4.0,3.0,3.0,6,2,1
20260311TMG08,2026-03-11,内側より上,32,3.125,3.125,0.0,3.125,25.0,4,9.0,4.0,3.0,1.0,4.0,3.0,5.0,2,1,
20260311TMG10,2026-03-11,内側より下,28,0.0,0.0,0.0,0.0,13.0,5,21.0,6.0,5.0,1.0,2.0,1.0,1.0,3,4,1
20260311TMG11,2026-03-11,同じ,27,0.0,0.0,0.0,0.0,21.0,5,12.0,7.0,5.0,2.0,2.0,1.0,4.0,1,2,3
20260311TMG12,2026-03-11,内側より下,26,3.8461538461538463,0.0,0.0,0.0,23.0,4,14.0,6.0,5.0,1.0,4.0,3.0,3.0,1,3,2
20260312TMG01,2026-03-12,内側より上,67,7.462686567164179,0.0,4.477611940298507,4.477611940298507,34.0,1,0.0,9.0,5.0,4.0,3.0,4.0,5.0,4,2,5
20260312TMG02,2026-03-12,内側より下,55,10.909090909090908,9.090909090909092,0.0,9.090909090909092,22.0,4,15.0,4.0,3.0,1.0,5.0,1.0,5.0,1,2,3
20260312TMG04,2026-03-12,内側より上,33,0.0,0.0,0.0,0.0,16.0,6,17.0,4.0,3.0,1.0,1.0,1.0,4.0,3,1,2
20260312TMG05,2026-03-12,内側より下,35,2.857142857142857,0.0,0.0,0.0,34.0,1,0.0,10.0,5.0,5.0,3.0,5.0,3.0,4,5,6
20260312TMG07,2026-03-12,内側より上,67,7.462686567164179,0.0,4.477611940298507,4.477611940298507,25.0,3,7.0,6.0,2.0,4.0,1.0,3.0,4.0,1,3,2
20260312TMG08,2026-03-12,内側より下,13,0.0,0.0,0.0,0.0,26.0,2,9.0,7.0,2.0,5.0,2.0,5.0,1.0,4,5,1
20260312TMG09,2026-03-12,内側より上,35,0.0,0.0,0.0,0.0,22.0,5,10.0,6.0,5.0,1.0,3.0,2.0,4.0,1,2,4
20260312TMG10,2026-03-12,内側より下,28,0.0,0.0,0.0,0.0,25.0,2,8.0,8.0,5.0,3.0,2.0,4.0,2.0,1,6,5
20260312TMG11,2026-03-12,内側より下,27,0.0,0.0,0.0,0.0,12.0,6,20.0,6.0,5.0,1.0,1.0,1.0,1.0,1,3,4
20260312TMG12,2026-03-12,内側より下,30,0.0,0.0,0.0,0.0,23.0,4,12.0,4.0,3.0,1.0,2.0,4.0,4.0,1,4,5
20260313TMG01,2026-03-13,内側より下,110,0.0,0.0,0.0,0.0,30.0,1,0.0,8.0,3.0,5.0,3.0,4.0,3.0,2,3,5
20260313TMG02,2026-03-13,内側より下,25,0.0,0.0,0.0,0.0,30.0,1,0.0,8.0,5.0,3.0,3.0,4.0,4.0,1,5,6
20260313TMG03,2026-03-13,内側より上,29,0.0,0.0,0.0,0.0,23.0,5,11.0,4.0,3.0,1.0,4.0,2.0,5.0,1,4,6
20260313TMG04,2026-03-13,内側より上,28,0.0,0.0,0.0,0.0,24.0,3,10.0,10.0,5.0,5.0,1.0,2.0,2.0,1,4,3
20260313TMG05,2026-03-13,内側より下,33,0.0,0.0,0.0,0.0,26.0,2,12.0,10.0,5.0,5.0,1.0,4.0,1.0,3,5,4
20260313TMG06,2026-03-13,内側より下,25,0.0,0.0,0.0,0.0,13.0,6,21.0,4.0,3.0,1.0,2.0,2.0,1.0,1,5,4
20260313TMG07,2026-03-13,内側より下,37,8.108108108108109,0.0,5.405405405405405,5.405405405405405,21.0,5,11.0,4.0,3.0,1.0,2.0,3.0,4.0,1,4,5
20260313TMG08,2026-03-13,内側より下,11,0.0,0.0,0.0,0.0,13.0,6,17.0,4.0,3.0,1.0,2.0,1.0,2.0,4,2,
20260313TMG09,2026-03-13,内側より下,23,4.3478260869565215,0.0,0.0,0.0,16.0,6,16.0,4.0,3.0,1.0,3.0,2.0,2.0,3,5,1
20260313TMG10,2026-03-13,内側より上,69,7.246376811594203,0.0,4.3478260869565215,4.3478260869565215,26.0,3,6.0,4.0,3.0,1.0,3.0,4.0,5.0,1,3,4
20260313TMG11,2026-03-13,内側より下,34,0.0,0.0,0.0,0.0,18.0,5,14.0,7.0,5.0,2.0,3.0,1.0,2.0,1,2,3
20260313TMG12,2026-03-13,内側より下,21,4.761904761904762,4.761904761904762,0.0,4.761904761904762,24.0,3,8.0,8.0,3.0,5.0,3.0,3.0,1.0,1,5,2
20260314TMG01,2026-03-14,同じ,32,3.125,0.0,0.0,0.0,23.0,6,5.0,4.0,3.0,1.0,2.0,3.0,5.0,3,1,4
20260314TMG02,2026-03-14,内側より下,21,0.0,0.0,0.0,0.0,22.0,3,12.0,6.0,5.0,1.0,3.0,2.0,4.0,3,2,4
20260314TMG03,2026-03-14,内側より下,26,0.0,0.0,0.0,0.0,24.0,4,6.0,6.0,5.0,1.0,1.0,3.0,5.0,1,2,3
20260314TMG04,2026-03-14,内側より下,30,0.0,0.0,0.0,0.0,28.0,2,3.0,6.0,5.0,1.0,3.0,4.0,5.0,1,2,3
20260314TMG06,2026-03-14,内側より上,70,7.142857142857143,0.0,4.285714285714286,4.285714285714286,32.0,1,0.0,8.0,3.0,5.0,3.0,5.0,3.0,4,2,5
20260314TMG07,2026-03-14,内側より下,36,0.0,0.0,0.0,0.0,27.0,3,4.0,6.0,5.0,1.0,2.0,4.0,5.0,1,3,6
20260314TMG08,2026-03-14,内側より上,26,0.0,0.0,0.0,0.0,20.0,4,18.0,4.0,3.0,1.0,1.0,2.0,5.0,2,1,3
20260314TMG09,2026-03-14,内側より下,35,5.714285714285714,0.0,2.857142857142857,2.857142857142857,32.0,1,0.0,9.0,5.0,4.0,3.0,4.0,4.0,3,1,6
20260314TMG10,2026-03-14,内側より下,31,0.0,0.0,0.0,0.0,12.0,6,25.0,3.0,2.0,1.0,2.0,1.0,2.0,1,3,2
20260314TMG11,2026-03-14,内側より下,33,3.0303030303030303,0.0,3.0303030303030303,3.0303030303030303,17.0,6,15.0,4.0,3.0,1.0,4.0,2.0,2.0,1,5,3
20260314TMG12,2026-03-14,内側より上,70,7.142857142857143,0.0,4.285714285714286,4.285714285714286,25.0,4,3.0,6.0,3.0,3.0,2.0,3.0,4.0,3,1,
20260315TMG01,2026-03-15,内側より下,27,0.0,0.0,0.0,0.0,14.0,6,15.0,6.0,5.0,1.0,3.0,1.0,1.0,1,3,5
20260315TMG02,2026-03-15,内側より上,30,0.0,0.0,0.0,0.0,33.0,1,0.0,10.0,5.0,5.0,4.0,5.0,2.0,6,4,5
20260315TMG03,2026-03-15,内側より下,27,0.0,0.0,0.0,0.0,16.0,5,16.0,7.0,5.0,2.0,1.0,2.0,1.0,1,5,
20260315TMG04,2026-03-15,内側より下,23,0.0,0.0,0.0,0.0,16.0,6,17.0,4.0,3.0,1.0,3.0,1.0,3.0,2,1,4
20260315TMG06,2026-03-15,内側より上,28,0.0,0.0,0.0,0.0,22.0,4,11.0,5.0,3.0,2.0,5.0,2.0,3.0,1,5,2
20260315TMG07,2026-03-15,内側より上,72,6.944444444444445,0.0,4.166666666666667,4.166666666666667,23.0,5,10.0,7.0,2.0,5.0,3.0,3.0,1.0,1,2,3
20260315TMG08,2026-03-15,内側より上,13,0.0,0.0,0.0,0.0,20.0,5,14.0,4.0,3.0,1.0,1.0,2.0,5.0,3,1,2
20260315TMG09,2026-03-15,内側より下,27,0.0,0.0,0.0,0.0,13.0,6,21.0,3.0,2.0,1.0,3.0,1.0,2.0,1,2,4
20260315TMG10,2026-03-15,内側より下,31,0.0,0.0,0.0,0.0,36.0,2,3.0,8.0,3.0,5.0,3.0,5.0,5.0,1,2,5
20260315TMG11,2026-03-15,内側より下,28,0.0,0.0,0.0,0.0,22.0,3,11.0,4.0,3.0,1.0,3.0,4.0,3.0,1,5,2
20260315TMG12,2026-03-15,内側より下,33,3.0303030303030303,3.0303030303030303,0.0,3.0303030303030303,20.0,5,14.0,3.0,2.0,1.0,4.0,1.0,5.0,1,2,3
20260316TMG01,2026-03-16,内側より下,28,0.0,0.0,0.0,0.0,26.0,3,11.0,10.0,5.0,5.0,3.0,3.0,1.0,3,1,6
20260316TMG02,2026-03-16,内側より上,26,0.0,0.0,0.0,0.0,30.0,1,0.0,5.0,3.0,2.0,3.0,5.0,5.0,2,4,6
20260316TMG03,2026-03-16,内側より上,73,6.8493150684931505,0.0,4.109589041095891,4.109589041095891,32.0,1,0.0,7.0,3.0,4.0,3.0,5.0,4.0,1,5,3
20260316TMG05,2026-03-16,内側より上,20,0.0,0.0,0.0,0.0,25.0,4,12.0,4.0,3.0,1.0,4.0,4.0,4.0,1,4,2
20260316TMG07,2026-03-16,内側より下,36,2.7777777777777777,0.0,2.7777777777777777,2.7777777777777777,17.0,6,23.0,5.0,3.0,2.0,4.0,1.0,2.0,4,1,2
20260316TMG08,2026-03-16,内側より下,28,0.0,0.0,0.0,0.0,18.0,6,18.0,6.0,5.0,1.0,3.0,1.0,3.0,1,2,6
20260316TMG09,2026-03-16,内側より下,24,0.0,0.0,0.0,0.0,13.0,5,21.0,3.0,2.0,1.0,3.0,1.0,2.0,3,1,2
20260316TMG11,2026-03-16,内側より下,29,0.0,0.0,0.0,0.0,24.0,5,8.0,6.0,5.0,1.0,3.0,3.0,4.0,1,3,4
20260316TMG12,2026-03-16,内側より下,31,0.0,0.0,0.0,0.0,24.0,4,14.0,7.0,5.0,2.0,3.0,2.0,4.0,2,3,4
20260320TMG01,2026-03-20,内側より上,38,2.6315789473684212,0.0,0.0,0.0,29.0,2,1.0,6.0,5.0,1.0,2.0,5.0,5.0,3,1,2
20260320TMG02,2026-03-20,内側より下,55,0.0,0.0,0.0,0.0,26.0,4,2.0,4.0,3.0,1.0,3.0,4.0,5.0,3,1,2
20260320TMG03,2026-03-20,内側より上,41,2.4390243902439024,2.4390243902439024,0.0,2.4390243902439024,27.0,3,2.0,9.0,5.0,4.0,4.0,1.0,4.0,3,1,4
20260320TMG06,2026-03-20,内側より上,35,5.714285714285714,0.0,2.857142857142857,2.857142857142857,22.0,4,9.0,6.0,5.0,1.0,3.0,1.0,5.0,1,3,2
20260320TMG07,2026-03-20,内側より下,37,10.81081081081081,8.108108108108109,2.7027027027027026,10.81081081081081,27.0,2,6.0,4.0,3.0,1.0,4.0,5.0,4.0,6,2,3
20260320TMG09,2026-03-20,内側より下,26,3.8461538461538463,3.8461538461538463,0.0,3.8461538461538463,20.0,4,14.0,6.0,5.0,1.0,3.0,1.0,4.0,1,3,2
20260320TMG10,2026-03-20,内側より下,28,0.0,0.0,0.0,0.0,24.0,4,5.0,6.0,5.0,1.0,3.0,3.0,4.0,1,2,6
20260320TMG11,2026-03-20,内側より下,37,2.7027027027027026,0.0,0.0,0.0,12.0,6,26.0,6.0,5.0,1.0,1.0,1.0,1.0,4,3,1
20260321TMG01,2026-03-21,内側より上,42,2.380952380952381,2.380952380952381,0.0,2.380952380952381,22.0,6,8.0,4.0,2.0,2.0,4.0,1.0,5.0,3,1,5
20260321TMG02,2026-03-21,内側より下,22,0.0,0.0,0.0,0.0,23.0,6,6.0,3.0,2.0,1.0,5.0,3.0,4.0,1,3,2
20260321TMG03,2026-03-21,内側より上,75,0.0,0.0,0.0,0.0,25.0,1,0.0,8.0,3.0,5.0,4.0,3.0,1.0,2,5,6
20260321TMG04,2026-03-21,同じ,22,0.0,0.0,0.0,0.0,26.0,3,8.0,10.0,5.0,5.0,3.0,3.0,1.0,5,6,3
20260321TMG05,2026-03-21,内側より下,117,0.0,0.0,0.0,0.0,27.0,3,7.0,7.0,3.0,4.0,4.0,5.0,1.0,4,1,5
20260321TMG06,2026-03-21,内側より上,36,2.7777777777777777,0.0,0.0,0.0,22.0,4,7.0,8.0,3.0,5.0,3.0,2.0,1.0,4,5,1
20260321TMG07,2026-03-21,内側より下,109,0.0,0.0,0.0,0.0,26.0,3,6.0,6.0,5.0,1.0,3.0,5.0,3.0,1,2,4
20260321TMG08,2026-03-21,内側より上,29,0.0,0.0,0.0,0.0,27.0,2,9.0,6.0,5.0,1.0,2.0,5.0,4.0,4,1,5
20260321TMG10,2026-03-21,内側より下,33,0.0,0.0,0.0,0.0,29.0,3,3.0,8.0,3.0,5.0,2.0,2.0,5.0,2,4,3
20260321TMG11,2026-03-21,内側より下,13,0.0,0.0,0.0,0.0,23.0,2,11.0,6.0,5.0,1.0,4.0,3.0,3.0,1,2,5
20260321TMG12,2026-03-21,内側より下,29,0.0,0.0,0.0,0.0,18.0,6,12.0,5.0,3.0,2.0,3.0,2.0,2.0,2,1,4
20260322TMG02,2026-03-22,内側より上,110,0.0,0.0,0.0,0.0,29.0,4,3.0,10.0,5.0,5.0,4.0,2.0,3.0,1,2,3
20260322TMG03,2026-03-22,内側より下,103,0.970873786407767,0.970873786407767,0.0,0.970873786407767,26.0,3,8.0,4.0,3.0,1.0,3.0,4.0,5.0,1,5,3
20260322TMG04,2026-03-22,内側より下,118,0.0,0.0,0.0,0.0,36.0,1,0.0,8.0,3.0,5.0,3.0,5.0,5.0,3,4,2
20260322TMG05,2026-03-22,同じ,22,0.0,0.0,0.0,0.0,15.0,5,17.0,6.0,5.0,1.0,2.0,1.0,2.0,1,4,5
20260322TMG06,2026-03-22,内側より上,43,2.3255813953488373,2.3255813953488373,0.0,2.3255813953488373,24.0,4,12.0,6.0,5.0,1.0,3.0,3.0,4.0,4,1,2
20260322TMG07,2026-03-22,内側より下,23,0.0,0.0,0.0,0.0,22.0,4,10.0,6.0,3.0,3.0,3.0,3.0,2.0,3,4,6
20260322TMG09,2026-03-22,内側より下,103,0.970873786407767,0.970873786407767,0.0,0.970873786407767,22.0,4,14.0,4.0,3.0,1.0,3.0,3.0,4.0,1,4,3
20260322TMG10,2026-03-22,内側より上,21,0.0,0.0,0.0,0.0,27.0,4,3.0,8.0,5.0,3.0,4.0,4.0,2.0,1,3,2
20260322TMG12,2026-03-22,内側より下,33,0.0,0.0,0.0,0.0,19.0,4,16.0,3.0,2.0,1.0,3.0,3.0,3.0,5,3,6
20260323TMG01,2026-03-23,内側より下,22,0.0,0.0,0.0,0.0,17.0,5,19.0,4.0,3.0,1.0,4.0,3.0,1.0,1,3,2
20260323TMG03,2026-03-23,内側より上,24,0.0,0.0,0.0,0.0,23.0,5,9.0,4.0,3.0,1.0,4.0,2.0,5.0,4,2,6
20260323TMG04,2026-03-23,内側より下,20,0.0,0.0,0.0,0.0,24.0,5,9.0,8.0,3.0,5.0,3.0,3.0,1.0,2,1,3
20260323TMG05,2026-03-23,内側より上,45,2.2222222222222223,2.2222222222222223,0.0,2.2222222222222223,23.0,4,13.0,8.0,5.0,3.0,4.0,2.0,2.0,1,4,2
20260323TMG06,2026-03-23,内側より下,24,0.0,0.0,0.0,0.0,25.0,4,9.0,3.0,2.0,1.0,3.0,5.0,4.0,5,2,4
20260323TMG07,2026-03-23,内側より下,17,0.0,0.0,0.0,0.0,25.0,4,2.0,4.0,3.0,1.0,2.0,4.0,5.0,1,3,5
20260323TMG08,2026-03-23,内側より上,111,0.0,0.0,0.0,0.0,21.0,4,12.0,7.0,2.0,5.0,3.0,2.0,1.0,2,4,1
20260323TMG10,2026-03-23,内側より下,119,0.0,0.0,0.0,0.0,27.0,2,1.0,10.0,5.0,5.0,2.0,4.0,1.0,1,2,4
20260323TMG11,2026-03-23,内側より上,44,4.545454545454546,2.272727272727273,2.272727272727273,4.545454545454546,28.0,2,1.0,4.0,3.0,1.0,3.0,5.0,5.0,4,5,1
20260323TMG12,2026-03-23,内側より下,33,3.0303030303030303,0.0,0.0,0.0,26.0,2,2.0,4.0,2.0,2.0,2.0,4.0,5.0,1,5,4
20260324TMG01,2026-03-24,内側より下,120,0.0,0.0,0.0,0.0,20.0,5,12.0,6.0,5.0,1.0,3.0,1.0,4.0,2,3,1
20260324TMG02,2026-03-24,内側より下,105,0.9523809523809523,0.9523809523809523,0.0,0.9523809523809523,36.0,1,0.0,10.0,5.0,5.0,3.0,4.0,5.0,1,3,2
20260324TMG03,2026-03-24,内側より下,23,0.0,0.0,0.0,0.0,32.0,2,5.0,6.0,5.0,1.0,5.0,5.0,5.0,3,1,4
20260324TMG04,2026-03-24,内側より上,45,4.444444444444445,2.2222222222222223,2.2222222222222223,4.444444444444445,29.0,2,2.0,9.0,5.0,4.0,4.0,4.0,2.0,2,4,5
20260324TMG05,2026-03-24,内側より下,14,0.0,0.0,0.0,0.0,20.0,5,14.0,6.0,5.0,1.0,3.0,3.0,2.0,3,1,2
20260324TMG06,2026-03-24,内側より下,29,0.0,0.0,0.0,0.0,20.0,3,11.0,6.0,5.0,1.0,3.0,1.0,4.0,1,4,5
20260324TMG08,2026-03-24,内側より上,112,0.0,0.0,0.0,0.0,23.0,3,11.0,6.0,2.0,4.0,3.0,3.0,2.0,1,4,2
20260324TMG09,2026-03-24,内側より下,27,3.7037037037037037,3.7037037037037037,0.0,3.7037037037037037,20.0,6,13.0,4.0,3.0,1.0,3.0,1.0,5.0,1,3,2
20260324TMG10,2026-03-24,内側より下,29,0.0,0.0,0.0,0.0,24.0,4,7.0,5.0,3.0,2.0,3.0,2.0,5.0,1,2,5
20260324TMG12,2026-03-24,内側より上,20,0.0,0.0,0.0,0.0,18.0,5,13.0,6.0,5.0,1.0,3.0,1.0,3.0,1,2,4
20260325TMG01,2026-03-25,内側より上,47,2.127659574468085,2.127659574468085,0.0,2.127659574468085,27.0,4,7.0,9.0,5.0,4.0,4.0,1.0,4.0,2,3,5
20260325TMG02,2026-03-25,内側より上,16,0.0,0.0,0.0,0.0,25.0,3,5.0,5.0,3.0,2.0,2.0,3.0,5.0,3,5,1
20260325TMG03,2026-03-25,内側より下,121,0.0,0.0,0.0,0.0,22.0,5,10.0,4.0,3.0,1.0,5.0,2.0,4.0,2,3,1
20260325TMG04,2026-03-25,内側より上,17,0.0,0.0,0.0,0.0,24.0,2,8.0,4.0,3.0,1.0,3.0,4.0,4.0,1,2,3
20260325TMG05,2026-03-25,内側より下,106,0.9433962264150944,0.9433962264150944,0.0,0.9433962264150944,26.0,3,10.0,6.0,5.0,1.0,3.0,3.0,5.0,5,4,1
20260325TMG06,2026-03-25,内側より上,113,0.0,0.0,0.0,0.0,24.0,2,8.0,8.0,3.0,5.0,3.0,3.0,1.0,1,2,5
20260325TMG07,2026-03-25,内側より上,47,2.127659574468085,2.127659574468085,0.0,2.127659574468085,18.0,5,16.0,6.0,5.0,1.0,3.0,1.0,3.0,3,1,2
20260325TMG08,2026-03-25,内側より下,121,0.0,0.0,0.0,0.0,23.0,4,12.0,7.0,5.0,2.0,4.0,1.0,4.0,1,4,5
20260325TMG09,2026-03-25,内側より下,24,0.0,0.0,0.0,0.0,24.0,3,8.0,6.0,5.0,1.0,3.0,3.0,4.0,5,6,3
20260325TMG10,2026-03-25,内側より上,34,2.9411764705882355,0.0,0.0,0.0,28.0,2,2.0,10.0,5.0,5.0,3.0,3.0,2.0,1,5,2
20260325TMG11,2026-03-25,内側より下,25,0.0,0.0,0.0,0.0,25.0,4,6.0,6.0,5.0,1.0,4.0,2.0,5.0,3,5,6
20260328TMG01,2026-03-28,内側より下,35,0.0,0.0,0.0,0.0,24.0,4,7.0,4.0,3.0,1.0,3.0,4.0,4.0,3,5,1
20260328TMG02,2026-03-28,同じ,34,5.882352941176471,0.0,2.9411764705882355,2.9411764705882355,35.0,1,0.0,10.0,5.0,5.0,4.0,4.0,4.0,6,5,1
20260328TMG03,2026-03-28,内側より上,36,0.0,0.0,0.0,0.0,19.0,6,11.0,6.0,5.0,1.0,2.0,1.0,4.0,5,4,1
20260328TMG04,2026-03-28,内側より下,104,0.0,0.0,0.0,0.0,26.0,4,3.0,10.0,5.0,5.0,3.0,2.0,2.0,1,4,3
20260328TMG06,2026-03-28,内側より上,14,0.0,0.0,0.0,0.0,26.0,2,4.0,8.0,3.0,5.0,3.0,4.0,1.0,1,2,3
20260328TMG07,2026-03-28,内側より上,68,1.4705882352941178,1.4705882352941178,0.0,1.4705882352941178,24.0,3,6.0,7.0,5.0,2.0,3.0,2.0,4.0,1,4,2
20260328TMG08,2026-03-28,内側より上,38,0.0,0.0,0.0,0.0,12.0,6,17.0,5.0,3.0,2.0,1.0,1.0,1.0,3,1,4
20260328TMG09,2026-03-28,内側より下,41,2.4390243902439024,0.0,2.4390243902439024,2.4390243902439024,24.0,4,12.0,6.0,5.0,1.0,3.0,3.0,4.0,2,1,5
20260328TMG10,2026-03-28,内側より下,31,3.225806451612903,0.0,0.0,0.0,30.0,1,0.0,6.0,5.0,1.0,3.0,5.0,5.0,1,5,2
20260328TMG11,2026-03-28,内側より下,30,0.0,0.0,0.0,0.0,22.0,3,10.0,4.0,3.0,1.0,1.0,4.0,4.0,1,4,3
20260328TMG12,2026-03-28,内側より下,35,11.428571428571429,0.0,2.857142857142857,2.857142857142857,28.0,1,0.0,6.0,5.0,1.0,3.0,4.0,5.0,4,5,6
20260329TMG01,2026-03-29,内側より上,69,1.4492753623188406,1.4492753623188406,0.0,1.4492753623188406,21.0,4,15.0,4.0,2.0,2.0,3.0,2.0,4.0,1,5,4
20260329TMG02,2026-03-29,内側より上,39,0.0,0.0,0.0,0.0,22.0,4,14.0,8.0,3.0,5.0,3.0,1.0,2.0,4,3,2
20260329TMG03,2026-03-29,内側より下,36,2.7777777777777777,0.0,0.0,0.0,26.0,2,4.0,10.0,5.0,5.0,3.0,2.0,2.0,2,4,5
20260329TMG04,2026-03-29,内側より下,105,0.0,0.0,0.0,0.0,21.0,5,11.0,10.0,5.0,5.0,2.0,1.0,1.0,5,3,2
20260329TMG05,2026-03-29,内側より下,27,3.7037037037037037,3.7037037037037037,0.0,3.7037037037037037,18.0,5,14.0,7.0,3.0,4.0,1.0,1.0,2.0,2,1,3
20260329TMG06,2026-03-29,内側より下,22,0.0,0.0,0.0,0.0,16.0,6,17.0,4.0,3.0,1.0,1.0,1.0,4.0,4,5,6
20260329TMG07,2026-03-29,内側より上,39,0.0,0.0,0.0,0.0,13.0,6,15.0,4.0,3.0,1.0,2.0,1.0,2.0,1,2,5
20260329TMG08,2026-03-29,内側より下,3,0.0,0.0,0.0,0.0,12.0,6,24.0,4.0,2.0,2.0,2.0,1.0,1.0,1,5,4
20260329TMG09,2026-03-29,内側より上,69,1.4492753623188406,1.4492753623188406,0.0,1.4492753623188406,24.0,3,10.0,8.0,3.0,5.0,3.0,3.0,1.0,2,1,4
20260329TMG10,2026-03-29,内側より下,27,0.0,0.0,0.0,0.0,20.0,5,18.0,6.0,5.0,1.0,3.0,1.0,4.0,1,2,6
20260329TMG11,2026-03-29,内側より上,34,2.9411764705882355,2.9411764705882355,0.0,2.9411764705882355,16.0,6,19.0,6.0,5.0,1.0,3.0,1.0,2.0,1,3,4
20260329TMG12,2026-03-29,内側より下,37,2.7027027027027026,0.0,0.0,0.0,21.0,4,16.0,7.0,3.0,4.0,2.0,2.0,2.0,1,2,5
20260330TMG01,2026-03-30,内側より上,33,0.0,0.0,0.0,0.0,24.0,4,8.0,8.0,3.0,5.0,3.0,3.0,1.0,1,3,2
20260330TMG02,2026-03-30,内側より下,21,0.0,0.0,0.0,0.0,29.0,1,0.0,7.0,5.0,2.0,2.0,5.0,4.0,1,3,2
20260330TMG03,2026-03-30,内側より下,106,0.0,0.0,0.0,0.0,34.0,1,0.0,10.0,5.0,5.0,3.0,4.0,4.0,3,5,2
20260330TMG04,2026-03-30,内側より上,71,1.408450704225352,1.408450704225352,0.0,1.408450704225352,30.0,4,3.0,8.0,3.0,5.0,3.0,4.0,3.0,4,5,2
20260330TMG05,2026-03-30,内側より上,41,0.0,0.0,0.0,0.0,14.0,6,20.0,4.0,3.0,1.0,3.0,2.0,1.0,2,3,4
20260330TMG06,2026-03-30,内側より下,35,2.857142857142857,0.0,0.0,0.0,23.0,3,7.0,6.0,5.0,1.0,2.0,2.0,5.0,4,2,3
20260330TMG08,2026-03-30,内側より上,24,4.166666666666667,0.0,4.166666666666667,4.166666666666667,36.0,1,0.0,10.0,5.0,5.0,3.0,5.0,4.0,3,5,4
20260330TMG09,2026-03-30,内側より上,26,0.0,0.0,0.0,0.0,20.0,6,6.0,4.0,3.0,1.0,3.0,2.0,4.0,1,2,3
20260330TMG10,2026-03-30,内側より下,32,0.0,0.0,0.0,0.0,20.0,5,8.0,7.0,5.0,2.0,1.0,2.0,3.0,1,3,5
20260330TMG11,2026-03-30,内側より下,24,0.0,0.0,0.0,0.0,19.0,5,14.0,6.0,5.0,1.0,2.0,1.0,4.0,1,2,4
20260330TMG12,2026-03-30,内側より下,13,0.0,0.0,0.0,0.0,23.0,5,7.0,7.0,5.0,2.0,2.0,2.0,4.0,1,3,2
20260331TMG01,2026-03-31,内側より上,42,0.0,0.0,0.0,0.0,19.0,6,17.0,7.0,2.0,5.0,3.0,1.0,1.0,1,2,5
20260331TMG02,2026-03-31,内側より下,107,0.0,0.0,0.0,0.0,24.0,4,10.0,8.0,5.0,3.0,3.0,2.0,3.0,3,4,1
20260331TMG03,2026-03-31,内側より下,25,0.0,0.0,0.0,0.0,10.0,6,24.0,4.0,3.0,1.0,1.0,1.0,1.0,4,2,1
20260331TMG05,2026-03-31,同じ,23,0.0,0.0,0.0,0.0,21.0,6,8.0,5.0,3.0,2.0,2.0,2.0,4.0,3,5,1
20260331TMG06,2026-03-31,内側より下,107,0.0,0.0,0.0,0.0,19.0,6,8.0,6.0,5.0,1.0,2.0,1.0,4.0,5,4,2
20260331TMG07,2026-03-31,内側より上,42,0.0,0.0,0.0,0.0,21.0,5,15.0,8.0,5.0,3.0,2.0,1.0,3.0,3,1,2
20260331TMG09,2026-03-31,内側より下,38,2.6315789473684212,0.0,0.0,0.0,22.0,3,6.0,9.0,5.0,4.0,1.0,2.0,2.0,2,3,5
20260331TMG10,2026-03-31,内側より下,31,3.225806451612903,0.0,0.0,0.0,15.0,5,20.0,3.0,2.0,1.0,1.0,2.0,3.0,2,5,6
20260331TMG11,2026-03-31,内側より下,38,5.2631578947368425,0.0,5.2631578947368425,5.2631578947368425,18.0,5,13.0,6.0,5.0,1.0,1.0,1.0,4.0,1,2,6
20260331TMG12,2026-03-31,内側より下,25,0.0,0.0,0.0,0.0,21.0,4,13.0,4.0,3.0,1.0,2.0,5.0,2.0,1,4,2
20260418TMG01,2026-04-18,内側より下,34,0.0,0.0,0.0,0.0,24.0,4,7.0,4.0,3.0,1.0,1.0,4.0,5.0,3,5,4
20260418TMG02,2026-04-18,内側より下,22,0.0,0.0,0.0,0.0,33.0,1,0.0,8.0,3.0,5.0,2.0,4.0,5.0,1,5,3
20260418TMG03,2026-04-18,内側より上,31,3.225806451612903,0.0,3.225806451612903,3.225806451612903,21.0,5,9.0,6.0,5.0,1.0,2.0,3.0,3.0,1,4,2
20260418TMG04,2026-04-18,内側より下,30,3.3333333333333335,0.0,3.3333333333333335,3.3333333333333335,15.0,6,17.0,4.0,3.0,1.0,2.0,1.0,3.0,4,5,3
20260418TMG05,2026-04-18,内側より下,41,7.317073170731708,0.0,4.878048780487805,4.878048780487805,26.0,2,3.0,8.0,5.0,3.0,3.0,4.0,2.0,1,4,6
20260418TMG06,2026-04-18,内側より下,76,18.42105263157895,18.42105263157895,0.0,18.42105263157895,29.0,2,6.0,10.0,5.0,5.0,2.0,4.0,2.0,4,2,5
20260418TMG07,2026-04-18,内側より上,37,8.108108108108109,0.0,5.405405405405405,5.405405405405405,17.0,6,11.0,3.0,2.0,1.0,1.0,2.0,4.0,1,5,3
20260418TMG08,2026-04-18,内側より上,41,14.634146341463415,12.195121951219512,2.4390243902439024,14.634146341463415,13.0,6,20.0,4.0,3.0,1.0,4.0,1.0,1.0,4,6,1
20260418TMG09,2026-04-18,内側より下,24,4.166666666666667,0.0,4.166666666666667,4.166666666666667,16.0,6,19.0,6.0,5.0,1.0,3.0,2.0,1.0,1,5,3
20260418TMG10,2026-04-18,内側より上,34,0.0,0.0,0.0,0.0,22.0,4,12.0,4.0,3.0,1.0,3.0,4.0,3.0,1,5,6
20260418TMG11,2026-04-18,内側より下,32,0.0,0.0,0.0,0.0,31.0,2,1.0,8.0,3.0,5.0,2.0,4.0,4.0,1,3,5
20260418TMG12,2026-04-18,内側より下,27,7.407407407407407,0.0,7.407407407407407,7.407407407407407,21.0,3,15.0,8.0,3.0,5.0,2.0,2.0,1.0,1,4,5
20260419TMG01,2026-04-19,内側より下,38,2.6315789473684212,0.0,2.6315789473684212,2.6315789473684212,20.0,5,8.0,6.0,5.0,1.0,1.0,2.0,4.0,1,3,5
20260419TMG02,2026-04-19,内側より下,12,0.0,0.0,0.0,0.0,18.0,6,14.0,8.0,3.0,5.0,1.0,1.0,1.0,4,5,3
20260419TMG03,2026-04-19,内側より下,21,4.761904761904762,4.761904761904762,0.0,4.761904761904762,27.0,3,1.0,8.0,5.0,3.0,2.0,2.0,5.0,5,1,4
20260419TMG05,2026-04-19,内側より上,29,0.0,0.0,0.0,0.0,15.0,6,20.0,7.0,5.0,2.0,2.0,1.0,1.0,2,1,3
20260419TMG06,2026-04-19,内側より下,30,0.0,0.0,0.0,0.0,18.0,5,16.0,6.0,5.0,1.0,1.0,1.0,4.0,1,2,4
20260419TMG07,2026-04-19,内側より下,40,2.5,2.5,0.0,2.5,20.0,4,9.0,3.0,2.0,1.0,2.0,3.0,4.0,1,4,6
20260419TMG08,2026-04-19,同じ,33,3.0303030303030303,0.0,0.0,0.0,26.0,3,6.0,7.0,3.0,4.0,1.0,3.0,4.0,1,2,6
20260419TMG09,2026-04-19,内側より上,77,18.181818181818183,18.181818181818183,0.0,18.181818181818183,24.0,3,10.0,8.0,3.0,5.0,1.0,4.0,1.0,3,6,4
20260419TMG10,2026-04-19,内側より下,27,0.0,0.0,0.0,0.0,18.0,6,12.0,6.0,5.0,1.0,1.0,1.0,4.0,1,4,3
20260419TMG11,2026-04-19,内側より下,41,0.0,0.0,0.0,0.0,21.0,4,12.0,7.0,5.0,2.0,2.0,3.0,2.0,1,5,4
20260419TMG12,2026-04-19,内側より下,36,5.555555555555555,0.0,0.0,0.0,23.0,3,7.0,8.0,3.0,5.0,2.0,1.0,3.0,1,5,3
20260420TMG01,2026-04-20,内側より下,31,6.451612903225806,0.0,0.0,0.0,22.0,3,12.0,8.0,5.0,3.0,1.0,2.0,3.0,1,3,6
20260420TMG02,2026-04-20,内側より下,25,4.0,0.0,4.0,4.0,21.0,4,13.0,7.0,5.0,2.0,2.0,4.0,1.0,3,5,6
20260420TMG03,2026-04-20,内側より下,43,6.976744186046512,0.0,4.651162790697675,4.651162790697675,16.0,5,12.0,4.0,3.0,1.0,1.0,1.0,4.0,3,2,6
20260420TMG04,2026-04-20,内側より上,36,0.0,0.0,0.0,0.0,24.0,3,9.0,7.0,5.0,2.0,1.0,3.0,4.0,1,2,3
20260420TMG05,2026-04-20,内側より下,24,4.166666666666667,0.0,4.166666666666667,4.166666666666667,12.0,5,20.0,4.0,3.0,1.0,1.0,1.0,2.0,1,6,3
20260420TMG06,2026-04-20,内側より下,27,3.7037037037037037,0.0,3.7037037037037037,3.7037037037037037,22.0,3,5.0,8.0,3.0,5.0,1.0,2.0,2.0,1,6,2
20260420TMG07,2026-04-20,内側より下,21,0.0,0.0,0.0,0.0,22.0,4,11.0,10.0,5.0,5.0,1.0,2.0,1.0,2,6,4
20260420TMG08,2026-04-20,内側より下,36,0.0,0.0,0.0,0.0,12.0,6,15.0,4.0,3.0,1.0,1.0,1.0,2.0,1,2,3
20260420TMG09,2026-04-20,内側より上,38,7.894736842105263,0.0,2.6315789473684212,2.6315789473684212,37.0,1,0.0,10.0,5.0,5.0,2.0,5.0,5.0,1,2,3
20260420TMG10,2026-04-20,内側より下,35,0.0,0.0,0.0,0.0,22.0,5,12.0,6.0,5.0,1.0,1.0,2.0,5.0,1,3,2
20260420TMG11,2026-04-20,内側より上,32,3.125,0.0,3.125,3.125,16.0,6,16.0,3.0,2.0,1.0,4.0,1.0,3.0,1,3,2
20260420TMG12,2026-04-20,内側より上,30,0.0,0.0,0.0,0.0,28.0,1,0.0,6.0,1.0,5.0,3.0,3.0,4.0,1,5,3
20260421TMG01,2026-04-21,内側より下,78,17.94871794871795,17.94871794871795,0.0,17.94871794871795,20.0,4,6.0,7.0,2.0,5.0,2.0,2.0,1.0,1,2,4
20260421TMG02,2026-04-21,内側より下,31,3.225806451612903,0.0,3.225806451612903,3.225806451612903,22.0,4,5.0,5.0,3.0,2.0,1.0,3.0,4.0,1,2,3
20260421TMG03,2026-04-21,内側より下,23,4.3478260869565215,0.0,4.3478260869565215,4.3478260869565215,18.0,6,12.0,3.0,2.0,1.0,2.0,4.0,2.0,1,2,3
20260421TMG04,2026-04-21,内側より下,34,8.823529411764707,0.0,5.882352941176471,5.882352941176471,29.0,1,0.0,6.0,5.0,1.0,2.0,5.0,5.0,3,2,6
20260421TMG05,2026-04-21,内側より上,45,4.444444444444445,0.0,4.444444444444445,4.444444444444445,22.0,4,8.0,5.0,3.0,2.0,1.0,4.0,3.0,1,2,6
20260421TMG06,2026-04-21,内側より下,23,0.0,0.0,0.0,0.0,19.0,4,16.0,8.0,3.0,5.0,2.0,1.0,1.0,2,4,6
20260421TMG07,2026-04-21,内側より上,33,6.0606060606060606,3.0303030303030303,3.0303030303030303,6.0606060606060606,29.0,2,2.0,10.0,5.0,5.0,2.0,5.0,1.0,1,4,6
20260421TMG08,2026-04-21,内側より下,21,0.0,0.0,0.0,0.0,17.0,6,13.0,4.0,3.0,1.0,2.0,2.0,3.0,1,4,5
20260421TMG09,2026-04-21,内側より下,22,0.0,0.0,0.0,0.0,22.0,4,10.0,10.0,5.0,5.0,1.0,2.0,1.0,1,2,5
20260421TMG11,2026-04-21,内側より上,43,13.953488372093023,11.627906976744185,2.3255813953488373,13.953488372093023,16.0,6,22.0,4.0,3.0,1.0,5.0,1.0,2.0,1,2,3
20260421TMG12,2026-04-21,内側より上,34,8.823529411764707,2.9411764705882355,5.882352941176471,8.823529411764707,24.0,3,8.0,6.0,5.0,1.0,1.0,3.0,5.0,1,2,3
20260422TMG01,2026-04-22,内側より上,44,13.636363636363637,11.363636363636363,2.272727272727273,13.636363636363637,20.0,5,12.0,6.0,5.0,1.0,5.0,1.0,3.0,3,2,4
20260422TMG02,2026-04-22,内側より下,35,0.0,0.0,0.0,0.0,31.0,1,0.0,7.0,3.0,4.0,2.0,4.0,5.0,1,5,3
20260422TMG03,2026-04-22,内側より下,35,8.571428571428571,0.0,5.714285714285714,5.714285714285714,27.0,3,2.0,6.0,5.0,1.0,2.0,5.0,4.0,2,6,1
20260422TMG04,2026-04-22,内側より下,79,17.72151898734177,17.72151898734177,0.0,17.72151898734177,25.0,2,5.0,8.0,3.0,5.0,2.0,3.0,2.0,6,1,3
20260422TMG06,2026-04-22,内側より下,39,7.6923076923076925,0.0,2.5641025641025643,2.5641025641025643,30.0,1,0.0,8.0,5.0,3.0,3.0,4.0,4.0,2,1,3
20260422TMG07,2026-04-22,内側より下,13,0.0,0.0,0.0,0.0,13.0,6,19.0,5.0,2.0,3.0,1.0,1.0,1.0,5,1,4
20260422TMG08,2026-04-22,内側より下,18,0.0,0.0,0.0,0.0,21.0,4,7.0,7.0,5.0,2.0,2.0,1.0,4.0,5,2,4
20260422TMG09,2026-04-22,内側より下,7,0.0,0.0,0.0,0.0,20.0,3,9.0,2.0,1.0,1.0,1.0,4.0,4.0,2,6,1
20260422TMG10,2026-04-22,内側より下,38,2.6315789473684212,0.0,0.0,0.0,14.0,6,14.0,4.0,3.0,1.0,1.0,1.0,3.0,1,2,3
20260422TMG11,2026-04-22,内側より下,39,2.5641025641025643,0.0,2.5641025641025643,2.5641025641025643,19.0,6,13.0,6.0,5.0,1.0,2.0,2.0,3.0,1,6,4
20260422TMG12,2026-04-22,内側より下,28,3.5714285714285716,0.0,3.5714285714285716,3.5714285714285716,18.0,5,18.0,6.0,5.0,1.0,1.0,3.0,2.0,1,2,3
20260423TMG01,2026-04-23,内側より下,24,0.0,0.0,0.0,0.0,23.0,6,6.0,6.0,5.0,1.0,2.0,3.0,4.0,5,1,6
20260423TMG02,2026-04-23,内側より上,31,0.0,0.0,0.0,0.0,29.0,2,1.0,4.0,3.0,1.0,4.0,5.0,5.0,3,4,6
20260423TMG03,2026-04-23,内側より下,25,4.0,0.0,4.0,4.0,26.0,4,6.0,10.0,5.0,5.0,3.0,1.0,3.0,1,3,5
20260423TMG04,2026-04-23,内側より上,40,7.5,0.0,2.5,2.5,30.0,2,2.0,6.0,5.0,1.0,3.0,5.0,5.0,2,6,1
20260423TMG05,2026-04-23,内側より下,18,0.0,0.0,0.0,0.0,24.0,4,9.0,7.0,3.0,4.0,3.0,1.0,4.0,1,2,3
20260423TMG06,2026-04-23,内側より下,22,0.0,0.0,0.0,0.0,18.0,5,18.0,6.0,5.0,1.0,3.0,3.0,1.0,3,1,4
20260423TMG07,2026-04-23,内側より下,80,18.75,18.75,0.0,18.75,16.0,6,16.0,4.0,3.0,1.0,5.0,2.0,1.0,4,5,2
20260423TMG08,2026-04-23,内側より下,8,0.0,0.0,0.0,0.0,36.0,1,0.0,10.0,5.0,5.0,3.0,5.0,4.0,1,4,5
20260423TMG09,2026-04-23,内側より上,45,13.333333333333334,11.11111111111111,2.2222222222222223,13.333333333333332,18.0,6,13.0,4.0,3.0,1.0,5.0,1.0,3.0,1,2,5
20260423TMG10,2026-04-23,内側より上,29,3.4482758620689653,0.0,3.4482758620689653,3.4482758620689653,23.0,3,13.0,3.0,2.0,1.0,3.0,4.0,4.0,2,4,6
20260423TMG11,2026-04-23,内側より下,39,2.5641025641025643,0.0,0.0,0.0,17.0,6,17.0,4.0,3.0,1.0,2.0,1.0,4.0,1,4,2
20260423TMG12,2026-04-23,内側より下,40,2.5,0.0,2.5,2.5,18.0,5,10.0,4.0,3.0,1.0,3.0,1.0,4.0,2,3,1
20260427TMG01,2026-04-27,内側より下,124,0.0,0.0,0.0,0.0,14.0,6,16.0,2.0,1.0,1.0,3.0,2.0,2.0,2,3,4
20260427TMG02,2026-04-27,内側より下,44,0.0,0.0,0.0,0.0,16.0,6,17.0,2.0,1.0,1.0,3.0,1.0,4.0,1,3,5
20260427TMG03,2026-04-27,内側より上,18,5.555555555555555,5.555555555555555,0.0,5.555555555555555,19.0,5,18.0,6.0,5.0,1.0,2.0,1.0,4.0,4,3,2
20260427TMG05,2026-04-27,内側より下,38,5.2631578947368425,5.2631578947368425,0.0,5.2631578947368425,24.0,4,5.0,6.0,3.0,3.0,3.0,3.0,3.0,4,3,2
20260427TMG06,2026-04-27,内側より上,61,0.0,0.0,0.0,0.0,12.0,6,24.0,4.0,3.0,1.0,1.0,1.0,2.0,3,1,2
20260427TMG07,2026-04-27,内側より上,53,0.0,0.0,0.0,0.0,25.0,3,8.0,6.0,2.0,4.0,3.0,2.0,4.0,3,1,4
20260427TMG08,2026-04-27,内側より下,30,3.3333333333333335,3.3333333333333335,0.0,3.3333333333333335,17.0,4,19.0,5.0,3.0,2.0,2.0,1.0,3.0,1,2,3
20260427TMG09,2026-04-27,内側より下,32,3.125,0.0,3.125,3.125,14.0,6,15.0,7.0,5.0,2.0,1.0,1.0,1.0,4,1,5
20260427TMG10,2026-04-27,内側より上,38,5.2631578947368425,5.2631578947368425,0.0,5.2631578947368425,24.0,3,6.0,6.0,3.0,3.0,3.0,3.0,3.0,2,1,3
20260427TMG11,2026-04-27,内側より下,26,3.8461538461538463,0.0,3.8461538461538463,3.8461538461538463,14.0,6,19.0,4.0,3.0,1.0,3.0,1.0,2.0,1,3,4
20260428TMG01,2026-04-28,内側より下,29,3.4482758620689653,0.0,3.4482758620689653,3.4482758620689653,18.0,5,14.0,7.0,5.0,2.0,5.0,1.0,1.0,2,3,1
20260428TMG02,2026-04-28,内側より上,54,0.0,0.0,0.0,0.0,22.0,4,10.0,4.0,3.0,1.0,3.0,3.0,4.0,3,4,2
20260428TMG03,2026-04-28,内側より上,62,0.0,0.0,0.0,0.0,10.0,6,24.0,4.0,3.0,1.0,1.0,1.0,1.0,2,3,5
20260428TMG04,2026-04-28,内側より下,125,0.0,0.0,0.0,0.0,15.0,5,17.0,3.0,2.0,1.0,1.0,1.0,4.0,4,2,5
20260428TMG05,2026-04-28,内側より上,36,0.0,0.0,0.0,0.0,24.0,3,9.0,5.0,3.0,2.0,1.0,5.0,3.0,3,6,2
20260428TMG06,2026-04-28,内側より上,19,5.2631578947368425,5.2631578947368425,0.0,5.2631578947368425,18.0,5,15.0,6.0,5.0,1.0,3.0,1.0,3.0,1,3,4
20260428TMG07,2026-04-28,内側より上,62,0.0,0.0,0.0,0.0,21.0,6,14.0,7.0,2.0,5.0,1.0,3.0,1.0,1,5,2
20260428TMG08,2026-04-28,内側より上,54,0.0,0.0,0.0,0.0,21.0,4,14.0,6.0,2.0,4.0,3.0,3.0,1.0,1,3,5
20260428TMG09,2026-04-28,同じ,31,0.0,0.0,0.0,0.0,31.0,1,0.0,9.0,5.0,4.0,2.0,4.0,4.0,1,2,5
20260428TMG10,2026-04-28,内側より上,27,3.7037037037037037,0.0,3.7037037037037037,3.7037037037037037,16.0,5,15.0,3.0,2.0,1.0,2.0,1.0,4.0,4,1,3
20260428TMG11,2026-04-28,内側より下,22,0.0,0.0,0.0,0.0,26.0,2,8.0,6.0,3.0,3.0,3.0,4.0,3.0,1,4,3
20260428TMG12,2026-04-28,内側より下,29,3.4482758620689653,0.0,3.4482758620689653,3.4482758620689653,17.0,6,17.0,6.0,5.0,1.0,2.0,1.0,3.0,1,2,4
20260429TMG01,2026-04-29,内側より下,30,3.3333333333333335,0.0,3.3333333333333335,3.3333333333333335,16.0,6,15.0,5.0,3.0,2.0,5.0,1.0,1.0,1,6,2
20260429TMG02,2026-04-29,内側より上,56,0.0,0.0,0.0,0.0,26.0,4,6.0,10.0,5.0,5.0,3.0,2.0,2.0,1,3,2
20260429TMG03,2026-04-29,内側より上,20,5.0,5.0,0.0,5.0,19.0,5,13.0,6.0,5.0,1.0,2.0,1.0,4.0,1,2,4
20260429TMG05,2026-04-29,内側より下,126,0.0,0.0,0.0,0.0,17.0,6,14.0,6.0,3.0,3.0,2.0,1.0,2.0,5,4,2
20260429TMG06,2026-04-29,内側より上,56,0.0,0.0,0.0,0.0,22.0,4,14.0,7.0,5.0,2.0,3.0,3.0,2.0,1,2,5
20260429TMG07,2026-04-29,内側より上,20,5.0,5.0,0.0,5.0,16.0,6,18.0,6.0,5.0,1.0,1.0,2.0,2.0,1,4,3
20260429TMG08,2026-04-29,内側より上,29,0.0,0.0,0.0,0.0,19.0,5,15.0,7.0,5.0,2.0,2.0,1.0,3.0,1,4,5
20260429TMG09,2026-04-29,内側より上,64,0.0,0.0,0.0,0.0,18.0,5,13.0,6.0,5.0,1.0,1.0,1.0,4.0,2,4,5
20260429TMG10,2026-04-29,内側より下,28,3.5714285714285716,3.5714285714285716,0.0,3.5714285714285716,20.0,6,14.0,8.0,3.0,5.0,3.0,1.0,1.0,1,2,3
20260429TMG11,2026-04-29,内側より下,29,3.4482758620689653,0.0,0.0,0.0,16.0,6,12.0,7.0,5.0,2.0,3.0,1.0,1.0,1,3,4
20260429TMG12,2026-04-29,内側より下,21,9.523809523809524,0.0,9.523809523809524,9.523809523809524,27.0,3,4.0,7.0,3.0,4.0,2.0,4.0,3.0,1,5,3
20260430TMG01,2026-04-30,内側より下,43,0.0,0.0,0.0,0.0,17.0,6,17.0,6.0,5.0,1.0,2.0,1.0,3.0,2,1,4
20260430TMG02,2026-04-30,内側より下,127,0.0,0.0,0.0,0.0,16.0,6,21.0,5.0,3.0,2.0,3.0,2.0,1.0,5,4,2
20260430TMG03,2026-04-30,内側より下,34,0.0,0.0,0.0,0.0,24.0,3,8.0,9.0,5.0,4.0,3.0,1.0,3.0,4,3,5
20260430TMG04,2026-04-30,内側より上,66,0.0,0.0,0.0,0.0,20.0,6,10.0,8.0,3.0,5.0,3.0,1.0,1.0,4,3,1
20260430TMG05,2026-04-30,内側より上,28,3.5714285714285716,0.0,3.5714285714285716,3.5714285714285716,18.0,5,14.0,6.0,5.0,1.0,3.0,1.0,3.0,1,2,5
20260430TMG06,2026-04-30,内側より下,22,0.0,0.0,0.0,0.0,18.0,5,15.0,4.0,3.0,1.0,3.0,1.0,4.0,3,4,6
20260430TMG07,2026-04-30,内側より下,127,0.0,0.0,0.0,0.0,19.0,6,17.0,8.0,3.0,5.0,2.0,1.0,1.0,1,3,2
20260430TMG08,2026-04-30,内側より上,58,0.0,0.0,0.0,0.0,27.0,4,4.0,9.0,5.0,4.0,4.0,3.0,2.0,1,4,2
20260430TMG09,2026-04-30,内側より下,34,0.0,0.0,0.0,0.0,18.0,6,13.0,4.0,3.0,1.0,3.0,1.0,4.0,1,4,2
20260430TMG10,2026-04-30,内側より下,33,0.0,0.0,0.0,0.0,26.0,4,8.0,6.0,5.0,1.0,3.0,3.0,5.0,2,3,1
20260430TMG11,2026-04-30,内側より下,21,4.761904761904762,0.0,4.761904761904762,4.761904761904762,19.0,4,17.0,6.0,5.0,1.0,2.0,1.0,4.0,1,4,3
20260430TMG12,2026-04-30,同じ,22,0.0,0.0,0.0,0.0,20.0,5,18.0,8.0,3.0,5.0,3.0,1.0,1.0,1,4,6
20260501TMG01,2026-05-01,内側より下,40,0.0,0.0,0.0,0.0,31.0,1,0.0,7.0,2.0,5.0,3.0,5.0,3.0,3,2,6
20260501TMG02,2026-05-01,内側より下,59,0.0,0.0,0.0,0.0,20.0,5,13.0,7.0,3.0,4.0,3.0,1.0,2.0,4,2,5
20260501TMG03,2026-05-01,内側より下,39,5.128205128205129,0.0,0.0,0.0,21.0,4,8.0,3.0,2.0,1.0,3.0,3.0,4.0,4,3,1
20260501TMG04,2026-05-01,内側より下,129,0.0,0.0,0.0,0.0,16.0,6,11.0,4.0,3.0,1.0,1.0,2.0,3.0,3,1,5
20260501TMG05,2026-05-01,内側より下,67,0.0,0.0,0.0,0.0,18.0,5,13.0,8.0,3.0,5.0,1.0,1.0,1.0,2,3,5
20260501TMG06,2026-05-01,内側より下,27,14.814814814814815,11.11111111111111,0.0,11.11111111111111,34.0,1,0.0,10.0,5.0,5.0,3.0,4.0,4.0,5,1,6
20260501TMG07,2026-05-01,内側より下,29,3.4482758620689653,0.0,3.4482758620689653,3.4482758620689653,17.0,6,19.0,4.0,3.0,1.0,2.0,1.0,4.0,4,5,1
20260501TMG08,2026-05-01,内側より下,34,0.0,0.0,0.0,0.0,20.0,5,6.0,6.0,5.0,1.0,1.0,1.0,5.0,1,5,4
20260501TMG09,2026-05-01,内側より上,38,2.6315789473684212,0.0,2.6315789473684212,2.6315789473684212,11.0,6,19.0,2.0,1.0,1.0,2.0,1.0,2.0,1,3,4
20260501TMG10,2026-05-01,内側より下,26,3.8461538461538463,0.0,3.8461538461538463,3.8461538461538463,15.0,6,14.0,3.0,2.0,1.0,1.0,1.0,4.0,1,2,3
20260501TMG11,2026-05-01,内側より上,36,5.555555555555555,5.555555555555555,0.0,5.555555555555555,20.0,3,8.0,9.0,5.0,4.0,1.0,1.0,2.0,1,2,5
20260501TMG12,2026-05-01,内側より下,37,2.7027027027027026,2.7027027027027026,0.0,2.7027027027027026,22.0,4,12.0,6.0,5.0,1.0,1.0,4.0,3.0,3,2,1
20260502TMG01,2026-05-02,内側より下,130,0.0,0.0,0.0,0.0,16.0,6,21.0,6.0,3.0,3.0,3.0,1.0,1.0,5,3,4
20260502TMG02,2026-05-02,内側より上,39,2.5641025641025643,0.0,0.0,0.0,23.0,4,9.0,6.0,5.0,1.0,2.0,5.0,2.0,5,6,1
20260502TMG03,2026-05-02,内側より上,28,14.285714285714286,10.714285714285714,0.0,10.714285714285714,32.0,1,0.0,8.0,3.0,5.0,3.0,4.0,4.0,4,2,6
20260502TMG04,2026-05-02,内側より上,22,4.545454545454546,4.545454545454546,0.0,4.545454545454546,16.0,6,15.0,4.0,3.0,1.0,1.0,1.0,4.0,5,4,6
20260502TMG05,2026-05-02,内側より下,35,0.0,0.0,0.0,0.0,19.0,6,8.0,5.0,3.0,2.0,2.0,1.0,4.0,4,5,3
20260502TMG06,2026-05-02,内側より下,68,0.0,0.0,0.0,0.0,24.0,4,9.0,8.0,3.0,5.0,1.0,4.0,1.0,1,3,4
20260502TMG07,2026-05-02,内側より上,39,2.5641025641025643,0.0,2.5641025641025643,2.5641025641025643,26.0,4,8.0,7.0,5.0,2.0,3.0,2.0,5.0,1,6,4
20260502TMG08,2026-05-02,内側より下,60,0.0,0.0,0.0,0.0,21.0,4,11.0,6.0,5.0,1.0,2.0,3.0,3.0,3,5,2
20260502TMG09,2026-05-02,内側より下,29,3.4482758620689653,0.0,3.4482758620689653,3.4482758620689653,18.0,3,15.0,4.0,3.0,1.0,1.0,2.0,4.0,1,4,3
20260502TMG10,2026-05-02,内側より下,27,3.7037037037037037,0.0,3.7037037037037037,3.7037037037037037,16.0,5,14.0,5.0,3.0,2.0,1.0,1.0,3.0,1,6,2
20260502TMG11,2026-05-02,内側より下,27,7.407407407407407,0.0,7.407407407407407,7.407407407407407,20.0,6,11.0,6.0,5.0,1.0,3.0,1.0,4.0,1,4,3
20260502TMG12,2026-05-02,内側より上,31,6.451612903225806,3.225806451612903,3.225806451612903,6.451612903225806,18.0,6,12.0,4.0,3.0,1.0,3.0,3.0,2.0,1,3,2
20260506TMG01,2026-05-06,内側より下,75,0.0,0.0,0.0,0.0,22.0,5,7.0,8.0,3.0,5.0,1.0,3.0,1.0,2,4,1
20260506TMG02,2026-05-06,内側より上,27,0.0,0.0,0.0,0.0,16.0,5,16.0,4.0,3.0,1.0,3.0,1.0,3.0,1,2,4
20260506TMG03,2026-05-06,内側より下,32,3.125,0.0,0.0,0.0,18.0,6,13.0,4.0,3.0,1.0,3.0,1.0,4.0,1,3,6
20260506TMG04,2026-05-06,内側より下,25,4.0,0.0,4.0,4.0,19.0,6,11.0,4.0,3.0,1.0,2.0,1.0,5.0,5,2,1
20260506TMG05,2026-05-06,内側より上,134,0.0,0.0,0.0,0.0,22.0,4,10.0,10.0,5.0,5.0,3.0,1.0,1.0,2,1,3
20260506TMG06,2026-05-06,内側より上,56,10.714285714285714,8.928571428571429,0.0,8.928571428571429,28.0,2,2.0,6.0,5.0,1.0,5.0,3.0,5.0,3,5,2
20260506TMG07,2026-05-06,内側より上,27,0.0,0.0,0.0,0.0,16.0,6,19.0,4.0,3.0,1.0,3.0,1.0,3.0,2,3,1
20260506TMG08,2026-05-06,同じ,25,0.0,0.0,0.0,0.0,26.0,2,7.0,6.0,5.0,1.0,3.0,3.0,5.0,3,4,1
20260506TMG09,2026-05-06,内側より上,20,0.0,0.0,0.0,0.0,33.0,1,0.0,10.0,5.0,5.0,2.0,4.0,4.0,1,4,5
20260506TMG10,2026-05-06,内側より下,19,0.0,0.0,0.0,0.0,15.0,6,19.0,6.0,3.0,3.0,2.0,1.0,1.0,3,1,5
20260506TMG11,2026-05-06,内側より上,36,2.7777777777777777,2.7777777777777777,0.0,2.7777777777777777,26.0,3,2.0,7.0,5.0,2.0,3.0,3.0,4.0,1,4,3
20260506TMG12,2026-05-06,内側より下,28,17.857142857142858,3.5714285714285716,7.142857142857143,10.714285714285715,28.0,3,9.0,10.0,5.0,5.0,3.0,4.0,1.0,3,4,2
20260507TMG01,2026-05-07,内側より下,25,0.0,0.0,0.0,0.0,17.0,5,19.0,3.0,2.0,1.0,1.0,2.0,4.0,3,1,5
20260507TMG04,2026-05-07,内側より上,37,2.7027027027027026,0.0,2.7027027027027026,2.7027027027027026,22.0,4,8.0,10.0,5.0,5.0,3.0,1.0,1.0,2,6,3
20260507TMG05,2026-05-07,内側より上,34,2.9411764705882355,0.0,2.9411764705882355,2.9411764705882355,23.0,2,7.0,4.0,2.0,2.0,3.0,3.0,4.0,2,3,6
20260507TMG06,2026-05-07,内側より下,41,0.0,0.0,0.0,0.0,18.0,4,14.0,5.0,3.0,2.0,3.0,1.0,3.0,1,2,3
20260507TMG07,2026-05-07,内側より下,135,0.0,0.0,0.0,0.0,21.0,4,9.0,8.0,3.0,5.0,2.0,1.0,2.0,3,1,5
20260507TMG08,2026-05-07,内側より下,23,0.0,0.0,0.0,0.0,31.0,3,1.0,7.0,2.0,5.0,3.0,4.0,4.0,5,6,4
20260507TMG10,2026-05-07,内側より下,29,6.896551724137931,0.0,3.4482758620689653,3.4482758620689653,31.0,1,0.0,7.0,3.0,4.0,2.0,5.0,4.0,1,3,4
20260507TMG11,2026-05-07,内側より下,11,0.0,0.0,0.0,0.0,27.0,2,5.0,10.0,5.0,5.0,2.0,3.0,2.0,1,6,4
20260507TMG12,2026-05-07,内側より下,45,2.2222222222222223,0.0,0.0,0.0,18.0,6,16.0,6.0,5.0,1.0,3.0,2.0,2.0,1,4,2
20260508TMG01,2026-05-08,内側より下,136,0.0,0.0,0.0,0.0,24.0,3,6.0,6.0,3.0,3.0,3.0,2.0,4.0,2,1,3
20260508TMG02,2026-05-08,内側より上,40,5.0,0.0,2.5,2.5,28.0,2,3.0,7.0,2.0,5.0,2.0,3.0,4.0,1,5,4
20260508TMG03,2026-05-08,内側より下,34,0.0,0.0,0.0,0.0,13.0,6,19.0,3.0,2.0,1.0,1.0,2.0,2.0,1,2,3
20260508TMG04,2026-05-08,内側より上,34,8.823529411764707,0.0,5.882352941176471,5.882352941176471,29.0,2,3.0,6.0,5.0,1.0,2.0,5.0,5.0,5,2,1
20260508TMG05,2026-05-08,内側より下,30,6.666666666666667,0.0,3.3333333333333335,3.3333333333333335,34.0,1,0.0,8.0,5.0,3.0,3.0,5.0,5.0,2,3,1
20260508TMG06,2026-05-08,内側より下,30,0.0,0.0,0.0,0.0,12.0,6,22.0,4.0,3.0,1.0,1.0,2.0,1.0,2,3,4
20260508TMG07,2026-05-08,内側より下,31,9.67741935483871,6.451612903225806,3.225806451612903,9.677419354838708,27.0,2,2.0,6.0,3.0,3.0,2.0,3.0,5.0,3,6,5
20260508TMG08,2026-05-08,内側より上,35,2.857142857142857,0.0,2.857142857142857,2.857142857142857,16.0,6,13.0,6.0,1.0,5.0,1.0,1.0,1.0,1,2,4
20260508TMG09,2026-05-08,内側より下,33,0.0,0.0,0.0,0.0,24.0,2,5.0,6.0,3.0,3.0,3.0,3.0,3.0,1,4,5
20260508TMG10,2026-05-08,内側より上,13,0.0,0.0,0.0,0.0,28.0,2,2.0,8.0,5.0,3.0,3.0,3.0,4.0,1,2,3
20260508TMG11,2026-05-08,内側より下,30,0.0,0.0,0.0,0.0,17.0,4,18.0,4.0,2.0,2.0,1.0,2.0,3.0,1,5,4
20260509TMG01,2026-05-09,内側より下,12,0.0,0.0,0.0,0.0,25.0,3,2.0,4.0,3.0,1.0,4.0,5.0,3.0,5,4,6
20260509TMG02,2026-05-09,内側より上,32,3.125,0.0,3.125,3.125,18.0,6,10.0,4.0,3.0,1.0,3.0,1.0,4.0,2,1,3
20260509TMG03,2026-05-09,内側より上,25,0.0,0.0,0.0,0.0,26.0,3,2.0,10.0,5.0,5.0,3.0,2.0,2.0,1,2,4
20260509TMG04,2026-05-09,内側より下,14,0.0,0.0,0.0,0.0,15.0,5,15.0,4.0,2.0,2.0,1.0,1.0,3.0,3,2,4
20260509TMG05,2026-05-09,内側より下,22,0.0,0.0,0.0,0.0,20.0,4,8.0,9.0,5.0,4.0,1.0,1.0,2.0,4,5,3
20260509TMG06,2026-05-09,内側より下,137,0.0,0.0,0.0,0.0,23.0,4,7.0,8.0,3.0,5.0,2.0,1.0,3.0,1,2,4
20260509TMG07,2026-05-09,内側より下,37,0.0,0.0,0.0,0.0,23.0,3,14.0,9.0,5.0,4.0,2.0,2.0,2.0,1,5,3
20260509TMG09,2026-05-09,内側より下,31,3.225806451612903,0.0,0.0,0.0,18.0,5,12.0,3.0,2.0,1.0,2.0,1.0,5.0,4,2,1
20260509TMG10,2026-05-09,内側より上,36,2.7777777777777777,2.7777777777777777,0.0,2.7777777777777777,30.0,2,4.0,8.0,3.0,5.0,3.0,4.0,3.0,1,2,5
20260509TMG11,2026-05-09,内側より上,29,0.0,0.0,0.0,0.0,19.0,5,14.0,6.0,5.0,1.0,2.0,1.0,4.0,1,3,4
20260509TMG12,2026-05-09,内側より下,32,6.25,0.0,0.0,0.0,20.0,5,16.0,4.0,3.0,1.0,3.0,2.0,4.0,1,3,2
20260510TMG01,2026-05-10,内側より下,33,3.0303030303030303,0.0,0.0,0.0,16.0,6,18.0,4.0,3.0,1.0,3.0,2.0,2.0,1,4,6
20260510TMG02,2026-05-10,内側より上,38,2.6315789473684212,0.0,2.6315789473684212,2.6315789473684212,30.0,1,0.0,10.0,5.0,5.0,3.0,2.0,4.0,1,5,6
20260510TMG03,2026-05-10,内側より下,46,2.1739130434782608,0.0,0.0,0.0,26.0,3,9.0,6.0,5.0,1.0,3.0,3.0,5.0,5,4,2
20260510TMG04,2026-05-10,内側より下,32,9.375,6.25,3.125,9.375,28.0,3,2.0,6.0,5.0,1.0,3.0,5.0,4.0,3,5,6
20260510TMG05,2026-05-10,内側より上,28,17.857142857142858,3.5714285714285716,7.142857142857143,10.714285714285715,31.0,1,0.0,8.0,3.0,5.0,4.0,5.0,2.0,1,2,3
20260510TMG06,2026-05-10,内側より下,34,0.0,0.0,0.0,0.0,24.0,4,8.0,6.0,5.0,1.0,3.0,3.0,4.0,1,2,3
20260510TMG07,2026-05-10,内側より下,26,0.0,0.0,0.0,0.0,21.0,3,9.0,4.0,2.0,2.0,3.0,2.0,4.0,5,3,1
20260510TMG08,2026-05-10,内側より下,26,0.0,0.0,0.0,0.0,21.0,5,10.0,3.0,2.0,1.0,3.0,3.0,4.0,1,2,3
20260510TMG09,2026-05-10,内側より下,73,0.0,0.0,0.0,0.0,19.0,6,11.0,3.0,2.0,1.0,3.0,1.0,5.0,2,1,5
20260510TMG11,2026-05-10,内側より下,40,5.0,0.0,2.5,2.5,22.0,5,10.0,6.0,5.0,1.0,3.0,2.0,4.0,1,6,2
20260510TMG12,2026-05-10,内側より下,20,10.0,5.0,5.0,10.0,24.0,4,13.0,10.0,5.0,5.0,5.0,1.0,1.0,3,1,4
20260511TMG01,2026-05-11,内側より下,26,3.8461538461538463,0.0,3.8461538461538463,3.8461538461538463,19.0,6,10.0,4.0,3.0,1.0,2.0,1.0,5.0,5,6,2
20260511TMG04,2026-05-11,内側より上,37,2.7027027027027026,2.7027027027027026,0.0,2.7027027027027026,30.0,2,4.0,8.0,3.0,5.0,3.0,2.0,5.0,4,3,2
20260511TMG05,2026-05-11,内側より下,41,0.0,0.0,0.0,0.0,19.0,4,17.0,4.0,3.0,1.0,2.0,2.0,4.0,3,1,6
20260511TMG07,2026-05-11,内側より下,24,0.0,0.0,0.0,0.0,30.0,2,2.0,8.0,5.0,3.0,3.0,3.0,5.0,2,6,3
20260511TMG08,2026-05-11,内側より上,138,0.0,0.0,0.0,0.0,24.0,4,5.0,8.0,5.0,3.0,3.0,2.0,3.0,1,5,2
20260511TMG09,2026-05-11,内側より上,30,0.0,0.0,0.0,0.0,26.0,4,6.0,9.0,5.0,4.0,3.0,4.0,1.0,1,3,2
20260511TMG10,2026-05-11,内側より下,22,0.0,0.0,0.0,0.0,26.0,2,2.0,6.0,5.0,1.0,3.0,5.0,3.0,6,5,2
20260511TMG11,2026-05-11,内側より上,30,0.0,0.0,0.0,0.0,26.0,2,1.0,4.0,3.0,1.0,3.0,4.0,5.0,1,3,6
20260511TMG12,2026-05-11,内側より上,41,4.878048780487805,0.0,2.4390243902439024,2.4390243902439024,24.0,3,4.0,9.0,5.0,4.0,3.0,1.0,3.0,1,5,2
20260520TMG01,2026-05-20,内側より上,0,0.0,0.0,0.0,0.0,26.0,2,8.0,8.0,3.0,5.0,3.0,2.0,3.0,3,4,1
20260520TMG03,2026-05-20,内側より下,41,4.878048780487805,2.4390243902439024,2.4390243902439024,4.878048780487805,12.0,6,24.0,3.0,2.0,1.0,4.0,1.0,1.0,2,1,4
20260520TMG04,2026-05-20,内側より下,135,0.0,0.0,0.0,0.0,30.0,1,0.0,8.0,3.0,5.0,3.0,3.0,4.0,1,2,3
20260520TMG05,2026-05-20,内側より下,27,0.0,0.0,0.0,0.0,18.0,5,13.0,6.0,1.0,5.0,1.0,1.0,2.0,4,3,1
20260520TMG06,2026-05-20,内側より下,102,0.0,0.0,0.0,0.0,25.0,2,10.0,8.0,5.0,3.0,2.0,3.0,3.0,1,4,2
20260520TMG07,2026-05-20,内側より下,31,3.225806451612903,0.0,3.225806451612903,3.225806451612903,26.0,3,6.0,8.0,3.0,5.0,3.0,2.0,3.0,1,3,5
20260520TMG08,2026-05-20,内側より下,29,0.0,0.0,0.0,0.0,16.0,5,20.0,2.0,1.0,1.0,3.0,1.0,4.0,1,2,3
20260520TMG09,2026-05-20,内側より下,20,0.0,0.0,0.0,0.0,29.0,1,0.0,7.0,3.0,4.0,2.0,4.0,4.0,1,3,4
20260520TMG10,2026-05-20,内側より下,36,2.7777777777777777,0.0,2.7777777777777777,2.7777777777777777,24.0,4,6.0,7.0,5.0,2.0,3.0,3.0,3.0,3,1,4
20260520TMG11,2026-05-20,内側より下,29,0.0,0.0,0.0,0.0,23.0,4,8.0,6.0,5.0,1.0,2.0,2.0,5.0,1,2,4
20260520TMG12,2026-05-20,内側より下,44,4.545454545454546,0.0,2.272727272727273,2.272727272727273,19.0,5,14.0,6.0,2.0,4.0,1.0,1.0,3.0,1,3,4
20260521TMG01,2026-05-21,内側より上,26,0.0,0.0,0.0,0.0,30.0,1,0.0,8.0,5.0,3.0,3.0,3.0,5.0,1,4,2
20260521TMG03,2026-05-21,同じ,36,0.0,0.0,0.0,0.0,23.0,3,13.0,4.0,3.0,1.0,2.0,3.0,5.0,2,1,3
20260521TMG04,2026-05-21,内側より上,1,0.0,0.0,0.0,0.0,22.0,5,7.0,7.0,3.0,4.0,3.0,2.0,2.0,3,1,4
20260521TMG06,2026-05-21,内側より下,29,0.0,0.0,0.0,0.0,14.0,6,22.0,4.0,3.0,1.0,3.0,1.0,2.0,1,2,3
20260521TMG07,2026-05-21,内側より上,20,0.0,0.0,0.0,0.0,24.0,2,12.0,6.0,3.0,3.0,3.0,3.0,3.0,5,3,1
20260521TMG08,2026-05-21,内側より上,1,0.0,0.0,0.0,0.0,27.0,3,3.0,8.0,3.0,5.0,2.0,3.0,3.0,1,2,4
20260521TMG09,2026-05-21,内側より上,28,7.142857142857143,3.5714285714285716,0.0,3.5714285714285716,21.0,4,13.0,4.0,3.0,1.0,2.0,3.0,4.0,3,1,2
20260521TMG11,2026-05-21,内側より下,21,4.761904761904762,4.761904761904762,0.0,4.761904761904762,17.0,6,19.0,6.0,5.0,1.0,4.0,1.0,2.0,1,2,4
20260521TMG12,2026-05-21,内側より上,42,2.380952380952381,0.0,2.380952380952381,2.380952380952381,21.0,4,10.0,3.0,2.0,1.0,3.0,2.0,5.0,1,2,4
20260522TMG01,2026-05-22,内側より上,3,0.0,0.0,0.0,0.0,18.0,5,14.0,6.0,5.0,1.0,3.0,2.0,2.0,1,2,3
20260522TMG02,2026-05-22,内側より上,22,4.545454545454546,4.545454545454546,0.0,4.545454545454546,22.0,5,4.0,4.0,3.0,1.0,5.0,2.0,4.0,6,3,1
20260522TMG04,2026-05-22,内側より下,136,0.0,0.0,0.0,0.0,22.0,4,7.0,10.0,5.0,5.0,3.0,1.0,1.0,2,5,3
20260522TMG05,2026-05-22,内側より下,31,3.225806451612903,3.225806451612903,0.0,3.225806451612903,24.0,4,7.0,6.0,5.0,1.0,3.0,4.0,3.0,1,5,2
20260522TMG06,2026-05-22,内側より上,28,3.5714285714285716,0.0,0.0,0.0,22.0,4,6.0,6.0,5.0,1.0,3.0,3.0,3.0,1,2,3
20260522TMG08,2026-05-22,内側より下,25,0.0,0.0,0.0,0.0,17.0,6,14.0,5.0,2.0,3.0,3.0,2.0,1.0,2,4,1
20260522TMG09,2026-05-22,内側より下,28,0.0,0.0,0.0,0.0,19.0,6,18.0,4.0,3.0,1.0,4.0,1.0,4.0,1,2,6
20260522TMG10,2026-05-22,内側より下,37,2.7027027027027026,0.0,2.7027027027027026,2.7027027027027026,26.0,3,5.0,7.0,2.0,5.0,4.0,3.0,2.0,1,2,3
20260522TMG12,2026-05-22,内側より上,38,0.0,0.0,0.0,0.0,22.0,4,10.0,6.0,5.0,1.0,3.0,3.0,3.0,1,2,6
20260523TMG01,2026-05-23,内側より上,4,0.0,0.0,0.0,0.0,29.0,3,8.0,10.0,5.0,5.0,4.0,3.0,2.0,1,2,3
20260523TMG02,2026-05-23,内側より上,104,0.0,0.0,0.0,0.0,26.0,2,4.0,6.0,3.0,3.0,3.0,3.0,4.0,2,3,5
20260523TMG03,2026-05-23,内側より下,19,5.2631578947368425,0.0,5.2631578947368425,5.2631578947368425,21.0,6,12.0,6.0,5.0,1.0,4.0,2.0,3.0,3,2,4
20260523TMG04,2026-05-23,内側より下,137,0.0,0.0,0.0,0.0,20.0,5,10.0,6.0,5.0,1.0,3.0,3.0,2.0,1,3,2
20260523TMG05,2026-05-23,内側より上,4,0.0,0.0,0.0,0.0,26.0,3,5.0,6.0,2.0,4.0,4.0,5.0,1.0,3,4,1
20260523TMG06,2026-05-23,内側より上,33,3.0303030303030303,3.0303030303030303,0.0,3.0303030303030303,26.0,2,10.0,6.0,5.0,1.0,5.0,3.0,4.0,1,3,4
20260523TMG07,2026-05-23,内側より下,38,2.6315789473684212,2.6315789473684212,0.0,2.6315789473684212,17.0,6,17.0,6.0,5.0,1.0,4.0,2.0,1.0,1,3,2
20260523TMG08,2026-05-23,内側より上,28,0.0,0.0,0.0,0.0,34.0,2,2.0,10.0,5.0,5.0,5.0,4.0,3.0,1,6,3
20260523TMG10,2026-05-23,内側より下,37,0.0,0.0,0.0,0.0,24.0,5,8.0,6.0,5.0,1.0,3.0,3.0,4.0,3,1,2
20260523TMG11,2026-05-23,内側より下,30,0.0,0.0,0.0,0.0,22.0,4,13.0,8.0,3.0,5.0,3.0,2.0,1.0,1,2,4
20260523TMG12,2026-05-23,内側より下,31,3.225806451612903,3.225806451612903,0.0,3.225806451612903,22.0,4,13.0,10.0,5.0,5.0,3.0,1.0,1.0,1,5,4
20260524TMG01,2026-05-24,内側より上,39,5.128205128205129,2.5641025641025643,0.0,2.5641025641025643,25.0,3,9.0,6.0,3.0,3.0,4.0,2.0,4.0,1,3,2
20260524TMG02,2026-05-24,内側より下,36,0.0,0.0,0.0,0.0,29.0,2,6.0,5.0,3.0,2.0,4.0,4.0,5.0,3,2,4
20260524TMG04,2026-05-24,同じ,38,2.6315789473684212,0.0,2.6315789473684212,2.6315789473684212,26.0,3,3.0,7.0,3.0,4.0,3.0,3.0,3.0,1,3,6
20260524TMG05,2026-05-24,内側より下,45,4.444444444444445,0.0,2.2222222222222223,2.2222222222222223,22.0,4,10.0,6.0,5.0,1.0,3.0,2.0,4.0,1,2,4
20260524TMG06,2026-05-24,内側より下,26,0.0,0.0,0.0,0.0,22.0,4,16.0,8.0,5.0,3.0,3.0,1.0,3.0,1,5,6
20260524TMG07,2026-05-24,同じ,22,4.545454545454546,4.545454545454546,0.0,4.545454545454546,29.0,3,5.0,10.0,5.0,5.0,4.0,2.0,3.0,2,3,5
20260524TMG09,2026-05-24,内側より下,29,0.0,0.0,0.0,0.0,24.0,2,11.0,6.0,5.0,1.0,3.0,2.0,5.0,1,3,2
20260524TMG10,2026-05-24,内側より下,30,0.0,0.0,0.0,0.0,16.0,5,18.0,4.0,3.0,1.0,3.0,1.0,3.0,3,2,5
20260524TMG12,2026-05-24,内側より下,32,3.125,0.0,3.125,3.125,25.0,4,9.0,10.0,5.0,5.0,4.0,1.0,2.0,1,4,2
20260525TMG01,2026-05-25,内側より上,7,0.0,0.0,0.0,0.0,29.0,3,3.0,8.0,3.0,5.0,2.0,5.0,2.0,1,4,2
20260525TMG04,2026-05-25,内側より下,29,0.0,0.0,0.0,0.0,16.0,6,18.0,7.0,5.0,2.0,3.0,1.0,1.0,1,2,5
20260525TMG05,2026-05-25,内側より下,45,4.444444444444445,0.0,2.2222222222222223,2.2222222222222223,24.0,3,10.0,6.0,5.0,1.0,3.0,4.0,3.0,1,4,5
20260525TMG06,2026-05-25,内側より上,7,0.0,0.0,0.0,0.0,23.0,4,14.0,6.0,1.0,5.0,2.0,3.0,2.0,1,2,4
20260525TMG07,2026-05-25,内側より下,37,5.405405405405405,5.405405405405405,0.0,5.405405405405405,26.0,1,0.0,3.0,2.0,1.0,2.0,5.0,5.0,1,4,2
20260525TMG09,2026-05-25,内側より下,42,4.761904761904762,2.380952380952381,2.380952380952381,4.761904761904762,18.0,6,18.0,7.0,3.0,4.0,3.0,1.0,1.0,1,2,3
20260525TMG10,2026-05-25,内側より下,43,2.3255813953488373,0.0,2.3255813953488373,2.3255813953488373,22.0,3,10.0,8.0,3.0,5.0,3.0,2.0,1.0,1,5,2
20260525TMG11,2026-05-25,内側より下,30,0.0,0.0,0.0,0.0,30.0,1,0.0,9.0,5.0,4.0,1.0,5.0,3.0,1,4,6
20260525TMG12,2026-05-25,内側より下,23,4.3478260869565215,4.3478260869565215,0.0,4.3478260869565215,20.0,4,10.0,6.0,5.0,1.0,3.0,1.0,4.0,1,5,2
20260530TMG02,2026-05-30,内側より下,12,0.0,0.0,0.0,0.0,20.0,5,15.0,8.0,3.0,5.0,3.0,1.0,1.0,1,3,4
20260530TMG03,2026-05-30,内側より上,27,3.7037037037037037,0.0,0.0,0.0,23.0,4,12.0,6.0,5.0,1.0,4.0,3.0,3.0,1,4,3
20260530TMG04,2026-05-30,内側より下,78,0.0,0.0,0.0,0.0,18.0,6,12.0,6.0,5.0,1.0,3.0,2.0,2.0,1,2,3
20260530TMG05,2026-05-30,内側より下,27,0.0,0.0,0.0,0.0,25.0,2,5.0,3.0,2.0,1.0,3.0,5.0,4.0,1,3,5
20260530TMG06,2026-05-30,内側より下,26,0.0,0.0,0.0,0.0,22.0,4,7.0,6.0,5.0,1.0,1.0,3.0,4.0,1,3,4
20260530TMG07,2026-05-30,内側より下,68,0.0,0.0,0.0,0.0,24.0,3,8.0,2.0,1.0,1.0,3.0,4.0,5.0,2,4,5
20260530TMG08,2026-05-30,内側より下,9,0.0,0.0,0.0,0.0,15.0,6,17.0,3.0,2.0,1.0,1.0,1.0,4.0,1,3,5
20260530TMG09,2026-05-30,内側より下,23,0.0,0.0,0.0,0.0,24.0,3,14.0,10.0,5.0,5.0,3.0,2.0,1.0,1,3,4
20260530TMG10,2026-05-30,内側より下,16,0.0,0.0,0.0,0.0,32.0,2,4.0,8.0,5.0,3.0,3.0,5.0,4.0,1,3,2
20260530TMG11,2026-05-30,内側より下,26,0.0,0.0,0.0,0.0,24.0,4,10.0,5.0,3.0,2.0,3.0,2.0,5.0,3,6,1
20260530TMG12,2026-05-30,内側より下,33,6.0606060606060606,0.0,6.0606060606060606,6.0606060606060606,30.0,2,2.0,10.0,5.0,5.0,3.0,2.0,4.0,2,1,4
20260531TMG01,2026-05-31,内側より下,79,0.0,0.0,0.0,0.0,12.0,6,23.0,4.0,3.0,1.0,3.0,1.0,1.0,1,2,3
20260531TMG02,2026-05-31,内側より上,25,0.0,0.0,0.0,0.0,26.0,3,3.0,3.0,1.0,2.0,3.0,4.0,5.0,2,4,3
20260531TMG03,2026-05-31,内側より下,33,9.090909090909092,9.090909090909092,0.0,9.090909090909092,27.0,2,10.0,8.0,3.0,5.0,4.0,4.0,1.0,2,6,4
20260531TMG05,2026-05-31,内側より上,28,7.142857142857143,3.5714285714285716,3.5714285714285716,7.142857142857143,32.0,1,0.0,10.0,5.0,5.0,3.0,5.0,2.0,6,4,5
20260531TMG06,2026-05-31,内側より上,79,0.0,0.0,0.0,0.0,23.0,5,9.0,7.0,3.0,4.0,2.0,4.0,1.0,4,3,2
20260531TMG07,2026-05-31,内側より上,24,0.0,0.0,0.0,0.0,25.0,4,5.0,9.0,5.0,4.0,2.0,3.0,2.0,2,5,4
20260531TMG08,2026-05-31,内側より上,35,0.0,0.0,0.0,0.0,26.0,2,3.0,6.0,5.0,1.0,3.0,4.0,4.0,3,4,2
20260531TMG09,2026-05-31,内側より上,18,0.0,0.0,0.0,0.0,19.0,4,16.0,4.0,3.0,1.0,2.0,4.0,2.0,1,3,2
20260531TMG10,2026-05-31,内側より上,32,3.125,3.125,0.0,3.125,23.0,5,7.0,8.0,3.0,5.0,4.0,2.0,1.0,1,3,2
20260531TMG11,2026-05-31,内側より下,20,0.0,0.0,0.0,0.0,28.0,1,0.0,6.0,5.0,1.0,3.0,5.0,4.0,1,3,6
20260601TMG01,2026-06-01,内側より上,20,0.0,0.0,0.0,0.0,26.0,2,4.0,8.0,5.0,3.0,3.0,3.0,3.0,1,3,2
20260601TMG02,2026-06-01,内側より上,12,0.0,0.0,0.0,0.0,35.0,1,0.0,9.0,5.0,4.0,4.0,5.0,4.0,3,5,1
20260601TMG03,2026-06-01,内側より下,81,0.0,0.0,0.0,0.0,20.0,5,11.0,7.0,2.0,5.0,2.0,2.0,1.0,2,1,3
20260601TMG04,2026-06-01,内側より上,31,0.0,0.0,0.0,0.0,21.0,5,12.0,4.0,2.0,2.0,3.0,1.0,5.0,1,5,6
20260601TMG06,2026-06-01,内側より下,27,0.0,0.0,0.0,0.0,28.0,2,3.0,10.0,5.0,5.0,3.0,4.0,1.0,2,5,4
20260601TMG07,2026-06-01,内側より下,24,0.0,0.0,0.0,0.0,18.0,6,14.0,4.0,3.0,1.0,3.0,2.0,3.0,2,4,3
20260601TMG08,2026-06-01,同じ,19,5.2631578947368425,5.2631578947368425,0.0,5.2631578947368425,27.0,4,5.0,10.0,5.0,5.0,4.0,3.0,1.0,2,1,4
20260601TMG09,2026-06-01,内側より下,35,0.0,0.0,0.0,0.0,24.0,4,10.0,8.0,3.0,5.0,3.0,2.0,2.0,4,3,5
20260601TMG10,2026-06-01,内側より上,32,15.625,0.0,15.625,15.625,27.0,2,3.0,6.0,3.0,3.0,4.0,3.0,4.0,1,2,5
20260601TMG11,2026-06-01,内側より下,19,0.0,0.0,0.0,0.0,11.0,6,25.0,3.0,2.0,1.0,3.0,1.0,1.0,4,1,3
20260601TMG12,2026-06-01,内側より上,31,6.451612903225806,0.0,3.225806451612903,3.225806451612903,22.0,4,14.0,7.0,5.0,2.0,3.0,2.0,3.0,1,5,6
20260602TMG01,2026-06-02,内側より下,82,0.0,0.0,0.0,0.0,15.0,6,20.0,3.0,2.0,1.0,3.0,1.0,3.0,1,3,2
20260602TMG02,2026-06-02,内側より上,34,0.0,0.0,0.0,0.0,31.0,2,5.0,8.0,3.0,5.0,2.0,5.0,3.0,1,2,3
20260602TMG03,2026-06-02,内側より上,28,0.0,0.0,0.0,0.0,29.0,2,3.0,7.0,5.0,2.0,4.0,3.0,5.0,1,5,2
20260602TMG04,2026-06-02,内側より上,28,0.0,0.0,0.0,0.0,14.0,6,24.0,5.0,3.0,2.0,3.0,1.0,1.0,3,4,1
20260602TMG06,2026-06-02,内側より上,68,0.0,0.0,0.0,0.0,16.0,5,15.0,4.0,3.0,1.0,3.0,1.0,3.0,4,5,2
20260602TMG07,2026-06-02,内側より下,12,0.0,0.0,0.0,0.0,17.0,5,14.0,3.0,2.0,1.0,3.0,2.0,3.0,1,2,5
20260602TMG08,2026-06-02,内側より上,20,5.0,5.0,0.0,5.0,20.0,5,14.0,4.0,3.0,1.0,5.0,2.0,3.0,1,3,2
20260602TMG09,2026-06-02,内側より下,30,0.0,0.0,0.0,0.0,32.0,1,0.0,6.0,3.0,3.0,3.0,5.0,5.0,1,3,2
20260602TMG10,2026-06-02,内側より下,17,0.0,0.0,0.0,0.0,24.0,3,10.0,8.0,3.0,5.0,3.0,1.0,3.0,2,1,3
20260602TMG11,2026-06-02,内側より下,20,0.0,0.0,0.0,0.0,22.0,4,15.0,7.0,3.0,4.0,3.0,3.0,1.0,2,1,4
20260603TMG01,2026-06-03,内側より下,20,5.0,0.0,0.0,0.0,14.0,5,20.0,3.0,2.0,1.0,2.0,1.0,3.0,1,6,3
20260603TMG02,2026-06-03,内側より下,34,5.882352941176471,0.0,5.882352941176471,5.882352941176471,24.0,3,4.0,6.0,2.0,4.0,2.0,3.0,3.0,1,6,2
20260603TMG03,2026-06-03,内側より下,28,0.0,0.0,0.0,0.0,20.0,4,12.0,3.0,2.0,1.0,2.0,3.0,4.0,2,4,5
20260603TMG04,2026-06-03,内側より下,27,0.0,0.0,0.0,0.0,25.0,2,3.0,6.0,5.0,1.0,2.0,3.0,5.0,1,3,5
20260603TMG05,2026-06-03,同じ,22,0.0,0.0,0.0,0.0,22.0,4,10.0,7.0,5.0,2.0,3.0,3.0,2.0,1,3,2
20260603TMG06,2026-06-03,内側より下,83,0.0,0.0,0.0,0.0,17.0,6,13.0,3.0,2.0,1.0,1.0,3.0,3.0,2,5,3
20260603TMG07,2026-06-03,内側より下,35,2.857142857142857,0.0,2.857142857142857,2.857142857142857,20.0,6,8.0,4.0,3.0,1.0,3.0,3.0,3.0,4,1,2
20260603TMG08,2026-06-03,内側より下,29,10.344827586206897,3.4482758620689653,6.896551724137931,10.344827586206897,30.0,1,0.0,8.0,3.0,5.0,3.0,3.0,4.0,1,6,4
20260603TMG09,2026-06-03,内側より上,21,4.761904761904762,4.761904761904762,0.0,4.761904761904762,26.0,2,6.0,10.0,5.0,5.0,3.0,3.0,1.0,1,3,6
20260603TMG10,2026-06-03,内側より下,29,0.0,0.0,0.0,0.0,23.0,3,7.0,4.0,3.0,1.0,2.0,3.0,5.0,2,3,4
20260603TMG11,2026-06-03,内側より下,35,0.0,0.0,0.0,0.0,25.0,2,7.0,7.0,5.0,2.0,2.0,3.0,4.0,1,5,2
20260603TMG12,2026-06-03,内側より上,29,10.344827586206897,0.0,6.896551724137931,6.896551724137931,26.0,2,3.0,10.0,5.0,5.0,3.0,3.0,1.0,1,3,
20260604TMG01,2026-06-04,内側より下,84,0.0,0.0,0.0,0.0,13.0,6,21.0,6.0,5.0,1.0,2.0,1.0,1.0,5,1,2
20260604TMG02,2026-06-04,内側より下,24,0.0,0.0,0.0,0.0,22.0,5,8.0,8.0,3.0,5.0,5.0,1.0,1.0,2,3,1
20260604TMG03,2026-06-04,内側より下,24,0.0,0.0,0.0,0.0,21.0,5,10.0,3.0,2.0,1.0,3.0,4.0,3.0,4,2,5
20260604TMG04,2026-06-04,内側より下,35,0.0,0.0,0.0,0.0,20.0,5,14.0,4.0,3.0,1.0,3.0,3.0,3.0,6,3,4
20260604TMG05,2026-06-04,内側より下,17,0.0,0.0,0.0,0.0,32.0,1,0.0,10.0,5.0,5.0,3.0,5.0,2.0,6,3,4
20260604TMG06,2026-06-04,内側より下,23,0.0,0.0,0.0,0.0,28.0,2,1.0,8.0,5.0,3.0,3.0,3.0,4.0,4,2,6
20260604TMG07,2026-06-04,内側より下,35,2.857142857142857,0.0,2.857142857142857,2.857142857142857,34.0,1,0.0,10.0,5.0,5.0,3.0,4.0,4.0,3,2,6
20260604TMG08,2026-06-04,内側より下,22,4.545454545454546,4.545454545454546,0.0,4.545454545454546,25.0,4,5.0,7.0,3.0,4.0,4.0,4.0,1.0,1,2,4
20260604TMG09,2026-06-04,内側より下,27,0.0,0.0,0.0,0.0,19.0,5,11.0,6.0,3.0,3.0,2.0,1.0,3.0,2,5,1
20260604TMG11,2026-06-04,内側より下,30,0.0,0.0,0.0,0.0,21.0,5,9.0,6.0,5.0,1.0,4.0,1.0,4.0,1,4,2
20260604TMG12,2026-06-04,内側より下,20,0.0,0.0,0.0,0.0,15.0,6,21.0,6.0,5.0,1.0,2.0,1.0,2.0,1,2,4
20260607TMG01,2026-06-07,内側より上,39,0.0,0.0,0.0,0.0,16.0,6,16.0,6.0,5.0,1.0,3.0,1.0,2.0,1,3,2
20260607TMG05,2026-06-07,内側より下,26,0.0,0.0,0.0,0.0,12.0,6,19.0,4.0,3.0,1.0,3.0,1.0,1.0,4,6,5
20260607TMG07,2026-06-07,内側より下,29,0.0,0.0,0.0,0.0,24.0,4,14.0,7.0,5.0,2.0,3.0,2.0,4.0,1,4,2
20260607TMG09,2026-06-07,内側より下,25,0.0,0.0,0.0,0.0,24.0,4,7.0,7.0,5.0,2.0,3.0,2.0,4.0,1,3,4
20260607TMG10,2026-06-07,内側より上,38,5.2631578947368425,0.0,2.6315789473684212,2.6315789473684212,24.0,4,10.0,8.0,5.0,3.0,3.0,2.0,3.0,1,2,5
20260607TMG11,2026-06-07,内側より下,24,4.166666666666667,0.0,4.166666666666667,4.166666666666667,24.0,3,6.0,4.0,3.0,1.0,3.0,3.0,5.0,1,5,3
20260607TMG12,2026-06-07,内側より上,33,6.0606060606060606,0.0,3.0303030303030303,3.0303030303030303,27.0,4,3.0,4.0,3.0,1.0,4.0,4.0,5.0,3,2,6
20260608TMG01,2026-06-08,内側より上,14,0.0,0.0,0.0,0.0,26.0,4,7.0,5.0,2.0,3.0,2.0,4.0,4.0,3,4,1
20260608TMG03,2026-06-08,内側より下,76,0.0,0.0,0.0,0.0,17.0,5,16.0,3.0,2.0,1.0,3.0,1.0,4.0,1,2,3
20260608TMG04,2026-06-08,内側より下,34,0.0,0.0,0.0,0.0,22.0,4,8.0,7.0,3.0,4.0,1.0,4.0,1.0,3,5,2
20260608TMG05,2026-06-08,内側より下,36,2.7777777777777777,0.0,2.7777777777777777,2.7777777777777777,20.0,5,11.0,4.0,2.0,2.0,4.0,1.0,4.0,1,5,2
20260608TMG06,2026-06-08,内側より上,14,0.0,0.0,0.0,0.0,24.0,4,8.0,7.0,2.0,5.0,2.0,4.0,1.0,4,1,5
20260608TMG07,2026-06-08,内側より下,28,3.5714285714285716,3.5714285714285716,0.0,3.5714285714285716,32.0,1,0.0,10.0,5.0,5.0,3.0,2.0,5.0,1,4,6
20260608TMG08,2026-06-08,内側より下,96,0.0,0.0,0.0,0.0,27.0,3,3.0,7.0,2.0,5.0,3.0,5.0,1.0,1,3,2
20260608TMG10,2026-06-08,内側より上,32,6.25,3.125,3.125,6.25,11.0,6,23.0,4.0,3.0,1.0,2.0,1.0,1.0,1,4,2
20260608TMG11,2026-06-08,内側より下,24,0.0,0.0,0.0,0.0,14.0,6,18.0,6.0,5.0,1.0,3.0,1.0,1.0,1,4,2
20260608TMG12,2026-06-08,内側より下,30,0.0,0.0,0.0,0.0,24.0,4,4.0,6.0,3.0,3.0,3.0,3.0,3.0,1,3,4
20260609TMG01,2026-06-09,内側より下,77,0.0,0.0,0.0,0.0,21.0,4,15.0,6.0,2.0,4.0,3.0,3.0,1.0,1,3,2
20260609TMG02,2026-06-09,内側より下,48,10.416666666666666,8.333333333333334,2.0833333333333335,10.416666666666668,21.0,5,13.0,4.0,3.0,1.0,4.0,2.0,4.0,1,2,3
20260609TMG03,2026-06-09,内側より下,66,0.0,0.0,0.0,0.0,21.0,4,11.0,7.0,3.0,4.0,4.0,1.0,2.0,2,3,1
20260609TMG05,2026-06-09,内側より下,77,0.0,0.0,0.0,0.0,20.0,5,14.0,8.0,3.0,5.0,3.0,1.0,1.0,3,4,5
20260609TMG06,2026-06-09,内側より下,32,0.0,0.0,0.0,0.0,18.0,5,18.0,6.0,5.0,1.0,3.0,1.0,3.0,3,1,4
20260609TMG07,2026-06-09,内側より下,28,3.5714285714285716,3.5714285714285716,0.0,3.5714285714285716,20.0,6,10.0,6.0,5.0,1.0,3.0,1.0,4.0,2,1,4
20260609TMG08,2026-06-09,内側より下,48,10.416666666666666,8.333333333333334,2.0833333333333335,10.416666666666668,24.0,4,7.0,4.0,3.0,1.0,5.0,2.0,5.0,6,1,2
20260609TMG09,2026-06-09,内側より下,43,0.0,0.0,0.0,0.0,21.0,5,17.0,8.0,3.0,5.0,4.0,1.0,1.0,1,4,5
20260609TMG11,2026-06-09,内側より下,27,0.0,0.0,0.0,0.0,18.0,5,20.0,7.0,5.0,2.0,3.0,1.0,2.0,1,2,4
20260609TMG12,2026-06-09,内側より下,20,5.0,0.0,5.0,5.0,20.0,4,13.0,5.0,3.0,2.0,3.0,1.0,4.0,3,1,5
20260610TMG02,2026-06-10,内側より下,29,0.0,0.0,0.0,0.0,14.0,6,18.0,6.0,5.0,1.0,1.0,1.0,2.0,1,3,5
20260610TMG03,2026-06-10,内側より上,40,2.5,0.0,2.5,2.5,24.0,3,14.0,6.0,5.0,1.0,3.0,4.0,3.0,4,6,3
20260610TMG04,2026-06-10,内側より下,30,13.333333333333334,0.0,6.666666666666667,6.666666666666667,23.0,4,11.0,3.0,2.0,1.0,3.0,3.0,5.0,1,3,2
20260610TMG05,2026-06-10,内側より下,30,6.666666666666667,3.3333333333333335,3.3333333333333335,6.666666666666667,22.0,5,4.0,8.0,3.0,5.0,3.0,2.0,1.0,2,1,4
20260610TMG06,2026-06-10,内側より上,16,0.0,0.0,0.0,0.0,22.0,3,8.0,6.0,3.0,3.0,3.0,1.0,4.0,1,4,2
20260610TMG07,2026-06-10,内側より下,44,4.545454545454546,0.0,2.272727272727273,2.272727272727273,30.0,2,2.0,10.0,5.0,5.0,3.0,5.0,1.0,4,5,1
20260610TMG08,2026-06-10,内側より下,79,0.0,0.0,0.0,0.0,22.0,4,10.0,7.0,3.0,4.0,3.0,3.0,1.0,1,3,5
20260610TMG10,2026-06-10,内側より下,21,4.761904761904762,0.0,4.761904761904762,4.761904761904762,26.0,3,3.0,6.0,3.0,3.0,1.0,4.0,4.0,1,4,3
20260610TMG11,2026-06-10,内側より下,24,4.166666666666667,4.166666666666667,0.0,4.166666666666667,19.0,5,19.0,4.0,3.0,1.0,2.0,1.0,5.0,1,3,2
20260611TMG01,2026-06-11,内側より下,24,0.0,0.0,0.0,0.0,20.0,4,12.0,2.0,1.0,1.0,3.0,3.0,4.0,1,4,2
20260611TMG02,2026-06-11,内側より下,80,0.0,0.0,0.0,0.0,20.0,6,14.0,4.0,3.0,1.0,3.0,2.0,4.0,1,3,5
20260611TMG03,2026-06-11,内側より上,17,0.0,0.0,0.0,0.0,30.0,1,0.0,7.0,5.0,2.0,3.0,4.0,5.0,4,5,6
20260611TMG04,2026-06-11,内側より下,21,0.0,0.0,0.0,0.0,26.0,3,8.0,6.0,5.0,1.0,3.0,3.0,5.0,4,5,1
20260611TMG05,2026-06-11,内側より下,24,0.0,0.0,0.0,0.0,15.0,6,19.0,4.0,3.0,1.0,4.0,1.0,2.0,1,6,3
20260611TMG07,2026-06-11,内側より上,17,0.0,0.0,0.0,0.0,18.0,5,20.0,2.0,1.0,1.0,3.0,3.0,3.0,1,2,4
20260611TMG08,2026-06-11,同じ,49,12.244897959183673,8.16326530612245,4.081632653061225,12.244897959183675,22.0,5,11.0,5.0,1.0,4.0,5.0,2.0,2.0,1,4,5
20260611TMG09,2026-06-11,内側より下,29,3.4482758620689653,3.4482758620689653,0.0,3.4482758620689653,24.0,3,9.0,6.0,3.0,3.0,3.0,3.0,3.0,1,2,3
20260611TMG10,2026-06-11,内側より上,39,5.128205128205129,0.0,2.5641025641025643,2.5641025641025643,29.0,2,1.0,10.0,5.0,5.0,4.0,4.0,1.0,1,2,3
20260617TMG01,2026-06-17,内側より上,77,2.5974025974025974,0.0,2.5974025974025974,2.5974025974025974,26.0,3,5.0,7.0,5.0,2.0,3.0,3.0,4.0,1,2,6
20260617TMG02,2026-06-17,内側より上,39,2.5641025641025643,0.0,0.0,0.0,22.0,5,13.0,5.0,3.0,2.0,3.0,1.0,5.0,3,2,6
20260617TMG03,2026-06-17,内側より下,21,0.0,0.0,0.0,0.0,20.0,4,13.0,6.0,5.0,1.0,3.0,3.0,2.0,2,1,5
20260617TMG04,2026-06-17,内側より下,25,0.0,0.0,0.0,0.0,29.0,1,0.0,7.0,3.0,4.0,2.0,4.0,4.0,1,3,4
20260617TMG06,2026-06-17,内側より下,28,0.0,0.0,0.0,0.0,17.0,4,17.0,6.0,5.0,1.0,2.0,1.0,3.0,1,2,3
20260617TMG07,2026-06-17,内側より上,24,4.166666666666667,0.0,4.166666666666667,4.166666666666667,33.0,1,0.0,7.0,3.0,4.0,4.0,5.0,4.0,1,4,6
20260617TMG08,2026-06-17,同じ,63,0.0,0.0,0.0,0.0,16.0,5,14.0,6.0,5.0,1.0,3.0,1.0,2.0,5,1,2
20260617TMG09,2026-06-17,内側より上,28,0.0,0.0,0.0,0.0,27.0,3,5.0,8.0,5.0,3.0,4.0,4.0,2.0,1,3,5
20260617TMG10,2026-06-17,内側より下,26,0.0,0.0,0.0,0.0,16.0,6,16.0,3.0,2.0,1.0,2.0,1.0,4.0,1,4,2
20260617TMG11,2026-06-17,内側より下,30,6.666666666666667,0.0,6.666666666666667,6.666666666666667,30.0,1,0.0,6.0,5.0,1.0,3.0,5.0,5.0,1,2,6
20260617TMG12,2026-06-17,内側より下,43,9.30232558139535,0.0,9.30232558139535,9.30232558139535,16.0,6,17.0,5.0,3.0,2.0,3.0,2.0,1.0,1,5,4
20260618TMG01,2026-06-18,内側より下,21,0.0,0.0,0.0,0.0,23.0,5,8.0,6.0,5.0,1.0,4.0,3.0,3.0,1,4,3
20260618TMG02,2026-06-18,内側より下,24,0.0,0.0,0.0,0.0,21.0,4,13.0,3.0,2.0,1.0,3.0,3.0,4.0,1,2,5
20260618TMG03,2026-06-18,内側より上,33,0.0,0.0,0.0,0.0,22.0,5,8.0,7.0,5.0,2.0,3.0,1.0,4.0,4,6,5
20260618TMG04,2026-06-18,内側より上,33,6.0606060606060606,3.0303030303030303,3.0303030303030303,6.0606060606060606,33.0,1,0.0,10.0,5.0,5.0,4.0,3.0,4.0,1,6,4
20260618TMG05,2026-06-18,内側より下,28,3.5714285714285716,0.0,3.5714285714285716,3.5714285714285716,28.0,3,6.0,8.0,3.0,5.0,3.0,2.0,4.0,3,2,1
20260618TMG06,2026-06-18,内側より下,45,2.2222222222222223,0.0,2.2222222222222223,2.2222222222222223,20.0,5,12.0,2.0,1.0,1.0,1.0,3.0,5.0,4,5,1
20260618TMG07,2026-06-18,内側より下,29,0.0,0.0,0.0,0.0,11.0,6,27.0,4.0,3.0,1.0,2.0,1.0,1.0,1,3,4
20260618TMG08,2026-06-18,内側より上,25,0.0,0.0,0.0,0.0,21.0,5,6.0,3.0,2.0,1.0,3.0,4.0,3.0,1,2,3
20260618TMG11,2026-06-18,内側より上,33,3.0303030303030303,0.0,3.0303030303030303,3.0303030303030303,20.0,4,16.0,6.0,5.0,1.0,3.0,2.0,3.0,1,3,6
20260619TMG01,2026-06-19,内側より下,27,0.0,0.0,0.0,0.0,15.0,6,17.0,4.0,3.0,1.0,2.0,1.0,3.0,4,3,5
20260619TMG02,2026-06-19,内側より上,36,0.0,0.0,0.0,0.0,30.0,1,0.0,6.0,5.0,1.0,3.0,5.0,5.0,3,5,6
20260619TMG03,2026-06-19,内側より下,19,0.0,0.0,0.0,0.0,17.0,5,15.0,6.0,5.0,1.0,2.0,1.0,3.0,1,2,3
20260619TMG04,2026-06-19,内側より下,32,0.0,0.0,0.0,0.0,27.0,1,0.0,4.0,3.0,1.0,2.0,5.0,5.0,2,1,6
20260619TMG05,2026-06-19,内側より上,30,0.0,0.0,0.0,0.0,27.0,2,4.0,9.0,5.0,4.0,2.0,4.0,2.0,2,3,5
20260619TMG06,2026-06-19,内側より下,79,2.5316455696202533,0.0,2.5316455696202533,2.5316455696202533,20.0,5,10.0,6.0,5.0,1.0,1.0,1.0,5.0,2,1,3
20260619TMG08,2026-06-19,内側より下,79,0.0,0.0,0.0,0.0,20.0,4,12.0,4.0,2.0,2.0,2.0,4.0,2.0,1,3,4
20260619TMG10,2026-06-19,内側より上,32,0.0,0.0,0.0,0.0,18.0,6,14.0,4.0,3.0,1.0,3.0,1.0,4.0,1,2,3
20260619TMG11,2026-06-19,内側より下,16,0.0,0.0,0.0,0.0,16.0,5,14.0,4.0,3.0,1.0,3.0,2.0,2.0,2,1,5
20260619TMG12,2026-06-19,内側より下,42,0.0,0.0,0.0,0.0,26.0,3,4.0,5.0,3.0,2.0,3.0,4.0,4.0,1,2,6
20260620TMG01,2026-06-20,同じ,41,2.4390243902439024,0.0,2.4390243902439024,2.4390243902439024,24.0,4,7.0,6.0,5.0,1.0,3.0,2.0,5.0,2,3,1
20260620TMG02,2026-06-20,内側より下,27,3.7037037037037037,0.0,3.7037037037037037,3.7037037037037037,20.0,3,16.0,6.0,2.0,4.0,2.0,2.0,2.0,1,4,2
20260620TMG03,2026-06-20,内側より下,22,0.0,0.0,0.0,0.0,15.0,6,20.0,3.0,2.0,1.0,3.0,1.0,3.0,3,2,5
20260620TMG04,2026-06-20,内側より上,26,3.8461538461538463,0.0,0.0,0.0,20.0,5,10.0,4.0,3.0,1.0,3.0,2.0,4.0,1,4,2
20260620TMG05,2026-06-20,同じ,15,0.0,0.0,0.0,0.0,18.0,6,14.0,6.0,5.0,1.0,3.0,2.0,2.0,2,1,3
20260620TMG06,2026-06-20,内側より下,30,3.3333333333333335,0.0,0.0,0.0,26.0,4,8.0,7.0,2.0,5.0,2.0,3.0,3.0,4,1,3
20260620TMG07,2026-06-20,内側より上,65,0.0,0.0,0.0,0.0,21.0,5,9.0,6.0,2.0,4.0,3.0,1.0,3.0,5,3,2
20260620TMG08,2026-06-20,内側より下,28,0.0,0.0,0.0,0.0,17.0,5,15.0,3.0,2.0,1.0,3.0,2.0,3.0,1,2,5
20260620TMG09,2026-06-20,内側より上,29,3.4482758620689653,0.0,3.4482758620689653,3.4482758620689653,22.0,4,15.0,4.0,3.0,1.0,3.0,4.0,3.0,1,6,3
20260620TMG10,2026-06-20,内側より下,21,4.761904761904762,0.0,4.761904761904762,4.761904761904762,15.0,6,18.0,6.0,5.0,1.0,2.0,2.0,1.0,3,2,4
20260620TMG11,2026-06-20,内側より下,38,7.894736842105263,5.2631578947368425,2.6315789473684212,7.894736842105264,26.0,3,6.0,9.0,5.0,4.0,3.0,2.0,3.0,1,4,5
20260620TMG12,2026-06-20,内側より上,80,2.5,0.0,2.5,2.5,23.0,4,8.0,4.0,3.0,1.0,4.0,3.0,4.0,1,2,5
20260621TMG01,2026-06-21,内側より下,16,0.0,0.0,0.0,0.0,21.0,4,13.0,10.0,5.0,5.0,2.0,1.0,1.0,1,3,6
20260621TMG02,2026-06-21,内側より上,37,0.0,0.0,0.0,0.0,24.0,4,6.0,4.0,3.0,1.0,3.0,3.0,5.0,1,2,6
20260621TMG03,2026-06-21,同じ,31,0.0,0.0,0.0,0.0,26.0,4,4.0,10.0,5.0,5.0,3.0,3.0,1.0,1,4,3
20260621TMG04,2026-06-21,内側より下,28,0.0,0.0,0.0,0.0,27.0,3,3.0,7.0,5.0,2.0,2.0,4.0,4.0,1,4,5
20260621TMG05,2026-06-21,内側より下,27,0.0,0.0,0.0,0.0,17.0,6,15.0,7.0,5.0,2.0,2.0,1.0,2.0,4,2,1
20260621TMG06,2026-06-21,同じ,22,0.0,0.0,0.0,0.0,22.0,4,9.0,4.0,3.0,1.0,3.0,2.0,5.0,1,2,3
20260621TMG07,2026-06-21,同じ,47,10.638297872340425,0.0,6.382978723404255,6.382978723404255,31.0,2,1.0,8.0,3.0,5.0,4.0,4.0,3.0,1,3,2
20260621TMG08,2026-06-21,内側より下,28,0.0,0.0,0.0,0.0,25.0,2,5.0,7.0,2.0,5.0,3.0,3.0,2.0,1,3,6
20260621TMG09,2026-06-21,内側より下,26,0.0,0.0,0.0,0.0,16.0,6,21.0,5.0,3.0,2.0,1.0,1.0,3.0,1,3,4
20260621TMG10,2026-06-21,内側より上,33,0.0,0.0,0.0,0.0,14.0,6,20.0,4.0,3.0,1.0,3.0,1.0,2.0,1,3,4
20260621TMG11,2026-06-21,内側より上,32,3.125,3.125,0.0,3.125,12.0,6,22.0,4.0,2.0,2.0,2.0,1.0,1.0,3,4,5
20260621TMG12,2026-06-21,同じ,39,2.5641025641025643,0.0,0.0,0.0,23.0,4,9.0,6.0,5.0,1.0,2.0,2.0,5.0,1,2,5
20260622TMG01,2026-06-22,内側より下,30,0.0,0.0,0.0,0.0,20.0,5,10.0,9.0,5.0,4.0,1.0,1.0,2.0,2,1,5
20260622TMG02,2026-06-22,内側より下,31,3.225806451612903,0.0,0.0,0.0,22.0,5,6.0,4.0,2.0,2.0,2.0,4.0,3.0,5,1,4
20260622TMG03,2026-06-22,内側より下,40,0.0,0.0,0.0,0.0,37.0,1,0.0,10.0,5.0,5.0,4.0,4.0,5.0,3,5,6
20260622TMG04,2026-06-22,内側より下,28,0.0,0.0,0.0,0.0,26.0,2,6.0,7.0,3.0,4.0,3.0,2.0,4.0,1,3,6
20260622TMG05,2026-06-22,内側より上,25,4.0,0.0,4.0,4.0,34.0,1,0.0,9.0,5.0,4.0,3.0,5.0,4.0,2,4,3
20260622TMG06,2026-06-22,内側より下,33,3.0303030303030303,0.0,0.0,0.0,26.0,2,2.0,9.0,5.0,4.0,3.0,3.0,2.0,3,1,4
20260622TMG08,2026-06-22,内側より上,66,0.0,0.0,0.0,0.0,19.0,4,17.0,6.0,5.0,1.0,2.0,1.0,4.0,2,1,3
20260622TMG09,2026-06-22,内側より下,26,0.0,0.0,0.0,0.0,18.0,5,16.0,6.0,5.0,1.0,3.0,1.0,3.0,1,5,4
20260622TMG10,2026-06-22,内側より下,34,0.0,0.0,0.0,0.0,30.0,1,0.0,6.0,5.0,1.0,3.0,5.0,5.0,1,3,2
20260622TMG11,2026-06-22,内側より上,33,3.0303030303030303,0.0,3.0303030303030303,3.0303030303030303,17.0,6,13.0,4.0,3.0,1.0,2.0,1.0,4.0,4,1,3
20260622TMG12,2026-06-22,内側より下,38,7.894736842105263,5.2631578947368425,2.6315789473684212,7.894736842105264,26.0,3,5.0,10.0,5.0,5.0,3.0,1.0,3.0,1,4,5
20260628TMG01,2026-06-28,内側より下,32,0.0,0.0,0.0,0.0,24.0,2,10.0,4.0,3.0,1.0,3.0,3.0,5.0,1,5,2
20260628TMG02,2026-06-28,内側より下,33,0.0,0.0,0.0,0.0,21.0,5,10.0,4.0,3.0,1.0,2.0,3.0,4.0,1,3,5
20260628TMG04,2026-06-28,内側より上,36,0.0,0.0,0.0,0.0,23.0,3,9.0,7.0,5.0,2.0,2.0,4.0,2.0,1,5,6
20260628TMG05,2026-06-28,内側より下,29,0.0,0.0,0.0,0.0,20.0,5,15.0,6.0,5.0,1.0,3.0,1.0,4.0,1,3,2
20260628TMG06,2026-06-28,内側より下,36,2.7777777777777777,2.7777777777777777,0.0,2.7777777777777777,25.0,4,5.0,6.0,3.0,3.0,4.0,1.0,5.0,6,4,1
20260628TMG08,2026-06-28,内側より下,36,0.0,0.0,0.0,0.0,22.0,5,11.0,4.0,3.0,1.0,3.0,3.0,4.0,1,4,2
20260628TMG09,2026-06-28,内側より上,35,11.428571428571429,0.0,8.571428571428571,8.571428571428571,24.0,4,10.0,6.0,5.0,1.0,3.0,4.0,3.0,1,2,6
20260628TMG10,2026-06-28,内側より上,27,7.407407407407407,7.407407407407407,0.0,7.407407407407407,25.0,5,7.0,6.0,5.0,1.0,4.0,2.0,5.0,1,3,2
20260628TMG11,2026-06-28,内側より下,37,0.0,0.0,0.0,0.0,18.0,6,12.0,7.0,5.0,2.0,3.0,2.0,1.0,5,2,1
20260628TMG12,2026-06-28,内側より上,37,10.81081081081081,2.7027027027027026,2.7027027027027026,5.405405405405405,24.0,4,8.0,7.0,5.0,2.0,3.0,2.0,4.0,1,4,2
20260629TMG01,2026-06-29,内側より上,27,3.7037037037037037,3.7037037037037037,0.0,3.7037037037037037,28.0,2,3.0,9.0,5.0,4.0,3.0,2.0,4.0,6,4,5
20260629TMG03,2026-06-29,内側より下,24,4.166666666666667,0.0,0.0,0.0,28.0,2,8.0,7.0,5.0,2.0,3.0,4.0,4.0,1,2,3
20260629TMG04,2026-06-29,内側より下,38,2.6315789473684212,0.0,0.0,0.0,36.0,1,0.0,10.0,5.0,5.0,3.0,5.0,4.0,5,1,6
20260629TMG06,2026-06-29,内側より下,29,3.4482758620689653,3.4482758620689653,0.0,3.4482758620689653,24.0,5,7.0,7.0,5.0,2.0,3.0,2.0,4.0,5,3,6
20260629TMG07,2026-06-29,内側より下,26,0.0,0.0,0.0,0.0,15.0,5,20.0,7.0,5.0,2.0,2.0,1.0,1.0,1,2,4
20260629TMG10,2026-06-29,内側より下,35,0.0,0.0,0.0,0.0,18.0,5,19.0,7.0,5.0,2.0,1.0,2.0,2.0,1,3,2
20260629TMG11,2026-06-29,内側より上,30,16.666666666666668,13.333333333333334,0.0,13.333333333333334,22.0,4,14.0,6.0,5.0,1.0,3.0,2.0,4.0,1,3,5
20260629TMG12,2026-06-29,内側より上,36,0.0,0.0,0.0,0.0,18.0,6,12.0,6.0,5.0,1.0,3.0,1.0,3.0,4,2,3
20260630TMG06,2026-06-30,内側より下,25,0.0,0.0,0.0,0.0,24.0,4,10.0,6.0,5.0,1.0,3.0,3.0,4.0,1,3,6
20260630TMG07,2026-06-30,内側より下,54,0.0,0.0,0.0,0.0,18.0,6,11.0,7.0,3.0,4.0,3.0,1.0,1.0,5,2,1
20260630TMG10,2026-06-30,内側より下,25,0.0,0.0,0.0,0.0,24.0,3,9.0,4.0,2.0,2.0,2.0,3.0,5.0,1,2,4
20260630TMG11,2026-06-30,内側より上,38,2.6315789473684212,0.0,2.6315789473684212,2.6315789473684212,34.0,1,0.0,8.0,5.0,3.0,3.0,5.0,5.0,3,4,5
20260701TMG02,2026-07-01,内側より下,55,0.0,0.0,0.0,0.0,30.0,2,2.0,10.0,5.0,5.0,3.0,4.0,2.0,1,5,4
20260701TMG04,2026-07-01,内側より上,27,7.407407407407407,3.7037037037037037,0.0,3.7037037037037037,28.0,3,4.0,4.0,1.0,3.0,3.0,5.0,4.0,1,3,5
20260701TMG07,2026-07-01,内側より上,35,11.428571428571429,0.0,8.571428571428571,8.571428571428571,26.0,2,6.0,6.0,5.0,1.0,3.0,4.0,4.0,1,3,6
20260701TMG08,2026-07-01,内側より下,34,0.0,0.0,0.0,0.0,20.0,5,10.0,6.0,5.0,1.0,3.0,2.0,3.0,1,3,2
20260701TMG09,2026-07-01,内側より上,30,0.0,0.0,0.0,0.0,17.0,5,17.0,6.0,5.0,1.0,2.0,3.0,1.0,1,5,3
20260701TMG10,2026-07-01,内側より下,33,3.0303030303030303,0.0,3.0303030303030303,3.0303030303030303,18.0,5,16.0,4.0,3.0,1.0,3.0,1.0,4.0,5,1,4
20260701TMG11,2026-07-01,内側より下,29,3.4482758620689653,3.4482758620689653,0.0,3.4482758620689653,24.0,4,7.0,6.0,5.0,1.0,3.0,2.0,5.0,1,2,5
20260701TMG12,2026-07-01,内側より下,29,3.4482758620689653,0.0,3.4482758620689653,3.4482758620689653,24.0,4,9.0,9.0,5.0,4.0,3.0,3.0,1.0,1,2,4
20260702TMG01,2026-07-02,内側より下,26,0.0,0.0,0.0,0.0,27.0,3,10.0,8.0,5.0,3.0,4.0,2.0,4.0,4,6,1
20260702TMG02,2026-07-02,内側より上,15,13.333333333333334,0.0,6.666666666666667,6.666666666666667,21.0,4,13.0,6.0,5.0,1.0,2.0,3.0,3.0,1,3,6
20260702TMG03,2026-07-02,内側より下,28,10.714285714285714,0.0,7.142857142857143,7.142857142857143,20.0,5,11.0,6.0,5.0,1.0,3.0,1.0,4.0,1,2,4
20260702TMG05,2026-07-02,内側より下,36,0.0,0.0,0.0,0.0,24.0,3,10.0,7.0,3.0,4.0,3.0,3.0,2.0,1,6,3
20260702TMG06,2026-07-02,内側より下,25,0.0,0.0,0.0,0.0,24.0,4,15.0,8.0,3.0,5.0,3.0,3.0,1.0,1,3,4
20260702TMG07,2026-07-02,内側より下,30,0.0,0.0,0.0,0.0,21.0,5,13.0,6.0,3.0,3.0,2.0,1.0,4.0,5,2,1
20260702TMG08,2026-07-02,内側より下,105,0.9523809523809523,0.9523809523809523,0.0,0.9523809523809523,29.0,2,3.0,10.0,5.0,5.0,4.0,3.0,2.0,1,2,6
20260702TMG09,2026-07-02,内側より下,33,0.0,0.0,0.0,0.0,26.0,3,6.0,6.0,5.0,1.0,3.0,3.0,5.0,4,1,3
20260702TMG10,2026-07-02,内側より下,34,0.0,0.0,0.0,0.0,20.0,5,12.0,4.0,3.0,1.0,3.0,1.0,5.0,2,4,5
20260702TMG11,2026-07-02,内側より上,39,2.5641025641025643,0.0,2.5641025641025643,2.5641025641025643,24.0,4,6.0,6.0,5.0,1.0,3.0,3.0,4.0,1,3,4
20260702TMG12,2026-07-02,内側より下,37,5.405405405405405,2.7027027027027026,0.0,2.7027027027027026,30.0,2,6.0,6.0,5.0,1.0,3.0,5.0,5.0,1,6,3
20260705TMG01,2026-07-05,内側より下,38,0.0,0.0,0.0,0.0,22.0,4,10.0,8.0,3.0,5.0,3.0,1.0,2.0,4,1,5
20260705TMG03,2026-07-05,内側より上,26,0.0,0.0,0.0,0.0,32.0,2,1.0,7.0,3.0,4.0,3.0,4.0,5.0,3,5,1
20260705TMG04,2026-07-05,内側より下,35,2.857142857142857,2.857142857142857,0.0,2.857142857142857,14.0,6,17.0,4.0,3.0,1.0,3.0,1.0,2.0,3,1,5
20260705TMG06,2026-07-05,内側より下,27,3.7037037037037037,0.0,3.7037037037037037,3.7037037037037037,22.0,5,14.0,6.0,5.0,1.0,3.0,2.0,4.0,4,3,5
20260705TMG07,2026-07-05,内側より下,34,0.0,0.0,0.0,0.0,22.0,4,10.0,8.0,5.0,3.0,3.0,1.0,3.0,1,2,4
20260705TMG12,2026-07-05,内側より上,34,0.0,0.0,0.0,0.0,23.0,4,9.0,9.0,5.0,4.0,4.0,1.0,2.0,1,3,5
20260706TMG01,2026-07-06,内側より下,29,0.0,0.0,0.0,0.0,13.0,6,15.0,6.0,5.0,1.0,2.0,1.0,1.0,4,1,3
20260706TMG02,2026-07-06,内側より下,26,7.6923076923076925,7.6923076923076925,0.0,7.6923076923076925,16.0,6,19.0,6.0,5.0,1.0,3.0,1.0,2.0,1,2,6
20260706TMG03,2026-07-06,内側より上,27,0.0,0.0,0.0,0.0,30.0,2,6.0,8.0,3.0,5.0,3.0,4.0,3.0,1,3,2
20260706TMG04,2026-07-06,内側より上,17,0.0,0.0,0.0,0.0,19.0,6,13.0,4.0,3.0,1.0,2.0,3.0,3.0,3,1,2
20260706TMG05,2026-07-06,内側より上,6,0.0,0.0,0.0,0.0,25.0,3,6.0,10.0,5.0,5.0,2.0,2.0,2.0,5,3,4
20260706TMG07,2026-07-06,内側より下,41,0.0,0.0,0.0,0.0,29.0,2,5.0,8.0,3.0,5.0,2.0,5.0,2.0,4,2,6
20260706TMG09,2026-07-06,内側より上,38,7.894736842105263,0.0,0.0,0.0,24.0,4,12.0,6.0,3.0,3.0,3.0,3.0,3.0,1,2,3
20260706TMG10,2026-07-06,内側より下,34,2.9411764705882355,2.9411764705882355,0.0,2.9411764705882355,24.0,4,3.0,6.0,3.0,3.0,3.0,3.0,3.0,3,4,1
20260706TMG11,2026-07-06,内側より下,35,0.0,0.0,0.0,0.0,22.0,4,12.0,3.0,2.0,1.0,2.0,5.0,3.0,1,5,4
20260706TMG12,2026-07-06,内側より上,34,0.0,0.0,0.0,0.0,21.0,5,9.0,4.0,3.0,1.0,4.0,1.0,5.0,1,3,5
20260707TMG01,2026-07-07,内側より上,28,0.0,0.0,0.0,0.0,25.0,3,11.0,7.0,3.0,4.0,2.0,4.0,2.0,5,1,3
20260707TMG02,2026-07-07,内側より下,27,3.7037037037037037,0.0,3.7037037037037037,3.7037037037037037,36.0,1,0.0,10.0,5.0,5.0,3.0,5.0,4.0,1,4,6
20260707TMG03,2026-07-07,内側より上,26,7.6923076923076925,3.8461538461538463,3.8461538461538463,7.6923076923076925,26.0,3,4.0,5.0,3.0,2.0,3.0,5.0,3.0,1,5,3
20260707TMG04,2026-07-07,内側より下,18,0.0,0.0,0.0,0.0,25.0,3,4.0,10.0,5.0,5.0,2.0,1.0,3.0,2,1,3
20260707TMG05,2026-07-07,内側より上,28,0.0,0.0,0.0,0.0,26.0,2,6.0,7.0,3.0,4.0,3.0,3.0,3.0,1,3,5
20260707TMG06,2026-07-07,内側より上,26,0.0,0.0,0.0,0.0,25.0,4,2.0,6.0,1.0,5.0,2.0,5.0,1.0,5,4,1
20260707TMG07,2026-07-07,内側より下,26,0.0,0.0,0.0,0.0,22.0,4,11.0,6.0,5.0,1.0,3.0,2.0,4.0,4,2,5
20260707TMG08,2026-07-07,内側より下,22,0.0,0.0,0.0,0.0,19.0,3,17.0,4.0,2.0,2.0,3.0,2.0,3.0,4,1,2
20260707TMG09,2026-07-07,内側より下,25,0.0,0.0,0.0,0.0,29.0,1,0.0,10.0,5.0,5.0,2.0,5.0,1.0,3,5,6
20260707TMG10,2026-07-07,内側より下,37,2.7027027027027026,0.0,2.7027027027027026,2.7027027027027026,22.0,4,11.0,9.0,5.0,4.0,3.0,1.0,2.0,3,1,6
20260707TMG11,2026-07-07,内側より下,39,5.128205128205129,2.5641025641025643,0.0,2.5641025641025643,26.0,4,8.0,7.0,2.0,5.0,4.0,4.0,1.0,5,3,2
20260707TMG12,2026-07-07,内側より上,38,10.526315789473685,7.894736842105263,0.0,7.894736842105263,24.0,5,6.0,6.0,3.0,3.0,3.0,3.0,3.0,2,4,5
20260708TMG01,2026-07-08,内側より上,30,0.0,0.0,0.0,0.0,34.0,1,0.0,10.0,5.0,5.0,3.0,5.0,3.0,1,3,2
20260708TMG02,2026-07-08,内側より下,25,0.0,0.0,0.0,0.0,16.0,6,17.0,4.0,3.0,1.0,3.0,1.0,3.0,2,1,3
20260708TMG04,2026-07-08,内側より下,23,0.0,0.0,0.0,0.0,22.0,5,10.0,6.0,5.0,1.0,3.0,3.0,3.0,1,2,3
20260708TMG07,2026-07-08,内側より下,33,0.0,0.0,0.0,0.0,14.0,6,23.0,7.0,5.0,2.0,1.0,1.0,1.0,1,4,5
20260708TMG08,2026-07-08,内側より上,30,0.0,0.0,0.0,0.0,29.0,1,0.0,8.0,5.0,3.0,2.0,4.0,4.0,2,1,4
20260708TMG09,2026-07-08,内側より下,26,0.0,0.0,0.0,0.0,15.0,6,19.0,4.0,3.0,1.0,2.0,1.0,3.0,3,1,4
20260708TMG10,2026-07-08,内側より下,36,0.0,0.0,0.0,0.0,28.0,2,2.0,6.0,5.0,1.0,3.0,5.0,4.0,1,3,4
20260708TMG12,2026-07-08,内側より上,27,7.407407407407407,7.407407407407407,0.0,7.407407407407407,19.0,5,16.0,6.0,5.0,1.0,4.0,2.0,2.0,1,6,3
20260709TMG02,2026-07-09,内側より下,28,0.0,0.0,0.0,0.0,17.0,5,19.0,7.0,3.0,4.0,2.0,1.0,1.0,1,2,4
20260709TMG03,2026-07-09,内側より上,35,0.0,0.0,0.0,0.0,20.0,5,12.0,4.0,3.0,1.0,3.0,3.0,3.0,6,2,4
20260709TMG04,2026-07-09,内側より上,25,0.0,0.0,0.0,0.0,16.0,6,18.0,4.0,3.0,1.0,3.0,1.0,3.0,5,3,6
20260709TMG05,2026-07-09,内側より上,19,0.0,0.0,0.0,0.0,20.0,4,12.0,7.0,3.0,4.0,1.0,2.0,2.0,3,2,4
20260709TMG06,2026-07-09,内側より上,29,3.4482758620689653,0.0,3.4482758620689653,3.4482758620689653,22.0,4,10.0,6.0,5.0,1.0,3.0,3.0,3.0,3,4,5
20260709TMG07,2026-07-09,内側より上,26,0.0,0.0,0.0,0.0,24.0,3,8.0,7.0,5.0,2.0,3.0,2.0,4.0,6,2,4
20260709TMG08,2026-07-09,内側より上,32,0.0,0.0,0.0,0.0,28.0,2,2.0,8.0,3.0,5.0,3.0,5.0,1.0,1,2,4
20260709TMG09,2026-07-09,内側より下,30,0.0,0.0,0.0,0.0,14.0,6,17.0,5.0,3.0,2.0,1.0,1.0,2.0,1,3,4
20260709TMG10,2026-07-09,内側より上,25,0.0,0.0,0.0,0.0,22.0,4,9.0,5.0,3.0,2.0,3.0,4.0,2.0,1,4,2
20260709TMG12,2026-07-09,同じ,27,7.407407407407407,7.407407407407407,0.0,7.407407407407407,23.0,4,14.0,6.0,5.0,1.0,4.0,3.0,3.0,1,3,2
20260712TMG01,2026-07-12,内側より下,9,0.0,0.0,0.0,0.0,18.0,6,18.0,7.0,5.0,2.0,3.0,1.0,2.0,5,4,2
20260712TMG02,2026-07-12,内側より上,28,0.0,0.0,0.0,0.0,17.0,6,15.0,4.0,3.0,1.0,4.0,1.0,3.0,4,1,3
20260712TMG03,2026-07-12,内側より下,24,0.0,0.0,0.0,0.0,30.0,1,0.0,8.0,3.0,5.0,3.0,5.0,2.0,1,2,4
20260712TMG04,2026-07-12,内側より下,31,0.0,0.0,0.0,0.0,23.0,5,5.0,6.0,5.0,1.0,2.0,2.0,5.0,1,5,2
20260712TMG05,2026-07-12,内側より下,27,3.7037037037037037,0.0,0.0,0.0,31.0,1,0.0,7.0,5.0,2.0,2.0,5.0,5.0,2,6,3
20260712TMG06,2026-07-12,内側より下,23,0.0,0.0,0.0,0.0,30.0,2,2.0,10.0,5.0,5.0,3.0,5.0,1.0,3,4,1
20260712TMG07,2026-07-12,内側より上,32,6.25,3.125,0.0,3.125,26.0,2,2.0,6.0,5.0,1.0,3.0,3.0,5.0,1,3,4
20260712TMG09,2026-07-12,内側より上,22,0.0,0.0,0.0,0.0,24.0,3,6.0,5.0,3.0,2.0,3.0,5.0,2.0,1,6,2
20260712TMG11,2026-07-12,内側より上,41,0.0,0.0,0.0,0.0,22.0,4,10.0,6.0,5.0,1.0,3.0,1.0,5.0,2,5,3
20260713TMG03,2026-07-13,内側より下,48,10.416666666666666,6.25,4.166666666666667,10.416666666666668,20.0,5,13.0,4.0,3.0,1.0,3.0,2.0,4.0,2,1,4
20260713TMG04,2026-07-13,内側より下,15,6.666666666666667,0.0,6.666666666666667,6.666666666666667,15.0,6,21.0,4.0,3.0,1.0,2.0,1.0,3.0,1,4,6
20260713TMG05,2026-07-13,内側より上,29,3.4482758620689653,0.0,3.4482758620689653,3.4482758620689653,21.0,4,11.0,6.0,5.0,1.0,2.0,2.0,4.0,1,4,2
20260713TMG07,2026-07-13,内側より上,37,2.7027027027027026,0.0,2.7027027027027026,2.7027027027027026,32.0,1,0.0,10.0,5.0,5.0,3.0,4.0,3.0,1,2,4
20260713TMG09,2026-07-13,内側より下,34,0.0,0.0,0.0,0.0,25.0,2,5.0,5.0,3.0,2.0,2.0,4.0,4.0,1,6,4
20260713TMG11,2026-07-13,内側より下,30,0.0,0.0,0.0,0.0,25.0,3,2.0,6.0,5.0,1.0,2.0,3.0,5.0,1,2,5
20260713TMG12,2026-07-13,内側より下,37,0.0,0.0,0.0,0.0,24.0,4,7.0,6.0,5.0,1.0,3.0,3.0,4.0,3,4,1
20260714TMG02,2026-07-14,内側より下,10,0.0,0.0,0.0,0.0,24.0,4,10.0,8.0,3.0,5.0,3.0,3.0,1.0,1,3,2
20260714TMG03,2026-07-14,内側より下,24,0.0,0.0,0.0,0.0,15.0,6,16.0,7.0,5.0,2.0,2.0,1.0,1.0,3,2,4
20260714TMG04,2026-07-14,内側より上,30,3.3333333333333335,0.0,3.3333333333333335,3.3333333333333335,26.0,2,4.0,7.0,5.0,2.0,1.0,4.0,4.0,2,1,4
20260714TMG05,2026-07-14,内側より下,40,0.0,0.0,0.0,0.0,21.0,5,13.0,6.0,5.0,1.0,2.0,3.0,3.0,1,3,5
20260714TMG07,2026-07-14,内側より下,29,0.0,0.0,0.0,0.0,33.0,2,1.0,10.0,5.0,5.0,2.0,5.0,3.0,1,4,5
20260714TMG08,2026-07-14,内側より下,37,2.7027027027027026,0.0,0.0,0.0,24.0,3,9.0,8.0,3.0,5.0,3.0,2.0,2.0,1,2,3
20260714TMG09,2026-07-14,内側より下,28,0.0,0.0,0.0,0.0,28.0,2,2.0,10.0,5.0,5.0,3.0,2.0,3.0,1,3,2
20260714TMG10,2026-07-14,内側より下,30,3.3333333333333335,0.0,3.3333333333333335,3.3333333333333335,24.0,4,4.0,7.0,5.0,2.0,3.0,2.0,4.0,1,2,3
20260714TMG12,2026-07-14,内側より上,37,5.405405405405405,0.0,2.7027027027027026,2.7027027027027026,27.0,2,3.0,10.0,5.0,5.0,2.0,2.0,3.0,1,2,6
20260715TMG02,2026-07-15,内側より下,30,3.3333333333333335,3.3333333333333335,0.0,3.3333333333333335,16.0,6,17.0,4.0,3.0,1.0,1.0,1.0,4.0,4,5,3
20260715TMG03,2026-07-15,内側より下,16,6.25,0.0,6.25,6.25,16.0,5,14.0,6.0,3.0,3.0,3.0,1.0,1.0,4,2,5
20260715TMG04,2026-07-15,内側より下,30,3.3333333333333335,0.0,3.3333333333333335,3.3333333333333335,26.0,3,4.0,7.0,3.0,4.0,3.0,4.0,2.0,4,5,2
20260715TMG06,2026-07-15,内側より下,39,2.5641025641025643,2.5641025641025643,0.0,2.5641025641025643,28.0,3,7.0,10.0,5.0,5.0,3.0,2.0,3.0,3,1,6
20260715TMG08,2026-07-15,内側より下,30,0.0,0.0,0.0,0.0,17.0,6,17.0,4.0,3.0,1.0,2.0,2.0,3.0,1,2,3
20260715TMG09,2026-07-15,同じ,20,0.0,0.0,0.0,0.0,28.0,2,4.0,6.0,5.0,1.0,1.0,5.0,5.0,1,3,2
20260715TMG10,2026-07-15,内側より上,34,5.882352941176471,2.9411764705882355,0.0,2.9411764705882355,11.0,6,23.0,4.0,3.0,1.0,2.0,1.0,1.0,1,2,4
20260715TMG11,2026-07-15,内側より下,26,0.0,0.0,0.0,0.0,11.0,6,25.0,3.0,2.0,1.0,3.0,1.0,1.0,1,2,3
20260715TMG12,2026-07-15,内側より下,32,12.5,9.375,0.0,9.375,28.0,1,0.0,10.0,5.0,5.0,3.0,3.0,2.0,1,2,4
20260716TMG01,2026-07-16,内側より下,29,0.0,0.0,0.0,0.0,24.0,2,2.0,4.0,3.0,1.0,1.0,5.0,4.0,1,6,5
20260716TMG02,2026-07-16,内側より下,24,0.0,0.0,0.0,0.0,29.0,2,3.0,5.0,3.0,2.0,2.0,5.0,5.0,1,6,2
20260716TMG03,2026-07-16,内側より下,29,0.0,0.0,0.0,0.0,14.0,6,15.0,7.0,5.0,2.0,1.0,1.0,1.0,5,2,4
20260716TMG04,2026-07-16,内側より下,24,4.166666666666667,0.0,4.166666666666667,4.166666666666667,18.0,5,16.0,4.0,3.0,1.0,3.0,3.0,2.0,4,1,6
20260716TMG05,2026-07-16,内側より上,43,2.3255813953488373,2.3255813953488373,0.0,2.3255813953488373,22.0,3,4.0,4.0,3.0,1.0,1.0,4.0,4.0,2,3,1
20260716TMG06,2026-07-16,内側より下,38,5.2631578947368425,0.0,2.6315789473684212,2.6315789473684212,18.0,4,15.0,8.0,5.0,3.0,1.0,1.0,2.0,1,3,4
20260716TMG07,2026-07-16,内側より上,29,0.0,0.0,0.0,0.0,20.0,5,8.0,6.0,5.0,1.0,1.0,2.0,4.0,1,5,3
20260716TMG08,2026-07-16,内側より下,29,0.0,0.0,0.0,0.0,22.0,3,4.0,6.0,5.0,1.0,1.0,3.0,4.0,3,6,4
20260716TMG09,2026-07-16,内側より上,28,0.0,0.0,0.0,0.0,11.0,6,20.0,3.0,2.0,1.0,1.0,1.0,2.0,1,3,5
20260716TMG10,2026-07-16,内側より下,33,12.121212121212121,9.090909090909092,0.0,9.090909090909092,29.0,2,8.0,10.0,5.0,5.0,2.0,4.0,2.0,4,3,5
20260716TMG11,2026-07-16,内側より下,48,10.416666666666666,6.25,4.166666666666667,10.416666666666668,16.0,6,13.0,4.0,3.0,1.0,3.0,1.0,3.0,1,6,4
20260716TMG12,2026-07-16,内側より下,38,2.6315789473684212,0.0,0.0,0.0,18.0,4,16.0,6.0,5.0,1.0,3.0,1.0,3.0,1,3,6
20260719TMG01,2026-07-19,内側より下,28,0.0,0.0,0.0,0.0,30.0,1,0.0,8.0,3.0,5.0,1.0,4.0,4.0,1,3,5
20260719TMG03,2026-07-19,内側より下,27,0.0,0.0,0.0,0.0,19.0,5,14.0,6.0,5.0,1.0,2.0,2.0,3.0,1,3,5
20260719TMG05,2026-07-19,内側より上,36,0.0,0.0,0.0,0.0,24.0,4,6.0,6.0,5.0,1.0,1.0,4.0,4.0,1,3,4
20260719TMG06,2026-07-19,同じ,35,2.857142857142857,2.857142857142857,0.0,2.857142857142857,28.0,1,0.0,6.0,5.0,1.0,3.0,4.0,5.0,3,4,2
20260719TMG08,2026-07-19,内側より上,35,0.0,0.0,0.0,0.0,20.0,4,16.0,7.0,3.0,4.0,1.0,1.0,3.0,2,4,1
20260719TMG09,2026-07-19,内側より下,27,0.0,0.0,0.0,0.0,18.0,6,12.0,3.0,2.0,1.0,2.0,3.0,3.0,1,4,2
20260719TMG10,2026-07-19,内側より上,31,6.451612903225806,3.225806451612903,3.225806451612903,6.451612903225806,20.0,4,8.0,6.0,5.0,1.0,3.0,1.0,4.0,6,2,1
20260719TMG11,2026-07-19,内側より下,26,3.8461538461538463,3.8461538461538463,0.0,3.8461538461538463,18.0,6,14.0,8.0,5.0,3.0,3.0,1.0,1.0,1,2,3
20260719TMG12,2026-07-19,内側より下,41,4.878048780487805,4.878048780487805,0.0,4.878048780487805,18.0,5,17.0,7.0,5.0,2.0,3.0,2.0,1.0,1,2,4
20260720TMG01,2026-07-20,内側より上,27,0.0,0.0,0.0,0.0,22.0,4,14.0,6.0,5.0,1.0,3.0,2.0,4.0,5,4,6
20260720TMG02,2026-07-20,内側より下,26,0.0,0.0,0.0,0.0,20.0,5,11.0,4.0,3.0,1.0,3.0,2.0,4.0,1,3,6
20260720TMG04,2026-07-20,内側より下,32,0.0,0.0,0.0,0.0,32.0,1,0.0,9.0,5.0,4.0,1.0,4.0,5.0,2,1,3
20260720TMG05,2026-07-20,内側より下,43,6.976744186046512,0.0,4.651162790697675,4.651162790697675,18.0,5,14.0,5.0,3.0,2.0,1.0,1.0,4.0,1,2,6
20260720TMG06,2026-07-20,内側より上,25,0.0,0.0,0.0,0.0,21.0,5,9.0,10.0,5.0,5.0,2.0,1.0,1.0,1,2,5
20260720TMG07,2026-07-20,内側より上,20,0.0,0.0,0.0,0.0,16.0,4,17.0,4.0,1.0,3.0,1.0,1.0,3.0,1,3,2
20260720TMG08,2026-07-20,内側より下,27,0.0,0.0,0.0,0.0,28.0,1,0.0,6.0,5.0,1.0,3.0,4.0,5.0,1,3,6
20260720TMG10,2026-07-20,内側より下,28,0.0,0.0,0.0,0.0,24.0,2,14.0,6.0,5.0,1.0,3.0,3.0,4.0,1,4,6
20260720TMG11,2026-07-20,内側より下,35,0.0,0.0,0.0,0.0,20.0,4,13.0,6.0,5.0,1.0,1.0,2.0,4.0,1,2,3
20260720TMG12,2026-07-20,内側より上,33,0.0,0.0,0.0,0.0,20.0,5,9.0,4.0,3.0,1.0,1.0,2.0,5.0,1,3,2
20260731TMG01,2026-07-31,内側より下,34,0.0,0.0,0.0,0.0,24.0,4,9.0,6.0,5.0,1.0,3.0,2.0,5.0,3,1,6
20260731TMG02,2026-07-31,内側より下,40,2.5,0.0,2.5,2.5,28.0,1,0.0,6.0,5.0,1.0,3.0,5.0,4.0,2,5,6
20260731TMG03,2026-07-31,内側より上,44,0.0,0.0,0.0,0.0,26.0,3,5.0,7.0,5.0,2.0,3.0,3.0,4.0,1,5,2
20260731TMG04,2026-07-31,内側より下,22,0.0,0.0,0.0,0.0,22.0,6,10.0,10.0,5.0,5.0,3.0,1.0,1.0,3,2,4
20260731TMG05,2026-07-31,内側より下,85,0.0,0.0,0.0,0.0,24.0,3,10.0,5.0,2.0,3.0,2.0,3.0,4.0,4,2,3
20260731TMG06,2026-07-31,内側より下,90,1.1111111111111112,1.1111111111111112,0.0,1.1111111111111112,26.0,3,5.0,7.0,5.0,2.0,1.0,3.0,5.0,1,3,5
20260731TMG07,2026-07-31,内側より上,31,0.0,0.0,0.0,0.0,24.0,4,12.0,8.0,5.0,3.0,3.0,4.0,1.0,3,1,5
20260731TMG08,2026-07-31,内側より下,37,2.7027027027027026,0.0,0.0,0.0,24.0,2,6.0,6.0,5.0,1.0,3.0,4.0,3.0,1,3,2
20260731TMG09,2026-07-31,内側より下,31,0.0,0.0,0.0,0.0,22.0,4,11.0,6.0,5.0,1.0,3.0,1.0,5.0,3,1,4
20260731TMG10,2026-07-31,内側より下,21,4.761904761904762,0.0,4.761904761904762,4.761904761904762,22.0,3,8.0,4.0,3.0,1.0,3.0,3.0,4.0,1,5,4
20260731TMG11,2026-07-31,内側より下,33,0.0,0.0,0.0,0.0,33.0,1,0.0,8.0,3.0,5.0,2.0,4.0,5.0,4,1,5
20260731TMG12,2026-07-31,内側より下,42,0.0,0.0,0.0,0.0,35.0,1,0.0,10.0,5.0,5.0,2.0,5.0,4.0,1,2,3
20260801TMG01,2026-08-01,内側より上,32,0.0,0.0,0.0,0.0,24.0,3,8.0,8.0,3.0,5.0,3.0,3.0,1.0,3,1,5
20260801TMG02,2026-08-01,内側より下,29,0.0,0.0,0.0,0.0,23.0,3,14.0,6.0,5.0,1.0,2.0,3.0,4.0,3,5,1
20260801TMG03,2026-08-01,内側より上,31,0.0,0.0,0.0,0.0,18.0,5,14.0,6.0,5.0,1.0,1.0,1.0,4.0,1,2,4
20260801TMG04,2026-08-01,内側より下,84,0.0,0.0,0.0,0.0,24.0,4,12.0,6.0,5.0,1.0,3.0,3.0,4.0,1,4,2
20260801TMG05,2026-08-01,内側より下,27,0.0,0.0,0.0,0.0,21.0,5,7.0,7.0,3.0,4.0,2.0,2.0,2.0,3,6,4
20260801TMG07,2026-08-01,内側より上,32,0.0,0.0,0.0,0.0,21.0,5,9.0,6.0,3.0,3.0,2.0,3.0,2.0,1,3,4
20260801TMG08,2026-08-01,内側より下,28,3.5714285714285716,0.0,3.5714285714285716,3.5714285714285716,18.0,5,13.0,6.0,5.0,1.0,3.0,1.0,3.0,1,3,2
20260801TMG10,2026-08-01,内側より下,32,3.125,0.0,3.125,3.125,19.0,4,15.0,4.0,3.0,1.0,2.0,4.0,2.0,1,3,6
20260801TMG11,2026-08-01,内側より上,32,6.25,3.125,0.0,3.125,16.0,5,14.0,4.0,3.0,1.0,3.0,3.0,1.0,1,3,4
20260801TMG12,2026-08-01,内側より下,32,3.125,0.0,3.125,3.125,30.0,1,0.0,8.0,3.0,5.0,1.0,4.0,4.0,3,1,5
20260802TMG01,2026-08-02,内側より下,14,0.0,0.0,0.0,0.0,16.0,6,17.0,6.0,5.0,1.0,1.0,2.0,2.0,4,5,3
20260802TMG02,2026-08-02,内側より上,26,3.8461538461538463,0.0,3.8461538461538463,3.8461538461538463,20.0,4,8.0,6.0,5.0,1.0,3.0,3.0,2.0,2,4,3
20260802TMG03,2026-08-02,内側より上,6,0.0,0.0,0.0,0.0,16.0,6,14.0,8.0,5.0,3.0,1.0,1.0,1.0,3,5,4
20260802TMG04,2026-08-02,内側より上,34,0.0,0.0,0.0,0.0,15.0,6,21.0,6.0,2.0,4.0,1.0,1.0,1.0,3,2,5
20260802TMG05,2026-08-02,内側より下,28,0.0,0.0,0.0,0.0,12.0,6,22.0,4.0,3.0,1.0,1.0,1.0,2.0,1,4,2
20260802TMG06,2026-08-02,内側より上,91,1.098901098901099,1.098901098901099,0.0,1.098901098901099,28.0,3,5.0,6.0,3.0,3.0,1.0,5.0,4.0,6,1,5
20260802TMG07,2026-08-02,内側より下,84,0.0,0.0,0.0,0.0,21.0,4,9.0,6.0,5.0,1.0,2.0,2.0,4.0,5,2,6
20260802TMG08,2026-08-02,内側より下,43,2.3255813953488373,2.3255813953488373,0.0,2.3255813953488373,17.0,4,14.0,3.0,2.0,1.0,1.0,2.0,4.0,1,6,5
20260802TMG10,2026-08-02,内側より下,27,0.0,0.0,0.0,0.0,22.0,4,7.0,7.0,5.0,2.0,1.0,4.0,2.0,1,2,4
20260802TMG11,2026-08-02,内側より下,32,0.0,0.0,0.0,0.0,25.0,1,0.0,4.0,3.0,1.0,2.0,4.0,5.0,1,2,3
20260803TMG01,2026-08-03,内側より上,34,0.0,0.0,0.0,0.0,24.0,3,12.0,10.0,5.0,5.0,3.0,2.0,1.0,1,3,6
20260803TMG02,2026-08-03,内側より下,28,0.0,0.0,0.0,0.0,14.0,6,22.0,4.0,3.0,1.0,3.0,1.0,2.0,1,4,2
20260803TMG03,2026-08-03,内側より上,35,0.0,0.0,0.0,0.0,24.0,4,12.0,8.0,3.0,5.0,3.0,3.0,1.0,1,3,2
20260803TMG04,2026-08-03,内側より下,19,0.0,0.0,0.0,0.0,12.0,6,22.0,4.0,3.0,1.0,3.0,1.0,1.0,3,2,4
20260803TMG05,2026-08-03,内側より下,22,0.0,0.0,0.0,0.0,18.0,5,13.0,4.0,3.0,1.0,3.0,1.0,4.0,1,3,6
20260803TMG06,2026-08-03,内側より下,33,0.0,0.0,0.0,0.0,35.0,2,2.0,7.0,3.0,4.0,4.0,5.0,5.0,3,2,1
20260803TMG07,2026-08-03,同じ,35,0.0,0.0,0.0,0.0,19.0,6,10.0,6.0,5.0,1.0,4.0,2.0,2.0,3,1,2
20260803TMG08,2026-08-03,内側より下,32,0.0,0.0,0.0,0.0,27.0,3,8.0,8.0,5.0,3.0,4.0,2.0,4.0,1,2,4
20260803TMG09,2026-08-03,内側より上,22,0.0,0.0,0.0,0.0,14.0,6,19.0,4.0,3.0,1.0,1.0,1.0,3.0,1,4,6
20260803TMG10,2026-08-03,内側より上,85,0.0,0.0,0.0,0.0,22.0,4,12.0,4.0,3.0,1.0,3.0,4.0,3.0,3,5,1
20260803TMG11,2026-08-03,同じ,37,2.7027027027027026,0.0,2.7027027027027026,2.7027027027027026,20.0,3,12.0,6.0,3.0,3.0,3.0,2.0,2.0,1,4,6
20260803TMG12,2026-08-03,内側より下,31,0.0,0.0,0.0,0.0,16.0,6,16.0,4.0,3.0,1.0,3.0,1.0,3.0,1,3,6
20260804TMG01,2026-08-04,内側より上,33,0.0,0.0,0.0,0.0,21.0,4,15.0,10.0,5.0,5.0,2.0,1.0,1.0,4,1,6
20260804TMG02,2026-08-04,内側より上,42,0.0,0.0,0.0,0.0,34.0,1,0.0,10.0,5.0,5.0,3.0,5.0,3.0,1,6,2
20260804TMG04,2026-08-04,内側より下,41,2.4390243902439024,0.0,2.4390243902439024,2.4390243902439024,33.0,1,0.0,8.0,5.0,3.0,4.0,5.0,4.0,1,2,6
20260804TMG05,2026-08-04,内側より上,32,9.375,3.125,6.25,9.375,27.0,2,10.0,5.0,3.0,2.0,2.0,5.0,4.0,1,6,5
20260804TMG06,2026-08-04,内側より下,29,0.0,0.0,0.0,0.0,28.0,2,8.0,5.0,3.0,2.0,3.0,4.0,5.0,2,1,4
20260804TMG07,2026-08-04,内側より上,92,2.1739130434782608,1.0869565217391304,1.0869565217391304,2.1739130434782608,16.0,6,15.0,6.0,5.0,1.0,3.0,2.0,1.0,1,2,3
20260804TMG08,2026-08-04,内側より上,37,0.0,0.0,0.0,0.0,23.0,4,14.0,10.0,5.0,5.0,2.0,2.0,1.0,1,5,3
20260804TMG09,2026-08-04,内側より下,27,0.0,0.0,0.0,0.0,16.0,6,15.0,4.0,3.0,1.0,3.0,1.0,3.0,3,5,2
20260804TMG10,2026-08-04,内側より下,34,0.0,0.0,0.0,0.0,26.0,3,10.0,9.0,5.0,4.0,1.0,4.0,2.0,2,1,5
20260804TMG11,2026-08-04,内側より下,32,0.0,0.0,0.0,0.0,30.0,2,5.0,8.0,3.0,5.0,3.0,3.0,4.0,1,6,2
20260804TMG12,2026-08-04,内側より下,32,0.0,0.0,0.0,0.0,18.0,5,11.0,6.0,5.0,1.0,1.0,3.0,2.0,1,6,4
20260805TMG01,2026-08-05,内側より下,28,0.0,0.0,0.0,0.0,20.0,4,13.0,3.0,1.0,2.0,3.0,2.0,4.0,1,5,2
20260805TMG02,2026-08-05,内側より上,33,0.0,0.0,0.0,0.0,18.0,5,14.0,4.0,3.0,1.0,3.0,3.0,2.0,5,4,3
20260805TMG03,2026-08-05,内側より上,38,0.0,0.0,0.0,0.0,21.0,5,13.0,10.0,5.0,5.0,2.0,1.0,1.0,2,3,4
20260805TMG04,2026-08-05,内側より下,21,4.761904761904762,0.0,4.761904761904762,4.761904761904762,24.0,5,6.0,10.0,5.0,5.0,3.0,2.0,1.0,3,2,1
20260805TMG05,2026-08-05,内側より下,32,3.125,0.0,3.125,3.125,28.0,1,0.0,6.0,5.0,1.0,3.0,4.0,5.0,1,6,4
20260805TMG06,2026-08-05,内側より下,32,3.125,0.0,3.125,3.125,16.0,5,18.0,6.0,5.0,1.0,3.0,1.0,2.0,1,3,2
20260805TMG07,2026-08-05,内側より上,38,0.0,0.0,0.0,0.0,23.0,5,6.0,10.0,5.0,5.0,2.0,2.0,1.0,3,4,2
20260805TMG08,2026-08-05,内側より下,93,2.150537634408602,1.075268817204301,1.075268817204301,2.150537634408602,31.0,1,0.0,7.0,3.0,4.0,2.0,5.0,4.0,3,4,2
20260805TMG09,2026-08-05,内側より下,21,4.761904761904762,4.761904761904762,0.0,4.761904761904762,30.0,2,2.0,7.0,3.0,4.0,3.0,3.0,5.0,1,3,4
20260805TMG10,2026-08-05,内側より上,39,2.5641025641025643,0.0,0.0,0.0,22.0,3,10.0,7.0,5.0,2.0,3.0,1.0,4.0,2,4,1
20260805TMG11,2026-08-05,内側より上,37,2.7027027027027026,0.0,2.7027027027027026,2.7027027027027026,22.0,5,7.0,9.0,5.0,4.0,3.0,1.0,2.0,1,2,6
20260805TMG12,2026-08-05,内側より下,32,0.0,0.0,0.0,0.0,15.0,6,21.0,3.0,2.0,1.0,3.0,1.0,3.0,1,3,2
20260808TMG01,2026-08-08,内側より上,20,0.0,0.0,0.0,0.0,27.0,3,1.0,10.0,5.0,5.0,2.0,2.0,3.0,1,5,3
20260808TMG03,2026-08-08,内側より下,36,0.0,0.0,0.0,0.0,19.0,5,13.0,4.0,3.0,1.0,2.0,3.0,3.0,1,3,2
20260808TMG04,2026-08-08,内側より下,42,0.0,0.0,0.0,0.0,23.0,2,1.0,6.0,5.0,1.0,2.0,3.0,4.0,1,5,6
20260808TMG05,2026-08-08,内側より下,34,2.9411764705882355,0.0,0.0,0.0,26.0,3,10.0,4.0,3.0,1.0,1.0,5.0,5.0,4,5,1
20260808TMG07,2026-08-08,内側より下,32,6.25,3.125,3.125,6.25,28.0,1,0.0,10.0,5.0,5.0,3.0,4.0,1.0,1,5,4
20260808TMG08,2026-08-08,内側より上,35,0.0,0.0,0.0,0.0,16.0,5,17.0,4.0,3.0,1.0,5.0,1.0,2.0,1,3,6
20260808TMG10,2026-08-08,内側より下,38,5.2631578947368425,2.6315789473684212,2.6315789473684212,5.2631578947368425,34.0,1,0.0,9.0,5.0,4.0,3.0,5.0,4.0,1,3,2
20260808TMG11,2026-08-08,内側より下,34,5.882352941176471,0.0,2.9411764705882355,2.9411764705882355,29.0,2,7.0,7.0,5.0,2.0,2.0,4.0,5.0,1,4,6
20260808TMG12,2026-08-08,内側より下,24,4.166666666666667,0.0,0.0,0.0,24.0,3,7.0,4.0,3.0,1.0,3.0,4.0,4.0,1,5,4
20260809TMG01,2026-08-09,内側より下,44,6.818181818181818,0.0,4.545454545454546,4.545454545454546,36.0,1,0.0,9.0,5.0,4.0,3.0,5.0,5.0,3,2,5
20260809TMG02,2026-08-09,内側より下,23,0.0,0.0,0.0,0.0,20.0,3,16.0,7.0,3.0,4.0,3.0,1.0,2.0,1,4,5
20260809TMG03,2026-08-09,内側より上,1,0.0,0.0,0.0,0.0,12.0,6,20.0,3.0,2.0,1.0,2.0,1.0,2.0,2,4,1
20260809TMG04,2026-08-09,内側より下,25,4.0,0.0,4.0,4.0,23.0,5,7.0,6.0,5.0,1.0,2.0,2.0,5.0,5,6,2
20260809TMG05,2026-08-09,内側より下,26,0.0,0.0,0.0,0.0,28.0,3,2.0,10.0,5.0,5.0,1.0,3.0,3.0,2,4,6
20260809TMG07,2026-08-09,内側より上,46,4.3478260869565215,0.0,2.1739130434782608,2.1739130434782608,26.0,2,10.0,6.0,5.0,1.0,3.0,3.0,5.0,5,6,3
20260809TMG08,2026-08-09,内側より下,25,0.0,0.0,0.0,0.0,16.0,6,16.0,4.0,3.0,1.0,1.0,1.0,4.0,5,4,1
20260809TMG09,2026-08-09,内側より上,20,0.0,0.0,0.0,0.0,15.0,6,16.0,4.0,2.0,2.0,3.0,1.0,2.0,1,4,2
20260809TMG10,2026-08-09,内側より下,24,0.0,0.0,0.0,0.0,14.0,6,18.0,4.0,3.0,1.0,3.0,2.0,1.0,5,4,6
20260809TMG11,2026-08-09,内側より下,33,0.0,0.0,0.0,0.0,14.0,6,23.0,6.0,5.0,1.0,3.0,1.0,1.0,1,3,2
20260809TMG12,2026-08-09,内側より下,29,0.0,0.0,0.0,0.0,19.0,6,13.0,8.0,3.0,5.0,2.0,1.0,1.0,1,2,4
20260810TMG01,2026-08-10,内側より下,29,0.0,0.0,0.0,0.0,18.0,5,12.0,6.0,5.0,1.0,3.0,1.0,3.0,4,2,1
20260810TMG02,2026-08-10,内側より上,34,2.9411764705882355,0.0,2.9411764705882355,2.9411764705882355,23.0,4,13.0,7.0,5.0,2.0,4.0,1.0,4.0,1,2,6
20260810TMG03,2026-08-10,内側より下,22,0.0,0.0,0.0,0.0,26.0,4,2.0,7.0,5.0,2.0,1.0,3.0,5.0,3,2,4
20260810TMG05,2026-08-10,内側より下,33,3.0303030303030303,0.0,0.0,0.0,31.0,2,1.0,8.0,3.0,5.0,2.0,4.0,4.0,4,5,6
20260810TMG06,2026-08-10,内側より下,34,0.0,0.0,0.0,0.0,24.0,2,4.0,6.0,5.0,1.0,1.0,4.0,4.0,4,1,5
20260810TMG07,2026-08-10,内側より下,24,0.0,0.0,0.0,0.0,14.0,5,21.0,6.0,5.0,1.0,1.0,1.0,2.0,1,2,4
20260810TMG08,2026-08-10,内側より下,18,5.555555555555555,0.0,5.555555555555555,5.555555555555555,16.0,6,16.0,4.0,3.0,1.0,1.0,1.0,4.0,1,5,3
20260810TMG09,2026-08-10,内側より下,16,0.0,0.0,0.0,0.0,18.0,5,14.0,7.0,5.0,2.0,1.0,1.0,3.0,2,1,3
20260810TMG11,2026-08-10,内側より上,28,0.0,0.0,0.0,0.0,19.0,5,17.0,4.0,3.0,1.0,2.0,2.0,4.0,5,4,2
20260810TMG12,2026-08-10,内側より下,31,0.0,0.0,0.0,0.0,24.0,4,8.0,10.0,5.0,5.0,3.0,1.0,2.0,3,1,6
20260811TMG01,2026-08-11,内側より上,25,0.0,0.0,0.0,0.0,20.0,5,10.0,4.0,3.0,1.0,3.0,1.0,5.0,2,5,6
20260811TMG02,2026-08-11,内側より下,38,0.0,0.0,0.0,0.0,24.0,4,6.0,5.0,3.0,2.0,3.0,2.0,5.0,1,3,2
20260811TMG03,2026-08-11,内側より上,24,4.166666666666667,4.166666666666667,0.0,4.166666666666667,36.0,1,0.0,10.0,5.0,5.0,3.0,5.0,4.0,1,3,2
20260811TMG04,2026-08-11,内側より下,27,0.0,0.0,0.0,0.0,30.0,1,0.0,8.0,3.0,5.0,3.0,3.0,4.0,1,3,2
20260811TMG05,2026-08-11,内側より下,47,4.25531914893617,0.0,2.127659574468085,2.127659574468085,24.0,4,6.0,4.0,3.0,1.0,3.0,3.0,5.0,4,3,1
20260811TMG06,2026-08-11,内側より下,34,2.9411764705882355,0.0,0.0,0.0,26.0,3,3.0,8.0,3.0,5.0,3.0,3.0,2.0,2,5,6
20260811TMG07,2026-08-11,内側より上,34,0.0,0.0,0.0,0.0,22.0,4,13.0,4.0,3.0,1.0,5.0,3.0,3.0,1,5,6
20260811TMG08,2026-08-11,内側より下,23,0.0,0.0,0.0,0.0,16.0,5,23.0,6.0,5.0,1.0,3.0,1.0,2.0,3,4,5
20260811TMG09,2026-08-11,内側より下,35,2.857142857142857,0.0,0.0,0.0,18.0,5,12.0,3.0,2.0,1.0,2.0,1.0,5.0,3,4,6
20260811TMG10,2026-08-11,内側より下,35,5.714285714285714,0.0,2.857142857142857,2.857142857142857,24.0,4,12.0,8.0,5.0,3.0,3.0,3.0,2.0,2,3,5
20260811TMG11,2026-08-11,内側より上,15,6.666666666666667,6.666666666666667,0.0,6.666666666666667,22.0,4,7.0,5.0,3.0,2.0,3.0,2.0,4.0,2,1,4
20260811TMG12,2026-08-11,内側より下,43,2.3255813953488373,0.0,0.0,0.0,29.0,2,2.0,6.0,5.0,1.0,4.0,4.0,5.0,1,2,5
20260815TMG01,2026-08-15,内側より上,40,5.0,0.0,2.5,2.5,25.0,4,3.0,6.0,5.0,1.0,4.0,3.0,4.0,6,2,5
20260815TMG02,2026-08-15,内側より下,27,0.0,0.0,0.0,0.0,19.0,5,17.0,8.0,3.0,5.0,2.0,1.0,1.0,3,2,5
20260815TMG03,2026-08-15,内側より上,29,0.0,0.0,0.0,0.0,18.0,6,13.0,4.0,3.0,1.0,3.0,2.0,3.0,2,4,1
20260815TMG04,2026-08-15,内側より上,29,0.0,0.0,0.0,0.0,27.0,2,1.0,8.0,3.0,5.0,2.0,1.0,5.0,1,5,2
20260815TMG05,2026-08-15,内側より下,22,0.0,0.0,0.0,0.0,23.0,4,6.0,7.0,3.0,4.0,2.0,2.0,3.0,1,5,2
20260815TMG06,2026-08-15,内側より下,74,1.3513513513513513,1.3513513513513513,0.0,1.3513513513513513,19.0,5,15.0,6.0,5.0,1.0,2.0,1.0,4.0,1,3,5
20260815TMG07,2026-08-15,内側より下,33,0.0,0.0,0.0,0.0,20.0,5,16.0,10.0,5.0,5.0,1.0,1.0,1.0,2,1,3
20260815TMG08,2026-08-15,同じ,41,7.317073170731708,0.0,0.0,0.0,30.0,1,0.0,6.0,5.0,1.0,3.0,5.0,5.0,6,1,3
20260815TMG09,2026-08-15,内側より下,26,0.0,0.0,0.0,0.0,16.0,6,14.0,6.0,3.0,3.0,1.0,1.0,2.0,3,5,2
20260815TMG10,2026-08-15,内側より上,31,0.0,0.0,0.0,0.0,8.0,6,24.0,2.0,1.0,1.0,1.0,1.0,1.0,1,2,3
20260815TMG11,2026-08-15,内側より下,27,0.0,0.0,0.0,0.0,25.0,3,7.0,8.0,3.0,5.0,2.0,3.0,2.0,3,1,5
20260815TMG12,2026-08-15,内側より下,26,7.6923076923076925,0.0,7.6923076923076925,7.6923076923076925,24.0,5,8.0,7.0,3.0,4.0,3.0,3.0,2.0,5,1,6
20260816TMG01,2026-08-16,内側より下,35,5.714285714285714,2.857142857142857,0.0,2.857142857142857,24.0,3,6.0,4.0,3.0,1.0,3.0,3.0,5.0,1,2,5
20260816TMG02,2026-08-16,内側より上,35,11.428571428571429,5.714285714285714,2.857142857142857,8.571428571428571,28.0,2,2.0,5.0,3.0,2.0,3.0,4.0,5.0,5,4,3
20260816TMG03,2026-08-16,内側より上,28,0.0,0.0,0.0,0.0,24.0,2,10.0,7.0,5.0,2.0,3.0,1.0,5.0,3,2,5
20260816TMG04,2026-08-16,内側より下,22,0.0,0.0,0.0,0.0,26.0,3,6.0,10.0,5.0,5.0,3.0,1.0,3.0,3,2,5
20260816TMG05,2026-08-16,内側より下,30,3.3333333333333335,0.0,0.0,0.0,30.0,2,8.0,10.0,5.0,5.0,3.0,5.0,1.0,3,1,6
20260816TMG06,2026-08-16,内側より下,27,0.0,0.0,0.0,0.0,13.0,6,23.0,5.0,3.0,2.0,2.0,1.0,1.0,3,2,5
20260816TMG07,2026-08-16,内側より下,29,3.4482758620689653,0.0,3.4482758620689653,3.4482758620689653,24.0,4,2.0,4.0,3.0,1.0,3.0,3.0,5.0,1,2,6
20260816TMG08,2026-08-16,内側より下,27,0.0,0.0,0.0,0.0,18.0,5,14.0,4.0,3.0,1.0,3.0,1.0,4.0,3,5,2
20260816TMG09,2026-08-16,内側より下,75,1.3333333333333333,1.3333333333333333,0.0,1.3333333333333333,22.0,5,8.0,10.0,5.0,5.0,3.0,1.0,1.0,1,5,3
20260816TMG10,2026-08-16,内側より下,21,0.0,0.0,0.0,0.0,24.0,4,12.0,4.0,3.0,1.0,3.0,4.0,4.0,1,2,4
20260816TMG12,2026-08-16,内側より上,38,7.894736842105263,2.6315789473684212,0.0,2.6315789473684212,15.0,6,19.0,3.0,2.0,1.0,3.0,1.0,3.0,1,3,2
20260817TMG01,2026-08-17,内側より上,27,3.7037037037037037,3.7037037037037037,0.0,3.7037037037037037,26.0,3,4.0,6.0,3.0,3.0,3.0,2.0,5.0,6,2,1
20260817TMG02,2026-08-17,内側より下,32,0.0,0.0,0.0,0.0,18.0,6,15.0,5.0,3.0,2.0,3.0,2.0,2.0,1,3,6
20260817TMG03,2026-08-17,内側より下,25,0.0,0.0,0.0,0.0,25.0,4,8.0,6.0,5.0,1.0,4.0,3.0,4.0,4,5,2
20260817TMG04,2026-08-17,同じ,31,0.0,0.0,0.0,0.0,22.0,5,9.0,6.0,5.0,1.0,3.0,2.0,4.0,3,2,5
20260817TMG05,2026-08-17,内側より下,22,0.0,0.0,0.0,0.0,13.0,6,23.0,4.0,3.0,1.0,2.0,1.0,2.0,2,1,6
20260817TMG06,2026-08-17,内側より下,39,7.6923076923076925,2.5641025641025643,5.128205128205129,7.692307692307693,26.0,2,4.0,5.0,3.0,2.0,3.0,3.0,5.0,4,5,6
20260817TMG07,2026-08-17,内側より上,38,2.6315789473684212,0.0,0.0,0.0,25.0,4,3.0,6.0,5.0,1.0,2.0,4.0,4.0,3,4,1
20260817TMG08,2026-08-17,内側より下,23,0.0,0.0,0.0,0.0,21.0,5,13.0,7.0,2.0,5.0,3.0,1.0,2.0,5,2,6
20260817TMG09,2026-08-17,内側より下,27,7.407407407407407,0.0,7.407407407407407,7.407407407407407,18.0,6,14.0,4.0,3.0,1.0,3.0,1.0,4.0,1,3,6
20260817TMG10,2026-08-17,内側より下,76,1.3157894736842106,1.3157894736842106,0.0,1.3157894736842106,14.0,6,18.0,4.0,3.0,1.0,3.0,1.0,2.0,1,3,4
20260817TMG11,2026-08-17,内側より下,33,3.0303030303030303,0.0,0.0,0.0,25.0,4,7.0,3.0,2.0,1.0,3.0,4.0,5.0,1,2,3
20260817TMG12,2026-08-17,内側より下,35,0.0,0.0,0.0,0.0,21.0,4,14.0,7.0,3.0,4.0,2.0,2.0,2.0,4,1,6
20260818TMG01,2026-08-18,内側より下,22,4.545454545454546,4.545454545454546,0.0,4.545454545454546,25.0,3,7.0,6.0,3.0,3.0,4.0,2.0,4.0,2,1,4
20260818TMG02,2026-08-18,内側より上,28,7.142857142857143,3.5714285714285716,3.5714285714285716,7.142857142857143,22.0,6,10.0,8.0,3.0,5.0,3.0,2.0,1.0,4,2,1
20260818TMG03,2026-08-18,内側より下,19,0.0,0.0,0.0,0.0,17.0,5,19.0,4.0,2.0,2.0,3.0,3.0,1.0,2,3,1
20260818TMG04,2026-08-18,内側より下,27,0.0,0.0,0.0,0.0,25.0,4,3.0,5.0,3.0,2.0,2.0,5.0,3.0,5,2,1
20260818TMG05,2026-08-18,内側より下,27,0.0,0.0,0.0,0.0,18.0,5,15.0,5.0,3.0,2.0,3.0,3.0,1.0,1,4,3
20260818TMG06,2026-08-18,内側より下,26,0.0,0.0,0.0,0.0,20.0,4,12.0,5.0,3.0,2.0,3.0,3.0,2.0,5,1,6
20260818TMG07,2026-08-18,内側より下,24,0.0,0.0,0.0,0.0,19.0,4,18.0,7.0,2.0,5.0,3.0,1.0,1.0,1,2,3
20260818TMG08,2026-08-18,内側より下,28,10.714285714285714,7.142857142857143,0.0,7.142857142857143,24.0,4,4.0,6.0,3.0,3.0,3.0,3.0,3.0,4,1,5
20260818TMG09,2026-08-18,内側より下,77,1.2987012987012987,1.2987012987012987,0.0,1.2987012987012987,17.0,5,15.0,4.0,3.0,1.0,2.0,1.0,4.0,1,2,3
20260818TMG10,2026-08-18,内側より上,29,0.0,0.0,0.0,0.0,26.0,4,6.0,9.0,5.0,4.0,3.0,2.0,3.0,1,2,4
20260818TMG11,2026-08-18,内側より上,37,0.0,0.0,0.0,0.0,30.0,1,0.0,8.0,3.0,5.0,3.0,2.0,5.0,1,3,4
20260818TMG12,2026-08-18,内側より上,29,0.0,0.0,0.0,0.0,20.0,4,17.0,4.0,3.0,1.0,3.0,2.0,4.0,1,4,6
20260819TMG01,2026-08-19,内側より上,29,10.344827586206897,6.896551724137931,0.0,6.896551724137931,25.0,4,8.0,4.0,3.0,1.0,4.0,5.0,3.0,5,1,3
20260819TMG02,2026-08-19,内側より下,22,0.0,0.0,0.0,0.0,28.0,2,2.0,8.0,3.0,5.0,3.0,1.0,5.0,5,4,1
20260819TMG03,2026-08-19,内側より下,28,0.0,0.0,0.0,0.0,26.0,3,6.0,6.0,5.0,1.0,3.0,3.0,5.0,1,2,5
20260819TMG04,2026-08-19,内側より下,30,3.3333333333333335,0.0,3.3333333333333335,3.3333333333333335,35.0,1,0.0,9.0,5.0,4.0,4.0,4.0,5.0,2,1,5
20260819TMG05,2026-08-19,同じ,41,7.317073170731708,0.0,4.878048780487805,4.878048780487805,26.0,2,7.0,5.0,3.0,2.0,3.0,5.0,3.0,4,5,6
20260819TMG06,2026-08-19,内側より上,41,9.75609756097561,0.0,0.0,0.0,37.0,1,0.0,8.0,3.0,5.0,4.0,5.0,5.0,1,2,3
20260819TMG07,2026-08-19,内側より下,23,4.3478260869565215,4.3478260869565215,0.0,4.3478260869565215,18.0,5,16.0,6.0,5.0,1.0,3.0,2.0,2.0,1,5,3
20260819TMG08,2026-08-19,内側より下,28,0.0,0.0,0.0,0.0,18.0,6,16.0,6.0,5.0,1.0,3.0,3.0,1.0,1,2,3
20260819TMG09,2026-08-19,内側より下,25,0.0,0.0,0.0,0.0,18.0,6,14.0,4.0,3.0,1.0,3.0,1.0,4.0,4,2,5
20260819TMG10,2026-08-19,内側より下,36,0.0,0.0,0.0,0.0,18.0,6,14.0,6.0,3.0,3.0,3.0,1.0,2.0,1,2,3
20260819TMG11,2026-08-19,内側より下,26,7.6923076923076925,0.0,7.6923076923076925,7.6923076923076925,31.0,2,1.0,6.0,2.0,4.0,3.0,5.0,4.0,1,6,3
20260819TMG12,2026-08-19,内側より下,31,3.225806451612903,0.0,0.0,0.0,13.0,6,24.0,3.0,2.0,1.0,3.0,1.0,2.0,1,2,4
20260820TMG01,2026-08-20,内側より上,28,7.142857142857143,3.5714285714285716,3.5714285714285716,7.142857142857143,14.0,6,21.0,4.0,3.0,1.0,3.0,1.0,2.0,2,3,6
20260820TMG02,2026-08-20,内側より上,36,11.11111111111111,5.555555555555555,2.7777777777777777,8.333333333333332,29.0,2,7.0,8.0,3.0,5.0,2.0,3.0,4.0,6,1,4
20260820TMG03,2026-08-20,内側より上,27,0.0,0.0,0.0,0.0,24.0,4,6.0,10.0,5.0,5.0,3.0,1.0,2.0,1,4,2
20260820TMG04,2026-08-20,内側より下,36,5.555555555555555,2.7777777777777777,0.0,2.7777777777777777,26.0,2,9.0,5.0,3.0,2.0,3.0,4.0,4.0,1,2,3
20260820TMG05,2026-08-20,内側より下,31,0.0,0.0,0.0,0.0,16.0,5,20.0,4.0,3.0,1.0,3.0,2.0,2.0,1,5,6
20260820TMG07,2026-08-20,内側より上,39,2.5641025641025643,0.0,0.0,0.0,26.0,3,4.0,6.0,5.0,1.0,3.0,3.0,5.0,3,1,5
20260820TMG08,2026-08-20,内側より下,26,0.0,0.0,0.0,0.0,21.0,5,9.0,10.0,5.0,5.0,2.0,1.0,1.0,1,5,6
20260820TMG09,2026-08-20,内側より下,21,0.0,0.0,0.0,0.0,24.0,2,6.0,6.0,1.0,5.0,3.0,4.0,1.0,4,5,2
20260820TMG10,2026-08-20,内側より下,37,0.0,0.0,0.0,0.0,25.0,3,5.0,8.0,3.0,5.0,2.0,4.0,1.0,1,3,4
20260820TMG11,2026-08-20,内側より下,33,3.0303030303030303,0.0,0.0,0.0,28.0,2,1.0,8.0,3.0,5.0,3.0,1.0,5.0,1,2,3
20260820TMG12,2026-08-20,内側より下,27,7.407407407407407,0.0,7.407407407407407,7.407407407407407,20.0,4,17.0,4.0,3.0,1.0,3.0,4.0,2.0,1,6,2
20260828TMG01,2026-08-28,内側より下,26,3.8461538461538463,0.0,0.0,0.0,22.0,4,8.0,6.0,5.0,1.0,3.0,2.0,4.0,2,5,1
20260828TMG02,2026-08-28,内側より上,18,0.0,0.0,0.0,0.0,12.0,6,22.0,4.0,3.0,1.0,3.0,1.0,1.0,1,3,4
20260828TMG03,2026-08-28,同じ,30,0.0,0.0,0.0,0.0,21.0,4,12.0,7.0,5.0,2.0,2.0,3.0,2.0,1,2,3
20260828TMG05,2026-08-28,内側より上,31,0.0,0.0,0.0,0.0,32.0,1,0.0,8.0,3.0,5.0,3.0,5.0,3.0,1,2,3
20260828TMG06,2026-08-28,内側より上,33,0.0,0.0,0.0,0.0,30.0,1,0.0,6.0,5.0,1.0,3.0,5.0,5.0,1,4,3
20260828TMG07,2026-08-28,内側より下,33,6.0606060606060606,0.0,3.0303030303030303,3.0303030303030303,25.0,2,3.0,6.0,5.0,1.0,4.0,2.0,5.0,1,4,6
20260828TMG08,2026-08-28,内側より上,41,0.0,0.0,0.0,0.0,26.0,3,8.0,10.0,5.0,5.0,3.0,1.0,3.0,5,1,3
20260828TMG09,2026-08-28,内側より下,25,4.0,4.0,0.0,4.0,21.0,6,13.0,6.0,5.0,1.0,2.0,2.0,4.0,1,4,2
20260828TMG10,2026-08-28,内側より上,24,4.166666666666667,0.0,0.0,0.0,27.0,3,7.0,10.0,5.0,5.0,2.0,1.0,4.0,1,3,5
20260828TMG11,2026-08-28,内側より下,33,0.0,0.0,0.0,0.0,26.0,3,6.0,6.0,3.0,3.0,1.0,4.0,4.0,1,2,6
20260828TMG12,2026-08-28,内側より下,28,0.0,0.0,0.0,0.0,23.0,4,9.0,4.0,3.0,1.0,4.0,2.0,5.0,1,2,6
20260829TMG01,2026-08-29,内側より下,31,3.225806451612903,0.0,3.225806451612903,3.225806451612903,17.0,6,15.0,6.0,5.0,1.0,2.0,1.0,3.0,1,4,3
20260829TMG02,2026-08-29,内側より下,32,3.125,0.0,3.125,3.125,36.0,1,0.0,10.0,5.0,5.0,3.0,5.0,4.0,1,3,6
20260829TMG03,2026-08-29,内側より下,24,0.0,0.0,0.0,0.0,26.0,3,2.0,10.0,5.0,5.0,3.0,2.0,2.0,4,3,2
20260829TMG04,2026-08-29,内側より下,33,3.0303030303030303,3.0303030303030303,0.0,3.0303030303030303,36.0,1,0.0,8.0,3.0,5.0,3.0,5.0,5.0,1,2,5
20260829TMG05,2026-08-29,内側より上,28,3.5714285714285716,3.5714285714285716,0.0,3.5714285714285716,29.0,1,0.0,8.0,3.0,5.0,4.0,3.0,3.0,3,2,1
20260829TMG06,2026-08-29,内側より下,30,10.0,0.0,6.666666666666667,6.666666666666667,20.0,5,8.0,4.0,3.0,1.0,3.0,1.0,5.0,4,3,6
20260829TMG07,2026-08-29,内側より上,38,2.6315789473684212,2.6315789473684212,0.0,2.6315789473684212,21.0,6,9.0,6.0,3.0,3.0,4.0,1.0,3.0,4,5,2
20260829TMG08,2026-08-29,内側より下,24,4.166666666666667,0.0,4.166666666666667,4.166666666666667,26.0,2,10.0,8.0,5.0,3.0,3.0,2.0,4.0,1,3,5
20260829TMG09,2026-08-29,内側より下,34,0.0,0.0,0.0,0.0,28.0,1,0.0,10.0,5.0,5.0,3.0,2.0,3.0,1,3,6
20260829TMG10,2026-08-29,内側より下,30,3.3333333333333335,0.0,0.0,0.0,29.0,1,0.0,8.0,3.0,5.0,4.0,2.0,4.0,1,3,4
20260829TMG11,2026-08-29,内側より下,38,5.2631578947368425,2.6315789473684212,2.6315789473684212,5.2631578947368425,31.0,2,3.0,8.0,3.0,5.0,4.0,5.0,2.0,5,4,6
20260829TMG12,2026-08-29,内側より下,30,3.3333333333333335,0.0,0.0,0.0,20.0,4,16.0,6.0,5.0,1.0,3.0,3.0,2.0,1,3,5
20260830TMG01,2026-08-30,内側より下,43,2.3255813953488373,0.0,0.0,0.0,23.0,4,11.0,3.0,2.0,1.0,3.0,3.0,5.0,1,4,2
20260830TMG03,2026-08-30,内側より下,19,0.0,0.0,0.0,0.0,16.0,6,16.0,4.0,3.0,1.0,3.0,2.0,2.0,4,6,3
20260830TMG04,2026-08-30,内側より下,36,0.0,0.0,0.0,0.0,28.0,3,6.0,9.0,5.0,4.0,3.0,4.0,2.0,2,3,5
20260830TMG05,2026-08-30,内側より下,36,5.555555555555555,2.7777777777777777,0.0,2.7777777777777777,23.0,4,9.0,6.0,5.0,1.0,4.0,3.0,3.0,4,1,6
20260830TMG06,2026-08-30,内側より下,22,0.0,0.0,0.0,0.0,15.0,6,17.0,4.0,2.0,2.0,3.0,1.0,2.0,4,3,1
20260830TMG07,2026-08-30,内側より下,29,3.4482758620689653,0.0,3.4482758620689653,3.4482758620689653,27.0,2,1.0,4.0,3.0,1.0,4.0,4.0,5.0,1,3,5
20260830TMG08,2026-08-30,内側より下,41,0.0,0.0,0.0,0.0,24.0,4,8.0,6.0,3.0,3.0,3.0,3.0,3.0,5,2,4
20260830TMG09,2026-08-30,内側より上,44,9.090909090909092,9.090909090909092,0.0,9.090909090909092,16.0,6,17.0,4.0,3.0,1.0,5.0,1.0,2.0,6,4,2
20260830TMG10,2026-08-30,内側より上,38,2.6315789473684212,2.6315789473684212,0.0,2.6315789473684212,24.0,3,10.0,6.0,3.0,3.0,3.0,3.0,3.0,1,2,3
20260830TMG11,2026-08-30,内側より下,22,9.090909090909092,4.545454545454546,0.0,4.545454545454546,26.0,2,10.0,10.0,5.0,5.0,3.0,1.0,3.0,1,2,3
20260830TMG12,2026-08-30,内側より下,22,0.0,0.0,0.0,0.0,24.0,5,6.0,9.0,5.0,4.0,3.0,2.0,2.0,1,2,3
20260831TMG01,2026-08-31,内側より上,24,4.166666666666667,0.0,0.0,0.0,16.0,6,18.0,7.0,5.0,2.0,3.0,1.0,1.0,2,1,5
20260831TMG02,2026-08-31,内側より下,32,3.125,0.0,3.125,3.125,15.0,6,19.0,6.0,5.0,1.0,2.0,1.0,2.0,2,4,1
20260831TMG03,2026-08-31,内側より上,37,5.405405405405405,2.7027027027027026,0.0,2.7027027027027026,24.0,4,9.0,6.0,3.0,3.0,3.0,3.0,3.0,3,4,1
20260831TMG04,2026-08-31,内側より上,19,0.0,0.0,0.0,0.0,15.0,6,18.0,2.0,1.0,1.0,4.0,2.0,2.0,1,2,5
20260831TMG05,2026-08-31,内側より上,38,7.894736842105263,0.0,5.2631578947368425,5.2631578947368425,26.0,2,4.0,6.0,5.0,1.0,3.0,3.0,5.0,5,2,6
20260831TMG06,2026-08-31,内側より上,23,4.3478260869565215,4.3478260869565215,0.0,4.3478260869565215,23.0,2,7.0,4.0,3.0,1.0,2.0,4.0,4.0,3,1,4
20260831TMG07,2026-08-31,同じ,37,5.405405405405405,2.7027027027027026,0.0,2.7027027027027026,24.0,5,6.0,6.0,3.0,3.0,3.0,3.0,3.0,3,5,4
20260831TMG08,2026-08-31,内側より下,38,0.0,0.0,0.0,0.0,19.0,5,12.0,4.0,3.0,1.0,2.0,4.0,2.0,1,2,6
20260831TMG09,2026-08-31,内側より下,38,0.0,0.0,0.0,0.0,11.0,6,24.0,4.0,3.0,1.0,2.0,1.0,1.0,1,4,2
20260831TMG10,2026-08-31,内側より下,34,0.0,0.0,0.0,0.0,18.0,6,15.0,8.0,5.0,3.0,3.0,1.0,1.0,4,6,5
20260831TMG11,2026-08-31,内側より上,42,0.0,0.0,0.0,0.0,24.0,4,9.0,8.0,3.0,5.0,3.0,1.0,3.0,1,3,2
20260831TMG12,2026-08-31,内側より下,30,6.666666666666667,6.666666666666667,0.0,6.666666666666667,16.0,6,20.0,6.0,5.0,1.0,3.0,1.0,2.0,1,2,4
20260901TMG01,2026-09-01,内側より下,43,0.0,0.0,0.0,0.0,17.0,6,15.0,6.0,5.0,1.0,4.0,1.0,2.0,1,6,2
20260901TMG02,2026-09-01,内側より上,31,0.0,0.0,0.0,0.0,26.0,2,2.0,6.0,5.0,1.0,3.0,4.0,4.0,2,3,4
20260901TMG03,2026-09-01,内側より下,29,0.0,0.0,0.0,0.0,29.0,2,5.0,10.0,5.0,5.0,4.0,4.0,1.0,6,1,2
20260901TMG05,2026-09-01,内側より下,35,0.0,0.0,0.0,0.0,32.0,1,0.0,6.0,3.0,3.0,3.0,5.0,5.0,4,5,6
20260901TMG06,2026-09-01,内側より上,39,0.0,0.0,0.0,0.0,20.0,6,15.0,9.0,5.0,4.0,1.0,2.0,1.0,1,4,2
20260901TMG08,2026-09-01,内側より下,20,0.0,0.0,0.0,0.0,12.0,6,18.0,4.0,3.0,1.0,3.0,1.0,1.0,2,1,5
20260901TMG09,2026-09-01,内側より下,38,7.894736842105263,0.0,5.2631578947368425,5.2631578947368425,26.0,3,6.0,6.0,5.0,1.0,3.0,3.0,5.0,2,1,4
20260901TMG10,2026-09-01,内側より下,30,3.3333333333333335,0.0,3.3333333333333335,3.3333333333333335,31.0,1,0.0,10.0,5.0,5.0,4.0,5.0,1.0,1,4,2
20260901TMG11,2026-09-01,内側より下,25,0.0,0.0,0.0,0.0,14.0,6,18.0,4.0,3.0,1.0,3.0,1.0,2.0,1,2,5
20260901TMG12,2026-09-01,内側より下,39,5.128205128205129,2.5641025641025643,2.5641025641025643,5.128205128205129,26.0,2,10.0,4.0,3.0,1.0,5.0,4.0,4.0,3,5,1
20260902TMG01,2026-09-02,内側より上,31,0.0,0.0,0.0,0.0,28.0,2,2.0,10.0,5.0,5.0,3.0,4.0,1.0,2,1,6
20260902TMG02,2026-09-02,内側より下,23,8.695652173913043,4.3478260869565215,0.0,4.3478260869565215,24.0,3,4.0,7.0,2.0,5.0,4.0,3.0,1.0,2,5,6
20260902TMG03,2026-09-02,内側より上,32,9.375,3.125,3.125,6.25,28.0,1,0.0,8.0,3.0,5.0,5.0,4.0,1.0,6,1,3
20260902TMG04,2026-09-02,内側より下,31,3.225806451612903,0.0,0.0,0.0,27.0,2,1.0,10.0,5.0,5.0,4.0,2.0,2.0,3,6,2
20260902TMG05,2026-09-02,内側より下,31,6.451612903225806,6.451612903225806,0.0,6.451612903225806,17.0,6,16.0,4.0,3.0,1.0,4.0,1.0,3.0,3,4,1
20260902TMG06,2026-09-02,内側より上,37,0.0,0.0,0.0,0.0,30.0,2,1.0,9.0,5.0,4.0,3.0,4.0,3.0,3,4,1
20260902TMG07,2026-09-02,同じ,28,0.0,0.0,0.0,0.0,32.0,1,0.0,7.0,2.0,5.0,4.0,4.0,4.0,4,6,5
20260902TMG08,2026-09-02,内側より下,40,0.0,0.0,0.0,0.0,24.0,4,6.0,6.0,5.0,1.0,1.0,3.0,5.0,1,2,4
20260902TMG09,2026-09-02,内側より下,38,0.0,0.0,0.0,0.0,26.0,4,8.0,6.0,5.0,1.0,3.0,3.0,5.0,1,2,4
20260902TMG10,2026-09-02,内側より下,30,10.0,0.0,6.666666666666667,6.666666666666667,25.0,3,4.0,6.0,3.0,3.0,4.0,2.0,4.0,2,5,1
20260902TMG11,2026-09-02,内側より下,26,0.0,0.0,0.0,0.0,22.0,5,14.0,10.0,5.0,5.0,3.0,1.0,1.0,1,2,3
20260902TMG12,2026-09-02,内側より下,31,3.225806451612903,0.0,0.0,0.0,19.0,6,14.0,5.0,3.0,2.0,4.0,1.0,3.0,1,4,2
20260909TMG01,2026-09-09,内側より下,32,0.0,0.0,0.0,0.0,24.0,3,8.0,7.0,3.0,4.0,3.0,1.0,4.0,4,3,6
20260909TMG02,2026-09-09,同じ,32,9.375,0.0,6.25,6.25,19.0,5,15.0,5.0,3.0,2.0,2.0,2.0,3.0,4,3,1
20260909TMG03,2026-09-09,内側より下,47,2.127659574468085,0.0,0.0,0.0,21.0,5,13.0,3.0,2.0,1.0,1.0,3.0,5.0,1,5,6
20260909TMG04,2026-09-09,内側より下,39,2.5641025641025643,0.0,0.0,0.0,26.0,2,5.0,10.0,5.0,5.0,3.0,3.0,1.0,4,5,3
20260909TMG05,2026-09-09,内側より下,23,4.3478260869565215,0.0,4.3478260869565215,4.3478260869565215,24.0,3,6.0,6.0,5.0,1.0,1.0,3.0,5.0,5,1,2
20260909TMG06,2026-09-09,内側より上,27,0.0,0.0,0.0,0.0,30.0,2,6.0,8.0,3.0,5.0,3.0,3.0,4.0,1,5,3
20260909TMG07,2026-09-09,内側より下,25,8.0,0.0,8.0,8.0,31.0,1,0.0,7.0,5.0,2.0,2.0,5.0,5.0,2,1,3
20260909TMG08,2026-09-09,内側より上,36,2.7777777777777777,2.7777777777777777,0.0,2.7777777777777777,18.0,5,12.0,4.0,3.0,1.0,3.0,1.0,4.0,1,5,2
20260909TMG09,2026-09-09,内側より下,21,0.0,0.0,0.0,0.0,16.0,6,22.0,4.0,3.0,1.0,3.0,1.0,3.0,1,3,5
20260909TMG10,2026-09-09,内側より下,26,0.0,0.0,0.0,0.0,30.0,1,0.0,6.0,5.0,1.0,3.0,5.0,5.0,1,4,3
20260909TMG11,2026-09-09,内側より下,47,2.127659574468085,0.0,0.0,0.0,24.0,4,8.0,6.0,5.0,1.0,3.0,2.0,5.0,1,4,6
20260909TMG12,2026-09-09,内側より上,44,4.545454545454546,0.0,2.272727272727273,2.272727272727273,22.0,5,10.0,7.0,5.0,2.0,3.0,1.0,4.0,2,1,3
