{
  "1": {
    "win": 0.538406962733717,
    "place2": 0.1777258576505055,
    "place3": 0.09173756414412321,
    "trio": 0.8078703845283457
  },
  "2": {
    "win": 0.14352381360130642,
    "place2": 0.24631954935504194,
    "place3": 0.1856402791454382,
    "trio": 0.5754836421017866
  },
  "3": {
    "win": 0.12391513097939437,
    "place2": 0.20937742738487697,
    "place3": 0.20017247811913222,
    "trio": 0.5334650364834036
  },
  "4": {
    "win": 0.103297267873198,
    "place2": 0.1661416889399935,
    "place3": 0.19790946733619166,
    "trio": 0.46734842414938316
  },
  "5": {
    "win": 0.05993920452112857,
    "place2": 0.11994568774120942,
    "place3": 0.17277169890947344,
    "trio": 0.3526565911718115
  },
  "6": {
    "win": 0.0309359690273335,
    "place2": 0.08055706762732494,
    "place3": 0.1520865571043248,
    "trio": 0.2635795937589832
  }
}