{
  "1": {
    "1": {
      "win": -0.05269267701943131,
      "place2": 0.1079884280637802,
      "place3": 0.022548150141591075,
      "trio": 0.07784390118593998
    },
    "2": {
      "win": 0.08504761497012214,
      "place2": -0.017748120783613375,
      "place3": 0.042931149425990356,
      "trio": 0.11023064361249912
    },
    "3": {
      "win": -0.0953437024079658,
      "place2": -0.009377427384876957,
      "place3": 0.08554180759515348,
      "trio": -0.019179322197689364
    },
    "4": {
      "win": -0.07472583930176943,
      "place2": 0.0338583110600065,
      "place3": -0.11219518162190595,
      "trio": -0.15306270986366888
    },
    "5": {
      "win": 0.08291793833601428,
      "place2": -0.06280283059835229,
      "place3": 0.02722830109052657,
      "trio": 0.04734340882818855
    },
    "6": {
      "win": 0.05477831668695221,
      "place2": -0.05198563905589637,
      "place3": -0.0663722713900391,
      "trio": -0.0635795937589832
    }
  },
  "2": {
    "1": {
      "win": 0.0001779902980890702,
      "place2": 4.293881248945697e-05,
      "place3": -4.242262717914225e-05,
      "trio": 0.0001785064833994543
    },
    "2": {
      "win": -1.0568203209632143e-05,
      "place2": 2.770909862059856e-05,
      "place3": 3.4974157796519023e-06,
      "trio": 2.0638311190590564e-05
    },
    "3": {
      "win": -3.605094836919842e-06,
      "place2": 5.0503687614500414e-05,
      "place3": 2.102839027978698e-05,
      "trio": 6.792698305735367e-05
    },
    "4": {
      "win": -4.684840497348741e-05,
      "place2": -6.901377373713657e-05,
      "place3": 3.0545645890611706e-05,
      "trio": -8.531653281995677e-05
    },
    "5": {
      "win": -6.853545400140049e-05,
      "place2": -2.6764519203567594e-05,
      "place3": 2.2060161644632537e-07,
      "trio": -9.507937158859114e-05
    },
    "6": {
      "win": -4.8411005998796885e-05,
      "place2": -2.5292143864846794e-05,
      "place3": -1.2485751861274208e-05,
      "trio": -8.618890172490401e-05
    }
  },
  "3": {
    "1": {
      "win": 0.23082380649705225,
      "place2": -0.06234124226589011,
      "place3": -0.01481448722104628,
      "trio": 0.15366807701011587
    },
    "2": {
      "win": 0.0487838787063859,
      "place2": 0.29214198910649647,
      "place3": -0.10871720222236128,
      "trio": 0.2322086655905211
    },
    "3": {
      "win": -0.0854535925178559,
      "place2": -0.13245435046180004,
      "place3": 0.18444290649625242,
      "trio": -0.0334650364834036
    },
    "4": {
      "win": -0.103297267873198,
      "place2": -0.08921861201691658,
      "place3": 0.03285976343303912,
      "trio": -0.15965611645707545
    },
    "5": {
      "win": -0.05993920452112857,
      "place2": -0.004561072356594031,
      "place3": -0.05738708352485805,
      "trio": -0.12188736040258069
    },
    "6": {
      "win": -0.0309359690273335,
      "place2": -0.0036339907042480107,
      "place3": -0.03670194171970942,
      "trio": -0.07127190145129089
    }
  },
  "4": {
    "1": {
      "win": 0.08659303726628298,
      "place2": 0.0722741423494945,
      "place3": -0.09173756414412321,
      "trio": 0.0671296154716543
    },
    "2": {
      "win": 0.04397618639869358,
      "place2": 0.06618045064495806,
      "place3": 0.06435972085456179,
      "trio": 0.1745163578982134
    },
    "3": {
      "win": 0.06358486902060563,
      "place2": 0.04062257261512303,
      "place3": 0.04982752188086778,
      "trio": 0.1540349635165964
    },
    "4": {
      "win": -0.103297267873198,
      "place2": -0.10364168893999351,
      "place3": 0.11459053266380834,
      "trio": -0.09234842414938316
    },
    "5": {
      "win": -0.05993920452112857,
      "place2": -0.11994568774120942,
      "place3": -0.11027169890947344,
      "trio": -0.2901565911718115
    },
    "6": {
      "win": -0.0309359690273335,
      "place2": 0.04444293237267506,
      "place3": -0.02708655710432481,
      "trio": -0.01357959375898321
    }
  },
  "5": {
    "1": {
      "win": -0.24016134869862932,
      "place2": -0.03737498045752305,
      "place3": 0.10124489199622766,
      "trio": -0.17629143715992468
    },
    "2": {
      "win": -0.14352381360130642,
      "place2": -0.19368797040767352,
      "place3": -0.08037712125070137,
      "trio": -0.41758890525968134
    },
    "3": {
      "win": 0.033979605862710885,
      "place2": 0.001148888404596704,
      "place3": -0.09490932022439538,
      "trio": -0.059780825957087835
    },
    "4": {
      "win": 0.21249220581101252,
      "place2": 0.04438462684948016,
      "place3": 0.030160708102404815,
      "trio": 0.28703754076289756
    },
    "5": {
      "win": 0.08041167267185388,
      "place2": 0.14321220699563267,
      "place3": -0.0499646813656138,
      "trio": 0.1736591983018727
    },
    "6": {
      "win": 0.056783329218280526,
      "place2": 0.042249949916534704,
      "place3": 0.09352747798339447,
      "trio": 0.19256075711820975
    }
  },
  "6": {
    "1": {
      "win": -0.538406962733717,
      "place2": -0.1777258576505055,
      "place3": -0.09173756414412321,
      "trio": -0.8078703845283457
    },
    "2": {
      "win": -0.14352381360130642,
      "place2": -0.24631954935504194,
      "place3": -0.1856402791454382,
      "trio": -0.5754836421017866
    },
    "3": {
      "win": -0.12391513097939437,
      "place2": -0.20937742738487697,
      "place3": -0.20017247811913222,
      "trio": -0.5334650364834036
    },
    "4": {
      "win": -0.103297267873198,
      "place2": -0.1661416889399935,
      "place3": -0.19790946733619166,
      "trio": -0.46734842414938316
    },
    "5": {
      "win": -0.05993920452112857,
      "place2": -0.11994568774120942,
      "place3": -0.17277169890947344,
      "trio": -0.3526565911718115
    },
    "6": {
      "win": -0.0309359690273335,
      "place2": -0.08055706762732494,
      "place3": -0.1520865571043248,
      "trio": -0.2635795937589832
    }
  },
  "7": {
    "1": {
      "win": 0.461593037266283,
      "place2": -0.1777258576505055,
      "place3": -0.09173756414412321,
      "trio": 0.1921296154716543
    },
    "2": {
      "win": -0.14352381360130642,
      "place2": -0.24631954935504194,
      "place3": 0.8143597208545618,
      "trio": 0.4245163578982134
    },
    "3": {
      "win": -0.12391513097939437,
      "place2": -0.20937742738487697,
      "place3": -0.20017247811913222,
      "trio": -0.5334650364834036
    },
    "4": {
      "win": -0.103297267873198,
      "place2": -0.1661416889399935,
      "place3": -0.19790946733619166,
      "trio": -0.46734842414938316
    },
    "5": {
      "win": -0.05993920452112857,
      "place2": 0.8800543122587906,
      "place3": -0.17277169890947344,
      "trio": 0.6473434088281885
    },
    "6": {
      "win": -0.0309359690273335,
      "place2": -0.08055706762732494,
      "place3": -0.1520865571043248,
      "trio": -0.2635795937589832
    }
  },
  "8": {
    "1": {
      "win": -0.32788064694424335,
      "place2": -0.12509427870313708,
      "place3": 0.01352559375061363,
      "trio": -0.43944933189676677
    },
    "2": {
      "win": 0.1722656600829041,
      "place2": 0.01683834538180015,
      "place3": -0.027745542303332954,
      "trio": 0.16135846316137126
    },
    "3": {
      "win": 0.3497690795469214,
      "place2": -0.10411426949014013,
      "place3": -0.09490932022439538,
      "trio": 0.1507454898323859
    },
    "4": {
      "win": -0.103297267873198,
      "place2": 0.20227936369158542,
      "place3": 0.06524842740065043,
      "trio": 0.16423052321903786
    },
    "5": {
      "win": -0.05993920452112857,
      "place2": -0.014682529846472586,
      "place3": 0.14301777477473707,
      "trio": 0.06839604040713587
    },
    "6": {
      "win": -0.0309359690273335,
      "place2": 0.024706090267411898,
      "place3": -0.09945497815695639,
      "trio": -0.10568485691687796
    }
  },
  "9": {
    "1": {
      "win": -0.2526926770194313,