{
  "1": {
    "1": {
      "win": 0.4857142857142857,
      "place2": 0.2857142857142857,
      "place3": 0.11428571428571428,
      "trio": 0.8857142857142857
    },
    "2": {
      "win": 0.22857142857142856,
      "place2": 0.22857142857142856,
      "place3": 0.22857142857142856,
      "trio": 0.6857142857142857
    },
    "3": {
      "win": 0.02857142857142857,
      "place2": 0.2,
      "place3": 0.2857142857142857,
      "trio": 0.5142857142857142
    },
    "4": {
      "win": 0.02857142857142857,
      "place2": 0.2,
      "place3": 0.08571428571428572,
      "trio": 0.3142857142857143
    },
    "5": {
      "win": 0.14285714285714285,
      "place2": 0.05714285714285714,
      "place3": 0.2,
      "trio": 0.4
    },
    "6": {
      "win": 0.08571428571428572,
      "place2": 0.02857142857142857,
      "place3": 0.08571428571428572,
      "trio": 0.2
    }
  },
  "2": {
    "1": {
      "win": 0.5385849530318061,
      "place2": 0.17776879646299495,
      "place3": 0.09169514151694406,
      "trio": 0.8080488910117452
    },
    "2": {
      "win": 0.1435132453980968,
      "place2": 0.24634725845366254,
      "place3": 0.18564377656121786,
      "trio": 0.5755042804129772
    },
    "3": {
      "win": 0.12391152588455745,
      "place2": 0.20942793107249147,
      "place3": 0.200193506509412,
      "trio": 0.533532963466461
    },
    "4": {
      "win": 0.10325041946822451,
      "place2": 0.16607267516625637,
      "place3": 0.19794001298208228,
      "trio": 0.4672631076165632
    },
    "5": {
      "win": 0.059870669067127166,
      "place2": 0.11991892322200585,
      "place3": 0.1727719195110899,
      "trio": 0.3525615118002229
    },
    "6": {
      "win": 0.030887558021334704,
      "place2": 0.08053177548346009,
      "place3": 0.15207407135246354,
      "trio": 0.2634934048572583
    }
  },
  "3": {
    "1": {
      "win": 0.7692307692307693,
      "place2": 0.11538461538461539,
      "place3": 0.07692307692307693,
      "trio": 0.9615384615384616
    },
    "2": {
      "win": 0.19230769230769232,
      "place2": 0.5384615384615384,
      "place3": 0.07692307692307693,
      "trio": 0.8076923076923077
    },
    "3": {
      "win": 0.038461538461538464,
      "place2": 0.07692307692307693,
      "place3": 0.38461538461538464,
      "trio": 0.5
    },
    "4": {
      "win": 0.0,
      "place2": 0.07692307692307693,
      "place3": 0.23076923076923078,
      "trio": 0.3076923076923077
    },
    "5": {
      "win": 0.0,
      "place2": 0.11538461538461539,
      "place3": 0.11538461538461539,
      "trio": 0.23076923076923078
    },
    "6": {
      "win": 0.0,
      "place2": 0.07692307692307693,
      "place3": 0.11538461538461539,
      "trio": 0.19230769230769232
    }
  },
  "4": {
    "1": {
      "win": 0.625,
      "place2": 0.25,
      "place3": 0.0,
      "trio": 0.875
    },
    "2": {
      "win": 0.1875,
      "place2": 0.3125,
      "place3": 0.25,
      "trio": 0.75
    },
    "3": {
      "win": 0.1875,
      "place2": 0.25,
      "place3": 0.25,
      "trio": 0.6875
    },
    "4": {
      "win": 0.0,
      "place2": 0.0625,
      "place3": 0.3125,
      "trio": 0.375
    },
    "5": {
      "win": 0.0,
      "place2": 0.0,
      "place3": 0.0625,
      "trio": 0.0625
    },
    "6": {
      "win": 0.0,
      "place2": 0.125,
      "place3": 0.125,
      "trio": 0.25
    }
  },
  "5": {
    "1": {
      "win": 0.2982456140350877,
      "place2": 0.14035087719298245,
      "place3": 0.19298245614035087,
      "trio": 0.631578947368421
    },
    "2": {
      "win": 0.0,
      "place2": 0.05263157894736842,
      "place3": 0.10526315789473684,
      "trio": 0.15789473684210525
    },
    "3": {
      "win": 0.15789473684210525,
      "place2": 0.21052631578947367,
      "place3": 0.10526315789473684,
      "trio": 0.47368421052631576
    },
    "4": {
      "win": 0.3157894736842105,
      "place2": 0.21052631578947367,
      "place3": 0.22807017543859648,
      "trio": 0.7543859649122807
    },
    "5": {
      "win": 0.14035087719298245,
      "place2": 0.2631578947368421,
      "place3": 0.12280701754385964,
      "trio": 0.5263157894736842
    },
    "6": {
      "win": 0.08771929824561403,
      "place2": 0.12280701754385964,
      "place3": 0.24561403508771928,
      "trio": 0.45614035087719296
    }
  },
  "6": {
    "1": {
      "win": 0,
      "place2": 0,
      "place3": 0,
      "trio": 0
    },
    "2": {
      "win": 0,
      "place2": 0,
      "place3": 0,
      "trio": 0
    },
    "3": {
      "win": 0,
      "place2": 0,
      "place3": 0,
      "trio": 0
    },
    "4": {
      "win": 0,
      "place2": 0,
      "place3": 0,
      "trio": 0
    },
    "5": {
      "win": 0,
      "place2": 0,
      "place3": 0,
      "trio": 0
    },
    "6": {
      "win": 0,
      "place2": 0,
      "place3": 0,
      "trio": 0
    }
  },
  "7": {
    "1": {
      "win": 1.0,
      "place2": 0.0,
      "place3": 0.0,
      "trio": 1.0
    },
    "2": {
      "win": 0.0,
      "place2": 0.0,
      "place3": 1.0,
      "trio": 1.0
    },
    "3": {
      "win": 0.0,
      "place2": 0.0,
      "place3": 0.0,
      "trio": 0.0
    },
    "4": {
      "win": 0.0,
      "place2": 0.0,
      "place3": 0.0,
      "trio": 0.0
    },
    "5": {
      "win": 0.0,
      "place2": 1.0,
      "place3": 0.0,
      "trio": 1.0
    },
    "6": {
      "win": 0.0,
      "place2": 0.0,
      "place3": 0.0,
      "trio": 0.0
    }
  },
  "8": {
    "1": {
      "win": 0.21052631578947367,
      "place2": 0.05263157894736842,
      "place3": 0.10526315789473684,
      "trio": 0.3684210526315789
    },
    "2": {
      "win": 0.3157894736842105,
      "place2": 0.2631578947368421,
      "place3": 0.15789473684210525,
      "trio": 0.7368421052631579
    },
    "3": {
      "win": 0.47368421052631576,
      "place2": 0.10526315789473684,
      "place3": 0.10526315789473684,
      "trio": 0.6842105263157895
    },
    "4": {
      "win": 0.0,
      "place2": 0.3684210526315789,
      "place3": 0.2631578947368421,
      "trio": 0.631578947368421
    },
    "5": {
      "win": 0.0,
      "place2": 0.10526315789473684,
      "place3": 0.3157894736842105,
      "trio": 0.42105263157894735
    },
    "6": {
      "win": 0.0,
      "place2": 0.10526315789473684,
      "place3": 0.05263157894736842,
      "trio": 0.15789473684210525
    }
  },
  "9": {
    "1": {
      "win": 0.2857142857142857,
      "place2": 0.14285714285714285,
      "place3": 0.0,
      "trio": 0.42857142857142855
    },
    "2": {
      "win": 0.14285714285714285,
      "place2": 0.14285714285714285,
      "place3": 0.5714285714285714,
      "trio": 0.8571428571428571
    },
    "3": {
      "win": 0.14285714285714285,
      "place2": 0.14285714285714285,
      "place3": 0.2857142857142857,
      "trio": 0.5714285714285714
    },
    "4": {
      "win": 0.2857142857142857,
      "place2": 0.42857142857142855,
      "place3": 0.0,
      "trio": 0.7142857142857143
    },
    "5": {
      "win": 0.14285714285714285,
      "place2": 0.14285714285714285,
      "place3": 0.14285714285714285,
      "trio": 0.42857142857142855
    },
    "6": {
      "win": 0.0,
      "place2": 0.0,
      "place3": 0.0,
      "trio": 0.0
    }
  },
  "10": {
    "1": {
      "win": 0.0,
      "place2": 0.0,
      "place3": 0.0,
      "trio": 0.0
    },
    "2": {
      "win": 0.35294117647058826,
      "place2": 0.29411764705882354,
      "place3": 0.17647058823529413,
      "trio": 0.8235294117647058
    },
    "3": {
      "win": 0.058823529411764705,
      "place2": 0.17647058823529413,
      "place3": 0.11764705882352941,
      "trio": 0.35294117647058826
    },
    "4": {
      "win": 0.17647058823529413,
      "place2": 0.29411764705882354,
      "place3": 0.11764705882352941,
      "trio": 0.5882352941176471
    },
    "5": {
      "win": 0.17647058823529413,
      "place2": 0.058823529411764705,
      "place3": 0.4117647058823529,
      "trio": 0.6470588235294118
    },